sar_id,sar_timestamp,sar_lat,sar_lon,mmsi,ship_name,vessel_type,flag,ais_lat,ais_lon,matched_mmsi,distance_km,time_gap_seconds,classification
0,2025-12-04 00:56:43+00:00,12.34,74.62000274658203,,,,,12.32,74.62999725341797,563105700.0,2.4747717506635354,,matched
538,2025-12-04 00:56:43+00:00,13.44,74.4000015258789,,,,,13.4,74.5,419950586.0,11.694564174673571,,discrepant
539,2025-12-04 00:56:43+00:00,13.42,73.80000305175781,,,,,13.48,73.93000030517578,256657000.0,15.56135781087663,,discrepant
540,2025-12-04 00:56:43+00:00,13.36,74.5,,,,,13.4,74.5,419950586.0,4.4478032093413935,,discrepant
541,2025-12-04 00:56:43+00:00,12.46,74.76000213623047,,,,,12.37,74.80999755859375,419957243.0,11.385426027396193,,discrepant
542,2025-12-04 00:56:43+00:00,13.71,74.5199966430664,,,,,13.5,74.48999786376953,419957111.0,23.574964865257783,,likely_spoofed
543,2025-12-04 00:56:43+00:00,13.25,74.68000030517578,,,,,13.35,74.69000244140625,419957303.0,11.172061474847226,,discrepant
544,2025-12-04 00:56:43+00:00,13.59,74.5999984741211,,,,,13.5,74.48999786376953,419957111.0,15.542030505018664,,discrepant
545,2025-12-04 00:56:43+00:00,12.96,74.44000244140625,,,,,12.97,74.37000274658203,538009436.0,7.66626600271446,,discrepant
546,2025-12-04 00:56:43+00:00,13.55,74.29000091552734,,,,,13.5,74.48999786376953,419957111.0,22.32531424256429,,likely_spoofed
547,2025-12-04 00:56:43+00:00,13.54,74.61000061035156,,,,,13.5,74.48999786376953,419957111.0,13.715175346999319,,discrepant
548,2025-12-04 00:56:43+00:00,12.7,74.83000183105469,,,,,12.75,74.79000091552734,419951413.0,7.052291518698556,,discrepant
549,2025-12-04 00:56:43+00:00,12.54,74.58999633789062,,,,,12.5,74.62000274658203,419909179.0,5.512935100927791,,discrepant
550,2025-12-04 00:56:43+00:00,12.45,74.37000274658203,,,,,12.36,74.33000183105469,210649000.0,10.909723784633744,,discrepant
551,2025-12-04 00:56:43+00:00,12.6,74.44000244140625,,,,,12.73,74.41000366210938,419000174.0,14.817204966708088,,discrepant
552,2025-12-04 00:56:43+00:00,13.47,74.61000061035156,,,,,13.5,74.48999786376953,419957111.0,13.39777533996935,,discrepant
553,2025-12-04 00:56:43+00:00,13.3,74.61000061035156,,,,,13.29,74.56999969482422,419950544.0,4.469233442361049,,discrepant
554,2025-12-04 00:56:43+00:00,13.76,73.8499984741211,,,,,13.48,73.93000030517578,256657000.0,32.31271884922921,,likely_spoofed
555,2025-12-04 00:56:43+00:00,13.47,74.55000305175781,,,,,13.5,74.48999786376953,419957111.0,7.295641340421641,,discrepant
556,2025-12-04 00:56:43+00:00,13.16,74.25,,,,,13.1,74.38999938964844,419957531.0,16.56337658239518,,discrepant
557,2025-12-04 00:56:43+00:00,13.78,74.36000061035156,,,,,13.5,74.48999786376953,419957111.0,34.15688727099961,,likely_spoofed
558,2025-12-04 00:56:43+00:00,12.85,74.2699966430664,,,,,12.81,74.4000015258789,413572220.0,14.780107235077086,,discrepant
537,2025-12-04 00:56:43+00:00,13.48,74.55999755859375,,,,,13.5,74.48999786376953,419957111.0,7.88882947575647,,discrepant
559,2025-12-04 00:56:43+00:00,13.09,74.4800033569336,,,,,13.1,74.38999938964844,419957531.0,9.810964297376799,,discrepant
536,2025-12-04 00:56:43+00:00,12.79,74.63999938964844,,,,,12.8,74.6500015258789,419950731.0,1.553296288480602,,matched
534,2025-12-04 00:56:43+00:00,13.4,74.41999816894531,,,,,13.4,74.5,419950586.0,8.653629369709735,,discrepant
509,2025-12-04 00:56:43+00:00,12.03,74.7300033569336,,,,,12.02,74.63999938964844,538004202.0,9.851346446858614,,discrepant
511,2025-12-04 00:56:43+00:00,13.02,74.63999938964844,,,,,13.0,74.62999725341797,248550000.0,2.47386591369953,,matched
512,2025-12-04 00:56:43+00:00,12.98,74.5199966430664,,,,,12.98,74.54000091552734,419957042.0,2.1675405826013643,,matched
513,2025-12-04 00:56:43+00:00,13.33,73.88999938964844,,,,,13.48,73.93000030517578,256657000.0,17.231317895000625,,discrepant
514,2025-12-04 00:56:43+00:00,13.11,74.61000061035156,,,,,13.04,74.69000244140625,419950351.0,11.64777655942868,,discrepant
515,2025-12-04 00:56:43+00:00,12.89,74.3499984741211,,,,,12.97,74.37000274658203,538009436.0,9.15597791369128,,discrepant
516,2025-12-04 00:56:43+00:00,12.62,74.69999694824219,,,,,12.6,74.69000244140625,419956119.0,2.47425749490485,,matched
518,2025-12-04 00:56:43+00:00,13.32,74.62999725341797,,,,,13.29,74.56999969482422,419950544.0,7.299226023211778,,discrepant
519,2025-12-04 00:56:43+00:00,13.76,74.38999938964844,,,,,13.5,74.48999786376953,419957111.0,30.864272950315613,,likely_spoofed
520,2025-12-04 00:56:43+00:00,12.6,74.29000091552734,,,,,12.73,74.41000366210938,419000174.0,19.45386540823287,,discrepant
521,2025-12-04 00:56:43+00:00,13.2,74.56999969482422,,,,,13.29,74.56999969482422,419950544.0,10.00755722101787,,discrepant
522,2025-12-04 00:56:43+00:00,13.58,74.63999938964844,,,,,13.5,74.48999786376953,419957111.0,18.49555949674378,,discrepant
524,2025-12-04 00:56:43+00:00,13.5,74.47000122070312,,,,,13.5,74.48999786376953,419957111.0,2.1620920648108335,,matched
525,2025-12-04 00:56:43+00:00,13.32,74.63999938964844,,,,,13.35,74.69000244140625,419957303.0,6.355941366635393,,discrepant
527,2025-12-04 00:56:43+00:00,12.86,74.69999694824219,,,,,12.9,74.6500015258789,419000533.0,7.010885418945477,,discrepant
528,2025-12-04 00:56:43+00:00,13.48,74.06999969482422,,,,,13.44,74.08000183105469,352002959.0,4.577433484731154,,discrepant
529,2025-12-04 00:56:43+00:00,13.4,74.41999816894531,,,,,13.4,74.5,419950586.0,8.653629369709735,,discrepant
530,2025-12-04 00:56:43+00:00,13.5,74.5,,,,,13.5,74.48999786376953,419957111.0,1.0814584881936198,,matched
531,2025-12-04 00:56:43+00:00,13.25,74.70999908447266,,,,,13.35,74.69000244140625,419957303.0,11.328101370447397,,discrepant
532,2025-12-04 00:56:43+00:00,13.07,74.58000183105469,,,,,13.0,74.58000183105469,419908664.0,7.78365561634735,,discrepant
533,2025-12-04 00:56:43+00:00,12.7,74.81999969482422,,,,,12.75,74.79000091552734,419951413.0,6.441893416809051,,discrepant
535,2025-12-04 00:56:43+00:00,12.29,74.83999633789062,,,,,12.29,74.87999725341797,419818385.0,4.345971213522455,,discrepant
508,2025-12-04 00:56:43+00:00,13.25,74.4800033569336,,,,,13.3,74.55000305175781,419951326.0,9.396868220392628,,discrepant
560,2025-12-04 00:56:43+00:00,12.89,74.58000183105469,,,,,12.88,74.62000274658203,419950494.0,4.476215680173835,,discrepant
562,2025-12-04 00:56:43+00:00,13.6,74.37000274658203,,,,,13.5,74.48999786376953,419957111.0,17.08515948069765,,discrepant
591,2025-12-04 00:56:43+00:00,12.23,74.5999984741211,,,,,12.32,74.62999725341797,563105700.0,10.5249825992625,,discrepant
592,2025-12-04 00:56:43+00:00,13.42,74.5999984741211,,,,,13.4,74.5,419950586.0,11.042434515397797,,discrepant
593,2025-12-04 00:56:43+00:00,13.27,74.4000015258789,,,,,13.3,74.55000305175781,419951326.0,16.57228425131232,,discrepant
594,2025-12-04 00:56:43+00:00,12.41,74.41000366210938,,,,,12.36,74.33000183105469,210649000.0,10.315325733370189,,discrepant
595,2025-12-04 00:56:43+00:00,13.57,74.41000366210938,,,,,13.5,74.48999786376953,419957111.0,11.63494122027936,,discrepant
596,2025-12-04 00:56:43+00:00,12.48,74.3499984741211,,,,,12.36,74.33000183105469,210649000.0,13.518947985628465,,discrepant
599,2025-12-04 00:56:43+00:00,13.31,74.62999725341797,,,,,13.29,74.56999969482422,419950544.0,6.862817763425596,,discrepant
600,2025-12-04 00:56:43+00:00,13.59,74.61000061035156,,,,,13.5,74.48999786376953,419957111.0,16.38410512743993,,discrepant
601,2025-12-04 00:56:43+00:00,13.31,74.63999938964844,,,,,13.35,74.69000244140625,419957303.0,7.003873418436181,,discrepant
602,2025-12-04 00:56:43+00:00,12.47,74.52999877929688,,,,,12.44,74.5,419950496.0,4.662332774450618,,discrepant
603,2025-12-04 00:56:43+00:00,13.41,74.51000213623047,,,,,13.4,74.5,419950586.0,1.5514235819672735,,matched
604,2025-12-04 00:56:43+00:00,13.79,74.16999816894531,,,,,13.44,74.08000183105469,352002959.0,40.11515913339981,,likely_spoofed
606,2025-12-04 00:56:43+00:00,13.03,74.69000244140625,,,,,13.04,74.69000244140625,419950351.0,1.1119508023354367,,matched
608,2025-12-04 00:56:43+00:00,12.65,74.75,,,,,12.65,74.7300033569336,419957307.0,2.1695544573686347,,matched
609,2025-12-04 00:56:43+00:00,12.87,74.5999984741211,,,,,12.88,74.62000274658203,419950494.0,2.4369286001527612,,matched
611,2025-12-04 00:56:43+00:00,13.0,74.52999877929688,,,,,12.98,74.54000091552734,419957042.0,2.47390416942949,,matched
612,2025-12-04 00:56:43+00:00,12.69,74.7300033569336,,,,,12.65,74.7300033569336,419957307.0,4.447803209341216,,discrepant
613,2025-12-04 00:56:43+00:00,13.35,74.37000274658203,,,,,13.4,74.5,419950586.0,15.122119903691209,,discrepant
614,2025-12-04 00:56:43+00:00,12.37,74.69999694824219,,,,,12.32,74.62999725341797,563105700.0,9.419465491198837,,discrepant
615,2025-12-04 00:56:43+00:00,13.76,74.55000305175781,,,,,13.5,74.48999786376953,419957111.0,29.628986102226925,,likely_spoofed
616,2025-12-04 00:56:43+00:00,13.48,74.19999694824219,,,,,13.44,74.08000183105469,352002959.0,13.717478420842783,,discrepant
590,2025-12-04 00:56:43+00:00,12.32,74.58000183105469,,,,,12.32,74.62999725341797,563105700.0,5.431221992137061,,discrepant
561,2025-12-04 00:56:43+00:00,13.31,74.61000061035156,,,,,13.29,74.56999969482422,419950544.0,4.866474930519535,,discrepant
589,2025-12-04 00:56:43+00:00,12.15,74.94000244140625,,,,,12.14,74.93000030517578,419957255.0,1.5551998169621295,,matched
586,2025-12-04 00:56:43+00:00,12.95,74.37999725341797,,,,,12.97,74.37000274658203,538009436.0,2.4735993606604394,,matched
563,2025-12-04 00:56:43+00:00,13.46,74.4800033569336,,,,,13.5,74.48999786376953,419957111.0,4.577217260843125,,discrepant
564,2025-12-04 00:56:43+00:00,13.4,74.56999969482422,,,,,13.4,74.5,419950586.0,7.571719392360424,,discrepant
565,2025-12-04 00:56:43+00:00,13.48,74.58999633789062,,,,,13.5,74.48999786376953,419957111.0,11.038897345972927,,discrepant
566,2025-12-04 00:56:43+00:00,13.27,74.44999694824219,,,,,13.3,74.55000305175781,419951326.0,11.325042165826856,,discrepant
567,2025-12-04 00:56:43+00:00,12.22,74.55999755859375,,,,,12.32,74.62999725341797,563105700.0,13.471894585091743,,discrepant
568,2025-12-04 00:56:43+00:00,13.33,74.43000030517578,,,,,13.4,74.5,419950586.0,10.859690942764594,,discrepant
569,2025-12-04 00:56:43+00:00,13.49,74.5199966430664,,,,,13.5,74.48999786376953,419957111.0,3.4289204558423716,,discrepant
570,2025-12-04 00:56:43+00:00,13.04,74.62000274658203,,,,,13.0,74.62999725341797,248550000.0,4.5777005393069645,,discrepant
571,2025-12-04 00:56:43+00:00,13.53,74.56999969482422,,,,,13.5,74.48999786376953,419957111.0,9.270453658476104,,discrepant
572,2025-12-04 00:56:43+00:00,13.46,74.5,,,,,13.5,74.48999786376953,419957111.0,4.577412116622961,,discrepant
573,2025-12-04 00:56:43+00:00,13.07,74.33000183105469,,,,,13.1,74.38999938964844,419957531.0,7.304427502936066,,discrepant
574,2025-12-04 00:56:43+00:00,13.48,74.62999725341797,,,,,13.5,74.48999786376953,419957111.0,15.300238635240857,,discrepant
575,2025-12-04 00:56:43+00:00,13.54,73.80999755859375,,,,,13.48,73.93000030517578,256657000.0,14.589339923617072,,discrepant
576,2025-12-04 00:56:43+00:00,12.52,74.47000122070312,,,,,12.44,74.5,419950496.0,9.473077674485808,,discrepant
577,2025-12-04 00:56:43+00:00,13.53,74.55000305175781,,,,,13.5,74.48999786376953,419957111.0,7.294916032724551,,discrepant
578,2025-12-04 00:56:43+00:00,13.54,74.0,,,,,13.48,73.93000030517578,256657000.0,10.089099602627865,,discrepant
579,2025-12-04 00:56:43+00:00,12.41,74.30999755859375,,,,,12.36,74.33000183105469,210649000.0,5.969179784237956,,discrepant
580,2025-12-04 00:56:43+00:00,12.3,74.47000122070312,,,,,12.27,74.33999633789062,419181024.0,14.513448871110993,,discrepant
582,2025-12-04 00:56:43+00:00,13.69,74.41999816894531,,,,,13.5,74.48999786376953,419957111.0,22.440814712460362,,likely_spoofed
583,2025-12-04 00:56:43+00:00,12.39,74.80000305175781,,,,,12.37,74.80999755859375,419957243.0,2.474680720155471,,matched
585,2025-12-04 00:56:43+00:00,12.38,74.4800033569336,,,,,12.43,74.51000213623047,419957245.0,6.443941492870157,,discrepant
588,2025-12-04 00:56:43+00:00,12.82,74.69000244140625,,,,,12.79,74.66000366210938,419950500.0,4.659221183938088,,discrepant
617,2025-12-04 00:56:43+00:00,12.35,74.77999877929688,,,,,12.37,74.80999755859375,419957243.0,3.9449863228582296,,discrepant
507,2025-12-04 00:56:43+00:00,12.92,74.61000061035156,,,,,12.92,74.62000274658203,419951496.0,1.0840312972697927,,matched
505,2025-12-04 00:56:43+00:00,13.37,74.45999908447266,,,,,13.4,74.5,419950586.0,5.463659056554288,,discrepant
429,2025-12-04 00:56:43+00:00,13.77,74.56999969482422,,,,,13.5,74.48999786376953,419957111.0,31.24257386535638,,likely_spoofed
430,2025-12-04 00:56:43+00:00,12.54,74.44999694824219,,,,,12.44,74.5,419950496.0,12.37384892036596,,discrepant
431,2025-12-04 00:56:43+00:00,13.58,74.61000061035156,,,,,13.5,74.48999786376953,419957111.0,15.729799620841872,,discrepant
432,2025-12-04 00:56:43+00:00,12.82,74.66999816894531,,,,,12.8,74.6500015258789,419950731.0,3.1059249355911533,,discrepant
433,2025-12-04 00:56:43+00:00,12.78,74.47000122070312,,,,,12.81,74.4000015258789,413572220.0,8.291033301091378,,discrepant
434,2025-12-04 00:56:43+00:00,13.46,74.58999633789062,,,,,13.5,74.48999786376953,419957111.0,11.692059363719927,,discrepant
435,2025-12-04 00:56:43+00:00,13.68,74.37000274658203,,,,,13.5,74.48999786376953,419957111.0,23.84967950804268,,likely_spoofed
436,2025-12-04 00:56:43+00:00,13.26,74.66999816894531,,,,,13.35,74.69000244140625,419957303.0,10.23899429101699,,discrepant
437,2025-12-04 00:56:43+00:00,12.17,74.66999816894531,,,,,12.15,74.80000305175781,419122282.0,14.305477690145514,,discrepant
438,2025-12-04 00:56:43+00:00,13.16,74.6500015258789,,,,,13.04,74.69000244140625,419950351.0,14.029045531145522,,discrepant
439,2025-12-04 00:56:43+00:00,12.44,74.7699966430664,,,,,12.37,74.80999755859375,419957243.0,8.913818936591825,,discrepant
440,2025-12-04 00:56:43+00:00,13.4,74.44000244140625,,,,,13.4,74.5,419950586.0,6.489809411911557,,discrepant
443,2025-12-04 00:56:43+00:00,13.8,74.52999877929688,,,,,13.5,74.48999786376953,419957111.0,33.6373772218766,,likely_spoofed
444,2025-12-04 00:56:43+00:00,13.32,74.55999755859375,,,,,13.31,74.55999755859375,419950286.0,1.1119508023352598,,matched
445,2025-12-04 00:56:43+00:00,13.77,74.44999694824219,,,,,13.5,74.48999786376953,419957111.0,30.33224712909077,,likely_spoofed
446,2025-12-04 00:56:43+00:00,12.96,74.7300033569336,,,,,12.95,74.72000122070312,419950506.0,1.5528131498409605,,matched
447,2025-12-04 00:56:43+00:00,13.76,74.47000122070312,,,,,13.5,74.48999786376953,419957111.0,28.99136592057437,,likely_spoofed
448,2025-12-04 00:56:43+00:00,13.05,74.6500015258789,,,,,13.04,74.69000244140625,419950351.0,4.473516386245962,,discrepant
449,2025-12-04 00:56:43+00:00,13.32,74.61000061035156,,,,,13.29,74.56999969482422,419950544.0,5.464794390416162,,discrepant
450,2025-12-04 00:56:43+00:00,13.21,74.70999908447266,,,,,13.35,74.69000244140625,419957303.0,15.717008998838917,,discrepant
451,2025-12-04 00:56:43+00:00,12.15,74.63999938964844,,,,,12.06,74.58000183105469,419951431.0,11.94579180400859,,discrepant
428,2025-12-04 00:56:43+00:00,12.92,74.68000030517578,,,,,12.92,74.68000030517578,419001902.0,0.0,,matched
452,2025-12-04 00:56:43+00:00,13.22,74.62000274658203,,,,,13.29,74.56999969482422,419950544.0,9.480226338528917,,discrepant
854,2025-12-04 00:56:43+00:00,13.46,74.29000091552734,,,,,13.37,74.12999725341797,636024939.0,19.99137171052196,,discrepant
425,2025-12-04 00:56:43+00:00,13.77,74.51000213623047,,,,,13.5,74.48999786376953,419957111.0,30.10039362427352,,likely_spoofed
403,2025-12-04 00:56:43+00:00,13.36,74.51000213623047,,,,,13.4,74.5,419950586.0,4.577518662479363,,discrepant
404,2025-12-04 00:56:43+00:00,13.15,74.66000366210938,,,,,13.04,74.69000244140625,419950351.0,12.655607935240736,,discrepant
405,2025-12-04 00:56:43+00:00,13.53,74.52999877929688,,,,,13.5,74.48999786376953,419957111.0,5.461800192606438,,discrepant
406,2025-12-04 00:56:43+00:00,13.45,74.62999725341797,,,,,13.35,74.69000244140625,419957303.0,12.875239203696276,,discrepant
407,2025-12-04 00:56:43+00:00,13.25,74.69999694824219,,,,,13.35,74.69000244140625,419957303.0,11.171981520557313,,discrepant
408,2025-12-04 00:56:43+00:00,12.49,74.33000183105469,,,,,12.36,74.33000183105469,210649000.0,14.45536043035944,,discrepant
409,2025-12-04 00:56:43+00:00,12.61,74.33000183105469,,,,,12.73,74.41000366210938,419000174.0,15.917755360434988,,discrepant
410,2025-12-04 00:56:43+00:00,12.04,74.55999755859375,,,,,12.06,74.58000183105469,419951431.0,3.1109400720966653,,discrepant
411,2025-12-04 00:56:43+00:00,13.28,74.44999694824219,,,,,13.3,74.55000305175781,419951326.0,11.048510360707565,,discrepant
412,2025-12-04 00:56:43+00:00,13.55,74.5999984741211,,,,,13.5,74.48999786376953,419957111.0,13.127763134690786,,discrepant
413,2025-12-04 00:56:43+00:00,13.61,74.12999725341797,,,,,13.44,74.08000183105469,352002959.0,19.6607328241869,,discrepant
414,2025-12-04 00:56:43+00:00,13.05,74.01000213623047,,,,,12.99,73.9000015258789,636024071.0,13.657534167353345,,discrepant
415,2025-12-04 00:56:43+00:00,13.47,74.48999786376953,,,,,13.5,74.48999786376953,419957111.0,3.3358524070059565,,discrepant
416,2025-12-04 00:56:43+00:00,13.26,74.69999694824219,,,,,13.35,74.69000244140625,419957303.0,10.065826629931124,,discrepant
417,2025-12-04 00:56:43+00:00,12.66,74.30999755859375,,,,,12.73,74.41000366210938,419000174.0,13.351844359541396,,discrepant
418,2025-12-04 00:56:43+00:00,13.36,74.43000030517578,,,,,13.4,74.5,419950586.0,8.781993727152086,,discrepant
419,2025-12-04 00:56:43+00:00,13.73,74.27999877929688,,,,,13.5,74.48999786376953,419957111.0,34.19242739871232,,likely_spoofed
421,2025-12-04 00:56:43+00:00,13.08,74.05999755859375,,,,,12.99,73.9000015258789,636024071.0,20.014029753581468,,discrepant
422,2025-12-04 00:56:43+00:00,12.54,74.41999816894531,,,,,12.44,74.5,419950496.0,14.109483334049754,,discrepant
423,2025-12-04 00:56:43+00:00,13.29,74.26000213623047,,,,,13.37,74.12999725341797,636024939.0,16.643209091004366,,discrepant
424,2025-12-04 00:56:43+00:00,13.44,74.48999786376953,,,,,13.4,74.5,419950586.0,4.577476132561891,,discrepant
426,2025-12-04 00:56:43+00:00,13.43,74.68000030517578,,,,,13.35,74.69000244140625,419957303.0,8.96116286349874,,discrepant
506,2025-12-04 00:56:43+00:00,12.8,74.80000305175781,,,,,12.79,74.79000091552734,419950685.0,1.553296288480602,,matched
453,2025-12-04 00:56:43+00:00,13.33,74.13999938964844,,,,,13.37,74.12999725341797,636024939.0,4.577550482488022,,discrepant
455,2025-12-04 00:56:43+00:00,13.56,74.61000061035156,,,,,13.5,74.48999786376953,419957111.0,14.588371531663052,,discrepant
482,2025-12-04 00:56:43+00:00,13.36,74.16999816894531,,,,,13.37,74.12999725341797,636024939.0,4.468019959419638,,discrepant
483,2025-12-04 00:56:43+00:00,13.53,74.63999938964844,,,,,13.5,74.48999786376953,419957111.0,16.557085349552565,,discrepant
484,2025-12-04 00:56:43+00:00,13.26,73.95999908447266,,,,,13.37,74.12999725341797,636024939.0,22.090222628641847,,likely_spoofed
485,2025-12-04 00:56:43+00:00,13.68,74.55000305175781,,,,,13.5,74.48999786376953,419957111.0,21.03963173460084,,likely_spoofed
486,2025-12-04 00:56:43+00:00,12.24,74.48999786376953,,,,,12.27,74.33999633789062,419181024.0,16.637209127975204,,discrepant
487,2025-12-04 00:56:43+00:00,12.01,74.66999816894531,,,,,12.02,74.63999938964844,538004202.0,3.446921035120943,,discrepant
488,2025-12-04 00:56:43+00:00,13.57,74.4800033569336,,,,,13.5,74.48999786376953,419957111.0,7.858289927246512,,discrepant
491,2025-12-04 00:56:43+00:00,13.53,74.62999725341797,,,,,13.5,74.48999786376953,419957111.0,15.499401874069793,,discrepant
492,2025-12-04 00:56:43+00:00,12.17,74.56999969482422,,,,,12.06,74.58000183105469,419951431.0,12.27970124199464,,discrepant
493,2025-12-04 00:56:43+00:00,12.34,74.5199966430664,,,,,12.43,74.51000213623047,419957245.0,10.066253644662726,,discrepant
494,2025-12-04 00:56:43+00:00,12.16,74.62000274658203,,,,,12.06,74.58000183105469,419951431.0,11.939706636786491,,discrepant
495,2025-12-04 00:56:43+00:00,12.77,74.29000091552734,,,,,12.81,74.4000015258789,413572220.0,12.730319650770555,,discrepant
496,2025-12-04 00:56:43+00:00,12.14,74.66999816894531,,,,,12.06,74.58000183105469,419951431.0,13.22401476495187,,discrepant
497,2025-12-04 00:56:43+00:00,13.4,74.62999725341797,,,,,13.35,74.69000244140625,419957303.0,8.54680939075424,,discrepant
498,2025-12-04 00:56:43+00:00,13.43,74.55999755859375,,,,,13.4,74.5,419950586.0,7.296593721166007,,discrepant
499,2025-12-04 00:56:43+00:00,12.36,74.45999908447266,,,,,12.43,74.51000213623047,419957245.0,9.490813822006054,,discrepant
500,2025-12-04 00:56:43+00:00,13.55,74.47000122070312,,,,,13.5,74.48999786376953,419957111.0,5.965276708114771,,discrepant
501,2025-12-04 00:56:43+00:00,12.36,74.43000030517578,,,,,12.36,74.33000183105469,210649000.0,10.86161375247931,,discrepant
502,2025-12-04 00:56:43+00:00,13.25,74.5,,,,,13.3,74.55000305175781,419951326.0,7.7585722488893465,,discrepant
503,2025-12-04 00:56:43+00:00,12.45,74.58999633789062,,,,,12.5,74.62000274658203,419909179.0,6.4439164281858154,,discrepant
504,2025-12-04 00:56:43+00:00,12.94,74.66000366210938,,,,,12.95,74.66000366210938,351366000.0,1.1119508023352598,,matched
481,2025-12-04 00:56:43+00:00,12.32,74.52999877929688,,,,,12.32,74.62999725341797,563105700.0,10.86327275177963,,discrepant
454,2025-12-04 00:56:43+00:00,13.56,74.52999877929688,,,,,13.5,74.48999786376953,419957111.0,7.950637626014623,,discrepant
480,2025-12-04 00:56:43+00:00,12.45,74.5999984741211,,,,,12.5,74.62000274658203,419909179.0,5.968906089158109,,discrepant
478,2025-12-04 00:56:43+00:00,12.68,74.48999786376953,,,,,12.73,74.41000366210938,419000174.0,10.305540605244863,,discrepant
456,2025-12-04 00:56:43+00:00,13.22,74.08000183105469,,,,,13.37,74.12999725341797,636024939.0,17.534782071194353,,discrepant
457,2025-12-04 00:56:43+00:00,13.03,74.4000015258789,,,,,12.97,74.37000274658203,538009436.0,7.421293020026841,,discrepant
458,2025-12-04 00:56:43+00:00,13.52,74.4800033569336,,,,,13.5,74.48999786376953,419957111.0,2.4725309633700134,,matched
459,2025-12-04 00:56:43+00:00,13.44,74.55000305175781,,,,,13.4,74.5,419950586.0,7.002312890546987,,discrepant
460,2025-12-04 00:56:43+00:00,13.47,74.0999984741211,,,,,13.44,74.08000183105469,352002959.0,3.975463924081546,,discrepant
461,2025-12-04 00:56:43+00:00,12.48,74.76000213623047,,,,,12.37,74.80999755859375,419957243.0,13.382191148534808,,discrepant
462,2025-12-04 00:56:43+00:00,13.5,74.58999633789062,,,,,13.5,74.48999786376953,419957111.0,10.812110074519998,,discrepant
463,2025-12-04 00:56:43+00:00,13.41,74.56999969482422,,,,,13.4,74.5,419950586.0,7.652776278140693,,discrepant
465,2025-12-04 00:56:43+00:00,13.53,74.33000183105469,,,,,13.5,74.48999786376953,419957111.0,17.616837531572358,,discrepant
466,2025-12-04 00:56:43+00:00,13.52,74.55000305175781,,,,,13.5,74.48999786376953,419957111.0,6.858235407261267,,discrepant
467,2025-12-04 00:56:43+00:00,13.12,74.3499984741211,,,,,13.1,74.38999938964844,419957531.0,4.869472156462026,,discrepant
468,2025-12-04 00:56:43+00:00,12.16,74.6500015258789,,,,,12.06,74.58000183105469,419951431.0,13.474486290005943,,discrepant
469,2025-12-04 00:56:43+00:00,12.33,74.4800033569336,,,,,12.43,74.51000213623047,419957245.0,11.587018985825365,,discrepant
470,2025-12-04 00:56:43+00:00,12.19,74.6500015258789,,,,,12.32,74.62999725341797,563105700.0,14.617878308728859,,discrepant
471,2025-12-04 00:56:43+00:00,13.66,74.55999755859375,,,,,13.5,74.48999786376953,419957111.0,19.33317861050167,,discrepant
472,2025-12-04 00:56:43+00:00,12.35,74.81999969482422,,,,,12.37,74.80999755859375,419957243.0,2.475080805825494,,matched
473,2025-12-04 00:56:43+00:00,13.29,74.69000244140625,,,,,13.35,74.69000244140625,419957303.0,6.67170481401209,,discrepant
474,2025-12-04 00:56:43+00:00,12.91,74.61000061035156,,,,,12.92,74.62000274658203,419951496.0,1.5529344729782553,,matched
475,2025-12-04 00:56:43+00:00,13.24,74.54000091552734,,,,,13.29,74.56999969482422,419950544.0,6.438325568819686,,discrepant
476,2025-12-04 00:56:43+00:00,13.36,74.5199966430664,,,,,13.4,74.5,419950586.0,4.945935394984827,,discrepant
477,2025-12-04 00:56:43+00:00,13.22,74.41999816894531,,,,,13.1,74.38999938964844,419957531.0,13.733055847365346,,discrepant
479,2025-12-04 00:56:43+00:00,13.18,74.1500015258789,,,,,13.37,74.12999725341797,636024939.0,21.237698644347443,,likely_spoofed
618,2025-12-04 00:56:43+00:00,12.7,74.69000244140625,,,,,12.7,74.63999938964844,419951335.0,5.424063124248272,,discrepant
619,2025-12-04 00:56:43+00:00,12.8,74.37000274658203,,,,,12.81,74.4000015258789,413572220.0,3.43756681309732,,discrepant
620,2025-12-04 00:56:43+00:00,12.81,74.76000213623047,,,,,12.79,74.79000091552734,419950685.0,3.9403792837516454,,discrepant
773,2025-12-04 00:56:43+00:00,13.42,74.63999938964844,,,,,13.35,74.69000244140625,419957303.0,9.478567426746057,,discrepant
774,2025-12-04 00:56:43+00:00,13.23,74.38999938964844,,,,,13.1,74.38999938964844,419957531.0,14.45536043035944,,discrepant
775,2025-12-04 00:56:43+00:00,12.25,75.0199966430664,,,,,12.17,74.91999816894531,419957171.0,14.044252767995987,,discrepant
776,2025-12-04 00:56:43+00:00,12.43,74.83999633789062,,,,,12.37,74.80999755859375,419957243.0,7.424659551126981,,discrepant
777,2025-12-04 00:56:43+00:00,13.46,74.44999694824219,,,,,13.5,74.48999786376953,419957111.0,6.204175103980752,,discrepant
778,2025-12-04 00:56:43+00:00,13.55,74.37000274658203,,,,,13.5,74.48999786376953,419957111.0,14.114016975260286,,discrepant
779,2025-12-04 00:56:43+00:00,13.42,74.62999725341797,,,,,13.35,74.69000244140625,419957303.0,10.1350322804063,,discrepant
780,2025-12-04 00:56:43+00:00,13.25,74.08000183105469,,,,,13.37,74.12999725341797,636024939.0,14.398394505721832,,discrepant
781,2025-12-04 00:56:43+00:00,13.09,74.22000122070312,,,,,13.1,74.38999938964844,419957531.0,18.444949618570824,,discrepant
782,2025-12-04 00:56:43+00:00,13.17,74.69000244140625,,,,,13.04,74.69000244140625,419950351.0,14.455360430359262,,discrepant
783,2025-12-04 00:56:43+00:00,12.13,74.66999816894531,,,,,12.06,74.58000183105469,419951431.0,12.503264914664129,,discrepant
784,2025-12-04 00:56:43+00:00,12.48,74.3499984741211,,,,,12.36,74.33000183105469,210649000.0,13.518947985628465,,discrepant
786,2025-12-04 00:56:43+00:00,13.39,74.61000061035156,,,,,13.35,74.69000244140625,419957303.0,9.730720114289376,,discrepant
787,2025-12-04 00:56:43+00:00,13.49,74.2699966430664,,,,,13.37,74.12999725341797,636024939.0,20.181995578382335,,discrepant
788,2025-12-04 00:56:43+00:00,13.24,74.44000244140625,,,,,13.3,74.55000305175781,419951326.0,13.646944952800277,,discrepant
790,2025-12-04 00:56:43+00:00,12.57,74.27999877929688,,,,,12.73,74.41000366210938,419000174.0,22.70414407525422,,likely_spoofed
791,2025-12-04 00:56:43+00:00,12.35,74.6500015258789,,,,,12.32,74.62999725341797,563105700.0,3.9812007948349666,,discrepant
792,2025-12-04 00:56:43+00:00,13.5,74.56999969482422,,,,,13.5,74.48999786376953,419957111.0,8.650018045600223,,discrepant
793,2025-12-04 00:56:43+00:00,13.02,74.7699966430664,,,,,13.0,74.72000122070312,419951308.0,5.85531229796378,,discrepant
795,2025-12-04 00:56:43+00:00,13.22,73.9000015258789,,,,,12.99,73.9000015258789,636024071.0,25.574868453712746,,likely_spoofed
796,2025-12-04 00:56:43+00:00,13.04,74.20999908447266,,,,,12.97,74.37000274658203,538009436.0,19.00255033730562,,discrepant
772,2025-12-04 00:56:43+00:00,12.23,74.63999938964844,,,,,12.32,74.62999725341797,563105700.0,10.066392245498413,,discrepant
797,2025-12-04 00:56:43+00:00,13.51,74.5,,,,,13.5,74.48999786376953,419957111.0,1.5511086455979544,,matched
771,2025-12-04 00:56:43+00:00,12.43,74.7699966430664,,,,,12.37,74.80999755859375,419957243.0,7.961359395615453,,discrepant
769,2025-12-04 00:56:43+00:00,13.36,74.62000274658203,,,,,13.35,74.69000244140625,419957303.0,7.654331439744246,,discrepant
743,2025-12-04 00:56:43+00:00,12.43,74.41000366210938,,,,,12.44,74.5,419950496.0,9.83544960733329,,discrepant
744,2025-12-04 00:56:43+00:00,13.51,74.5199966430664,,,,,13.5,74.48999786376953,419957111.0,3.428791890713981,,discrepant
745,2025-12-04 00:56:43+00:00,12.65,74.52999877929688,,,,,12.59,74.61000061035156,636020930.0,10.948494234680359,,discrepant
747,2025-12-04 00:56:43+00:00,13.52,74.5199966430664,,,,,13.5,74.48999786376953,419957111.0,3.9326169961564075,,discrepant
748,2025-12-04 00:56:43+00:00,13.45,74.4800033569336,,,,,13.5,74.48999786376953,419957111.0,5.66382185092494,,discrepant
751,2025-12-04 00:56:43+00:00,12.56,74.33000183105469,,,,,12.73,74.41000366210938,419000174.0,20.800785645158587,,likely_spoofed
752,2025-12-04 00:56:43+00:00,13.31,74.47000122070312,,,,,13.3,74.55000305175781,419951326.0,8.728155685665257,,discrepant
753,2025-12-04 00:56:43+00:00,13.36,74.61000061035156,,,,,13.31,74.55999755859375,419950286.0,7.757637698160715,,discrepant
754,2025-12-04 00:56:43+00:00,13.44,74.62999725341797,,,,,13.35,74.69000244140625,419957303.0,11.928171744187013,,discrepant
755,2025-12-04 00:56:43+00:00,12.3,74.83000183105469,,,,,12.29,74.87999725341797,419818385.0,5.5443866712490495,,discrepant
756,2025-12-04 00:56:43+00:00,13.19,74.58999633789062,,,,,13.29,74.56999969482422,419950544.0,11.328203478510467,,discrepant
757,2025-12-04 00:56:43+00:00,13.4,74.5,,,,,13.4,74.5,419950586.0,0.0,,matched
759,2025-12-04 00:56:43+00:00,13.51,74.58000183105469,,,,,13.5,74.48999786376953,419957111.0,9.794595483384743,,discrepant
760,2025-12-04 00:56:43+00:00,13.27,74.55999755859375,,,,,13.29,74.56999969482422,419950544.0,2.473344051333256,,matched
761,2025-12-04 00:56:43+00:00,12.68,74.55999755859375,,,,,12.74,74.58999633789062,419950613.0,7.422938907314252,,discrepant
762,2025-12-04 00:56:43+00:00,12.84,74.58999633789062,,,,,12.88,74.62000274658203,419950494.0,5.5103664002984525,,discrepant
763,2025-12-04 00:56:43+00:00,12.77,74.61000061035156,,,,,12.74,74.58999633789062,419950613.0,3.979268786498455,,discrepant
765,2025-12-04 00:56:43+00:00,13.6,74.37999725341797,,,,,13.5,74.48999786376953,419957111.0,16.280080306800695,,discrepant
766,2025-12-04 00:56:43+00:00,13.2,74.44999694824219,,,,,13.1,74.38999938964844,419957531.0,12.878193844095833,,discrepant
767,2025-12-04 00:56:43+00:00,13.64,74.62000274658203,,,,,13.5,74.48999786376953,419957111.0,20.971639448281735,,likely_spoofed
768,2025-12-04 00:56:43+00:00,13.43,74.62000274658203,,,,,13.35,74.69000244140625,419957303.0,11.681930626528302,,discrepant
770,2025-12-04 00:56:43+00:00,13.68,74.51000213623047,,,,,13.5,74.48999786376953,419957111.0,20.131554141129218,,discrepant
742,2025-12-04 00:56:43+00:00,13.4,74.56999969482422,,,,,13.4,74.5,419950586.0,7.571719392360424,,discrepant
798,2025-12-04 00:56:43+00:00,13.16,74.26000213623047,,,,,13.1,74.38999938964844,419957531.0,15.578126339740841,,discrepant
800,2025-12-04 00:56:43+00:00,13.59,74.61000061035156,,,,,13.5,74.48999786376953,419957111.0,16.38410512743993,,discrepant
831,2025-12-04 00:56:43+00:00,13.43,73.83999633789062,,,,,13.48,73.93000030517578,256657000.0,11.209288611365807,,discrepant
832,2025-12-04 00:56:43+00:00,12.97,74.20999908447266,,,,,12.97,74.37000274658203,538009436.0,17.337714886446726,,discrepant
833,2025-12-04 00:56:43+00:00,12.37,74.58000183105469,,,,,12.32,74.62999725341797,563105700.0,7.771962907149289,,discrepant
834,2025-12-04 00:56:43+00:00,12.79,74.5999984741211,,,,,12.8,74.6500015258789,419950731.0,5.534874163702918,,discrepant
835,2025-12-04 00:56:43+00:00,12.03,74.55999755859375,,,,,12.03,74.58999633789062,419950332.0,3.262459675620204,,discrepant
836,2025-12-04 00:56:43+00:00,13.37,74.44999694824219,,,,,13.4,74.5,419950586.0,6.354987054769388,,discrepant
837,2025-12-04 00:56:43+00:00,13.53,74.6500015258789,,,,,13.5,74.48999786376953,419957111.0,17.61764746853628,,discrepant
839,2025-12-04 00:56:43+00:00,12.91,74.73999786376953,,,,,12.92,74.76000213623047,419017300.0,2.4366202304076596,,matched
840,2025-12-04 00:56:43+00:00,13.53,74.62000274658203,,,,,13.5,74.48999786376953,419957111.0,14.446031947586565,,discrepant
841,2025-12-04 00:56:43+00:00,12.85,74.30999755859375,,,,,12.81,74.4000015258789,413572220.0,10.723994855787534,,discrepant
842,2025-12-04 00:56:43+00:00,13.4,74.62000274658203,,,,,13.35,74.69000244140625,419957303.0,9.394344238100933,,discrepant
843,2025-12-04 00:56:43+00:00,13.65,74.45999908447266,,,,,13.5,74.48999786376953,419957111.0,16.991520406032194,,discrepant
844,2025-12-04 00:56:43+00:00,12.29,74.66999816894531,,,,,12.32,74.62999725341797,563105700.0,5.478432339851132,,discrepant
845,2025-12-04 00:56:43+00:00,13.31,74.29000091552734,,,,,13.37,74.12999725341797,636024939.0,18.552680619206864,,discrepant
846,2025-12-04 00:56:43+00:00,12.82,74.5999984741211,,,,,12.8,74.6500015258789,419950731.0,5.860088550148285,,discrepant
847,2025-12-04 00:56:43+00:00,13.3,74.66000366210938,,,,,13.35,74.69000244140625,419957303.0,6.437920516937148,,discrepant
848,2025-12-04 00:56:43+00:00,13.61,73.86000061035156,,,,,13.48,73.93000030517578,256657000.0,16.316215084904265,,discrepant
849,2025-12-04 00:56:43+00:00,13.25,74.68000030517578,,,,,13.35,74.69000244140625,419957303.0,11.172061474847226,,discrepant
850,2025-12-04 00:56:43+00:00,13.25,74.69000244140625,,,,,13.35,74.69000244140625,419957303.0,11.119508023353307,,discrepant
851,2025-12-04 00:56:43+00:00,13.22,74.16999816894531,,,,,13.37,74.12999725341797,636024939.0,17.23181309582292,,discrepant
853,2025-12-04 00:56:43+00:00,13.69,74.4000015258789,,,,,13.5,74.48999786376953,419957111.0,23.258605660716984,,likely_spoofed
830,2025-12-04 00:56:43+00:00,13.72,74.55000305175781,,,,,13.5,74.48999786376953,419957111.0,25.30787454403031,,likely_spoofed
799,2025-12-04 00:56:43+00:00,12.19,74.51000213623047,,,,,12.06,74.58000183105469,419951431.0,16.33613311251097,,discrepant
829,2025-12-04 00:56:43+00:00,12.91,74.66999816894531,,,,,12.92,74.68000030517578,419001902.0,1.5529344729782553,,matched
827,2025-12-04 00:56:43+00:00,12.69,74.69999694824219,,,,,12.65,74.72000122070312,419951353.0,4.949017426202024,,discrepant
801,2025-12-04 00:56:43+00:00,13.6,74.58999633789062,,,,,13.5,74.48999786376953,419957111.0,15.507936048456845,,discrepant
802,2025-12-04 00:56:43+00:00,13.6,74.47000122070312,,,,,13.5,74.48999786376953,419957111.0,11.327671308766158,,discrepant
804,2025-12-04 00:56:43+00:00,12.73,74.7300033569336,,,,,12.75,74.79000091552734,419951413.0,6.876716901050722,,discrepant
806,2025-12-04 00:56:43+00:00,12.96,74.27999877929688,,,,,12.97,74.37000274658203,538009436.0,9.816050970227803,,discrepant
807,2025-12-04 00:56:43+00:00,13.26,74.70999908447266,,,,,13.35,74.69000244140625,419957303.0,10.238819783205514,,discrepant
808,2025-12-04 00:56:43+00:00,13.67,74.55000305175781,,,,,13.5,74.48999786376953,419957111.0,19.98481102543745,,discrepant
811,2025-12-04 00:56:43+00:00,12.21,75.0,,,,,12.17,74.91999816894531,419957171.0,9.7667827394634,,discrepant
812,2025-12-04 00:56:43+00:00,12.13,74.62000274658203,,,,,12.06,74.58000183105469,419951431.0,8.916308485063261,,discrepant
813,2025-12-04 00:56:43+00:00,12.76,74.55000305175781,,,,,12.74,74.58999633789062,419950613.0,4.874299855274479,,discrepant
814,2025-12-04 00:56:43+00:00,13.67,74.54000091552734,,,,,13.5,74.48999786376953,419957111.0,19.660584416472812,,discrepant
815,2025-12-04 00:56:43+00:00,13.55,74.62000274658203,,,,,13.5,74.48999786376953,419957111.0,15.114701520597087,,discrepant
816,2025-12-04 00:56:43+00:00,13.3,74.55999755859375,,,,,13.3,74.55000305175781,419951326.0,1.0815325981980413,,matched
817,2025-12-04 00:56:43+00:00,13.46,74.66999816894531,,,,,13.35,74.69000244140625,419957303.0,12.421372931719485,,discrepant
818,2025-12-04 00:56:43+00:00,13.7,74.47000122070312,,,,,13.5,74.48999786376953,419957111.0,22.343780797613704,,likely_spoofed
819,2025-12-04 00:56:43+00:00,12.83,74.80999755859375,,,,,12.85,74.80999755859375,419950386.0,2.2239016046706968,,matched
820,2025-12-04 00:56:43+00:00,13.35,74.6500015258789,,,,,13.35,74.69000244140625,419957303.0,4.327712587695817,,discrepant
821,2025-12-04 00:56:43+00:00,13.41,74.61000061035156,,,,,13.35,74.69000244140625,419957303.0,10.92746011602572,,discrepant
822,2025-12-04 00:56:43+00:00,13.31,74.37999725341797,,,,,13.4,74.5,419950586.0,16.39225553254887,,discrepant
824,2025-12-04 00:56:43+00:00,13.02,74.58000183105469,,,,,13.0,74.58000183105469,419908664.0,2.2239016046705196,,matched
825,2025-12-04 00:56:43+00:00,12.12,74.76000213623047,,,,,12.15,74.80000305175781,419122282.0,5.480648444112843,,discrepant
826,2025-12-04 00:56:43+00:00,13.47,74.52999877929688,,,,,13.5,74.48999786376953,419957111.0,5.462230692939187,,discrepant
828,2025-12-04 00:56:43+00:00,12.94,74.7699966430664,,,,,12.92,74.76000213623047,419017300.0,2.4736564370378034,,matched
739,2025-12-04 00:56:43+00:00,13.5,73.87000274658203,,,,,13.48,73.93000030517578,256657000.0,6.857969368292183,,discrepant
738,2025-12-04 00:56:43+00:00,13.11,74.70999908447266,,,,,13.04,74.69000244140625,419950351.0,8.079377610815836,,discrepant
737,2025-12-04 00:56:43+00:00,13.13,74.58999633789062,,,,,13.0,74.58000183105469,419908664.0,14.495841022744786,,discrepant
656,2025-12-04 00:56:43+00:00,12.38,74.5999984741211,,,,,12.32,74.62999725341797,563105700.0,7.4249333126234855,,discrepant
657,2025-12-04 00:56:43+00:00,13.29,73.9800033569336,,,,,13.37,74.12999725341797,636024939.0,18.507289992524807,,discrepant
658,2025-12-04 00:56:43+00:00,12.18,74.55999755859375,,,,,12.06,74.58000183105469,419951431.0,13.519479032121676,,discrepant
659,2025-12-04 00:56:43+00:00,12.31,74.5,,,,,12.43,74.51000213623047,419957245.0,13.387560507914728,,discrepant
660,2025-12-04 00:56:43+00:00,13.13,73.81999969482422,,,,,12.99,73.9000015258789,636024071.0,17.816724624601928,,discrepant
661,2025-12-04 00:56:43+00:00,12.61,74.41999816894531,,,,,12.73,74.41000366210938,419000174.0,13.387391064009657,,discrepant
662,2025-12-04 00:56:43+00:00,12.92,74.52999877929688,,,,,12.98,74.54000091552734,419957042.0,6.759177927461685,,discrepant
665,2025-12-04 00:56:43+00:00,13.59,74.6500015258789,,,,,13.5,74.48999786376953,419957111.0,19.98322618963199,,discrepant
667,2025-12-04 00:56:43+00:00,13.61,74.55000305175781,,,,,13.5,74.48999786376953,419957111.0,13.844938265888608,,discrepant
668,2025-12-04 00:56:43+00:00,12.99,74.72000122070312,,,,,13.0,74.72000122070312,419951308.0,1.1119508023354367,,matched
669,2025-12-04 00:56:43+00:00,13.44,74.30000305175781,,,,,13.37,74.12999725341797,636024939.0,19.968292327309097,,discrepant
670,2025-12-04 00:56:43+00:00,13.72,74.45999908447266,,,,,13.5,74.48999786376953,419957111.0,24.67681523629635,,likely_spoofed
671,2025-12-04 00:56:43+00:00,13.56,74.47000122070312,,,,,13.5,74.48999786376953,419957111.0,7.013209697563375,,discrepant
672,2025-12-04 00:56:43+00:00,13.49,74.48999786376953,,,,,13.5,74.48999786376953,419957111.0,1.1119508023352598,,matched
673,2025-12-04 00:56:43+00:00,13.02,74.38999938964844,,,,,12.97,74.37000274658203,538009436.0,5.96698806630367,,discrepant
674,2025-12-04 00:56:43+00:00,12.75,74.72000122070312,,,,,12.75,74.79000091552734,419951413.0,7.5916956105800715,,discrepant
675,2025-12-04 00:56:43+00:00,13.55,74.47000122070312,,,,,13.5,74.48999786376953,419957111.0,5.965276708114771,,discrepant
676,2025-12-04 00:56:43+00:00,12.47,74.55000305175781,,,,,12.43,74.51000213623047,419957245.0,6.216695055211035,,discrepant
677,2025-12-04 00:56:43+00:00,12.52,74.54000091552734,,,,,12.5,74.62000274658203,419909179.0,8.964828304011611,,discrepant
678,2025-12-04 00:56:43+00:00,12.15,74.75,,,,,12.15,74.80000305175781,419122282.0,5.435546907368696,,discrepant
679,2025-12-04 00:56:43+00:00,13.12,74.44000244140625,,,,,13.1,74.38999938964844,419957531.0,5.854048410045185,,discrepant
655,2025-12-04 00:56:43+00:00,12.08,74.56999969482422,,,,,12.06,74.58000183105469,419951431.0,2.475603834777569,,matched
680,2025-12-04 00:56:43+00:00,13.29,74.5999984741211,,,,,13.29,74.56999969482422,419950544.0,3.246382871419058,,discrepant
654,2025-12-04 00:56:43+00:00,12.36,74.55999755859375,,,,,12.32,74.62999725341797,563105700.0,8.80912188489599,,discrepant
652,2025-12-04 00:56:43+00:00,13.39,74.62000274658203,,,,,13.35,74.69000244140625,419957303.0,8.782264695510094,,discrepant
621,2025-12-04 00:56:43+00:00,13.53,74.5,,,,,13.5,74.48999786376953,419957111.0,3.5067530020813034,,discrepant
622,2025-12-04 00:56:43+00:00,13.52,74.55999755859375,,,,,13.5,74.48999786376953,419957111.0,7.888220932013389,,discrepant
626,2025-12-04 00:56:43+00:00,12.96,74.69000244140625,,,,,12.95,74.68000030517578,649555000.0,1.5528131498409605,,matched
627,2025-12-04 00:56:43+00:00,13.49,74.45999908447266,,,,,13.5,74.48999786376953,419957111.0,3.4289204558423716,,discrepant
628,2025-12-04 00:56:43+00:00,13.66,73.83000183105469,,,,,13.48,73.93000030517578,256657000.0,22.747256447206013,,likely_spoofed
629,2025-12-04 00:56:43+00:00,12.18,74.66999816894531,,,,,12.15,74.80000305175781,419122282.0,14.519688364985171,,discrepant
631,2025-12-04 00:56:43+00:00,13.52,74.62999725341797,,,,,13.5,74.48999786376953,419957111.0,15.29898356693366,,discrepant
633,2025-12-04 00:56:43+00:00,13.8,74.48999786376953,,,,,13.5,74.48999786376953,419957111.0,33.358524070059914,,likely_spoofed
634,2025-12-04 00:56:43+00:00,12.03,74.81999969482422,,,,,12.06,74.8499984741211,538006175.0,4.665872460332029,,discrepant
635,2025-12-04 00:56:43+00:00,13.64,74.5,,,,,13.5,74.48999786376953,419957111.0,15.604808331511203,,discrepant
636,2025-12-04 00:56:43+00:00,12.03,74.36000061035156,,,,,12.06,74.58000183105469,419951431.0,24.155917846577452,,likely_spoofed
637,2025-12-04 00:56:43+00:00,13.26,74.55000305175781,,,,,13.29,74.56999969482422,419950544.0,3.9763424919833334,,discrepant
638,2025-12-04 00:56:43+00:00,12.65,74.26000213623047,,,,,12.73,74.41000366210938,419000174.0,18.544804964144646,,discrepant
639,2025-12-04 00:56:43+00:00,13.47,74.63999938964844,,,,,13.35,74.69000244140625,419957303.0,14.397862240290516,,discrepant
640,2025-12-04 00:56:43+00:00,12.31,74.52999877929688,,,,,12.32,74.62999725341797,563105700.0,10.920239311449008,,discrepant
641,2025-12-04 00:56:43+00:00,12.88,74.66999816894531,,,,,12.9,74.6500015258789,419000533.0,3.105442972528447,,discrepant
642,2025-12-04 00:56:43+00:00,13.63,74.56999969482422,,,,,13.5,74.48999786376953,419957111.0,16.84456503946566,,discrepant
645,2025-12-04 00:56:43+00:00,12.97,74.38999938964844,,,,,12.97,74.37000274658203,538009436.0,2.166801041845599,,matched
646,2025-12-04 00:56:43+00:00,12.42,74.55000305175781,,,,,12.43,74.51000213623047,419957245.0,4.4837942121454955,,discrepant
648,2025-12-04 00:56:43+00:00,12.51,74.38999938964844,,,,,12.44,74.5,419950496.0,14.2553296263017,,discrepant
649,2025-12-04 00:56:43+00:00,12.53,74.27999877929688,,,,,12.36,74.33000183105469,210649000.0,19.667447575479585,,discrepant
653,2025-12-04 00:56:43+00:00,13.48,74.62000274658203,,,,,13.5,74.48999786376953,419957111.0,14.231903308587658,,discrepant
681,2025-12-04 00:56:43+00:00,13.36,74.62000274658203,,,,,13.35,74.69000244140625,419957303.0,7.654331439744246,,discrepant
682,2025-12-04 00:56:43+00:00,12.26,74.44999694824219,,,,,12.27,74.33999633789062,419181024.0,12.003960483865026,,discrepant
683,2025-12-04 00:56:43+00:00,13.16,74.69999694824219,,,,,13.04,74.69000244140625,419950351.0,13.387240555290886,,discrepant
714,2025-12-04 00:56:43+00:00,12.38,74.41000366210938,,,,,12.36,74.33000183105469,210649000.0,8.969364444648562,,discrepant
715,2025-12-04 00:56:43+00:00,13.05,74.19000244140625,,,,,12.97,74.37000274658203,538009436.0,21.43444341816335,,likely_spoofed
716,2025-12-04 00:56:43+00:00,12.52,74.44999694824219,,,,,12.44,74.5,419950496.0,10.421265412450358,,discrepant
717,2025-12-04 00:56:43+00:00,12.58,74.43000030517578,,,,,12.73,74.41000366210938,419000174.0,16.819766974105953,,discrepant
718,2025-12-04 00:56:43+00:00,12.24,74.54000091552734,,,,,12.32,74.62999725341797,563105700.0,13.219103616814946,,discrepant
719,2025-12-04 00:56:43+00:00,13.51,74.5999984741211,,,,,13.5,74.48999786376953,419957111.0,11.945186412829555,,discrepant
720,2025-12-04 00:56:43+00:00,12.19,74.73999786376953,,,,,12.15,74.80000305175781,419122282.0,7.894539905915155,,discrepant
723,2025-12-04 00:56:43+00:00,12.91,74.44000244140625,,,,,12.97,74.37000274658203,538009436.0,10.10239516211672,,discrepant
724,2025-12-04 00:56:43+00:00,12.56,74.72000122070312,,,,,12.6,74.69000244140625,419956119.0,5.511997473690115,,discrepant
725,2025-12-04 00:56:43+00:00,13.39,74.5999984741211,,,,,13.31,74.55999755859375,419950286.0,9.892467146316491,,discrepant
726,2025-12-04 00:56:43+00:00,12.28,74.19000244140625,,,,,12.27,74.33999633789062,419181024.0,16.33517429272309,,discrepant
727,2025-12-04 00:56:43+00:00,12.24,74.6500015258789,,,,,12.32,74.62999725341797,563105700.0,9.157283417391076,,discrepant
728,2025-12-04 00:56:43+00:00,12.32,74.63999938964844,,,,,12.32,74.62999725341797,563105700.0,1.086575925768667,,matched
729,2025-12-04 00:56:43+00:00,13.24,74.4000015258789,,,,,13.1,74.38999938964844,419957531.0,15.604932828219134,,discrepant
730,2025-12-04 00:56:43+00:00,13.1,74.37999725341797,,,,,13.1,74.38999938964844,419957531.0,1.0832447148151818,,matched
731,2025-12-04 00:56:43+00:00,12.13,75.11000061035156,,,,,12.01,75.01000213623047,419956037.0,17.212785984934435,,discrepant
732,2025-12-04 00:56:43+00:00,13.08,74.31999969482422,,,,,13.1,74.38999938964844,419957531.0,7.900815261558148,,discrepant
733,2025-12-04 00:56:43+00:00,13.55,74.16999816894531,,,,,13.44,74.08000183105469,352002959.0,15.630038336019663,,discrepant
734,2025-12-04 00:56:43+00:00,13.17,74.37000274658203,,,,,13.1,74.38999938964844,419957531.0,8.079236096504978,,discrepant
735,2025-12-04 00:56:43+00:00,12.81,74.70999908447266,,,,,12.79,74.66000366210938,419950500.0,5.8595221601461684,,discrepant
736,2025-12-04 00:56:43+00:00,13.24,74.66999816894531,,,,,13.29,74.56999969482422,419950544.0,12.167207902221818,,discrepant
713,2025-12-04 00:56:43+00:00,13.23,74.30999755859375,,,,,13.1,74.38999938964844,419957531.0,16.851939445205552,,discrepant
712,2025-12-04 00:56:43+00:00,13.02,74.61000061035156,,,,,13.0,74.62999725341797,248550000.0,3.1047146471753164,,discrepant
711,2025-12-04 00:56:43+00:00,13.27,74.47000122070312,,,,,13.3,74.55000305175781,419951326.0,9.27817551811098,,discrepant
710,2025-12-04 00:56:43+00:00,13.4,74.62999725341797,,,,,13.35,74.69000244140625,419957303.0,8.54680939075424,,discrepant
684,2025-12-04 00:56:43+00:00,13.01,74.19000244140625,,,,,12.97,74.37000274658203,538009436.0,20.00369613854078,,discrepant
685,2025-12-04 00:56:43+00:00,13.71,74.55000305175781,,,,,13.5,74.48999786376953,419957111.0,24.23476034245002,,likely_spoofed
686,2025-12-04 00:56:43+00:00,13.12,74.44000244140625,,,,,13.1,74.38999938964844,419957531.0,5.854048410045185,,discrepant
687,2025-12-04 00:56:43+00:00,12.36,74.94999694824219,,,,,12.29,74.87999725341797,419818385.0,10.881616755803222,,discrepant
690,2025-12-04 00:56:43+00:00,12.75,74.63999938964844,,,,,12.79,74.66000366210938,419950500.0,4.948642633701103,,discrepant
691,2025-12-04 00:56:43+00:00,13.56,74.5999984741211,,,,,13.5,74.48999786376953,419957111.0,13.63572522067413,,discrepant
692,2025-12-04 00:56:43+00:00,13.64,74.12000274658203,,,,,13.44,74.08000183105469,352002959.0,22.655534348555644,,likely_spoofed
693,2025-12-04 00:56:43+00:00,12.09,74.30999755859375,,,,,12.27,74.33999633789062,419181024.0,20.278966774400875,,likely_spoofed
694,2025-12-04 00:56:43+00:00,13.66,74.41000366210938,,,,,13.5,74.48999786376953,419957111.0,19.780936479792445,,discrepant
695,2025-12-04 00:56:43+00:00,12.77,74.6500015258789,,,,,12.79,74.66000366210938,419950500.0,2.474302509282664,,matched
402,2025-12-04 00:56:43+00:00,12.35,74.44000244140625,,,,,12.43,74.51000213623047,419957245.0,11.701596584709485,,discrepant
697,2025-12-04 00:56:43+00:00,12.75,74.79000091552734,,,,,12.75,74.79000091552734,419951413.0,0.0,,matched
699,2025-12-04 00:56:43+00:00,13.25,74.69999694824219,,,,,13.35,74.69000244140625,419957303.0,11.171981520557313,,discrepant
700,2025-12-04 00:56:43+00:00,13.14,74.48999786376953,,,,,13.1,74.38999938964844,419957531.0,11.706924963579795,,discrepant
701,2025-12-04 00:56:43+00:00,12.89,74.66000366210938,,,,,12.9,74.6500015258789,419000533.0,1.5529949999750927,,matched
702,2025-12-04 00:56:43+00:00,13.24,74.22000122070312,,,,,13.37,74.12999725341797,636024939.0,17.430225357727053,,discrepant
704,2025-12-04 00:56:43+00:00,12.43,74.83000183105469,,,,,12.37,74.80999755859375,419957243.0,7.016505153810344,,discrepant
705,2025-12-04 00:56:43+00:00,12.5,74.52999877929688,,,,,12.44,74.5,419950496.0,7.424274527625579,,discrepant
706,2025-12-04 00:56:43+00:00,13.43,74.63999938964844,,,,,13.35,74.69000244140625,419957303.0,10.41098182834803,,discrepant
707,2025-12-04 00:56:43+00:00,13.45,74.63999938964844,,,,,13.35,74.69000244140625,419957303.0,12.365183084035134,,discrepant
708,2025-12-04 00:56:43+00:00,13.29,74.44000244140625,,,,,13.3,74.55000305175781,419951326.0,11.955530801147944,,discrepant
709,2025-12-04 00:56:43+00:00,12.55,74.72000122070312,,,,,12.6,74.69000244140625,419956119.0,6.442859605849128,,discrepant
698,2025-12-04 00:56:43+00:00,13.71,73.93000030517578,,,,,13.48,73.93000030517578,256657000.0,25.57486845371257,,likely_spoofed
401,2025-12-04 00:56:43+00:00,13.5,74.58999633789062,,,,,13.5,74.48999786376953,419957111.0,10.812110074519998,,discrepant
427,2025-12-04 00:56:43+00:00,12.23,74.55000305175781,,,,,12.32,74.62999725341797,563105700.0,13.255008440114455,,discrepant
399,2025-12-04 00:56:43+00:00,13.4,74.61000061035156,,,,,13.35,74.69000244140625,419957303.0,10.286482170249652,,discrepant
137,2025-12-04 00:56:43+00:00,13.58,74.43000030517578,,,,,13.5,74.48999786376953,419957111.0,11.009094430184708,,discrepant
138,2025-12-04 00:56:43+00:00,13.47,74.6500015258789,,,,,13.35,74.69000244140625,419957303.0,14.027342604442412,,discrepant
139,2025-12-04 00:56:43+00:00,13.74,74.5199966430664,,,,,13.5,74.48999786376953,419957111.0,26.883011377124053,,likely_spoofed
140,2025-12-04 00:56:43+00:00,13.38,74.55999755859375,,,,,13.4,74.5,419950586.0,6.860529521009044,,discrepant
141,2025-12-04 00:56:43+00:00,13.1,74.47000122070312,,,,,13.1,74.38999938964844,419957531.0,8.664305135681811,,discrepant
142,2025-12-04 00:56:43+00:00,12.8,74.72000122070312,,,,,12.79,74.66000366210938,419950500.0,6.600114769256608,,discrepant
143,2025-12-04 00:56:43+00:00,12.29,74.44000244140625,,,,,12.27,74.33999633789062,419181024.0,11.091004342696172,,discrepant
144,2025-12-04 00:56:43+00:00,12.72,74.47000122070312,,,,,12.73,74.41000366210938,419000174.0,6.601889268492089,,discrepant
145,2025-12-04 00:56:43+00:00,12.96,74.54000091552734,,,,,12.98,74.54000091552734,419957042.0,2.2239016046705196,,matched
136,2025-12-04 00:56:43+00:00,12.21,74.51000213623047,,,,,12.32,74.62999725341797,563105700.0,17.87753850153583,,discrepant
146,2025-12-04 00:56:43+00:00,12.83,74.80000305175781,,,,,12.85,74.80000305175781,419957124.0,2.2239016046706968,,matched
149,2025-12-04 00:56:43+00:00,12.78,74.61000061035156,,,,,12.8,74.6500015258789,419950731.0,4.874425378769597,,discrepant
151,2025-12-04 00:56:43+00:00,13.46,74.52999877929688,,,,,13.5,74.48999786376953,419957111.0,6.204175103980752,,discrepant
152,2025-12-04 00:56:43+00:00,13.46,74.61000061035156,,,,,13.4,74.5,419950586.0,13.640065448522558,,discrepant
153,2025-12-04 00:56:43+00:00,12.56,74.75,,,,,12.6,74.69000244140625,419956119.0,7.885404510546793,,discrepant
154,2025-12-04 00:56:43+00:00,13.63,74.56999969482422,,,,,13.5,74.48999786376953,419957111.0,16.84456503946566,,discrepant
155,2025-12-04 00:56:43+00:00,13.74,74.3499984741211,,,,,13.5,74.48999786376953,419957111.0,30.677140160064734,,likely_spoofed
156,2025-12-04 00:56:43+00:00,13.53,74.19000244140625,,,,,13.44,74.08000183105469,352002959.0,15.544320914773937,,discrepant
157,2025-12-04 00:56:43+00:00,13.43,74.62999725341797,,,,,13.35,74.69000244140625,419957303.0,11.011977392048134,,discrepant
158,2025-12-04 00:56:43+00:00,12.22,74.4800033569336,,,,,12.27,74.33999633789062,419181024.0,16.197961345405577,,discrepant
148,2025-12-04 00:56:43+00:00,12.25,74.48999786376953,,,,,12.27,74.33999633789062,419181024.0,16.450060329442117,,discrepant
135,2025-12-04 00:56:43+00:00,13.29,74.51000213623047,,,,,13.3,74.55000305175781,419951326.0,4.469233442359715,,discrepant
134,2025-12-04 00:56:43+00:00,12.63,74.5,,,,,12.59,74.61000061035156,636020930.0,12.738235508153581,,discrepant
133,2025-12-04 00:56:43+00:00,13.47,74.62000274658203,,,,,13.5,74.48999786376953,419957111.0,14.447751168232944,,discrepant
111,2025-12-04 00:56:43+00:00,13.59,74.44999694824219,,,,,13.5,74.48999786376953,419957111.0,10.901827145953352,,discrepant
112,2025-12-04 00:56:43+00:00,12.24,74.55000305175781,,,,,12.32,74.62999725341797,563105700.0,12.436759834952499,,discrepant
113,2025-12-04 00:56:43+00:00,13.13,74.55999755859375,,,,,13.0,74.58000183105469,419908664.0,14.616855067365151,,discrepant
114,2025-12-04 00:56:43+00:00,12.78,74.45999908447266,,,,,12.81,74.4000015258789,413572220.0,7.311155221258303,,discrepant
115,2025-12-04 00:56:43+00:00,13.65,74.41999816894531,,,,,13.5,74.48999786376953,419957111.0,18.31515059402292,,discrepant
116,2025-12-04 00:56:43+00:00,12.45,74.81999969482422,,,,,12.37,74.80999755859375,419957243.0,8.961676613919463,,discrepant
117,2025-12-04 00:56:43+00:00,13.49,74.4800033569336,,,,,13.5,74.48999786376953,419957111.0,1.5505651983329307,,matched
118,2025-12-04 00:56:43+00:00,13.27,74.58000183105469,,,,,13.29,74.56999969482422,419950544.0,2.473344051333256,,matched
119,2025-12-04 00:56:43+00:00,12.45,74.51000213623047,,,,,12.44,74.5,419950496.0,1.5543330967311026,,matched
121,2025-12-04 00:56:43+00:00,13.77,74.48999786376953,,,,,13.5,74.48999786376953,419957111.0,30.022671663053785,,likely_spoofed
122,2025-12-04 00:56:43+00:00,13.49,74.5,,,,,13.5,74.48999786376953,419957111.0,1.5511402395658247,,matched
123,2025-12-04 00:56:43+00:00,12.78,74.62999725341797,,,,,12.8,74.6500015258789,419950731.0,3.10662258100132,,discrepant
124,2025-12-04 00:56:43+00:00,12.68,74.4000015258789,,,,,12.73,74.41000366210938,419000174.0,5.664626717679462,,discrepant
125,2025-12-04 00:56:43+00:00,13.29,74.66000366210938,,,,,13.35,74.69000244140625,419957303.0,7.4194363772492125,,discrepant
126,2025-12-04 00:56:43+00:00,13.57,74.5,,,,,13.5,74.48999786376953,419957111.0,7.858403374124401,,discrepant
127,2025-12-04 00:56:43+00:00,13.42,74.56999969482422,,,,,13.4,74.5,419950586.0,7.891254841865147,,discrepant
128,2025-12-04 00:56:43+00:00,13.16,74.56999969482422,,,,,13.29,74.56999969482422,419950544.0,14.455360430359086,,discrepant
129,2025-12-04 00:56:43+00:00,13.41,74.62000274658203,,,,,13.35,74.69000244140625,419957303.0,10.092180247833339,,discrepant
130,2025-12-04 00:56:43+00:00,13.12,74.0,,,,,12.99,73.9000015258789,636024071.0,18.063454923393145,,discrepant
131,2025-12-04 00:56:43+00:00,13.37,74.36000061035156,,,,,13.4,74.5,419950586.0,15.507424981001215,,discrepant
132,2025-12-04 00:56:43+00:00,12.35,74.70999908447266,,,,,12.32,74.62999725341797,563105700.0,9.308698854410128,,discrepant
161,2025-12-04 00:56:43+00:00,12.68,74.73999786376953,,,,,12.65,74.7300033569336,419957307.0,3.5076511892236413,,discrepant
162,2025-12-04 00:56:43+00:00,12.52,74.33000183105469,,,,,12.36,74.33000183105469,210649000.0,17.791212837365396,,discrepant
163,2025-12-04 00:56:43+00:00,13.76,74.51000213623047,,,,,13.5,74.48999786376953,419957111.0,28.991427384269716,,likely_spoofed
164,2025-12-04 00:56:43+00:00,13.21,74.41000366210938,,,,,13.1,74.38999938964844,419957531.0,12.421761497867127,,discrepant
192,2025-12-04 00:56:43+00:00,13.55,74.5999984741211,,,,,13.5,74.48999786376953,419957111.0,13.127763134690786,,discrepant
400,2025-12-04 00:56:43+00:00,13.15,74.47000122070312,,,,,13.1,74.38999938964844,419957531.0,10.293968340090023,,discrepant
194,2025-12-04 00:56:43+00:00,13.64,74.45999908447266,,,,,13.5,74.48999786376953,419957111.0,15.901434105774069,,discrepant
195,2025-12-04 00:56:43+00:00,12.46,74.44000244140625,,,,,12.44,74.5,419950496.0,6.883684837205466,,discrepant
196,2025-12-04 00:56:43+00:00,12.79,74.76000213623047,,,,,12.79,74.79000091552734,419950685.0,3.2529508901846707,,discrepant
197,2025-12-04 00:56:43+00:00,12.29,74.55000305175781,,,,,12.32,74.62999725341797,563105700.0,9.308852884026223,,discrepant
198,2025-12-04 00:56:43+00:00,12.99,74.4800033569336,,,,,12.98,74.54000091552734,419957042.0,6.5952501002563375,,discrepant
199,2025-12-04 00:56:43+00:00,12.67,74.4000015258789,,,,,12.73,74.41000366210938,419000174.0,6.759350751204152,,discrepant
200,2025-12-04 00:56:43+00:00,13.45,74.44999694824219,,,,,13.5,74.48999786376953,419957111.0,7.044180725434289,,discrepant
201,2025-12-04 00:56:43+00:00,12.36,74.41999816894531,,,,,12.36,74.33000183105469,210649000.0,9.775203781630243,,discrepant
202,2025-12-04 00:56:43+00:00,13.37,74.41999816894531,,,,,13.4,74.5,419950586.0,9.274834058463178,,discrepant
203,2025-12-04 00:56:43+00:00,13.38,74.58000183105469,,,,,13.31,74.55999755859375,419950286.0,8.07895713506019,,discrepant
204,2025-12-04 00:56:43+00:00,13.64,74.55000305175781,,,,,13.5,74.48999786376953,419957111.0,16.864447403331532,,discrepant
205,2025-12-04 00:56:43+00:00,12.16,74.75,,,,,12.15,74.80000305175781,419122282.0,5.5480171485809455,,discrepant
206,2025-12-04 00:56:43+00:00,13.5,74.56999969482422,,,,,13.5,74.48999786376953,419957111.0,8.650018045600223,,discrepant
208,2025-12-04 00:56:43+00:00,13.28,74.63999938964844,,,,,13.29,74.56999969482422,419950544.0,7.656499090874892,,discrepant
209,2025-12-04 00:56:43+00:00,13.41,74.36000061035156,,,,,13.4,74.5,419950586.0,15.183893792224634,,discrepant
210,2025-12-04 00:56:43+00:00,12.39,74.43000030517578,,,,,12.44,74.5,419950496.0,9.41781980849069,,discrepant
211,2025-12-04 00:56:43+00:00,13.78,74.44999694824219,,,,,13.5,74.48999786376953,419957111.0,31.433235976091964,,likely_spoofed
212,2025-12-04 00:56:43+00:00,13.7,74.52999877929688,,,,,13.5,74.48999786376953,419957111.0,22.655325774004037,,likely_spoofed
213,2025-12-04 00:56:43+00:00,13.23,74.66000366210938,,,,,13.29,74.56999969482422,419950544.0,11.806869763072266,,discrepant
190,2025-12-04 00:56:43+00:00,13.29,74.68000030517578,,,,,13.35,74.69000244140625,419957303.0,6.758916392071189,,discrepant
110,2025-12-04 00:56:43+00:00,12.51,74.36000061035156,,,,,12.36,74.33000183105469,210649000.0,16.994376884643184,,discrepant
189,2025-12-04 00:56:43+00:00,13.55,74.55999755859375,,,,,13.5,74.48999786376953,419957111.0,9.390524096756762,,discrepant
187,2025-12-04 00:56:43+00:00,13.64,74.43000030517578,,,,,13.5,74.48999786376953,419957111.0,16.864130255535013,,discrepant
165,2025-12-04 00:56:43+00:00,13.67,74.55999755859375,,,,,13.5,74.48999786376953,419957111.0,20.36103428364344,,likely_spoofed
166,2025-12-04 00:56:43+00:00,12.69,74.26000213623047,,,,,12.73,74.41000366210938,419000174.0,16.86770030797146,,discrepant
167,2025-12-04 00:56:43+00:00,13.33,74.5,,,,,13.3,74.55000305175781,419951326.0,6.356322124688187,,discrepant
168,2025-12-04 00:56:43+00:00,12.38,74.72000122070312,,,,,12.37,74.80999755859375,419957243.0,9.837686381863302,,discrepant
169,2025-12-04 00:56:43+00:00,13.3,74.58000183105469,,,,,13.29,74.56999969482422,419950544.0,1.5517674349032544,,matched
170,2025-12-04 00:56:43+00:00,13.47,74.58000183105469,,,,,13.5,74.48999786376953,419957111.0,10.287927016963822,,discrepant
171,2025-12-04 00:56:43+00:00,12.82,74.4800033569336,,,,,12.81,74.4000015258789,413572220.0,8.745207267101854,,discrepant
172,2025-12-04 00:56:43+00:00,13.45,74.56999969482422,,,,,13.4,74.5,419950586.0,9.393075411354383,,discrepant
173,2025-12-04 00:56:43+00:00,12.16,74.77999877929688,,,,,12.15,74.80000305175781,419122282.0,2.4423199528521256,,matched
174,2025-12-04 00:56:43+00:00,13.47,74.29000091552734,,,,,13.37,74.12999725341797,636024939.0,20.57023853114492,,likely_spoofed
175,2025-12-04 00:56:43+00:00,13.42,74.66999816894531,,,,,13.35,74.69000244140625,419957303.0,8.078860978702972,,discrepant
176,2025-12-04 00:56:43+00:00,13.72,74.44000244140625,,,,,13.5,74.48999786376953,419957111.0,25.05250948473514,,likely_spoofed
177,2025-12-04 00:56:43+00:00,13.5,74.61000061035156,,,,,13.5,74.48999786376953,419957111.0,12.97502699659902,,discrepant
178,2025-12-04 00:56:43+00:00,13.18,74.43000030517578,,,,,13.1,74.38999938964844,419957531.0,9.894101747235668,,discrepant
180,2025-12-04 00:56:43+00:00,13.35,74.63999938964844,,,,,13.35,74.69000244140625,419957303.0,5.409847088018061,,discrepant
181,2025-12-04 00:56:43+00:00,13.22,74.66999816894531,,,,,13.29,74.56999969482422,419950544.0,13.331354215864062,,discrepant
182,2025-12-04 00:56:43+00:00,12.78,74.80000305175781,,,,,12.79,74.79000091552734,419950685.0,1.553326293847418,,matched
183,2025-12-04 00:56:43+00:00,12.83,74.41000366210938,,,,,12.81,74.4000015258789,413572220.0,2.474227106429571,,matched
184,2025-12-04 00:56:43+00:00,13.73,74.54000091552734,,,,,13.5,74.48999786376953,419957111.0,26.13953826135739,,likely_spoofed
185,2025-12-04 00:56:43+00:00,12.37,74.45999908447266,,,,,12.43,74.51000213623047,419957245.0,8.602369853741493,,discrepant
186,2025-12-04 00:56:43+00:00,13.54,74.5,,,,,13.5,74.48999786376953,419957111.0,4.577369292071624,,discrepant
188,2025-12-04 00:56:43+00:00,13.68,74.36000061035156,,,,,13.5,74.48999786376953,419957111.0,24.454380844328675,,likely_spoofed
109,2025-12-04 00:56:43+00:00,13.73,74.41000366210938,,,,,13.5,74.48999786376953,419957111.0,26.996480152699345,,likely_spoofed
107,2025-12-04 00:56:43+00:00,12.56,74.58999633789062,,,,,12.59,74.61000061035156,636020930.0,3.9801043114429904,,discrepant
106,2025-12-04 00:56:43+00:00,12.36,74.41000366210938,,,,,12.36,74.33000183105469,210649000.0,8.689622495376696,,discrepant
28,2025-12-04 00:56:43+00:00,13.18,74.54000091552734,,,,,13.29,74.56999969482422,419950544.0,12.65513149105068,,discrepant
29,2025-12-04 00:56:43+00:00,12.42,74.38999938964844,,,,,12.36,74.33000183105469,210649000.0,9.325802883006524,,discrepant
30,2025-12-04 00:56:43+00:00,12.25,74.9800033569336,,,,,12.26,74.88999938964844,419950111.0,9.84295170879454,,discrepant
33,2025-12-04 00:56:43+00:00,12.98,74.77999877929688,,,,,12.94,74.81999969482422,419000274.0,6.210614727889441,,discrepant
35,2025-12-04 00:56:43+00:00,13.64,73.87999725341797,,,,,13.48,73.93000030517578,256657000.0,18.59414949428527,,discrepant
36,2025-12-04 00:56:43+00:00,13.59,74.5999984741211,,,,,13.5,74.48999786376953,419957111.0,15.542030505018664,,discrepant
37,2025-12-04 00:56:43+00:00,12.65,74.69000244140625,,,,,12.65,74.72000122070312,419951353.0,3.2547455642028327,,discrepant
38,2025-12-04 00:56:43+00:00,13.3,74.36000061035156,,,,,13.4,74.5,419950586.0,18.78995240580942,,discrepant
39,2025-12-04 00:56:43+00:00,12.77,74.47000122070312,,,,,12.73,74.41000366210938,419000174.0,7.881821227016784,,discrepant
40,2025-12-04 00:56:43+00:00,13.29,74.62000274658203,,,,,13.29,74.56999969482422,419950544.0,5.411188534191079,,discrepant
41,2025-12-04 00:56:43+00:00,12.99,74.54000091552734,,,,,12.98,74.54000091552734,419957042.0,1.1119508023352598,,matched
42,2025-12-04 00:56:43+00:00,13.41,73.87000274658203,,,,,13.48,73.93000030517578,256657000.0,10.133465804553072,,discrepant
43,2025-12-04 00:56:43+00:00,13.0,74.63999938964844,,,,,13.0,74.62999725341797,248550000.0,1.0836830254662901,,matched
44,2025-12-04 00:56:43+00:00,13.57,74.61000061035156,,,,,13.5,74.48999786376953,419957111.0,15.129017058336913,,discrepant
45,2025-12-04 00:56:43+00:00,13.24,74.5199966430664,,,,,13.3,74.55000305175781,419951326.0,7.420090608777717,,discrepant
46,2025-12-04 00:56:43+00:00,12.5,74.31999969482422,,,,,12.36,74.33000183105469,210649000.0,15.605153999680704,,discrepant
47,2025-12-04 00:56:43+00:00,12.31,74.61000061035156,,,,,12.32,74.62999725341797,563105700.0,2.4404101690545676,,matched
48,2025-12-04 00:56:43+00:00,12.6,74.83000183105469,,,,,12.65,74.7300033569336,419957307.0,12.191963425900221,,discrepant
49,2025-12-04 00:56:43+00:00,12.94,74.30000305175781,,,,,12.97,74.37000274658203,538009436.0,8.286599534397036,,discrepant
50,2025-12-04 00:56:43+00:00,13.36,74.54000091552734,,,,,13.31,74.55999755859375,419950286.0,5.965897563060596,,discrepant
51,2025-12-04 00:56:43+00:00,13.38,74.41999816894531,,,,,13.4,74.5,419950586.0,8.935170058701505,,discrepant
27,2025-12-04 00:56:43+00:00,12.41,74.43000030517578,,,,,12.44,74.5,419950496.0,8.301080486407788,,discrepant
52,2025-12-04 00:56:43+00:00,12.95,74.69000244140625,,,,,12.95,74.68000030517578,649555000.0,1.0839009429681736,,matched
26,2025-12-04 00:56:43+00:00,13.55,74.5,,,,,13.5,74.48999786376953,419957111.0,5.663936069931865,,discrepant
23,2025-12-04 00:56:43+00:00,13.04,74.7300033569336,,,,,13.04,74.69000244140625,419950351.0,4.333205910324189,,discrepant
1,2025-12-04 00:56:43+00:00,13.61,74.41000366210938,,,,,13.5,74.48999786376953,419957111.0,14.979404339027447,,discrepant
3,2025-12-04 00:56:43+00:00,13.31,74.47000122070312,,,,,13.3,74.55000305175781,419951326.0,8.728155685665257,,discrepant
4,2025-12-04 00:56:43+00:00,13.44,74.44000244140625,,,,,13.4,74.5,419950586.0,7.867246520308039,,discrepant
5,2025-12-04 00:56:43+00:00,13.05,74.38999938964844,,,,,13.1,74.38999938964844,419957531.0,5.5597540116764765,,discrepant
6,2025-12-04 00:56:43+00:00,12.23,75.01000213623047,,,,,12.17,74.91999816894531,419957171.0,11.840553275067208,,discrepant
7,2025-12-04 00:56:43+00:00,13.45,74.5,,,,,13.4,74.5,419950586.0,5.559754011676653,,discrepant
8,2025-12-04 00:56:43+00:00,13.02,74.54000091552734,,,,,12.98,74.54000091552734,419957042.0,4.447803209341216,,discrepant
9,2025-12-04 00:56:43+00:00,13.48,74.45999908447266,,,,,13.5,74.48999786376953,419957111.0,3.9328411821219116,,discrepant
10,2025-12-04 00:56:43+00:00,13.47,74.61000061035156,,,,,13.5,74.48999786376953,419957111.0,13.39777533996935,,discrepant
11,2025-12-04 00:56:43+00:00,13.74,74.41999816894531,,,,,13.5,74.48999786376953,419957111.0,27.73826733572077,,likely_spoofed
12,2025-12-04 00:56:43+00:00,12.42,74.55999755859375,,,,,12.43,74.51000213623047,419957245.0,5.541741585831598,,discrepant
13,2025-12-04 00:56:43+00:00,12.89,74.25,,,,,12.97,74.37000274658203,538009436.0,15.756634544948433,,discrepant
14,2025-12-04 00:56:43+00:00,12.27,74.73999786376953,,,,,12.32,74.62999725341797,563105700.0,13.180930448984938,,discrepant
15,2025-12-04 00:56:43+00:00,12.94,74.7699966430664,,,,,12.92,74.76000213623047,419017300.0,2.4736564370378034,,matched
16,2025-12-04 00:56:43+00:00,12.06,75.08999633789062,,,,,12.01,75.01000213623047,419956037.0,10.324309177090997,,discrepant
17,2025-12-04 00:56:43+00:00,13.79,74.45999908447266,,,,,13.5,74.48999786376953,419957111.0,32.40909183767461,,likely_spoofed
18,2025-12-04 00:56:43+00:00,12.41,74.3499984741211,,,,,12.36,74.33000183105469,210649000.0,5.968878244106912,,discrepant
19,2025-12-04 00:56:43+00:00,13.44,74.5999984741211,,,,,13.4,74.5,419950586.0,11.694564174674843,,discrepant
20,2025-12-04 00:56:43+00:00,12.32,74.48999786376953,,,,,12.43,74.51000213623047,419957245.0,12.422929927765976,,discrepant
21,2025-12-04 00:56:43+00:00,12.5,74.37000274658203,,,,,12.44,74.5,419950496.0,15.61146987425519,,discrepant
22,2025-12-04 00:56:43+00:00,12.83,74.80999755859375,,,,,12.85,74.80999755859375,419950386.0,2.2239016046706968,,matched
25,2025-12-04 00:56:43+00:00,13.49,74.58999633789062,,,,,13.5,74.48999786376953,419957111.0,10.869363184631778,,discrepant
214,2025-12-04 00:56:43+00:00,13.41,74.62999725341797,,,,,13.35,74.69000244140625,419957303.0,9.308436006360763,,discrepant
53,2025-12-04 00:56:43+00:00,13.72,74.25,,,,,13.5,74.48999786376953,419957111.0,35.653509640857415,,likely_spoofed
55,2025-12-04 00:56:43+00:00,12.66,74.4800033569336,,,,,12.73,74.41000366210938,419000174.0,10.874011019539617,,discrepant
84,2025-12-04 00:56:43+00:00,12.76,74.7699966430664,,,,,12.75,74.79000091552734,419951413.0,2.437848127133962,,matched
85,2025-12-04 00:56:43+00:00,12.88,74.58999633789062,,,,,12.88,74.62000274658203,419950494.0,3.2526139204533964,,discrepant
86,2025-12-04 00:56:43+00:00,13.27,74.58999633789062,,,,,13.29,74.56999969482422,419950544.0,3.1030523465209052,,discrepant
88,2025-12-04 00:56:43+00:00,12.99,74.55000305175781,,,,,12.98,74.54000091552734,419957042.0,1.5527219220616937,,matched
89,2025-12-04 00:56:43+00:00,12.53,74.37000274658203,,,,,12.44,74.5,419950496.0,17.30128441902604,,discrepant
90,2025-12-04 00:56:43+00:00,13.0,74.23999786376953,,,,,12.97,74.37000274658203,538009436.0,14.475854068780437,,discrepant
91,2025-12-04 00:56:43+00:00,13.46,74.62000274658203,,,,,13.35,74.69000244140625,419957303.0,14.385308990146841,,discrepant
92,2025-12-04 00:56:43+00:00,12.73,74.73999786376953,,,,,12.75,74.79000091552734,419951413.0,5.86147828473941,,discrepant
93,2025-12-04 00:56:43+00:00,12.78,74.62000274658203,,,,,12.8,74.6500015258789,419950731.0,3.940485720968075,,discrepant
94,2025-12-04 00:56:43+00:00,13.42,74.62000274658203,,,,,13.35,74.69000244140625,419957303.0,10.859252674767728,,discrepant
95,2025-12-04 00:56:43+00:00,12.28,74.73999786376953,,,,,12.37,74.80999755859375,419957243.0,12.568829883023117,,discrepant
96,2025-12-04 00:56:43+00:00,13.53,74.61000061035156,,,,,13.5,74.48999786376953,419957111.0,13.396195686001898,,discrepant
97,2025-12-04 00:56:43+00:00,13.5,74.27999877929688,,,,,13.37,74.12999725341797,636024939.0,21.728841026973072,,likely_spoofed
98,2025-12-04 00:56:43+00:00,13.71,74.33999633789062,,,,,13.5,74.48999786376953,419957111.0,28.426699923907577,,likely_spoofed
99,2025-12-04 00:56:43+00:00,12.79,74.7699966430664,,,,,12.79,74.79000091552734,419950685.0,2.1691854620342665,,matched
100,2025-12-04 00:56:43+00:00,12.03,74.7699966430664,,,,,12.06,74.8499984741211,538006175.0,9.317575402364534,,discrepant
101,2025-12-04 00:56:43+00:00,13.47,74.56999969482422,,,,,13.5,74.48999786376953,419957111.0,9.271468181022902,,discrepant
102,2025-12-04 00:56:43+00:00,13.55,74.38999938964844,,,,,13.5,74.48999786376953,419957111.0,12.156811562994879,,discrepant
103,2025-12-04 00:56:43+00:00,12.9,74.7699966430664,,,,,12.9,74.7699966430664,419322000.0,0.0,,matched
104,2025-12-04 00:56:43+00:00,13.74,74.47000122070312,,,,,13.5,74.48999786376953,419957111.0,26.7741710563792,,likely_spoofed
105,2025-12-04 00:56:43+00:00,12.87,74.6500015258789,,,,,12.9,74.6500015258789,419000533.0,3.3358524070061333,,discrepant
83,2025-12-04 00:56:43+00:00,12.64,74.41999816894531,,,,,12.73,74.41000366210938,419000174.0,10.066117537783605,,discrepant
54,2025-12-04 00:56:43+00:00,13.46,74.58000183105469,,,,,13.5,74.48999786376953,419957111.0,10.700488112151262,,discrepant
82,2025-12-04 00:56:43+00:00,13.16,74.55999755859375,,,,,13.29,74.56999969482422,419950544.0,14.495849990801917,,discrepant
79,2025-12-04 00:56:43+00:00,13.78,74.3499984741211,,,,,13.5,74.48999786376953,419957111.0,34.61540747140368,,likely_spoofed
56,2025-12-04 00:56:43+00:00,13.3,74.62999725341797,,,,,13.29,74.56999969482422,419950544.0,6.587161990385452,,discrepant
57,2025-12-04 00:56:43+00:00,13.2,74.62000274658203,,,,,13.29,74.56999969482422,419950544.0,11.377302094453889,,discrepant
60,2025-12-04 00:56:43+00:00,13.69,73.93000030517578,,,,,13.48,73.93000030517578,256657000.0,23.350966849041694,,likely_spoofed
61,2025-12-04 00:56:43+00:00,12.88,74.5999984741211,,,,,12.88,74.62000274658203,419950494.0,2.1684092809863316,,matched
62,2025-12-04 00:56:43+00:00,13.26,74.51000213623047,,,,,13.3,74.55000305175781,419951326.0,6.206680484382254,,discrepant
63,2025-12-04 00:56:43+00:00,13.52,74.48999786376953,,,,,13.5,74.48999786376953,419957111.0,2.2239016046706968,,matched
64,2025-12-04 00:56:43+00:00,13.46,74.5,,,,,13.5,74.48999786376953,419957111.0,4.577412116622961,,discrepant
65,2025-12-04 00:56:43+00:00,13.47,74.55999755859375,,,,,13.5,74.48999786376953,419957111.0,8.271529530850069,,discrepant
66,2025-12-04 00:56:43+00:00,12.86,74.44000244140625,,,,,12.81,74.4000015258789,413572220.0,7.05112955395428,,discrepant
67,2025-12-04 00:56:43+00:00,12.57,74.52999877929688,,,,,12.59,74.61000061035156,636020930.0,8.962541452221298,,discrepant
68,2025-12-04 00:56:43+00:00,13.27,74.44999694824219,,,,,13.3,74.55000305175781,419951326.0,11.325042165826856,,discrepant
69,2025-12-04 00:56:43+00:00,13.11,74.55000305175781,,,,,13.0,74.58000183105469,419908664.0,12.655743194181008,,discrepant
70,2025-12-04 00:56:43+00:00,12.28,74.51000213623047,,,,,12.32,74.62999725341797,563105700.0,13.7744543031372,,discrepant
71,2025-12-04 00:56:43+00:00,13.16,74.44000244140625,,,,,13.1,74.38999938964844,419957531.0,8.592497636800955,,discrepant
72,2025-12-04 00:56:43+00:00,12.02,74.56999969482422,,,,,12.03,74.58999633789062,419950332.0,2.4425223639996942,,matched
73,2025-12-04 00:56:43+00:00,12.08,74.75,,,,,12.15,74.80000305175781,419122282.0,9.494115101084805,,discrepant
74,2025-12-04 00:56:43+00:00,13.27,74.66999816894531,,,,,13.35,74.69000244140625,419957303.0,9.155185575210838,,discrepant
75,2025-12-04 00:56:43+00:00,12.32,74.56999969482422,,,,,12.32,74.62999725341797,563105700.0,6.5177979122555625,,discrepant
76,2025-12-04 00:56:43+00:00,13.54,74.5999984741211,,,,,13.5,74.48999786376953,419957111.0,12.697093913502574,,discrepant
77,2025-12-04 00:56:43+00:00,13.76,74.5,,,,,13.5,74.48999786376953,419957111.0,28.930918598613967,,likely_spoofed
78,2025-12-04 00:56:43+00:00,12.73,74.83999633789062,,,,,12.75,74.79000091552734,419951413.0,5.860712698323293,,discrepant
80,2025-12-04 00:56:43+00:00,13.69,73.8499984741211,,,,,13.48,73.93000030517578,256657000.0,24.900540418044738,,likely_spoofed
215,2025-12-04 00:56:43+00:00,13.25,74.51000213623047,,,,,13.3,74.55000305175781,419951326.0,7.046386680119259,,discrepant
193,2025-12-04 00:56:43+00:00,12.55,74.36000061035156,,,,,12.44,74.5,419950496.0,19.509071182223906,,discrepant
305,2025-12-04 00:56:43+00:00,12.34,74.55999755859375,,,,,12.32,74.62999725341797,563105700.0,7.922615027056299,,discrepant
321,2025-12-04 00:56:43+00:00,13.57,73.8499984741211,,,,,13.48,73.93000030517578,256657000.0,13.227180585799086,,discrepant
322,2025-12-04 00:56:43+00:00,13.8,74.16999816894531,,,,,13.44,74.08000183105469,352002959.0,41.19476700383216,,likely_spoofed
323,2025-12-04 00:56:43+00:00,13.37,73.87000274658203,,,,,13.48,73.93000030517578,256657000.0,13.846206423698575,,discrepant
324,2025-12-04 00:56:43+00:00,13.01,74.62000274658203,,,,,13.0,74.62999725341797,248550000.0,1.5520841948438724,,matched
325,2025-12-04 00:56:43+00:00,12.37,74.33999633789062,,,,,12.36,74.33000183105469,210649000.0,1.5539872140115083,,matched
326,2025-12-04 00:56:43+00:00,13.53,74.47000122070312,,,,,13.5,74.48999786376953,419957111.0,3.975168590792362,,discrepant
327,2025-12-04 00:56:43+00:00,13.31,74.58000183105469,,,,,13.31,74.55999755859375,419950286.0,2.1646270462810113,,matched
328,2025-12-04 00:56:43+00:00,13.74,74.52999877929688,,,,,13.5,74.48999786376953,419957111.0,27.034664868968576,,likely_spoofed
329,2025-12-04 00:56:43+00:00,12.74,74.47000122070312,,,,,12.73,74.41000366210938,419000174.0,6.601636353886231,,discrepant
330,2025-12-04 00:56:43+00:00,13.48,74.55000305175781,,,,,13.5,74.48999786376953,419957111.0,6.858749740085511,,discrepant
331,2025-12-04 00:56:43+00:00,12.89,74.5999984741211,,,,,12.88,74.62000274658203,419950494.0,2.436851594913872,,matched
332,2025-12-04 00:56:43+00:00,12.63,74.44999694824219,,,,,12.73,74.41000366210938,419000174.0,11.935949446728461,,discrepant
333,2025-12-04 00:56:43+00:00,13.45,74.61000061035156,,,,,13.4,74.5,419950586.0,13.132269698621135,,discrepant
334,2025-12-04 00:56:43+00:00,13.68,74.52999877929688,,,,,13.5,74.48999786376953,419957111.0,20.476726773661394,,likely_spoofed
335,2025-12-04 00:56:43+00:00,12.74,74.62999725341797,,,,,12.74,74.58999633789062,419950613.0,4.338401253650357,,discrepant
336,2025-12-04 00:56:43+00:00,13.53,74.45999908447266,,,,,13.5,74.48999786376953,419957111.0,4.6526560164133395,,discrepant
338,2025-12-04 00:56:43+00:00,13.72,74.58999633789062,,,,,13.5,74.48999786376953,419957111.0,26.743741800543727,,likely_spoofed
339,2025-12-04 00:56:43+00:00,13.38,74.47000122070312,,,,,13.4,74.5,419950586.0,3.9339573111937325,,discrepant
340,2025-12-04 00:56:43+00:00,13.4,74.62999725341797,,,,,13.35,74.69000244140625,419957303.0,8.54680939075424,,discrepant
341,2025-12-04 00:56:43+00:00,12.19,75.06999969482422,,,,,12.14,74.93000030517578,419957255.0,16.20149875299566,,discrepant
342,2025-12-04 00:56:43+00:00,12.87,74.80999755859375,,,,,12.86,74.80000305175781,419957166.0,1.5525083356336689,,matched
343,2025-12-04 00:56:43+00:00,13.53,74.62999725341797,,,,,13.5,74.48999786376953,419957111.0,15.499401874069793,,discrepant
344,2025-12-04 00:56:43+00:00,13.07,74.70999908447266,,,,,13.04,74.69000244140625,419950351.0,3.9774011265295712,,discrepant
320,2025-12-04 00:56:43+00:00,12.54,74.33000183105469,,,,,12.36,74.33000183105469,210649000.0,20.015114442035916,,discrepant
345,2025-12-04 00:56:43+00:00,12.84,74.80999755859375,,,,,12.85,74.80999755859375,419950386.0,1.1119508023354367,,matched
319,2025-12-04 00:56:43+00:00,13.5,74.52999877929688,,,,,13.5,74.48999786376953,419957111.0,4.3250090371603696,,discrepant
317,2025-12-04 00:56:43+00:00,12.46,74.72000122070312,,,,,12.5,74.62000274658203,419909179.0,11.732383385900448,,discrepant
293,2025-12-04 00:56:43+00:00,13.15,74.37000274658203,,,,,13.1,74.38999938964844,419957531.0,5.966574221430672,,discrepant
294,2025-12-04 00:56:43+00:00,13.77,74.37000274658203,,,,,13.5,74.48999786376953,419957111.0,32.703196301491865,,likely_spoofed
295,2025-12-04 00:56:43+00:00,13.57,74.37999725341797,,,,,13.5,74.48999786376953,419957111.0,14.212695239392598,,discrepant
296,2025-12-04 00:56:43+00:00,12.36,74.58000183105469,,,,,12.32,74.62999725341797,563105700.0,7.019730996305336,,discrepant
297,2025-12-04 00:56:43+00:00,13.6,74.44000244140625,,,,,13.5,74.48999786376953,419957111.0,12.363339231993022,,discrepant
298,2025-12-04 00:56:43+00:00,12.9,74.58999633789062,,,,,12.92,74.62000274658203,419951496.0,3.9398857179507036,,discrepant
299,2025-12-04 00:56:43+00:00,13.27,73.94999694824219,,,,,13.37,74.12999725341797,636024939.0,22.427340551167493,,likely_spoofed
300,2025-12-04 00:56:43+00:00,13.52,74.5199966430664,,,,,13.5,74.48999786376953,419957111.0,3.9326169961564075,,discrepant
301,2025-12-04 00:56:43+00:00,13.64,74.44999694824219,,,,,13.5,74.48999786376953,419957111.0,16.15660458642545,,discrepant
302,2025-12-04 00:56:43+00:00,13.47,74.5199966430664,,,,,13.5,74.48999786376953,419957111.0,4.652940252686698,,discrepant
303,2025-12-04 00:56:43+00:00,13.31,74.55000305175781,,,,,13.31,74.55999755859375,419950286.0,1.0814879600317555,,matched
304,2025-12-04 00:56:43+00:00,13.77,73.87999725341797,,,,,13.48,73.93000030517578,256657000.0,32.69618562947109,,likely_spoofed
216,2025-12-04 00:56:43+00:00,12.55,74.31999969482422,,,,,12.36,74.33000183105469,210649000.0,21.15495947751728,,likely_spoofed
306,2025-12-04 00:56:43+00:00,13.18,74.52999877929688,,,,,13.29,74.56999969482422,419950544.0,12.9751857473735,,discrepant
307,2025-12-04 00:56:43+00:00,12.45,74.55999755859375,,,,,12.43,74.51000213623047,419957245.0,5.8665834354753015,,discrepant
308,2025-12-04 00:56:43+00:00,13.0,74.54000091552734,,,,,12.98,74.54000091552734,419957042.0,2.2239016046706968,,matched
309,2025-12-04 00:56:43+00:00,13.39,74.62000274658203,,,,,13.35,74.69000244140625,419957303.0,8.782264695510094,,discrepant
310,2025-12-04 00:56:43+00:00,13.04,74.5199966430664,,,,,12.98,74.54000091552734,419957042.0,7.0148942634704445,,discrepant
311,2025-12-04 00:56:43+00:00,13.73,74.51000213623047,,,,,13.5,74.48999786376953,419957111.0,25.66607824683479,,likely_spoofed
312,2025-12-04 00:56:43+00:00,13.59,74.58000183105469,,,,,13.5,74.48999786376953,419957111.0,13.957687683063986,,discrepant
313,2025-12-04 00:56:43+00:00,13.39,74.41999816894531,,,,,13.4,74.5,419950586.0,8.724955518320673,,discrepant
314,2025-12-04 00:56:43+00:00,13.49,74.62000274658203,,,,,13.5,74.48999786376953,419957111.0,14.100691291986728,,discrepant
315,2025-12-04 00:56:43+00:00,13.23,74.05000305175781,,,,,13.37,74.12999725341797,636024939.0,17.812192493665044,,discrepant
318,2025-12-04 00:56:43+00:00,12.4,74.52999877929688,,,,,12.43,74.51000213623047,419957245.0,3.9803854690243994,,discrepant
292,2025-12-04 00:56:43+00:00,13.02,74.4000015258789,,,,,12.97,74.37000274658203,538009436.0,6.4401269836005,,discrepant
346,2025-12-04 00:56:43+00:00,13.6,74.55000305175781,,,,,13.5,74.48999786376953,419957111.0,12.873187717606113,,discrepant
348,2025-12-04 00:56:43+00:00,13.2,73.97000122070312,,,,,12.99,73.9000015258789,636024071.0,24.550812392257022,,likely_spoofed
376,2025-12-04 00:56:43+00:00,12.31,74.48999786376953,,,,,12.43,74.51000213623047,419957245.0,13.519148046638838,,discrepant
377,2025-12-04 00:56:43+00:00,12.72,74.70999908447266,,,,,12.65,74.72000122070312,419951353.0,7.858919199849428,,discrepant
378,2025-12-04 00:56:43+00:00,13.02,74.26000213623047,,,,,12.97,74.37000274658203,538009436.0,13.15127734569186,,discrepant
379,2025-12-04 00:56:43+00:00,13.38,74.45999908447266,,,,,13.4,74.5,419950586.0,4.86504058331178,,discrepant
380,2025-12-04 00:56:43+00:00,13.6,74.62000274658203,,,,,13.5,74.48999786376953,419957111.0,17.92052593930317,,discrepant
381,2025-12-04 00:56:43+00:00,12.69,74.69000244140625,,,,,12.65,74.72000122070312,419951353.0,5.511321118666471,,discrepant
382,2025-12-04 00:56:43+00:00,13.46,74.51000213623047,,,,,13.5,74.48999786376953,419957111.0,4.945901997878407,,discrepant
383,2025-12-04 00:56:43+00:00,13.25,73.86000061035156,,,,,13.48,73.93000030517578,256657000.0,26.672484086295487,,likely_spoofed
384,2025-12-04 00:56:43+00:00,12.81,74.58999633789062,,,,,12.8,74.6500015258789,419950731.0,6.600675917534926,,discrepant
385,2025-12-04 00:56:43+00:00,12.99,74.1500015258789,,,,,12.97,74.37000274658203,538009436.0,23.941497248457665,,likely_spoofed
386,2025-12-04 00:56:43+00:00,13.18,74.3499984741211,,,,,13.1,74.38999938964844,419957531.0,9.894101747235668,,discrepant
387,2025-12-04 00:56:43+00:00,13.55,74.51000213623047,,,,,13.5,74.48999786376953,419957111.0,5.965575680861657,,discrepant
388,2025-12-04 00:56:43+00:00,13.57,74.52999877929688,,,,,13.5,74.48999786376953,419957111.0,8.90424067620543,,discrepant
389,2025-12-04 00:56:43+00:00,13.35,74.4000015258789,,,,,13.4,74.5,419950586.0,12.162833342664124,,discrepant
390,2025-12-04 00:56:43+00:00,12.62,74.5,,,,,12.59,74.61000061035156,636020930.0,12.394077888886162,,discrepant
391,2025-12-04 00:56:43+00:00,13.46,74.5199966430664,,,,,13.5,74.48999786376953,419957111.0,5.505028173072917,,discrepant
392,2025-12-04 00:56:43+00:00,13.02,74.52999877929688,,,,,12.98,74.54000091552734,419957042.0,4.577916800618501,,discrepant
393,2025-12-04 00:56:43+00:00,12.14,74.5,,,,,12.06,74.58000183105469,419951431.0,12.441464083238506,,discrepant
394,2025-12-04 00:56:43+00:00,12.23,74.6500015258789,,,,,12.32,74.62999725341797,563105700.0,10.240869433961882,,discrepant
395,2025-12-04 00:56:43+00:00,12.27,74.5999984741211,,,,,12.32,74.62999725341797,563105700.0,6.444634091120574,,discrepant
396,2025-12-04 00:56:43+00:00,13.71,74.48999786376953,,,,,13.5,74.48999786376953,419957111.0,23.35096684904205,,likely_spoofed
397,2025-12-04 00:56:43+00:00,13.33,74.51000213623047,,,,,13.3,74.55000305175781,419951326.0,5.464652831501046,,discrepant
398,2025-12-04 00:56:43+00:00,13.69,74.37000274658203,,,,,13.5,74.48999786376953,419957111.0,24.79008220648315,,likely_spoofed
375,2025-12-04 00:56:43+00:00,12.5,74.79000091552734,,,,,12.37,74.80999755859375,419957243.0,14.617533133773605,,discrepant
347,2025-12-04 00:56:43+00:00,13.41,74.5,,,,,13.4,74.5,419950586.0,1.1119508023354367,,matched
374,2025-12-04 00:56:43+00:00,13.71,74.4000015258789,,,,,13.5,74.48999786376953,419957111.0,25.295641765847723,,likely_spoofed
372,2025-12-04 00:56:43+00:00,13.24,74.69999694824219,,,,,13.35,74.69000244140625,419957303.0,12.279183425513184,,discrepant
349,2025-12-04 00:56:43+00:00,13.62,74.48999786376953,,,,,13.5,74.48999786376953,419957111.0,13.343409628023826,,discrepant
350,2025-12-04 00:56:43+00:00,13.54,74.48999786376953,,,,,13.5,74.48999786376953,419957111.0,4.447803209341216,,discrepant
351,2025-12-04 00:56:43+00:00,12.05,74.55000305175781,,,,,12.06,74.58000183105469,419951431.0,3.4464614284310513,,discrepant
352,2025-12-04 00:56:43+00:00,13.06,74.08999633789062,,,,,12.99,73.9000015258789,636024071.0,22.00551578981516,,likely_spoofed
353,2025-12-04 00:56:43+00:00,13.45,74.44000244140625,,,,,13.5,74.48999786376953,419957111.0,7.754866298765487,,discrepant
354,2025-12-04 00:56:43+00:00,12.71,74.69999694824219,,,,,12.7,74.63999938964844,419951335.0,6.602394512342074,,discrepant
355,2025-12-04 00:56:43+00:00,13.47,74.4800033569336,,,,,13.5,74.48999786376953,419957111.0,3.5065405882180847,,discrepant
356,2025-12-04 00:56:43+00:00,12.99,74.58999633789062,,,,,13.0,74.58000183105469,419908664.0,1.5521146361781912,,matched
357,2025-12-04 00:56:43+00:00,13.44,74.19000244140625,,,,,13.37,74.12999725341797,636024939.0,10.134686725527407,,discrepant
358,2025-12-04 00:56:43+00:00,13.74,74.41999816894531,,,,,13.5,74.48999786376953,419957111.0,27.73826733572077,,likely_spoofed
359,2025-12-04 00:56:43+00:00,12.04,74.69000244140625,,,,,12.02,74.63999938964844,538004202.0,5.875153532616087,,discrepant
360,2025-12-04 00:56:43+00:00,12.27,74.58999633789062,,,,,12.32,74.62999725341797,563105700.0,7.056742223255906,,discrepant
361,2025-12-04 00:56:43+00:00,13.05,74.13999938964844,,,,,12.97,74.37000274658203,538009436.0,26.458940428915486,,likely_spoofed
362,2025-12-04 00:56:43+00:00,12.33,74.66999816894531,,,,,12.32,74.62999725341797,563105700.0,4.485405954631327,,discrepant
363,2025-12-04 00:56:43+00:00,13.61,74.16000366210938,,,,,13.44,74.08000183105469,352002959.0,20.787896814063565,,likely_spoofed
364,2025-12-04 00:56:43+00:00,13.04,74.41000366210938,,,,,13.1,74.38999938964844,419957531.0,7.014731902276729,,discrepant
365,2025-12-04 00:56:43+00:00,13.8,74.54000091552734,,,,,13.5,74.48999786376953,419957111.0,33.793253892573695,,likely_spoofed
366,2025-12-04 00:56:43+00:00,12.65,74.48999786376953,,,,,12.73,74.41000366210938,419000174.0,12.427147325430562,,discrepant
367,2025-12-04 00:56:43+00:00,12.49,74.4000015258789,,,,,12.44,74.5,419950496.0,12.19796620702612,,discrepant
368,2025-12-04 00:56:43+00:00,12.82,74.66999816894531,,,,,12.8,74.6500015258789,419950731.0,3.1059249355911533,,discrepant
369,2025-12-04 00:56:43+00:00,13.18,74.45999908447266,,,,,13.1,74.38999938964844,419957531.0,11.68698333592546,,discrepant
370,2025-12-04 00:56:43+00:00,13.5,74.5999984741211,,,,,13.5,74.48999786376953,419957111.0,11.89356853802858,,discrepant
371,2025-12-04 00:56:43+00:00,13.29,74.58000183105469,,,,,13.29,74.56999969482422,419950544.0,1.0824028348709518,,matched
373,2025-12-04 00:56:43+00:00,12.32,74.45999908447266,,,,,12.43,74.51000213623047,419957245.0,13.382950062177011,,discrepant
291,2025-12-04 00:56:43+00:00,13.25,74.63999938964844,,,,,13.29,74.56999969482422,419950544.0,8.784963595375089,,discrepant
855,2025-12-04 00:56:43+00:00,13.05,74.52999877929688,,,,,13.0,74.58000183105469,419908664.0,7.762422900202786,,discrepant
249,2025-12-04 00:56:43+00:00,12.27,74.55000305175781,,,,,12.32,74.62999725341797,563105700.0,10.317143033162317,,discrepant
236,2025-12-04 00:56:43+00:00,12.63,74.30999755859375,,,,,12.73,74.41000366210938,419000174.0,15.535242761334247,,discrepant
260,2025-12-04 00:56:43+00:00,12.04,74.97000122070312,,,,,12.01,75.01000213623047,419956037.0,5.482066488292247,,discrepant
235,2025-12-04 00:56:43+00:00,13.1,74.4000015258789,,,,,13.1,74.38999938964844,419957531.0,1.0832447148138042,,matched
261,2025-12-04 00:56:43+00:00,13.75,74.31999969482422,,,,,13.5,74.48999786376953,419957111.0,33.32063277406461,,likely_spoofed
262,2025-12-04 00:56:43+00:00,13.39,74.5999984741211,,,,,13.31,74.55999755859375,419950286.0,9.892467146316491,,discrepant
263,2025-12-04 00:56:43+00:00,12.37,74.56999969482422,,,,,12.32,74.62999725341797,563105700.0,8.566472254803298,,discrepant
259,2025-12-04 00:56:43+00:00,13.68,74.55999755859375,,,,,13.5,74.48999786376953,419957111.0,21.39730139583439,,likely_spoofed
234,2025-12-04 00:56:43+00:00,13.44,74.41000366210938,,,,,13.4,74.5,419950586.0,10.701954739962487,,discrepant
265,2025-12-04 00:56:43+00:00,12.38,74.62000274658203,,,,,12.32,74.62999725341797,563105700.0,6.759454258372838,,discrepant
233,2025-12-04 00:56:43+00:00,13.77,74.47000122070312,,,,,13.5,74.48999786376953,419957111.0,30.100334427558735,,likely_spoofed
267,2025-12-04 00:56:43+00:00,13.48,74.62999725341797,,,,,13.5,74.48999786376953,419957111.0,15.300238635240857,,discrepant
268,2025-12-04 00:56:43+00:00,13.47,74.56999969482422,,,,,13.5,74.48999786376953,419957111.0,9.271468181022902,,discrepant
231,2025-12-04 00:56:43+00:00,12.58,74.37000274658203,,,,,12.73,74.41000366210938,419000174.0,17.234618707457518,,discrepant
246,2025-12-04 00:56:43+00:00,13.02,74.4800033569336,,,,,12.98,74.54000091552734,419957042.0,7.876467202113901,,discrepant
264,2025-12-04 00:56:43+00:00,13.31,74.44000244140625,,,,,13.4,74.5,419950586.0,11.928308941559765,,discrepant
238,2025-12-04 00:56:43+00:00,12.83,74.30000305175781,,,,,12.81,74.4000015258789,413572220.0,11.067884234267067,,discrepant
258,2025-12-04 00:56:43+00:00,12.85,74.58999633789062,,,,,12.88,74.62000274658203,419950494.0,4.659256838795439,,discrepant
239,2025-12-04 00:56:43+00:00,13.32,74.58000183105469,,,,,13.31,74.55999755859375,419950286.0,2.433485426271668,,matched
247,2025-12-04 00:56:43+00:00,12.27,74.4800033569336,,,,,12.27,74.33999633789062,419181024.0,15.21246936027762,,discrepant
244,2025-12-04 00:56:43+00:00,13.39,74.61000061035156,,,,,13.35,74.69000244140625,419957303.0,9.730720114289376,,discrepant
243,2025-12-04 00:56:43+00:00,13.32,74.37999725341797,,,,,13.4,74.5,419950586.0,15.737842187619636,,discrepant
242,2025-12-04 00:56:43+00:00,13.71,74.51000213623047,,,,,13.5,74.48999786376953,419957111.0,23.450836342497684,,likely_spoofed
241,2025-12-04 00:56:43+00:00,13.41,74.5999984741211,,,,,13.4,74.5,419950586.0,10.873404463134655,,discrepant
248,2025-12-04 00:56:43+00:00,13.35,74.62000274658203,,,,,13.35,74.69000244140625,419957303.0,7.573290654862795,,discrepant
290,2025-12-04 00:56:43+00:00,12.96,74.4800033569336,,,,,12.98,74.54000091552734,419957042.0,6.871079028958057,,discrepant
250,2025-12-04 00:56:43+00:00,13.43,74.56999969482422,,,,,13.4,74.5,419950586.0,8.273553601966237,,discrepant
240,2025-12-04 00:56:43+00:00,12.07,74.58000183105469,,,,,12.06,74.58000183105469,419951431.0,1.1119508023352598,,matched
252,2025-12-04 00:56:43+00:00,13.74,73.8499984741211,,,,,13.48,73.93000030517578,256657000.0,30.17587128694172,,likely_spoofed
253,2025-12-04 00:56:43+00:00,12.33,74.51000213623047,,,,,12.43,74.51000213623047,419957245.0,11.119508023353307,,discrepant
254,2025-12-04 00:56:43+00:00,12.33,74.45999908447266,,,,,12.43,74.51000213623047,419957245.0,12.37485750074241,,discrepant
255,2025-12-04 00:56:43+00:00,13.28,74.44000244140625,,,,,13.3,74.55000305175781,419951326.0,12.109907601067253,,discrepant
256,2025-12-04 00:56:43+00:00,13.64,74.18000030517578,,,,,13.44,74.08000183105469,352002959.0,24.727235571227467,,likely_spoofed
257,2025-12-04 00:56:43+00:00,13.25,74.69000244140625,,,,,13.35,74.69000244140625,419957303.0,11.119508023353307,,discrepant
269,2025-12-04 00:56:43+00:00,13.45,74.29000091552734,,,,,13.37,74.12999725341797,636024939.0,19.458880635776193,,discrepant
270,2025-12-04 00:56:43+00:00,13.62,74.55999755859375,,,,,13.5,74.48999786376953,419957111.0,15.339517190324589,,discrepant
245,2025-12-04 00:56:43+00:00,12.02,74.7300033569336,,,,,12.02,74.63999938964844,538004202.0,9.788572618288317,,discrepant
225,2025-12-04 00:56:43+00:00,12.14,74.30999755859375,,,,,12.27,74.33999633789062,419181024.0,14.8184726862454,,discrepant
284,2025-12-04 00:56:43+00:00,12.36,74.5,,,,,12.43,74.51000213623047,419957245.0,7.859088041314679,,discrepant
285,2025-12-04 00:56:43+00:00,13.6,73.93000030517578,,,,,13.48,73.93000030517578,256657000.0,13.343409628023826,,discrepant
220,2025-12-04 00:56:43+00:00,13.18,74.55000305175781,,,,,13.29,74.56999969482422,419950544.0,12.421493969208692,,discrepant
221,2025-12-04 00:56:43+00:00,13.78,74.4000015258789,,,,,13.5,74.48999786376953,419957111.0,32.61806943204478,,likely_spoofed
282,2025-12-04 00:56:43+00:00,13.22,74.66000366210938,,,,,13.29,74.56999969482422,419950544.0,12.469150799827853,,discrepant
222,2025-12-04 00:56:43+00:00,13.62,74.41000366210938,,,,,13.5,74.48999786376953,419957111.0,15.900232632773674,,discrepant
280,2025-12-04 00:56:43+00:00,13.36,74.62000274658203,,,,,13.35,74.69000244140625,419957303.0,7.654331439744246,,discrepant
218,2025-12-04 00:56:43+00:00,13.49,74.58999633789062,,,,,13.5,74.48999786376953,419957111.0,10.869363184631778,,discrepant
217,2025-12-04 00:56:43+00:00,13.15,74.69999694824219,,,,,13.04,74.69000244140625,419950351.0,12.279261453582896,,discrepant
278,2025-12-04 00:56:43+00:00,12.15,74.48999786376953,,,,,12.06,74.58000183105469,419951431.0,13.996663883845688,,discrepant
277,2025-12-04 00:56:43+00:00,13.57,74.51000213623047,,,,,13.5,74.48999786376953,419957111.0,8.07849801003667,,discrepant
224,2025-12-04 00:56:43+00:00,12.87,74.72000122070312,,,,,12.9,74.7699966430664,419322000.0,6.363670365754338,,discrepant
283,2025-12-04 00:56:43+00:00,13.38,74.48999786376953,,,,,13.4,74.5,419950586.0,2.4731285583053118,,matched
276,2025-12-04 00:56:43+00:00,13.42,74.62999725341797,,,,,13.35,74.69000244140625,419957303.0,10.1350322804063,,discrepant
219,2025-12-04 00:56:43+00:00,13.09,74.56999969482422,,,,,13.0,74.58000183105469,419908664.0,10.06603912095026,,discrepant
272,2025-12-04 00:56:43+00:00,13.58,74.58000183105469,,,,,13.5,74.48999786376953,419957111.0,13.183385073058925,,discrepant
275,2025-12-04 00:56:43+00:00,13.72,74.5,,,,,13.5,74.48999786376953,419957111.0,24.486788450021805,,likely_spoofed
274,2025-12-04 00:56:43+00:00,12.56,74.73999786376953,,,,,12.6,74.69000244140625,419956119.0,7.015844714629673,,discrepant
229,2025-12-04 00:56:43+00:00,13.48,74.31999969482422,,,,,13.5,74.48999786376953,419957111.0,18.515481205482175,,discrepant
287,2025-12-04 00:56:43+00:00,13.78,73.91000366210938,,,,,13.48,73.93000030517578,256657000.0,33.42844061968019,,likely_spoofed
288,2025-12-04 00:56:43+00:00,12.15,74.66999816894531,,,,,12.06,74.58000183105469,419951431.0,13.99608397766247,,discrepant
273,2025-12-04 00:56:43+00:00,13.27,74.37000274658203,,,,,13.1,74.38999938964844,419957531.0,19.026729630237853,,discrepant
286,2025-12-04 00:56:43+00:00,13.35,73.8499984741211,,,,,13.48,73.93000030517578,256657000.0,16.84735477424482,,discrepant
226,2025-12-04 00:56:43+00:00,13.25,73.9800033569336,,,,,13.37,74.12999725341797,636024939.0,21.011378489420135,,likely_spoofed
227,2025-12-04 00:56:43+00:00,12.79,74.61000061035156,,,,,12.8,74.6500015258789,419950731.0,4.477719687948152,,discrepant
289,2025-12-04 00:56:43+00:00,13.53,74.4800033569336,,,,,13.5,74.48999786376953,419957111.0,3.50649872496256,,discrepant
228,2025-12-04 00:56:43+00:00,13.08,74.05000305175781,,,,,12.99,73.9000015258789,636024071.0,19.084078660512272,,discrepant
643,2025-12-11 00:48:37+00:00,12.85,74.69999694824219,419950473.0,AL ARMAAN 1,FISHING,IND,12.835177777777778,74.7181035931905,419950473.0,2.56316422570745,683.0,matched
597,2025-12-11 00:48:37+00:00,12.97,74.44000244140625,419956122.0,HARI KRIPA 2,SEISMIC_VESSEL,IND,12.95,74.48999786376953,419075200.0,5.856320707501053,,discrepant
803,2025-12-11 00:48:37+00:00,12.97,74.62999725341797,538009334.0,COMMON ATLAS,CARGO,MHL,12.97,74.63999938964844,538009334.0,1.0838138750106672,683.0,matched
852,2025-12-11 00:48:37+00:00,12.95,74.62000274658203,636023001.0,LIMA TRADER,CARGO,LBR,12.95,74.62000274658203,636023001.0,0.0,683.0,matched
623,2025-12-11 00:48:37+00:00,13.23,74.66999816894531,419952242.0,VEERA HANUMA,FISHING,IND,13.16223202614379,74.7192200149586,419952242.0,9.229209640229673,683.0,discrepant
809,2025-12-11 00:48:37+00:00,12.91,74.66999816894531,419950708.0,AQEEDAH,FISHING,IND,12.952925,74.6618998421563,419950708.0,4.853068652892345,683.0,discrepant
805,2025-12-11 00:48:37+00:00,12.36,74.30000305175781,419000905.0,DAWN MANSAROVAR,OTHER,IND,12.87948611111111,74.70086986541747,419000905.0,72.31000953348847,683.0,likely_spoofed
24,2025-12-11 00:48:37+00:00,12.96,74.5999984741211,636018158.0,BRAVEHEART I,CARGO,LBR,12.97,74.5999984741211,636018158.0,1.1119508023352598,683.0,matched
207,2025-12-11 00:48:37+00:00,12.9,74.6500015258789,419001654.0,KAVIRAJ,OTHER,IND,12.9,74.6500015258789,419001654.0,0.0,2917.0,matched
223,2025-12-11 00:48:37+00:00,12.76,74.72000122070312,419950470.0,DIVINE SPIRIT,FISHING,IND,12.713280555555555,74.7381016837226,419950470.0,5.553532800965546,683.0,discrepant
632,2025-12-11 00:48:37+00:00,13.16,74.69999694824219,419951226.0,MAHIMA  IV,FISHING,IND,13.079266558908046,74.71013879073534,419951226.0,9.044095474014792,2917.0,discrepant
191,2025-12-11 00:48:37+00:00,13.24,74.69999694824219,419952769.0,SRI DATTHANJANEYA,FISHING,IND,13.171383333333333,74.7181035931905,419952769.0,7.877594664838612,683.0,discrepant
630,2025-12-11 00:48:37+00:00,12.95,74.66000366210938,314878000.0,A A P,OTHER,BRB,12.95,74.66000366210938,314878000.0,0.0,683.0,matched
34,2025-12-11 00:48:37+00:00,12.96,74.66999816894531,649555000.0,PACIFIC EXPLORER,OTHER,MLI,12.96,74.66999816894531,649555000.0,0.0,683.0,matched
587,2025-12-11 00:48:37+00:00,12.96,74.69999694824219,419017300.0,DCI DREDGE XVI,OTHER,IND,12.935691666666667,74.79723250706991,419017300.0,10.878366336566186,683.0,discrepant
420,2025-12-11 00:48:37+00:00,12.92,74.79000091552734,419017300.0,DCI DREDGE XVI,OTHER,IND,12.935691666666667,74.79723250706991,419017300.0,1.9127712451850705,683.0,matched
625,2025-12-11 00:48:37+00:00,12.92,74.69999694824219,419001669.0,BW OAK,OTHER,IND,12.923794444444445,74.75912921905518,419001669.0,6.422579329672706,683.0,discrepant
605,2025-12-11 00:48:37+00:00,12.92,74.79000091552734,419017300.0,DCI DREDGE XVI,OTHER,IND,12.935691666666667,74.79723250706991,419017300.0,1.9127712451850705,683.0,matched
823,2025-12-11 00:48:37+00:00,12.91,74.6500015258789,419779000.0,SCI MUKTA,OTHER,IND,12.91,74.6500015258789,419779000.0,0.0,683.0,matched
517,2025-12-11 00:48:37+00:00,13.43,74.43000030517578,419081323.0,JERO NET 6-88%,GEAR,IND,13.248967901234568,74.30172737286415,419081323.0,24.450449560392,15083.0,likely_spoofed
598,2025-12-11 00:48:37+00:00,12.75,74.72000122070312,419957255.0,JOHN LAWRENCE 2,FISHING,IND,12.723794444444446,74.72810572942097,419957255.0,3.043621648114097,683.0,discrepant
750,2025-12-11 00:48:37+00:00,12.95,74.5999984741211,563105200.0,CHEM GUARD,OTHER,SGP,12.95,74.5999984741211,563105200.0,0.0,683.0,matched
271,2025-12-11 00:48:37+00:00,12.98,74.5999984741211,314571000.0,OBE GRANDE,CARGO,BRB,12.98,74.5999984741211,314571000.0,0.0,683.0,matched
337,2025-12-11 00:48:37+00:00,12.97,74.62000274658203,419001632.0,HARVEST,OTHER,IND,12.97,74.62000274658203,419001632.0,0.0,683.0,matched
150,2025-12-11 00:48:37+00:00,13.25,74.5,419000248.0,87,OTHER,IND,13.107933333333333,74.634652472602,419000248.0,21.495977044061416,6517.0,likely_spoofed
251,2025-12-11 00:48:37+00:00,12.87,74.63999938964844,419950626.0,ZAID,FISHING,IND,12.917233333333334,74.6275918091668,419950626.0,5.421567456374041,683.0,discrepant
316,2025-12-11 00:48:37+00:00,13.04,74.62999725341797,419951326.0,MARYAM 1,FISHING,IND,13.06241111111111,74.62379655414158,419951326.0,2.5809378527087987,683.0,matched
147,2025-12-11 00:48:37+00:00,12.91,74.66999816894531,419950686.0,MUBDI II,FISHING,IND,12.934822222222222,74.66000366210938,419950686.0,2.9650481938941042,683.0,discrepant
741,2025-12-11 00:48:37+00:00,12.87,74.66999816894531,419951358.0,ODEYA,FISHING,IND,12.87,74.64569082472059,419951358.0,2.6349557903208343,683.0,matched
785,2025-12-11 00:48:37+00:00,12.95,74.48999786376953,419075200.0,M V SHANTI SAGAR IV,OTHER,IND,12.901383333333333,74.48999786376953,419075200.0,5.405934150686732,683.0,discrepant
281,2025-12-11 00:48:37+00:00,12.97,74.62000274658203,419001632.0,HARVEST,OTHER,IND,12.97,74.62000274658203,419001632.0,0.0,683.0,matched
696,2025-12-11 00:48:37+00:00,13.26,74.48999786376953,419077167.0,ALPHA NET-2_91%,GEAR,IND,13.254914351851852,74.48905437752053,419077167.0,0.5746448219437186,6517.0,matched
721,2025-12-11 00:48:37+00:00,13.15,74.66999816894531,419950473.0,AL ARMAAN 1,FISHING,IND,12.835177777777778,74.7181035931905,419950473.0,35.39257242391872,683.0,likely_spoofed
510,2025-12-11 00:48:37+00:00,12.93,74.79000091552734,419000905.0,DAWN MANSAROVAR,OTHER,IND,12.87948611111111,74.70086986541747,419000905.0,11.174834019985813,683.0,discrepant
523,2025-12-11 00:48:37+00:00,13.4,74.58000183105469,419699621.0,MASTER,GEAR,IND,13.34,74.58999633789062,419120727.0,6.7587484400738,,discrepant
764,2025-12-11 00:48:37+00:00,12.76,74.7300033569336,419951289.0,VEERAMARUTHI IV,FISHING,IND,12.735691666666668,74.70568983078003,419951289.0,3.7761478357420093,683.0,discrepant
758,2025-12-11 00:49:02+00:00,12.02,74.41000366210938,538011382.0,NORD UTOPIA,CARGO,MHL,12.109894444444445,74.35913792080349,538011382.0,11.424067670607235,658.0,discrepant
230,2025-12-11 00:49:02+00:00,12.28,74.83999633789062,419336545.0,PUTHARAN NET1  100%,GEAR,IND,12.25,74.87999725341797,419336545.0,5.478956459749344,4258.0,discrepant
87,2025-12-11 00:49:02+00:00,12.08,74.68000030517578,256035000.0,LEYLA AKSOY,CARGO,MLT,12.0,74.5,419826537.0,21.501322041871575,,likely_spoofed
689,2025-12-11 00:49:02+00:00,12.25,74.83000183105469,419951353.0,AL MAKKI 1,FISHING,IND,12.205467094017093,74.86090390066815,419951353.0,5.98316397687055,4258.0,discrepant
746,2025-12-11 00:49:02+00:00,12.43,74.19999694824219,352004253.0,BLOOM HALO,CARGO,PAN,12.525272222222222,74.15462194654677,352004253.0,11.68319829695266,658.0,discrepant
160,2025-12-23 00:48:36+00:00,12.94,74.61000061035156,636015166.0,FLEVES,OTHER,LBR,12.94,74.61000061035156,636015166.0,0.0,684.0,matched
2,2025-12-23 00:48:36+00:00,12.62,74.37999725341797,419957166.0,GANESH KRIPA,FISHING,IND,12.6343,74.42860145568848,419957166.0,5.508327026574039,684.0,discrepant
120,2025-12-23 00:48:36+00:00,12.83,74.41000366210938,548687000.0,KANOA,CARGO,PHL,12.9172,74.37760292053223,548687000.0,10.31272780253055,684.0,discrepant
59,2025-12-23 00:48:36+00:00,12.92,74.68000030517578,419001902.0,BURAQ 11,OTHER,IND,12.9119,74.663803024292,419001902.0,1.9730605010326785,684.0,matched
610,2025-12-23 00:48:36+00:00,12.95,74.62000274658203,249799000.0,ELENI M II,CARGO,MLT,12.95,74.62000274658203,249799000.0,0.0,684.0,matched
279,2025-12-23 00:48:36+00:00,12.9,74.6500015258789,538009085.0,DHALKUT,OTHER,MHL,12.9,74.6500015258789,538009085.0,0.0,2916.0,matched
108,2025-12-23 00:48:36+00:00,13.04,74.69999694824219,419924337.0,GOLDEN LINE 3,FISHING,IND,13.0562,74.69190139770508,419924337.0,2.0034791328844466,684.0,matched
688,2025-12-23 00:48:36+00:00,12.78,74.4000015258789,419902386.0,,FISHING,IND,12.7881,74.4000015258789,419902386.0,0.900680149891709,684.0,matched
442,2025-12-23 00:48:36+00:00,12.65,74.56999969482422,419951356.0,DURGA JYOTHI,FISHING,IND,12.640405000000001,74.56999969482422,419951356.0,1.0669167948406832,2916.0,matched
81,2025-12-23 00:48:36+00:00,13.12,74.66999816894531,419951396.0,AL AMEEN,FISHING,IND,13.1443,74.6619026184082,419951396.0,2.8406914355860384,684.0,discrepant
489,2025-12-23 00:48:36+00:00,13.36,74.52999877929688,419956954.0,GAUTAM ADITI,OTHER,IND,13.3414,74.53810050964356,419956954.0,2.246300877355617,684.0,matched
464,2025-12-23 00:48:36+00:00,12.9,74.6500015258789,419001902.0,BURAQ 11,OTHER,IND,12.9119,74.663803024292,419001902.0,1.9971485789950574,684.0,matched
740,2025-12-23 00:48:36+00:00,12.85,74.80999755859375,419950487.0,AMITH KIRAN 1,FISHING,IND,12.841899999999999,74.73710052490235,419950487.0,7.9540733834003134,684.0,discrepant
647,2025-12-23 00:48:36+00:00,12.94,74.62999725341797,664288000.0,SEYCHELLES PIONEER,OTHER,SYC,12.9481,74.63809898376465,664288000.0,1.2578055824728465,684.0,matched
31,2025-12-23 00:48:36+00:00,13.19,74.62999725341797,419951274.0,KAAFOOR,FISHING,IND,13.2186,74.61570037841797,419951274.0,3.536799865133532,684.0,discrepant
666,2025-12-23 00:48:36+00:00,12.62,74.69000244140625,219638000.0,TORM DIWATA,OTHER,DNK,12.5328,74.71430145263672,219638000.0,10.048423366218783,684.0,discrepant
749,2025-12-23 00:48:36+00:00,12.97,74.63999938964844,419000178.0,VISHVA VIKAS,CARGO,IND,12.97,74.63999938964844,419000178.0,0.0,684.0,matched
789,2025-12-23 00:49:01+00:00,12.46,74.38999938964844,419951259.0,HITAISHI SAGAR,FISHING,IND,12.458722222222223,74.36183064778646,419951259.0,3.0617578272214994,13741.0,discrepant
650,2025-12-23 00:49:01+00:00,12.26,74.48999786376953,419956049.0,THAQWA,OTHER,IND,12.440948809523809,74.62257899602254,419956049.0,24.7433516965449,7859.0,likely_spoofed
526,2025-12-23 00:49:01+00:00,12.31,74.33000183105469,354884000.0,SPIL KARTIKA,CARGO,PAN,12.221255555555555,74.35986103057861,354884000.0,10.387613908186092,659.0,discrepant
607,2025-12-23 00:49:01+00:00,12.15,74.1500015258789,636020351.0,ZIM HAIFA,CARGO,LBR,12.078305555555556,74.21535857730441,636020351.0,10.67907775721412,659.0,discrepant
490,2025-12-23 00:49:01+00:00,12.26,74.51000213623047,419950536.0,SOURABH 3,FISHING,IND,12.281756583333333,74.53030255614387,419950536.0,3.27382344604519,13741.0,discrepant
179,2025-12-23 00:49:01+00:00,12.41,74.58999633789062,419950352.0,JAI MARUTHI 2,OTHER,IND,12.395030929640242,74.59240244802568,419950352.0,1.684872869562874,13741.0,matched
794,2025-12-23 00:49:01+00:00,12.34,74.19999694824219,215558000.0,APL QINGDAO,CARGO,MLT,12.45,74.2699966430664,354884000.0,14.401455069209538,,discrepant
624,2025-12-23 00:49:01+00:00,12.49,74.69999694824219,419000175.0,VISHVA EKTA,CARGO,IND,12.426475,74.722680967119,419000175.0,7.480746177651705,659.0,discrepant
584,2025-12-23 00:49:01+00:00,12.44,74.68000030517578,419950737.0,ASHIYANA,FISHING,IND,12.44,74.68817149480184,419950737.0,0.887264182336638,659.0,matched
810,2025-12-23 00:49:01+00:00,12.49,74.55000305175781,419951473.0,THIRANGA,FISHING,IND,12.502073989898989,74.50695198983857,419951473.0,4.862677993319752,10141.0,discrepant
159,2026-01-04 00:48:35+00:00,13.13,74.69999694824219,419950383.0,AFEEF,FISHING,IND,13.186680555555554,74.68475753996107,419950383.0,6.515016413222487,685.0,discrepant
644,2026-01-04 00:48:35+00:00,12.66,74.25,419951349.0,SURABHI,FISHING,IND,12.675708333333333,74.25870863773204,419951349.0,1.9858357765825752,685.0,matched
703,2026-01-04 00:48:35+00:00,12.85,74.58000183105469,419957126.0,SRI KANTHU,FISHING,IND,12.898962121212122,74.56241926520762,419957126.0,5.76832206483255,685.0,discrepant
663,2026-01-04 00:48:35+00:00,13.0,74.61000061035156,447274000.0,GAS UMM AL ROWAISAT,OTHER,KWT,13.0,74.61000061035156,447274000.0,0.0,685.0,matched
266,2026-01-04 00:48:35+00:00,12.98,74.5999984741211,357740000.0,CHEMROAD WING,OTHER,PAN,12.98,74.5999984741211,357740000.0,0.0,685.0,matched
237,2026-01-04 00:48:35+00:00,12.78,74.47000122070312,419957307.0,SUNAYA SAGAR,FISHING,IND,12.780792824074073,74.4722211184325,419957307.0,0.2563610219818234,685.0,matched
838,2026-01-04 00:48:35+00:00,12.82,74.66000366210938,419001631.0,SM MANALI,CARGO,IND,12.840972222222222,74.63522386550903,419001631.0,3.5575332697493414,685.0,discrepant
232,2026-01-04 00:48:35+00:00,12.88,74.36000061035156,477738600.0,OOCL LUXEMBOURG,CARGO,HKG,12.939555555555556,74.33141589694553,477738600.0,7.311163355385538,685.0,discrepant
664,2026-01-04 00:48:35+00:00,13.06,74.55999755859375,419950653.0,AL AIZAM,FISHING,IND,12.885658217592594,74.61164325184292,419950653.0,20.177515208915306,7885.0,discrepant
441,2026-01-04 00:48:35+00:00,12.89,74.69000244140625,419956059.0,MAKARA  JYOTHI,FISHING,IND,12.852368055555555,74.69714289771186,419956059.0,4.255474111877602,685.0,discrepant
651,2026-01-04 00:48:35+00:00,12.99,74.41999816894531,511100268.0,ARIHANT,OTHER,PLW,12.98,74.43190348943075,511100268.0,1.7030666092846254,685.0,matched
58,2026-01-04 00:48:35+00:00,13.14,74.5999984741211,419950351.0,SHRESHTA,FISHING,IND,13.091509099616857,74.60881957386646,419950351.0,5.47591742835162,685.0,discrepant
32,2026-01-04 00:48:35+00:00,12.83,74.69999694824219,419951320.0,RATHNAM,FISHING,IND,12.870486111111111,74.69190417395697,419951320.0,4.5865493021399395,685.0,discrepant
722,2026-01-04 00:49:00+00:00,12.27,74.55999755859375,563278100.0,COSCO PRINCE RUPERT,CARGO,SGP,12.42,74.41000366210938,419950333.0,23.31646437520045,,likely_spoofed
581,2026-01-04 00:49:00+00:00,12.44,74.41000366210938,419950333.0,SHAMBAVI PRASAD.,FISHING,IND,12.413874999999999,74.41204498608907,419950333.0,2.913416481177989,2940.0,discrepant
