mmsi,ship_name,flag,window,episode_start,episode_end,duration_h,n_bins,continuity,centroid_lat,centroid_lon,radius_km,dwell_tier,location_class,nearest_facility,nearest_facility_km,resident_fixture,domestic_flag,dwell_score,trigger_category,escalate
311001828,BAMSI BEYREK,BHS,jamnagar_vadinar_may2026,2026-05-09 14:00:00+00:00,2026-05-24 08:00:00+00:00,354.0,355,1.0,22.66003,69.74997,1.509,prolonged,flagged_facility,Vadinar terminal / Nayara refinery (EU+UK sanctioned),15.97,False,False,6,prolonged_dwell_at_flagged_facility,True
566446000,GFS GENESIS,SGP,jamnagar_vadinar_may2026,2026-05-05 00:00:00+00:00,2026-05-16 22:00:00+00:00,286.0,287,1.0,22.65,69.73,0.0,prolonged,flagged_facility,Vadinar terminal / Nayara refinery (EU+UK sanctioned),13.82,False,False,6,prolonged_dwell_at_flagged_facility,True
352005381,DARIKA,PAN,jamnagar_vadinar_may2026,2026-05-13 17:00:00+00:00,2026-05-23 11:00:00+00:00,234.0,235,1.0,22.50872,69.61,0.97,prolonged,flagged_facility,Vadinar terminal / Nayara refinery (EU+UK sanctioned),6.16,False,False,6,prolonged_dwell_at_flagged_facility,True
636093083,TEMA EXPRESS,LBR,jamnagar_vadinar_may2026,2026-05-12 07:00:00+00:00,2026-05-21 20:00:00+00:00,229.0,230,1.0,22.67974,69.77104,1.088,prolonged,flagged_facility,Vadinar terminal / Nayara refinery (EU+UK sanctioned),19.04,False,False,6,prolonged_dwell_at_flagged_facility,True
352004297,KAIDAHONGZHOU,PAN,jamnagar_vadinar_may2026,2026-05-15 10:00:00+00:00,2026-05-23 21:00:00+00:00,203.0,204,1.0,22.6701,69.75981,4.645,prolonged,flagged_facility,Vadinar terminal / Nayara refinery (EU+UK sanctioned),17.48,False,False,6,prolonged_dwell_at_flagged_facility,True
249245000,COSTAS P,MLT,jamnagar_vadinar_may2026,2026-05-13 00:00:00+00:00,2026-05-20 12:00:00+00:00,180.0,180,0.994,22.53883,69.60933,0.985,prolonged,flagged_facility,Vadinar terminal / Nayara refinery (EU+UK sanctioned),4.36,False,False,6,prolonged_dwell_at_flagged_facility,True
352001285,CHEMROAD ZENITH,PAN,jamnagar_vadinar_may2026,2026-05-10 08:00:00+00:00,2026-05-17 10:00:00+00:00,170.0,171,1.0,22.65105,69.54807,2.116,prolonged,flagged_facility,Vadinar terminal / Nayara refinery (EU+UK sanctioned),15.35,False,False,6,prolonged_dwell_at_flagged_facility,True
636023650,HMM GARNET,LBR,jamnagar_vadinar_may2026,2026-05-12 09:00:00+00:00,2026-05-19 10:00:00+00:00,169.0,170,1.0,22.69176,69.77747,2.434,prolonged,flagged_facility,Vadinar terminal / Nayara refinery (EU+UK sanctioned),20.49,False,False,6,prolonged_dwell_at_flagged_facility,True
419957006,RAJAVEER  -5,IND,jamnagar_vadinar_may2026,2026-05-06 20:00:00+00:00,2026-05-25 23:00:00+00:00,459.0,403,0.876,22.45672,69.79884,4.176,prolonged,flagged_facility,Jamnagar (Sikka) marine terminal,8.63,False,True,5,,False
419980060,MT KB 27,IND,jamnagar_vadinar_may2026,2026-05-06 14:00:00+00:00,2026-05-25 10:00:00+00:00,452.0,432,0.954,22.68727,69.62639,1.56,prolonged,flagged_facility,Vadinar terminal / Nayara refinery (EU+UK sanctioned),15.45,False,True,5,,False
419000607,OCEAN CITRINE,IND,jamnagar_vadinar_may2026,2026-05-05 00:00:00+00:00,2026-05-22 09:00:00+00:00,417.0,405,0.969,22.69862,69.62839,3.878,prolonged,flagged_facility,Vadinar terminal / Nayara refinery (EU+UK sanctioned),16.67,False,True,5,,False
419001884,MT KB 50,IND,jamnagar_vadinar_may2026,2026-05-09 08:00:00+00:00,2026-05-25 23:00:00+00:00,399.0,394,0.985,22.51089,69.69503,3.766,prolonged,flagged_facility,Vadinar terminal / Nayara refinery (EU+UK sanctioned),6.35,False,True,5,,False
419000893,OCEAN     CORAL,IND,jamnagar_vadinar_may2026,2026-05-05 00:00:00+00:00,2026-05-20 14:00:00+00:00,374.0,375,1.0,22.48312,69.68376,4.999,prolonged,flagged_facility,Jamnagar (Sikka) marine terminal,6.98,False,True,5,,False
419067700,MV PERSISTENCE,IND,jamnagar_vadinar_may2026,2026-05-05 00:00:00+00:00,2026-05-20 02:00:00+00:00,362.0,356,0.981,22.39008,69.60992,3.016,prolonged,flagged_facility,Jamnagar (Sikka) marine terminal,12.16,False,True,5,,False
419957016,KB 47,IND,jamnagar_vadinar_may2026,2026-05-08 18:00:00+00:00,2026-05-21 06:00:00+00:00,300.0,285,0.947,22.68463,69.66298,3.256,prolonged,flagged_facility,Vadinar terminal / Nayara refinery (EU+UK sanctioned),15.03,False,True,5,,False
419001613,M.T. OCEAN BIRD,IND,jamnagar_vadinar_may2026,2026-05-14 14:00:00+00:00,2026-05-25 23:00:00+00:00,273.0,272,0.993,22.56596,69.75919,4.142,prolonged,flagged_facility,Vadinar terminal / Nayara refinery (EU+UK sanctioned),11.35,False,True,5,,False
419001488,RELTUG NINETEEN,IND,jamnagar_vadinar_may2026,2026-05-08 11:00:00+00:00,2026-05-19 07:00:00+00:00,260.0,261,1.0,22.50238,69.83295,4.827,prolonged,flagged_facility,Jamnagar (Sikka) marine terminal,14.12,False,True,5,,False
419956957,MV PAWANSUTH,IND,jamnagar_vadinar_may2026,2026-05-15 11:00:00+00:00,2026-05-25 23:00:00+00:00,252.0,207,0.818,22.48174,69.84009,2.28,prolonged,flagged_facility,Jamnagar (Sikka) marine terminal,13.62,False,True,5,,False
419000521,M.V 0CEAN **OPAL,IND,jamnagar_vadinar_may2026,2026-05-05 00:00:00+00:00,2026-05-15 02:00:00+00:00,242.0,237,0.975,22.43397,69.67,4.007,prolonged,flagged_facility,Jamnagar (Sikka) marine terminal,5.16,False,True,5,,False
419077800,REL DARSHAN,IND,jamnagar_vadinar_may2026,2026-05-12 14:00:00+00:00,2026-05-22 02:00:00+00:00,228.0,229,1.0,22.56135,69.84974,3.355,prolonged,flagged_facility,Jamnagar (Sikka) marine terminal,19.77,False,True,5,,False
419956564,M T KB XVII,IND,jamnagar_vadinar_may2026,2026-05-05 00:00:00+00:00,2026-05-14 09:00:00+00:00,225.0,207,0.916,22.69179,69.62705,4.41,prolonged,flagged_facility,Vadinar terminal / Nayara refinery (EU+UK sanctioned),15.94,False,True,5,,False
419057400,RELTUG TWELVE,IND,jamnagar_vadinar_may2026,2026-05-16 19:00:00+00:00,2026-05-25 23:00:00+00:00,220.0,221,1.0,22.49181,69.84778,4.989,prolonged,flagged_facility,Jamnagar (Sikka) marine terminal,14.82,False,True,5,,False
419001120,OCEAN AMMOLITE,IND,jamnagar_vadinar_may2026,2026-05-06 14:00:00+00:00,2026-05-15 07:00:00+00:00,209.0,203,0.967,22.43562,69.67,0.624,prolonged,flagged_facility,Jamnagar (Sikka) marine terminal,5.18,False,True,5,,False
419002118,AVYAAN,IND,jamnagar_vadinar_may2026,2026-05-10 15:00:00+00:00,2026-05-19 05:00:00+00:00,206.0,207,1.0,22.55126,69.63628,4.621,prolonged,flagged_facility,Vadinar terminal / Nayara refinery (EU+UK sanctioned),1.42,False,True,5,,False
419002119,SHANAYA,IND,jamnagar_vadinar_may2026,2026-05-05 15:00:00+00:00,2026-05-13 11:00:00+00:00,188.0,189,1.0,22.51,69.60783,1.25,prolonged,flagged_facility,Vadinar terminal / Nayara refinery (EU+UK sanctioned),6.21,False,True,5,,False
419796000,DESH SAMMAN,IND,jamnagar_vadinar_may2026,2026-05-18 03:00:00+00:00,2026-05-25 23:00:00+00:00,188.0,189,1.0,22.56021,69.62,1.088,prolonged,flagged_facility,Vadinar terminal / Nayara refinery (EU+UK sanctioned),3.28,False,True,5,,False
419066400,M V CHETAK,IND,jamnagar_vadinar_may2026,2026-05-11 20:00:00+00:00,2026-05-19 14:00:00+00:00,186.0,184,0.984,22.4988,69.84109,4.834,prolonged,flagged_facility,Jamnagar (Sikka) marine terminal,14.61,False,True,5,,False
419001256,MV COASTAL COMMANDER,IND,jamnagar_vadinar_may2026,2026-05-18 14:00:00+00:00,2026-05-25 23:00:00+00:00,177.0,178,1.0,22.5627,69.75174,2.043,prolonged,flagged_facility,Vadinar terminal / Nayara refinery (EU+UK sanctioned),10.54,False,True,5,,False
419014300,MV APURVA,IND,jamnagar_vadinar_may2026,2026-05-18 22:00:00+00:00,2026-05-25 23:00:00+00:00,169.0,170,1.0,22.49,69.858,0.822,prolonged,flagged_facility,Jamnagar (Sikka) marine terminal,15.67,False,True,5,,False
255806419,STOLT APAL,PRT,jamnagar_vadinar_may2026,2026-05-10 11:00:00+00:00,2026-05-16 19:00:00+00:00,152.0,152,0.993,22.53599,69.62487,4.089,extended,flagged_facility,Vadinar terminal / Nayara refinery (EU+UK sanctioned),3.01,False,False,5,,False
636020910,KONRAD,LBR,jamnagar_vadinar_may2026,2026-05-13 04:00:00+00:00,2026-05-19 05:00:00+00:00,145.0,146,1.0,22.67014,69.73658,2.939,extended,flagged_facility,Vadinar terminal / Nayara refinery (EU+UK sanctioned),16.05,False,False,5,,False
636018319,MSC POSITANO,LBR,jamnagar_vadinar_may2026,2026-05-12 04:00:00+00:00,2026-05-17 23:00:00+00:00,139.0,140,1.0,22.68993,69.74143,1.114,extended,flagged_facility,Vadinar terminal / Nayara refinery (EU+UK sanctioned),18.17,False,False,5,,False
563485000,WAN HAI 311,SGP,jamnagar_vadinar_may2026,2026-05-20 05:00:00+00:00,2026-05-25 23:00:00+00:00,138.0,139,1.0,22.64986,69.71986,3.005,extended,flagged_facility,Vadinar terminal / Nayara refinery (EU+UK sanctioned),13.22,False,False,5,,False
538007475,PACIFIC WAVE,MHL,jamnagar_vadinar_may2026,2026-05-05 00:00:00+00:00,2026-05-10 17:00:00+00:00,137.0,138,1.0,22.64986,69.58485,4.212,extended,flagged_facility,Vadinar terminal / Nayara refinery (EU+UK sanctioned),12.96,False,False,5,,False
538008153,IONIAN STAR,MHL,jamnagar_vadinar_may2026,2026-05-15 18:00:00+00:00,2026-05-20 20:00:00+00:00,122.0,123,1.0,22.54528,69.60805,4.47,extended,flagged_facility,Vadinar terminal / Nayara refinery (EU+UK sanctioned),4.34,False,False,5,,False
352006020,CARRIE,PAN,jamnagar_vadinar_may2026,2026-05-21 09:00:00+00:00,2026-05-25 23:00:00+00:00,110.0,111,1.0,22.66991,69.73027,3.243,extended,flagged_facility,Vadinar terminal / Nayara refinery (EU+UK sanctioned),15.67,False,False,5,,False
352005127,HE RUN XIANG MAO,PAN,jamnagar_vadinar_may2026,2026-05-20 11:00:00+00:00,2026-05-24 20:00:00+00:00,105.0,106,1.0,22.66009,69.70981,1.102,extended,flagged_facility,Vadinar terminal / Nayara refinery (EU+UK sanctioned),13.69,False,False,5,,False
548806000,JASMINE TRADER,PHL,jamnagar_vadinar_may2026,2026-05-05 00:00:00+00:00,2026-05-09 05:00:00+00:00,101.0,102,1.0,22.6402,69.5998,2.996,extended,flagged_facility,Vadinar terminal / Nayara refinery (EU+UK sanctioned),11.28,False,False,5,,False
477979100,INF LIGHT,HKG,jamnagar_vadinar_may2026,2026-05-05 04:00:00+00:00,2026-05-09 06:00:00+00:00,98.0,97,0.98,22.64,69.71,0.0,extended,flagged_facility,Vadinar terminal / Nayara refinery (EU+UK sanctioned),11.75,False,False,5,,False
247486600,JOLLY ORO,ITA,jamnagar_vadinar_may2026,2026-05-10 12:00:00+00:00,2026-05-14 13:00:00+00:00,97.0,98,1.0,22.63847,69.70796,3.6,extended,flagged_facility,Vadinar terminal / Nayara refinery (EU+UK sanctioned),11.5,False,False,5,,False
563136800,BHUDTHI BHUM,SGP,jamnagar_vadinar_may2026,2026-05-14 06:00:00+00:00,2026-05-18 07:00:00+00:00,97.0,98,1.0,22.65918,69.72092,4.777,extended,flagged_facility,Vadinar terminal / Nayara refinery (EU+UK sanctioned),14.16,False,False,5,,False
667002505,EKATERINA,SLE,jamnagar_vadinar_may2026,2026-05-08 20:00:00+00:00,2026-05-12 21:00:00+00:00,97.0,98,1.0,22.65806,69.70888,2.693,extended,flagged_facility,Vadinar terminal / Nayara refinery (EU+UK sanctioned),13.45,False,False,5,,False
538008516,NORD VANGUARD,MHL,jamnagar_vadinar_may2026,2026-05-11 16:00:00+00:00,2026-05-15 15:00:00+00:00,95.0,95,0.99,22.52758,69.61611,1.517,extended,flagged_facility,Vadinar terminal / Nayara refinery (EU+UK sanctioned),4.28,False,False,5,,False
375172000,LEO,VCT,jamnagar_vadinar_may2026,2026-05-22 03:00:00+00:00,2026-05-25 23:00:00+00:00,92.0,93,1.0,22.68,69.77774,0.794,extended,flagged_facility,Vadinar terminal / Nayara refinery (EU+UK sanctioned),19.52,False,False,5,,False
563135300,WAN HAI 625,SGP,jamnagar_vadinar_may2026,2026-05-12 06:00:00+00:00,2026-05-16 02:00:00+00:00,92.0,93,1.0,22.64871,69.6971,1.212,extended,flagged_facility,Vadinar terminal / Nayara refinery (EU+UK sanctioned),11.99,False,False,5,,False
563194100,SSF DYNAMIC,SGP,jamnagar_vadinar_may2026,2026-05-07 01:00:00+00:00,2026-05-10 20:00:00+00:00,91.0,92,1.0,22.68293,69.73902,1.214,extended,flagged_facility,Vadinar terminal / Nayara refinery (EU+UK sanctioned),17.38,False,False,5,,False
636093224,UAFL LIBERTY,LBR,jamnagar_vadinar_may2026,2026-05-14 04:00:00+00:00,2026-05-17 21:00:00+00:00,89.0,90,1.0,22.66,69.70967,0.992,extended,flagged_facility,Vadinar terminal / Nayara refinery (EU+UK sanctioned),13.68,False,False,5,,False
371290000,WEST TREASURE,PAN,jamnagar_vadinar_may2026,2026-05-15 17:00:00+00:00,2026-05-19 03:00:00+00:00,82.0,83,1.0,22.63843,69.7153,1.084,extended,flagged_facility,Vadinar terminal / Nayara refinery (EU+UK sanctioned),11.9,False,False,5,,False
341075002,SWISSCO PEARL,KNA,jamnagar_vadinar_may2026,2026-05-05 00:00:00+00:00,2026-05-08 09:00:00+00:00,81.0,78,0.951,22.44038,69.67,3.293,extended,flagged_facility,Jamnagar (Sikka) marine terminal,5.27,False,False,5,,False
563239800,VARANYA BHUM,SGP,jamnagar_vadinar_may2026,2026-05-22 04:00:00+00:00,2026-05-25 12:00:00+00:00,80.0,81,1.0,22.63012,69.70975,2.305,extended,flagged_facility,Vadinar terminal / Nayara refinery (EU+UK sanctioned),10.82,False,False,5,,False
374239000,NZ NINGBO,PAN,jamnagar_vadinar_may2026,2026-05-10 03:00:00+00:00,2026-05-13 07:00:00+00:00,76.0,77,1.0,22.66,69.72,0.0,extended,flagged_facility,Vadinar terminal / Nayara refinery (EU+UK sanctioned),14.19,False,False,5,,False
352004301,GASSAN,PAN,jamnagar_vadinar_may2026,2026-05-16 14:00:00+00:00,2026-05-19 17:00:00+00:00,75.0,76,1.0,22.53526,69.68711,3.931,extended,flagged_facility,Vadinar terminal / Nayara refinery (EU+UK sanctioned),4.15,False,False,5,,False
477134100,ASL SHEKOU,HKG,jamnagar_vadinar_may2026,2026-05-22 23:00:00+00:00,2026-05-25 23:00:00+00:00,72.0,73,1.0,22.68,69.75987,1.012,extended,flagged_facility,Vadinar terminal / Nayara refinery (EU+UK sanctioned),18.33,False,False,5,,False
538008312,NISSOS DESPOTIKO,MHL,jamnagar_vadinar_may2026,2026-05-13 05:00:00+00:00,2026-05-16 04:00:00+00:00,71.0,72,1.0,22.63306,69.61125,4.401,extended,flagged_facility,Vadinar terminal / Nayara refinery (EU+UK sanctioned),10.06,False,False,5,,False
352004264,VENDAVEL,PAN,jamnagar_vadinar_may2026,2026-05-15 07:00:00+00:00,2026-05-18 05:00:00+00:00,70.0,71,1.0,22.63056,69.62704,4.91,extended,flagged_facility,Vadinar terminal / Nayara refinery (EU+UK sanctioned),9.26,False,False,5,,False
248431000,RACINE,MLT,jamnagar_vadinar_may2026,2026-05-17 10:00:00+00:00,2026-05-20 07:00:00+00:00,69.0,70,1.0,22.68443,69.73,1.138,extended,flagged_facility,Vadinar terminal / Nayara refinery (EU+UK sanctioned),17.05,False,False,5,,False
636025016,PAPU,LBR,jamnagar_vadinar_may2026,2026-05-22 18:00:00+00:00,2026-05-25 14:00:00+00:00,68.0,69,1.0,22.68957,69.78638,4.758,extended,flagged_facility,Vadinar terminal / Nayara refinery (EU+UK sanctioned),20.9,False,False,5,,False
566483000,APL BARCELONA,SGP,jamnagar_vadinar_may2026,2026-05-16 02:00:00+00:00,2026-05-18 21:00:00+00:00,67.0,68,1.0,22.68015,69.7475,3.026,extended,flagged_facility,Vadinar terminal / Nayara refinery (EU+UK sanctioned),17.6,False,False,5,,False
352004791,CSTAR VOYAGER,PAN,jamnagar_vadinar_may2026,2026-05-05 00:00:00+00:00,2026-05-07 18:00:00+00:00,66.0,67,1.0,22.67,69.77537,0.551,extended,flagged_facility,Vadinar terminal / Nayara refinery (EU+UK sanctioned),18.54,False,False,5,,False
538010808,YOKOHAMA STAR,MHL,jamnagar_vadinar_may2026,2026-05-11 15:00:00+00:00,2026-05-14 09:00:00+00:00,66.0,67,1.0,22.68,69.72702,0.72,extended,flagged_facility,Vadinar terminal / Nayara refinery (EU+UK sanctioned),16.48,False,False,5,,False
566312000,MARITIME KELLY ANNE,SGP,jamnagar_vadinar_may2026,2026-05-14 13:00:00+00:00,2026-05-17 07:00:00+00:00,66.0,66,0.985,22.52955,69.61046,3.525,extended,flagged_facility,Vadinar terminal / Nayara refinery (EU+UK sanctioned),4.65,False,False,5,,False
667002023,JUMBO,SLE,jamnagar_vadinar_may2026,2026-05-18 18:00:00+00:00,2026-05-21 12:00:00+00:00,66.0,67,1.0,22.56791,69.6903,4.216,extended,flagged_facility,Vadinar terminal / Nayara refinery (EU+UK sanctioned),4.59,False,False,5,,False
256443000,CMA CGM NILE,MLT,jamnagar_vadinar_may2026,2026-05-12 09:00:00+00:00,2026-05-15 02:00:00+00:00,65.0,66,1.0,22.66152,69.73848,3.692,extended,flagged_facility,Vadinar terminal / Nayara refinery (EU+UK sanctioned),15.37,False,False,5,,False
273271320,PIONER 1,RUS,jamnagar_vadinar_may2026,2026-05-06 23:00:00+00:00,2026-05-09 16:00:00+00:00,65.0,66,1.0,22.54394,69.68924,2.899,extended,flagged_facility,Vadinar terminal / Nayara refinery (EU+UK sanctioned),4.09,False,False,5,,False
636093279,SEATTLE EXPRESS,LBR,jamnagar_vadinar_may2026,2026-05-12 14:00:00+00:00,2026-05-15 07:00:00+00:00,65.0,66,1.0,22.66242,69.76651,2.553,extended,flagged_facility,Vadinar terminal / Nayara refinery (EU+UK sanctioned),17.3,False,False,5,,False
538005871,OLYMPIC LION,MHL,jamnagar_vadinar_may2026,2026-05-12 02:00:00+00:00,2026-05-14 17:00:00+00:00,63.0,64,1.0,22.60609,69.82969,4.278,extended,flagged_facility,Vadinar terminal / Nayara refinery (EU+UK sanctioned),19.47,False,False,5,,False
636092098,EUROPE,LBR,jamnagar_vadinar_may2026,2026-05-20 22:00:00+00:00,2026-05-23 13:00:00+00:00,63.0,64,1.0,22.50844,69.54953,4.722,extended,flagged_facility,Vadinar terminal / Nayara refinery (EU+UK sanctioned),11.31,False,False,5,,False
538008320,CAPTAIN A STELLATOS,MHL,jamnagar_vadinar_may2026,2026-05-08 13:00:00+00:00,2026-05-11 03:00:00+00:00,62.0,63,1.0,22.5,69.84,0.0,extended,flagged_facility,Jamnagar (Sikka) marine terminal,14.58,False,False,5,,False
613511600,RIMMA,CMR,jamnagar_vadinar_may2026,2026-05-19 08:00:00+00:00,2026-05-21 22:00:00+00:00,62.0,61,0.968,22.54213,69.71443,4.962,extended,flagged_facility,Vadinar terminal / Nayara refinery (EU+UK sanctioned),6.67,False,False,5,,False
235603000,EVER ETHIC,GBR,jamnagar_vadinar_may2026,2026-05-23 11:00:00+00:00,2026-05-25 23:00:00+00:00,60.0,61,1.0,22.69574,69.77738,0.99,extended,flagged_facility,Vadinar terminal / Nayara refinery (EU+UK sanctioned),20.82,False,False,5,,False
636092705,TANIA,LBR,jamnagar_vadinar_may2026,2026-05-13 05:00:00+00:00,2026-05-15 15:00:00+00:00,58.0,59,1.0,22.66,69.56813,0.835,extended,flagged_facility,Vadinar terminal / Nayara refinery (EU+UK sanctioned),14.84,False,False,5,,False
636092098,EUROPE,LBR,jamnagar_vadinar_may2026,2026-05-23 14:00:00+00:00,2026-05-25 23:00:00+00:00,57.0,58,1.0,22.39017,69.61,1.093,extended,flagged_facility,Jamnagar (Sikka) marine terminal,12.14,False,False,5,,False
566761000,MARITIME MERIDIAN,SGP,jamnagar_vadinar_may2026,2026-05-17 20:00:00+00:00,2026-05-20 04:00:00+00:00,56.0,56,0.982,22.49411,69.83928,4.957,extended,flagged_facility,Jamnagar (Sikka) marine terminal,14.18,False,False,5,,False
352004616,LLEVANT,PAN,jamnagar_vadinar_may2026,2026-05-23 16:00:00+00:00,2026-05-25 23:00:00+00:00,55.0,56,1.0,22.56982,69.71589,2.659,extended,flagged_facility,Vadinar terminal / Nayara refinery (EU+UK sanctioned),7.12,False,False,5,,False
636092927,CONTI MAKALU,LBR,jamnagar_vadinar_may2026,2026-05-14 08:00:00+00:00,2026-05-16 13:00:00+00:00,53.0,54,1.0,22.68352,69.78685,0.805,extended,flagged_facility,Vadinar terminal / Nayara refinery (EU+UK sanctioned),20.44,False,False,5,,False
352002696,PLATOS,PAN,jamnagar_vadinar_may2026,2026-05-05 00:00:00+00:00,2026-05-07 04:00:00+00:00,52.0,53,1.0,22.39,69.61,0.0,extended,flagged_facility,Jamnagar (Sikka) marine terminal,12.15,False,False,5,,False
477615500,VT QUEEN,HKG,jamnagar_vadinar_may2026,2026-05-21 22:00:00+00:00,2026-05-24 02:00:00+00:00,52.0,53,1.0,22.68943,69.73641,2.906,extended,flagged_facility,Vadinar terminal / Nayara refinery (EU+UK sanctioned),17.86,False,False,5,,False
212175000,EUROPE,CYP,jamnagar_vadinar_may2026,2026-05-23 20:00:00+00:00,2026-05-25 23:00:00+00:00,51.0,52,1.0,22.64981,69.70769,1.116,extended,flagged_facility,Vadinar terminal / Nayara refinery (EU+UK sanctioned),12.58,False,False,5,,False
533132279,EAGLE VALLERY,MYS,jamnagar_vadinar_may2026,2026-05-20 06:00:00+00:00,2026-05-22 09:00:00+00:00,51.0,52,1.0,22.67962,69.62692,3.556,extended,flagged_facility,Vadinar terminal / Nayara refinery (EU+UK sanctioned),14.61,False,False,5,,False
631010092,MAISHA,GNQ,jamnagar_vadinar_may2026,2026-05-17 14:00:00+00:00,2026-05-19 17:00:00+00:00,51.0,52,1.0,22.53962,69.71115,3.499,extended,flagged_facility,Vadinar terminal / Nayara refinery (EU+UK sanctioned),6.39,False,False,5,,False
412353650,ZHUO YUE YUAN YANG,CHN,jamnagar_vadinar_may2026,2026-05-14 03:00:00+00:00,2026-05-16 05:00:00+00:00,50.0,51,1.0,22.67922,69.76039,4.802,extended,flagged_facility,Vadinar terminal / Nayara refinery (EU+UK sanctioned),18.3,False,False,5,,False
631010088,FINA A,GNQ,jamnagar_vadinar_may2026,2026-05-21 05:00:00+00:00,2026-05-23 07:00:00+00:00,50.0,51,1.0,22.55,69.60569,0.584,extended,flagged_facility,Vadinar terminal / Nayara refinery (EU+UK sanctioned),4.55,False,False,5,,False
636014089,VIRGO,LBR,jamnagar_vadinar_may2026,2026-05-11 09:00:00+00:00,2026-05-13 11:00:00+00:00,50.0,51,1.0,22.4902,69.84,1.09,extended,flagged_facility,Jamnagar (Sikka) marine terminal,14.03,False,False,5,,False
636014252,MOUNT FUJI,LBR,jamnagar_vadinar_may2026,2026-05-11 16:00:00+00:00,2026-05-13 18:00:00+00:00,50.0,51,1.0,22.53784,69.68824,3.674,extended,flagged_facility,Vadinar terminal / Nayara refinery (EU+UK sanctioned),4.15,False,False,5,,False
215334000,CC FORT ST GEORGES,MLT,jamnagar_vadinar_may2026,2026-05-05 00:00:00+00:00,2026-05-07 01:00:00+00:00,49.0,50,1.0,22.6802,69.7586,4.107,extended,flagged_facility,Vadinar terminal / Nayara refinery (EU+UK sanctioned),18.27,False,False,5,,False
314116000,AURELIAN,BRB,jamnagar_vadinar_may2026,2026-05-09 02:00:00+00:00,2026-05-11 03:00:00+00:00,49.0,48,0.96,22.46,69.8,0.0,extended,flagged_facility,Jamnagar (Sikka) marine terminal,8.87,False,False,5,,False
564860000,HAFNIA RAVEN,SGP,jamnagar_vadinar_may2026,2026-05-18 22:00:00+00:00,2026-05-20 23:00:00+00:00,49.0,50,1.0,22.5002,69.8394,2.271,extended,flagged_facility,Jamnagar (Sikka) marine terminal,14.54,False,False,5,,False
636018659,MSC NOA,LBR,jamnagar_vadinar_may2026,2026-05-11 00:00:00+00:00,2026-05-13 01:00:00+00:00,49.0,50,1.0,22.6768,69.758,2.971,extended,flagged_facility,Vadinar terminal / Nayara refinery (EU+UK sanctioned),17.94,False,False,5,,False
419001517,SHARAN,IND,jamnagar_vadinar_may2026,2026-05-05 00:00:00+00:00,2026-05-25 23:00:00+00:00,503.0,503,0.998,22.39014,69.60986,3.008,prolonged,flagged_facility,Jamnagar (Sikka) marine terminal,12.16,True,True,4,,False
419001600,RELTUG NINE,IND,jamnagar_vadinar_may2026,2026-05-05 00:00:00+00:00,2026-05-25 23:00:00+00:00,503.0,491,0.974,22.45902,69.79903,1.366,prolonged,flagged_facility,Jamnagar (Sikka) marine terminal,8.74,True,True,4,,False
419001947,COASTAL ANUGRAH,IND,jamnagar_vadinar_may2026,2026-05-05 00:00:00+00:00,2026-05-25 23:00:00+00:00,503.0,500,0.992,22.56964,69.76028,2.978,prolonged,flagged_facility,Vadinar terminal / Nayara refinery (EU+UK sanctioned),11.53,True,True,4,,False
419082300,DOLPHIN NO.11,IND,jamnagar_vadinar_may2026,2026-05-05 00:00:00+00:00,2026-05-25 23:00:00+00:00,503.0,497,0.986,22.68875,69.66853,4.335,prolonged,flagged_facility,Vadinar terminal / Nayara refinery (EU+UK sanctioned),15.55,True,True,4,,False
419999901,GAUTAM-1,IND,jamnagar_vadinar_may2026,2026-05-09 02:00:00+00:00,2026-05-25 23:00:00+00:00,405.0,396,0.975,22.55482,70.03318,4.276,prolonged,open_water,Jamnagar (Sikka) marine terminal,35.04,False,False,4,prolonged_dwell_open_water,False
636093023,CLIVIA OLDENDORFF,LBR,jamnagar_vadinar_may2026,2026-05-05 05:00:00+00:00,2026-05-21 16:00:00+00:00,395.0,379,0.957,22.7,69.93673,1.716,prolonged,open_water,Vadinar terminal / Nayara refinery (EU+UK sanctioned),33.83,False,False,4,prolonged_dwell_open_water,False
419001252,GAUTAM BSTAR-II,IND,jamnagar_vadinar_may2026,2026-05-05 00:00:00+00:00,2026-05-19 08:00:00+00:00,344.0,344,0.997,22.6,70.07,0.0,prolonged,open_water,Jamnagar (Sikka) marine terminal,40.62,False,False,4,prolonged_dwell_open_water,False
576621000,COMPACT DRILLER,VUT,jamnagar_vadinar_may2026,2026-05-06 08:00:00+00:00,2026-05-20 05:00:00+00:00,333.0,334,1.0,22.66201,69.99799,4.513,prolonged,open_water,Vadinar terminal / Nayara refinery (EU+UK sanctioned),37.83,False,False,4,prolonged_dwell_open_water,False
564860000,HAFNIA RAVEN,SGP,jamnagar_vadinar_may2026,2026-05-06 06:00:00+00:00,2026-05-18 19:00:00+00:00,301.0,302,1.0,22.6301,69.91801,2.361,prolonged,open_water,Vadinar terminal / Nayara refinery (EU+UK sanctioned),28.92,False,False,4,prolonged_dwell_open_water,False
374131000,ZONDA,PAN,jamnagar_vadinar_may2026,2026-05-06 06:00:00+00:00,2026-05-18 18:00:00+00:00,300.0,301,1.0,22.65983,70.04,1.13,prolonged,open_water,Jamnagar (Sikka) marine terminal,41.63,False,False,4,prolonged_dwell_open_water,False
419030000,M V NEERJA,IND,jamnagar_vadinar_may2026,2026-05-07 10:00:00+00:00,2026-05-19 10:00:00+00:00,288.0,287,0.993,22.55003,70.03,1.108,prolonged,open_water,Jamnagar (Sikka) marine terminal,34.53,False,False,4,prolonged_dwell_open_water,False
613426604,SEGINUS,CMR,jamnagar_vadinar_may2026,2026-05-05 14:00:00+00:00,2026-05-15 17:00:00+00:00,243.0,244,1.0,22.64869,69.91729,2.021,prolonged,open_water,Vadinar terminal / Nayara refinery (EU+UK sanctioned),29.55,False,False,4,prolonged_dwell_open_water,False
419001455,M.T. RADHA,IND,jamnagar_vadinar_may2026,2026-05-05 00:00:00+00:00,2026-05-14 18:00:00+00:00,234.0,212,0.902,22.6842,70.04274,2.42,prolonged,open_water,Vadinar terminal / Nayara refinery (EU+UK sanctioned),42.99,False,False,4,prolonged_dwell_open_water,False
352001740,ELVITA R,PAN,jamnagar_vadinar_may2026,2026-05-16 06:00:00+00:00,2026-05-25 23:00:00+00:00,233.0,234,1.0,22.66,70.05983,1.008,prolonged,open_water,Jamnagar (Sikka) marine terminal,43.27,False,False,4,prolonged_dwell_open_water,False
419001804,TULSI SAGAR,IND,jamnagar_vadinar_may2026,2026-05-05 00:00:00+00:00,2026-05-14 16:00:00+00:00,232.0,233,1.0,22.59339,70.06626,0.829,prolonged,open_water,Jamnagar (Sikka) marine terminal,39.94,False,False,4,prolonged_dwell_open_water,False
419001805,VRAJ SAGAR,IND,jamnagar_vadinar_may2026,2026-05-05 00:00:00+00:00,2026-05-14 16:00:00+00:00,232.0,233,1.0,22.59472,70.07,0.587,prolonged,open_water,Jamnagar (Sikka) marine terminal,40.35,False,False,4,prolonged_dwell_open_water,False
352001740,ELVITA R,PAN,jamnagar_vadinar_may2026,2026-05-05 00:00:00+00:00,2026-05-14 09:00:00+00:00,225.0,226,1.0,22.66,70.05991,1.016,prolonged,open_water,Jamnagar (Sikka) marine terminal,43.27,False,False,4,prolonged_dwell_open_water,False
419084700,SEA CHEETAH,IND,jamnagar_vadinar_may2026,2026-05-06 13:00:00+00:00,2026-05-15 06:00:00+00:00,209.0,210,1.0,22.65043,70.0,2.176,prolonged,open_water,Vadinar terminal / Nayara refinery (EU+UK sanctioned),37.63,False,False,4,prolonged_dwell_open_water,False
636015336,HIGH SEAS,LBR,jamnagar_vadinar_may2026,2026-05-14 20:00:00+00:00,2026-05-23 10:00:00+00:00,206.0,206,0.995,22.6501,69.96801,3.627,prolonged,open_water,Vadinar terminal / Nayara refinery (EU+UK sanctioned),34.49,False,False,4,prolonged_dwell_open_water,False
477939700,GREAT LINK,HKG,jamnagar_vadinar_may2026,2026-05-16 01:00:00+00:00,2026-05-24 09:00:00+00:00,200.0,201,1.0,22.65,70.0199,1.015,prolonged,open_water,Jamnagar (Sikka) marine terminal,39.33,False,False,4,prolonged_dwell_open_water,False
419001712,LILAC VICTORIA,IND,jamnagar_vadinar_may2026,2026-05-17 16:00:00+00:00,2026-05-25 23:00:00+00:00,199.0,200,1.0,22.66,69.97,0.0,prolonged,open_water,Vadinar terminal / Nayara refinery (EU+UK sanctioned),35.05,False,False,4,prolonged_dwell_open_water,False
636023275,LOURA,LBR,jamnagar_vadinar_may2026,2026-05-18 03:00:00+00:00,2026-05-25 23:00:00+00:00,188.0,188,0.995,22.6966,69.94388,1.696,prolonged,open_water,Vadinar terminal / Nayara refinery (EU+UK sanctioned),34.29,False,False,4,prolonged_dwell_open_water,False
314092000,NAVARA,BRB,jamnagar_vadinar_may2026,2026-05-05 00:00:00+00:00,2026-05-12 13:00:00+00:00,181.0,182,1.0,22.65,69.9572,0.739,prolonged,open_water,Vadinar terminal / Nayara refinery (EU+UK sanctioned),33.44,False,False,4,prolonged_dwell_open_water,False
419991279,DARIYA JYOT,IND,jamnagar_vadinar_may2026,2026-05-19 03:00:00+00:00,2026-05-25 23:00:00+00:00,164.0,164,0.994,22.43988,69.67,1.098,extended,flagged_facility,Jamnagar (Sikka) marine terminal,5.26,False,True,4,,False
419024600,ESSAR TUG XI,IND,jamnagar_vadinar_may2026,2026-05-05 05:00:00+00:00,2026-05-11 23:00:00+00:00,162.0,112,0.687,22.39,69.61,0.0,extended,flagged_facility,Jamnagar (Sikka) marine terminal,12.15,False,True,4,,False
419018200,RELTUG FIVE,IND,jamnagar_vadinar_may2026,2026-05-14 17:00:00+00:00,2026-05-21 10:00:00+00:00,161.0,157,0.969,22.45,69.8,0.0,extended,flagged_facility,Jamnagar (Sikka) marine terminal,8.52,False,True,4,,False
419001602,MENCAST18,IND,jamnagar_vadinar_may2026,2026-05-19 07:00:00+00:00,2026-05-25 23:00:00+00:00,160.0,160,0.994,22.44025,69.67,4.42,extended,flagged_facility,Jamnagar (Sikka) marine terminal,5.26,False,True,4,,False
419093600,KAIVAN,IND,jamnagar_vadinar_may2026,2026-05-06 19:00:00+00:00,2026-05-13 04:00:00+00:00,153.0,129,0.838,22.47295,69.68551,3.995,extended,flagged_facility,Jamnagar (Sikka) marine terminal,5.95,False,True,4,,False
419001613,M.T. OCEAN BIRD,IND,jamnagar_vadinar_may2026,2026-05-05 00:00:00+00:00,2026-05-11 05:00:00+00:00,149.0,147,0.98,22.56361,69.76306,3.02,extended,flagged_facility,Vadinar terminal / Nayara refinery (EU+UK sanctioned),11.71,False,True,4,,False
419001358,PRABHAT SHOBHA,IND,jamnagar_vadinar_may2026,2026-05-17 20:00:00+00:00,2026-05-24 00:00:00+00:00,148.0,147,0.987,22.46,69.79,0.0,extended,flagged_facility,Jamnagar (Sikka) marine terminal,7.93,False,True,4,,False
419292000,RELTUG SIX,IND,jamnagar_vadinar_may2026,2026-05-05 00:00:00+00:00,2026-05-11 02:00:00+00:00,146.0,147,1.0,22.48,69.83,0.0,extended,flagged_facility,Jamnagar (Sikka) marine terminal,12.6,False,True,4,,False
419293000,RELTUG 7,IND,jamnagar_vadinar_may2026,2026-05-18 13:00:00+00:00,2026-05-24 08:00:00+00:00,139.0,140,1.0,22.48164,69.83264,2.176,extended,flagged_facility,Jamnagar (Sikka) marine terminal,12.92,False,True,4,,False
419000521,M.V 0CEAN **OPAL,IND,jamnagar_vadinar_may2026,2026-05-15 09:00:00+00:00,2026-05-21 03:00:00+00:00,138.0,132,0.95,22.44,69.67,0.0,extended,flagged_facility,Jamnagar (Sikka) marine terminal,5.26,False,True,4,,False
419067700,MV PERSISTENCE,IND,jamnagar_vadinar_may2026,2026-05-20 06:00:00+00:00,2026-05-25 23:00:00+00:00,137.0,138,1.0,22.39022,69.60978,3.77,extended,flagged_facility,Jamnagar (Sikka) marine terminal,12.16,False,True,4,,False
419956957,MV PAWANSUTH,IND,jamnagar_vadinar_may2026,2026-05-05 22:00:00+00:00,2026-05-11 15:00:00+00:00,137.0,83,0.601,22.48229,69.84048,2.244,extended,flagged_facility,Jamnagar (Sikka) marine terminal,13.68,False,True,4,,False
419958509,MT ZARQA,IND,jamnagar_vadinar_may2026,2026-05-09 13:00:00+00:00,2026-05-15 04:00:00+00:00,135.0,120,0.882,22.4425,69.67016,1.048,extended,flagged_facility,Jamnagar (Sikka) marine terminal,5.31,False,True,4,,False
419001602,MENCAST18,IND,jamnagar_vadinar_may2026,2026-05-07 08:00:00+00:00,2026-05-12 22:00:00+00:00,134.0,132,0.978,22.45652,69.67197,4.989,extended,flagged_facility,Jamnagar (Sikka) marine terminal,5.75,False,True,4,,False
419072700,RELTUG 14,IND,jamnagar_vadinar_may2026,2026-05-11 07:00:00+00:00,2026-05-16 18:00:00+00:00,131.0,129,0.977,22.48,69.83,0.0,extended,flagged_facility,Jamnagar (Sikka) marine terminal,12.6,False,True,4,,False
419001910,DECCAN GEMMA,IND,jamnagar_vadinar_may2026,2026-05-16 07:00:00+00:00,2026-05-21 09:00:00+00:00,122.0,123,1.0,22.45008,69.79,1.103,extended,flagged_facility,Jamnagar (Sikka) marine terminal,7.53,False,True,4,,False
419001386,VARADA,IND,jamnagar_vadinar_may2026,2026-05-20 16:00:00+00:00,2026-05-25 17:00:00+00:00,121.0,122,1.0,22.69393,69.75689,0.977,extended,flagged_facility,Vadinar terminal / Nayara refinery (EU+UK sanctioned),19.4,False,True,4,,False
419001488,RELTUG NINETEEN,IND,jamnagar_vadinar_may2026,2026-05-20 23:00:00+00:00,2026-05-25 23:00:00+00:00,120.0,121,1.0,22.50215,69.83363,3.984,extended,flagged_facility,Jamnagar (Sikka) marine terminal,14.17,False,True,4,,False
419001456,MEERA,IND,jamnagar_vadinar_may2026,2026-05-13 10:00:00+00:00,2026-05-18 07:00:00+00:00,117.0,103,0.873,22.50039,69.66,3.379,extended,flagged_facility,Vadinar terminal / Nayara refinery (EU+UK sanctioned),5.61,False,True,4,,False
419066400,M V CHETAK,IND,jamnagar_vadinar_may2026,2026-05-21 03:00:00+00:00,2026-05-25 23:00:00+00:00,116.0,117,1.0,22.50179,69.83666,4.275,extended,flagged_facility,Jamnagar (Sikka) marine terminal,14.4,False,True,4,,False
419001885,KB 49,IND,jamnagar_vadinar_may2026,2026-05-17 06:00:00+00:00,2026-05-21 21:00:00+00:00,111.0,110,0.982,22.50409,69.69127,4.376,extended,flagged_facility,Vadinar terminal / Nayara refinery (EU+UK sanctioned),6.64,False,True,4,,False
419000521,M.V 0CEAN **OPAL,IND,jamnagar_vadinar_may2026,2026-05-21 14:00:00+00:00,2026-05-25 23:00:00+00:00,105.0,106,1.0,22.44,69.67,0.0,extended,flagged_facility,Jamnagar (Sikka) marine terminal,5.26,False,True,4,,False
419001390,KNK ASHIMA,IND,jamnagar_vadinar_may2026,2026-05-07 16:00:00+00:00,2026-05-12 01:00:00+00:00,105.0,106,1.0,22.44,69.67,0.0,extended,flagged_facility,Jamnagar (Sikka) marine terminal,5.26,False,True,4,,False
419024600,ESSAR TUG XI,IND,jamnagar_vadinar_may2026,2026-05-16 13:00:00+00:00,2026-05-20 22:00:00+00:00,105.0,73,0.689,22.39014,69.60986,1.494,extended,flagged_facility,Jamnagar (Sikka) marine terminal,12.16,False,True,4,,False
419093600,KAIVAN,IND,jamnagar_vadinar_may2026,2026-05-18 15:00:00+00:00,2026-05-22 21:00:00+00:00,102.0,80,0.777,22.46,69.67925,3.514,extended,flagged_facility,Jamnagar (Sikka) marine terminal,5.35,False,True,4,,False
419957016,KB 47,IND,jamnagar_vadinar_may2026,2026-05-21 19:00:00+00:00,2026-05-25 23:00:00+00:00,100.0,100,0.99,22.6857,69.6639,3.536,extended,flagged_facility,Vadinar terminal / Nayara refinery (EU+UK sanctioned),15.16,False,True,4,,False
419002023,CMA CGM VITORIA,IND,jamnagar_vadinar_may2026,2026-05-21 04:00:00+00:00,2026-05-25 06:00:00+00:00,98.0,99,1.0,22.65919,69.7298,3.983,extended,flagged_facility,Vadinar terminal / Nayara refinery (EU+UK sanctioned),14.65,False,True,4,,False
419001885,KB 49,IND,jamnagar_vadinar_may2026,2026-05-10 03:00:00+00:00,2026-05-14 01:00:00+00:00,94.0,93,0.979,22.51484,69.70022,4.395,extended,flagged_facility,Vadinar terminal / Nayara refinery (EU+UK sanctioned),6.47,False,True,4,,False
419072700,RELTUG 14,IND,jamnagar_vadinar_may2026,2026-05-21 00:00:00+00:00,2026-05-24 22:00:00+00:00,94.0,95,1.0,22.49095,69.84884,2.181,extended,flagged_facility,Jamnagar (Sikka) marine terminal,14.87,False,True,4,,False
419066400,M V CHETAK,IND,jamnagar_vadinar_may2026,2026-05-07 22:00:00+00:00,2026-05-11 19:00:00+00:00,93.0,94,1.0,22.49809,69.84245,4.995,extended,flagged_facility,Jamnagar (Sikka) marine terminal,14.68,False,True,4,,False
419672000,JAG PUSHPA,IND,jamnagar_vadinar_may2026,2026-05-13 18:00:00+00:00,2026-05-17 15:00:00+00:00,93.0,94,1.0,22.55309,69.61628,3.547,extended,flagged_facility,Vadinar terminal / Nayara refinery (EU+UK sanctioned),3.48,False,True,4,,False
419001085,RELTUG SEVENTEEN,IND,jamnagar_vadinar_may2026,2026-05-22 01:00:00+00:00,2026-05-25 21:00:00+00:00,92.0,93,1.0,22.49108,69.8528,3.972,extended,flagged_facility,Jamnagar (Sikka) marine terminal,15.24,False,True,4,,False
419001358,PRABHAT SHOBHA,IND,jamnagar_vadinar_may2026,2026-05-12 13:00:00+00:00,2026-05-16 07:00:00+00:00,90.0,91,1.0,22.46,69.79,0.0,extended,flagged_facility,Jamnagar (Sikka) marine terminal,7.93,False,True,4,,False
419057400,RELTUG TWELVE,IND,jamnagar_vadinar_may2026,2026-05-09 04:00:00+00:00,2026-05-12 21:00:00+00:00,89.0,89,0.989,22.49146,69.84831,2.791,extended,flagged_facility,Jamnagar (Sikka) marine terminal,14.85,False,True,4,,False
419072700,RELTUG 14,IND,jamnagar_vadinar_may2026,2026-05-16 21:00:00+00:00,2026-05-20 14:00:00+00:00,89.0,90,1.0,22.49,69.85,0.0,extended,flagged_facility,Jamnagar (Sikka) marine terminal,14.93,False,True,4,,False
419956663,M.V. MANGAL MURTI,IND,jamnagar_vadinar_may2026,2026-05-09 18:00:00+00:00,2026-05-13 10:00:00+00:00,88.0,55,0.618,22.44055,69.67945,3.837,extended,flagged_facility,Jamnagar (Sikka) marine terminal,4.33,False,True,4,,False
419511000,DESH SHANTI,IND,jamnagar_vadinar_may2026,2026-05-17 05:00:00+00:00,2026-05-20 19:00:00+00:00,86.0,87,1.0,22.57,69.63644,1.393,extended,flagged_facility,Vadinar terminal / Nayara refinery (EU+UK sanctioned),2.62,False,True,4,,False
419077200,AKASH,IND,jamnagar_vadinar_may2026,2026-05-19 00:00:00+00:00,2026-05-22 13:00:00+00:00,85.0,86,1.0,22.57907,69.84244,3.669,extended,flagged_facility,Vadinar terminal / Nayara refinery (EU+UK sanctioned),20.02,False,True,4,,False
419001085,RELTUG SEVENTEEN,IND,jamnagar_vadinar_may2026,2026-05-09 15:00:00+00:00,2026-05-13 03:00:00+00:00,84.0,81,0.953,22.49136,69.84938,4.388,extended,flagged_facility,Jamnagar (Sikka) marine terminal,14.94,False,True,4,,False
419077500,AGNI,IND,jamnagar_vadinar_may2026,2026-05-09 17:00:00+00:00,2026-05-13 05:00:00+00:00,84.0,71,0.835,22.58465,69.80451,3.894,extended,flagged_facility,Vadinar terminal / Nayara refinery (EU+UK sanctioned),16.33,False,True,4,,False
419014400,M V POONAM,IND,jamnagar_vadinar_may2026,2026-05-05 00:00:00+00:00,2026-05-08 11:00:00+00:00,83.0,83,0.988,22.5,69.83831,4.52,extended,flagged_facility,Jamnagar (Sikka) marine terminal,14.44,False,True,4,,False
419001602,MENCAST18,IND,jamnagar_vadinar_may2026,2026-05-15 20:00:00+00:00,2026-05-19 03:00:00+00:00,79.0,74,0.925,22.44,69.67,0.0,extended,flagged_facility,Jamnagar (Sikka) marine terminal,5.26,False,True,4,,False
419001651,KNK NAYRA,IND,jamnagar_vadinar_may2026,2026-05-16 01:00:00+00:00,2026-05-19 08:00:00+00:00,79.0,80,1.0,22.609,69.837,4.675,extended,flagged_facility,Vadinar terminal / Nayara refinery (EU+UK sanctioned),20.29,False,True,4,,False
419957016,KB 47,IND,jamnagar_vadinar_may2026,2026-05-05 00:00:00+00:00,2026-05-08 07:00:00+00:00,79.0,75,0.938,22.6844,69.66213,1.616,extended,flagged_facility,Vadinar terminal / Nayara refinery (EU+UK sanctioned),15.0,False,True,4,,False
419057400,RELTUG TWELVE,IND,jamnagar_vadinar_may2026,2026-05-13 06:00:00+00:00,2026-05-16 12:00:00+00:00,78.0,75,0.949,22.49173,69.84773,4.99,extended,flagged_facility,Jamnagar (Sikka) marine terminal,14.81,False,True,4,,False
419000607,OCEAN CITRINE,IND,jamnagar_vadinar_may2026,2026-05-22 18:00:00+00:00,2026-05-25 23:00:00+00:00,77.0,78,1.0,22.69705,69.62808,3.12,extended,flagged_facility,Vadinar terminal / Nayara refinery (EU+UK sanctioned),16.51,False,True,4,,False
419001456,MEERA,IND,jamnagar_vadinar_may2026,2026-05-20 20:00:00+00:00,2026-05-24 00:00:00+00:00,76.0,73,0.948,22.46247,69.66726,4.24,extended,flagged_facility,Jamnagar (Sikka) marine terminal,6.51,False,True,4,,False
419956957,MV PAWANSUTH,IND,jamnagar_vadinar_may2026,2026-05-12 00:00:00+00:00,2026-05-15 04:00:00+00:00,76.0,64,0.831,22.48047,69.83937,1.062,extended,flagged_facility,Jamnagar (Sikka) marine terminal,13.49,False,True,4,,False
419740000,DESH VIRAAT,IND,jamnagar_vadinar_may2026,2026-05-05 00:00:00+00:00,2026-05-08 03:00:00+00:00,75.0,76,1.0,22.55092,69.60974,2.122,extended,flagged_facility,Vadinar terminal / Nayara refinery (EU+UK sanctioned),4.14,False,True,4,,False
419033600,RELTUG ELEVEN,IND,jamnagar_vadinar_may2026,2026-05-22 22:00:00+00:00,2026-05-25 23:00:00+00:00,73.0,66,0.892,22.49106,69.84894,4.381,extended,flagged_facility,Jamnagar (Sikka) marine terminal,14.89,False,True,4,,False
419001085,RELTUG SEVENTEEN,IND,jamnagar_vadinar_may2026,2026-05-18 01:00:00+00:00,2026-05-20 23:00:00+00:00,70.0,69,0.972,22.49188,69.85101,2.952,extended,flagged_facility,Jamnagar (Sikka) marine terminal,15.12,False,True,4,,False
419001985,TITAN 12,IND,jamnagar_vadinar_may2026,2026-05-08 14:00:00+00:00,2026-05-11 06:00:00+00:00,64.0,58,0.892,22.50034,69.66035,1.074,extended,flagged_facility,Vadinar terminal / Nayara refinery (EU+UK sanctioned),5.62,False,True,4,,False
419032300,AQUA SUN,IND,jamnagar_vadinar_may2026,2026-05-12 20:00:00+00:00,2026-05-15 12:00:00+00:00,64.0,51,0.785,22.57137,69.84176,4.462,extended,flagged_facility,Vadinar terminal / Nayara refinery (EU+UK sanctioned),19.83,False,True,4,,False
419956564,M T KB XVII,IND,jamnagar_vadinar_may2026,2026-05-20 03:00:00+00:00,2026-05-22 19:00:00+00:00,64.0,51,0.785,22.69471,69.62588,4.989,extended,flagged_facility,Vadinar terminal / Nayara refinery (EU+UK sanctioned),16.28,False,True,4,,False
419001286,TUG KB XI,IND,jamnagar_vadinar_may2026,2026-05-15 15:00:00+00:00,2026-05-18 06:00:00+00:00,63.0,64,1.0,22.49547,69.69219,4.253,extended,flagged_facility,Vadinar terminal / Nayara refinery (EU+UK sanctioned),7.45,False,True,4,,False
419001487,RELTUG EIGHTEEN,IND,jamnagar_vadinar_may2026,2026-05-23 08:00:00+00:00,2026-05-25 23:00:00+00:00,63.0,64,1.0,22.50203,69.83531,4.141,extended,flagged_facility,Jamnagar (Sikka) marine terminal,14.3,False,True,4,,False
419001651,KNK NAYRA,IND,jamnagar_vadinar_may2026,2026-05-12 01:00:00+00:00,2026-05-14 16:00:00+00:00,63.0,64,1.0,22.60547,69.83109,4.031,extended,flagged_facility,Vadinar terminal / Nayara refinery (EU+UK sanctioned),19.59,False,True,4,,False
419014300,MV APURVA,IND,jamnagar_vadinar_may2026,2026-05-15 04:00:00+00:00,2026-05-17 18:00:00+00:00,62.0,63,1.0,22.50079,69.83746,3.538,extended,flagged_facility,Jamnagar (Sikka) marine terminal,14.41,False,True,4,,False
419032200,AQUA MOON,IND,jamnagar_vadinar_may2026,2026-05-21 00:00:00+00:00,2026-05-23 14:00:00+00:00,62.0,59,0.937,22.58153,69.8,3.336,extended,flagged_facility,Vadinar terminal / Nayara refinery (EU+UK sanctioned),15.8,False,True,4,,False
419001602,MENCAST18,IND,jamnagar_vadinar_may2026,2026-05-12 23:00:00+00:00,2026-05-15 12:00:00+00:00,61.0,55,0.887,22.44,69.67,0.0,extended,flagged_facility,Jamnagar (Sikka) marine terminal,5.26,False,True,4,,False
419000893,OCEAN     CORAL,IND,jamnagar_vadinar_may2026,2026-05-23 11:00:00+00:00,2026-05-25 23:00:00+00:00,60.0,61,1.0,22.4818,69.69,0.911,extended,flagged_facility,Jamnagar (Sikka) marine terminal,6.53,False,True,4,,False
419079300,MV ANJALI,IND,jamnagar_vadinar_may2026,2026-05-09 12:00:00+00:00,2026-05-12 00:00:00+00:00,60.0,61,1.0,22.5,69.83967,0.993,extended,flagged_facility,Jamnagar (Sikka) marine terminal,14.55,False,True,4,,False
419956154,MSV F NAGANI MUSTUFA,IND,jamnagar_vadinar_may2026,2026-05-13 13:00:00+00:00,2026-05-16 01:00:00+00:00,60.0,58,0.951,22.43586,69.81414,2.141,extended,flagged_facility,Jamnagar (Sikka) marine terminal,9.7,False,True,4,,False
419000103,SWARNA MALA,IND,jamnagar_vadinar_may2026,2026-05-13 06:00:00+00:00,2026-05-15 17:00:00+00:00,59.0,57,0.95,22.5,69.84,0.0,extended,flagged_facility,Jamnagar (Sikka) marine terminal,14.58,False,True,4,,False
419001456,MEERA,IND,jamnagar_vadinar_may2026,2026-05-05 00:00:00+00:00,2026-05-07 11:00:00+00:00,59.0,41,0.683,22.50122,69.66,0.976,extended,flagged_facility,Vadinar terminal / Nayara refinery (EU+UK sanctioned),5.52,False,True,4,,False
419001651,KNK NAYRA,IND,jamnagar_vadinar_may2026,2026-05-06 05:00:00+00:00,2026-05-08 16:00:00+00:00,59.0,60,1.0,22.609,69.83683,3.241,extended,flagged_facility,Vadinar terminal / Nayara refinery (EU+UK sanctioned),20.27,False,True,4,,False
419014300,MV APURVA,IND,jamnagar_vadinar_may2026,2026-05-07 16:00:00+00:00,2026-05-10 03:00:00+00:00,59.0,60,1.0,22.50067,69.83866,4.516,extended,flagged_facility,Jamnagar (Sikka) marine terminal,14.51,False,True,4,,False
419079300,MV ANJALI,IND,jamnagar_vadinar_may2026,2026-05-15 10:00:00+00:00,2026-05-17 21:00:00+00:00,59.0,60,1.0,22.50033,69.83816,2.153,extended,flagged_facility,Jamnagar (Sikka) marine terminal,14.44,False,True,4,,False
419033600,RELTUG ELEVEN,IND,jamnagar_vadinar_may2026,2026-05-17 02:00:00+00:00,2026-05-19 12:00:00+00:00,58.0,43,0.729,22.49326,69.84558,4.712,extended,flagged_facility,Jamnagar (Sikka) marine terminal,14.7,False,True,4,,False
419077500,AGNI,IND,jamnagar_vadinar_may2026,2026-05-14 00:00:00+00:00,2026-05-16 09:00:00+00:00,57.0,52,0.897,22.57327,69.79173,2.723,extended,flagged_facility,Vadinar terminal / Nayara refinery (EU+UK sanctioned),14.78,False,True,4,,False
419001885,KB 49,IND,jamnagar_vadinar_may2026,2026-05-14 06:00:00+00:00,2026-05-16 14:00:00+00:00,56.0,53,0.93,22.51019,69.69925,4.887,extended,flagged_facility,Vadinar terminal / Nayara refinery (EU+UK sanctioned),6.72,False,True,4,,False
419077600,NIVARAK,IND,jamnagar_vadinar_may2026,2026-05-09 23:00:00+00:00,2026-05-12 07:00:00+00:00,56.0,34,0.596,22.39,69.61,0.0,extended,flagged_facility,Jamnagar (Sikka) marine terminal,12.15,False,True,4,,False
419079400,MV APSARA,IND,jamnagar_vadinar_may2026,2026-05-13 16:00:00+00:00,2026-05-16 00:00:00+00:00,56.0,55,0.965,22.49673,69.84473,4.407,extended,flagged_facility,Jamnagar (Sikka) marine terminal,14.81,False,True,4,,False
419057400,RELTUG TWELVE,IND,jamnagar_vadinar_may2026,2026-05-06 10:00:00+00:00,2026-05-08 17:00:00+00:00,55.0,51,0.911,22.49078,69.84902,1.382,extended,flagged_facility,Jamnagar (Sikka) marine terminal,14.88,False,True,4,,False
419001462,OCEAN PROMICE,IND,jamnagar_vadinar_may2026,2026-05-20 05:00:00+00:00,2026-05-22 09:00:00+00:00,52.0,53,1.0,22.68019,69.62641,2.921,extended,flagged_facility,Vadinar terminal / Nayara refinery (EU+UK sanctioned),14.68,False,True,4,,False
419001488,RELTUG NINETEEN,IND,jamnagar_vadinar_may2026,2026-05-05 00:00:00+00:00,2026-05-07 04:00:00+00:00,52.0,53,1.0,22.50132,69.8366,4.295,extended,flagged_facility,Jamnagar (Sikka) marine terminal,14.37,False,True,4,,False
419001944,DOLPHIN NO.42,IND,jamnagar_vadinar_may2026,2026-05-17 10:00:00+00:00,2026-05-19 14:00:00+00:00,52.0,53,1.0,22.6783,69.65529,4.079,extended,flagged_facility,Vadinar terminal / Nayara refinery (EU+UK sanctioned),14.28,False,True,4,,False
419000638,OCEAN     EMPIRE,IND,jamnagar_vadinar_may2026,2026-05-17 15:00:00+00:00,2026-05-19 17:00:00+00:00,50.0,44,0.863,22.52295,69.68523,3.984,extended,flagged_facility,Vadinar terminal / Nayara refinery (EU+UK sanctioned),4.71,False,True,4,,False
419002119,SHANAYA,IND,jamnagar_vadinar_may2026,2026-05-13 12:00:00+00:00,2026-05-15 14:00:00+00:00,50.0,48,0.941,22.45083,69.66979,2.357,extended,flagged_facility,Jamnagar (Sikka) marine terminal,5.66,False,True,4,,False
419001324,SSL BRAHMAPUTRA,IND,jamnagar_vadinar_may2026,2026-05-05 14:00:00+00:00,2026-05-07 15:00:00+00:00,49.0,50,1.0,22.6704,69.7362,2.27,extended,flagged_facility,Vadinar terminal / Nayara refinery (EU+UK sanctioned),16.05,False,True,4,,False
419956787,DAWN II,IND,jamnagar_vadinar_may2026,2026-05-05 03:00:00+00:00,2026-05-07 04:00:00+00:00,49.0,50,1.0,22.5786,69.845,3.816,extended,flagged_facility,Vadinar terminal / Nayara refinery (EU+UK sanctioned),20.27,False,True,4,,False
419991279,DARIYA JYOT,IND,jamnagar_vadinar_may2026,2026-05-16 23:00:00+00:00,2026-05-19 00:00:00+00:00,49.0,50,1.0,22.4302,69.67,1.09,extended,flagged_facility,Jamnagar (Sikka) marine terminal,5.14,False,True,4,,False
271040635,VIVIEN A,TUR,jamnagar_vadinar_may2026,2026-05-20 09:00:00+00:00,2026-05-22 09:00:00+00:00,48.0,49,1.0,22.64776,69.7,2.474,ordinary,flagged_facility,Vadinar terminal / Nayara refinery (EU+UK sanctioned),12.02,False,False,4,,False
538005797,OLYMPIC TRUST,MHL,jamnagar_vadinar_may2026,2026-05-16 02:00:00+00:00,2026-05-18 02:00:00+00:00,48.0,49,1.0,22.61041,69.83551,3.797,ordinary,flagged_facility,Vadinar terminal / Nayara refinery (EU+UK sanctioned),20.2,False,False,4,,False
538010135,SC GOLD OCEAN,MHL,jamnagar_vadinar_may2026,2026-05-21 01:00:00+00:00,2026-05-23 01:00:00+00:00,48.0,49,1.0,22.5,69.84,0.0,ordinary,flagged_facility,Jamnagar (Sikka) marine terminal,14.58,False,False,4,,False
636021202,STONEWELL GLORY,LBR,jamnagar_vadinar_may2026,2026-05-07 05:00:00+00:00,2026-05-09 05:00:00+00:00,48.0,49,1.0,22.65959,69.71633,4.318,ordinary,flagged_facility,Vadinar terminal / Nayara refinery (EU+UK sanctioned),13.96,False,False,4,,False
667001256,KUSTO,SLE,jamnagar_vadinar_may2026,2026-05-22 14:00:00+00:00,2026-05-24 14:00:00+00:00,48.0,49,1.0,22.53918,69.70959,3.565,ordinary,flagged_facility,Vadinar terminal / Nayara refinery (EU+UK sanctioned),6.24,False,False,4,,False
372400000,MSC MARIA SAVERIA,PAN,jamnagar_vadinar_may2026,2026-05-17 12:00:00+00:00,2026-05-19 11:00:00+00:00,47.0,48,1.0,22.64,69.69708,0.727,ordinary,flagged_facility,Vadinar terminal / Nayara refinery (EU+UK sanctioned),11.11,False,False,4,,False
351977000,MAERSK ARAS,PAN,jamnagar_vadinar_may2026,2026-05-05 00:00:00+00:00,2026-05-06 22:00:00+00:00,46.0,47,1.0,22.67021,69.71702,1.13,ordinary,flagged_facility,Vadinar terminal / Nayara refinery (EU+UK sanctioned),15.03,False,False,4,,False
413556780,ZHUCHENGXINZHOU,CHN,jamnagar_vadinar_may2026,2026-05-11 16:00:00+00:00,2026-05-13 14:00:00+00:00,46.0,47,1.0,22.66936,69.70553,4.186,ordinary,flagged_facility,Vadinar terminal / Nayara refinery (EU+UK sanctioned),14.44,False,False,4,,False
538008312,NISSOS DESPOTIKO,MHL,jamnagar_vadinar_may2026,2026-05-11 06:00:00+00:00,2026-05-13 04:00:00+00:00,46.0,47,1.0,22.52936,69.70745,2.31,ordinary,flagged_facility,Vadinar terminal / Nayara refinery (EU+UK sanctioned),6.33,False,False,4,,False
538010059,MARLIN LAGOS,MHL,jamnagar_vadinar_may2026,2026-05-14 11:00:00+00:00,2026-05-16 09:00:00+00:00,46.0,46,0.979,22.58022,69.83587,2.656,ordinary,flagged_facility,Vadinar terminal / Nayara refinery (EU+UK sanctioned),19.38,False,False,4,,False
538011332,MAYFAIR,MHL,jamnagar_vadinar_may2026,2026-05-06 04:00:00+00:00,2026-05-08 00:00:00+00:00,44.0,44,0.978,22.49409,69.83886,4.134,ordinary,flagged_facility,Jamnagar (Sikka) marine terminal,14.14,False,False,4,,False
636018711,SOUTHERN ROBIN,LBR,jamnagar_vadinar_may2026,2026-05-21 11:00:00+00:00,2026-05-23 07:00:00+00:00,44.0,45,1.0,22.49022,69.84978,1.48,ordinary,flagged_facility,Jamnagar (Sikka) marine terminal,14.92,False,False,4,,False
636019927,NORD VALKYRIE,LBR,jamnagar_vadinar_may2026,2026-05-13 16:00:00+00:00,2026-05-15 12:00:00+00:00,44.0,42,0.933,22.49071,69.83952,3.824,ordinary,flagged_facility,Jamnagar (Sikka) marine terminal,14.01,False,False,4,,False
352005775,SAEHAN OLIVIA,PAN,jamnagar_vadinar_may2026,2026-05-12 10:00:00+00:00,2026-05-14 05:00:00+00:00,43.0,44,1.0,22.49114,69.84886,2.855,ordinary,flagged_facility,Jamnagar (Sikka) marine terminal,14.88,False,False,4,,False
373594000,SEA STAR,PAN,jamnagar_vadinar_may2026,2026-05-11 09:00:00+00:00,2026-05-13 04:00:00+00:00,43.0,44,1.0,22.67909,69.65682,4.359,ordinary,flagged_facility,Vadinar terminal / Nayara refinery (EU+UK sanctioned),14.37,False,False,4,,False
563399000,TORM ALICE,SGP,jamnagar_vadinar_may2026,2026-05-07 11:00:00+00:00,2026-05-09 06:00:00+00:00,43.0,44,1.0,22.5,69.84,0.0,ordinary,flagged_facility,Jamnagar (Sikka) marine terminal,14.58,False,False,4,,False
613426604,SEGINUS,CMR,jamnagar_vadinar_may2026,2026-05-15 20:00:00+00:00,2026-05-17 15:00:00+00:00,43.0,43,0.977,22.5,69.83976,1.003,ordinary,flagged_facility,Jamnagar (Sikka) marine terminal,14.56,False,False,4,,False
636020754,HILI,LBR,jamnagar_vadinar_may2026,2026-05-24 01:00:00+00:00,2026-05-25 20:00:00+00:00,43.0,44,1.0,22.61,69.83591,1.633,ordinary,flagged_facility,Vadinar terminal / Nayara refinery (EU+UK sanctioned),20.22,False,False,4,,False
229917000,CMA CGM ZANZIBAR,MLT,jamnagar_vadinar_may2026,2026-05-19 09:00:00+00:00,2026-05-21 03:00:00+00:00,42.0,43,1.0,22.66953,69.72977,2.487,ordinary,flagged_facility,Vadinar terminal / Nayara refinery (EU+UK sanctioned),15.61,False,False,4,,False
538009084,SUR,MHL,jamnagar_vadinar_may2026,2026-05-17 21:00:00+00:00,2026-05-19 15:00:00+00:00,42.0,43,1.0,22.68,69.65558,0.573,ordinary,flagged_facility,Vadinar terminal / Nayara refinery (EU+UK sanctioned),14.47,False,False,4,,False
636013380,CONSTANTINOS,LBR,jamnagar_vadinar_may2026,2026-05-21 07:00:00+00:00,2026-05-23 01:00:00+00:00,42.0,43,1.0,22.58977,69.86535,4.781,ordinary,flagged_facility,Vadinar terminal / Nayara refinery (EU+UK sanctioned),22.55,False,False,4,,False
636025413,KALYMNOS I,LBR,jamnagar_vadinar_may2026,2026-05-07 10:00:00+00:00,2026-05-09 04:00:00+00:00,42.0,43,1.0,22.56837,69.70977,4.383,ordinary,flagged_facility,Vadinar terminal / Nayara refinery (EU+UK sanctioned),6.47,False,False,4,,False
314870000,DALI,BRB,jamnagar_vadinar_may2026,2026-05-19 17:00:00+00:00,2026-05-21 10:00:00+00:00,41.0,42,1.0,22.65333,69.56976,4.198,ordinary,flagged_facility,Vadinar terminal / Nayara refinery (EU+UK sanctioned),14.14,False,False,4,,False
631010088,FINA A,GNQ,jamnagar_vadinar_may2026,2026-05-19 11:00:00+00:00,2026-05-21 04:00:00+00:00,41.0,42,1.0,22.45048,69.67,2.171,ordinary,flagged_facility,Jamnagar (Sikka) marine terminal,5.62,False,False,4,,False
314092000,NAVARA,BRB,jamnagar_vadinar_may2026,2026-05-12 16:00:00+00:00,2026-05-14 08:00:00+00:00,40.0,41,1.0,22.50049,69.83902,3.687,ordinary,flagged_facility,Jamnagar (Sikka) marine terminal,14.53,False,False,4,,False
613321600,LUMIN,CMR,jamnagar_vadinar_may2026,2026-05-06 02:00:00+00:00,2026-05-07 18:00:00+00:00,40.0,40,0.976,22.553,69.70875,4.985,ordinary,flagged_facility,Vadinar terminal / Nayara refinery (EU+UK sanctioned),6.04,False,False,4,,False
636013375,ATHINA,LBR,jamnagar_vadinar_may2026,2026-05-24 01:00:00+00:00,2026-05-25 17:00:00+00:00,40.0,41,1.0,22.50073,69.83853,3.631,ordinary,flagged_facility,Jamnagar (Sikka) marine terminal,14.5,False,False,4,,False
636013376,MARGARITA,LBR,jamnagar_vadinar_may2026,2026-05-14 15:00:00+00:00,2026-05-16 07:00:00+00:00,40.0,39,0.951,22.50051,69.83923,3.703,ordinary,flagged_facility,Jamnagar (Sikka) marine terminal,14.55,False,False,4,,False
636092705,TANIA,LBR,jamnagar_vadinar_may2026,2026-05-11 12:00:00+00:00,2026-05-13 04:00:00+00:00,40.0,41,1.0,22.66024,69.56756,5.0,ordinary,flagged_facility,Vadinar terminal / Nayara refinery (EU+UK sanctioned),14.9,False,False,4,,False
255915733,AAL HOUSTON,PRT,jamnagar_vadinar_may2026,2026-05-15 13:00:00+00:00,2026-05-17 04:00:00+00:00,39.0,40,1.0,22.68,69.7305,0.974,ordinary,flagged_facility,Vadinar terminal / Nayara refinery (EU+UK sanctioned),16.65,False,False,4,,False
461000235,CAVALIER,OMN,jamnagar_vadinar_may2026,2026-05-22 10:00:00+00:00,2026-05-24 01:00:00+00:00,39.0,40,1.0,22.5585,69.661,3.171,ordinary,flagged_facility,Vadinar terminal / Nayara refinery (EU+UK sanctioned),1.47,False,False,4,,False
563199500,X-PRESS CARINA,SGP,jamnagar_vadinar_may2026,2026-05-13 05:00:00+00:00,2026-05-14 20:00:00+00:00,39.0,40,1.0,22.676,69.7465,1.75,ordinary,flagged_facility,Vadinar terminal / Nayara refinery (EU+UK sanctioned),17.16,False,False,4,,False
636026114,MOZAMBIQUE B,LBR,jamnagar_vadinar_may2026,2026-05-22 06:00:00+00:00,2026-05-23 21:00:00+00:00,39.0,40,1.0,22.6115,69.837,3.184,ordinary,flagged_facility,Vadinar terminal / Nayara refinery (EU+UK sanctioned),20.38,False,False,4,,False
209669000,LMZ ATLAS,CYP,jamnagar_vadinar_may2026,2026-05-22 05:00:00+00:00,2026-05-23 19:00:00+00:00,38.0,39,1.0,22.65,69.56974,1.0,ordinary,flagged_facility,Vadinar terminal / Nayara refinery (EU+UK sanctioned),13.84,False,False,4,,False
210324000,STENA PROGRESSIVE,CYP,jamnagar_vadinar_may2026,2026-05-23 00:00:00+00:00,2026-05-24 14:00:00+00:00,38.0,39,1.0,22.50051,69.83948,1.436,ordinary,flagged_facility,Jamnagar (Sikka) marine terminal,14.57,False,False,4,,False
311001190,HELIOS,BHS,jamnagar_vadinar_may2026,2026-05-19 09:00:00+00:00,2026-05-20 23:00:00+00:00,38.0,39,1.0,22.61026,69.83513,1.204,ordinary,flagged_facility,Vadinar terminal / Nayara refinery (EU+UK sanctioned),20.15,False,False,4,,False
477625800,CSSC ROTTERDAM,HKG,jamnagar_vadinar_may2026,2026-05-24 00:00:00+00:00,2026-05-25 14:00:00+00:00,38.0,39,1.0,22.65974,69.57692,2.967,ordinary,flagged_facility,Vadinar terminal / Nayara refinery (EU+UK sanctioned),14.32,False,False,4,,False
538008312,NISSOS DESPOTIKO,MHL,jamnagar_vadinar_may2026,2026-05-16 05:00:00+00:00,2026-05-17 19:00:00+00:00,38.0,39,1.0,22.68,69.62692,1.342,ordinary,flagged_facility,Vadinar terminal / Nayara refinery (EU+UK sanctioned),14.65,False,False,4,,False
538010695,DARYA RANI,MHL,jamnagar_vadinar_may2026,2026-05-07 17:00:00+00:00,2026-05-09 07:00:00+00:00,38.0,39,1.0,22.39051,69.60949,2.951,ordinary,flagged_facility,Jamnagar (Sikka) marine terminal,12.18,False,False,4,,False
613007420,CHIOS,CMR,jamnagar_vadinar_may2026,2026-05-06 02:00:00+00:00,2026-05-07 16:00:00+00:00,38.0,39,1.0,22.52692,69.68769,3.83,ordinary,flagged_facility,Vadinar terminal / Nayara refinery (EU+UK sanctioned),4.64,False,False,4,,False
636015337,HIGH TIDE,LBR,jamnagar_vadinar_may2026,2026-05-14 17:00:00+00:00,2026-05-16 07:00:00+00:00,38.0,37,0.949,22.5,69.83973,0.999,ordinary,flagged_facility,Jamnagar (Sikka) marine terminal,14.56,False,False,4,,False
667002004,GARASAN,SLE,jamnagar_vadinar_may2026,2026-05-20 21:00:00+00:00,2026-05-22 11:00:00+00:00,38.0,39,1.0,22.54821,69.65564,3.466,ordinary,flagged_facility,Vadinar terminal / Nayara refinery (EU+UK sanctioned),0.61,False,False,4,,False
215497000,DAYTONA,MLT,jamnagar_vadinar_may2026,2026-05-05 23:00:00+00:00,2026-05-07 12:00:00+00:00,37.0,38,1.0,22.5,69.83973,1.0,ordinary,flagged_facility,Jamnagar (Sikka) marine terminal,14.56,False,False,4,,False
219415000,TORM ALMENA,DNK,jamnagar_vadinar_may2026,2026-05-21 05:00:00+00:00,2026-05-22 18:00:00+00:00,37.0,38,1.0,22.49053,69.84,1.053,ordinary,flagged_facility,Jamnagar (Sikka) marine terminal,14.05,False,False,4,,False
414676000,ZHONG GU HANG ZHOU,CHN,jamnagar_vadinar_may2026,2026-05-15 04:00:00+00:00,2026-05-16 17:00:00+00:00,37.0,38,1.0,22.63,69.70579,0.594,ordinary,flagged_facility,Vadinar terminal / Nayara refinery (EU+UK sanctioned),10.58,False,False,4,,False
566762000,MARITIME POLARIS,SGP,jamnagar_vadinar_may2026,2026-05-12 17:00:00+00:00,2026-05-14 06:00:00+00:00,37.0,38,1.0,22.49079,69.83921,4.422,ordinary,flagged_facility,Jamnagar (Sikka) marine terminal,13.99,False,False,4,,False
667002023,JUMBO,SLE,jamnagar_vadinar_may2026,2026-05-21 13:00:00+00:00,2026-05-23 02:00:00+00:00,37.0,38,1.0,22.52632,69.68842,0.957,ordinary,flagged_facility,Vadinar terminal / Nayara refinery (EU+UK sanctioned),4.74,False,False,4,,False
241325000,MARAN THETIS,GRC,jamnagar_vadinar_may2026,2026-05-24 11:00:00+00:00,2026-05-25 23:00:00+00:00,36.0,37,1.0,22.66378,69.62838,2.901,ordinary,flagged_facility,Vadinar terminal / Nayara refinery (EU+UK sanctioned),12.84,False,False,4,,False
636013348,SERENGETI,LBR,jamnagar_vadinar_may2026,2026-05-13 15:00:00+00:00,2026-05-15 03:00:00+00:00,36.0,37,1.0,22.59811,69.87514,3.719,ordinary,flagged_facility,Vadinar terminal / Nayara refinery (EU+UK sanctioned),23.73,False,False,4,,False
533132279,EAGLE VALLERY,MYS,jamnagar_vadinar_may2026,2026-05-18 18:00:00+00:00,2026-05-20 05:00:00+00:00,35.0,36,1.0,22.63083,69.62639,3.531,ordinary,flagged_facility,Vadinar terminal / Nayara refinery (EU+UK sanctioned),9.31,False,False,4,,False
563128800,MARITIME GRACIOUS,SGP,jamnagar_vadinar_may2026,2026-05-13 01:00:00+00:00,2026-05-14 12:00:00+00:00,35.0,36,1.0,22.50056,69.83916,3.695,ordinary,flagged_facility,Jamnagar (Sikka) marine terminal,14.54,False,False,4,,False
636014253,PISSIOTIS,LBR,jamnagar_vadinar_may2026,2026-05-14 03:00:00+00:00,2026-05-15 14:00:00+00:00,35.0,36,1.0,22.67889,69.6275,4.631,ordinary,flagged_facility,Vadinar terminal / Nayara refinery (EU+UK sanctioned),14.52,False,False,4,,False
538006239,AL BETROLEYA,MHL,jamnagar_vadinar_may2026,2026-05-05 21:00:00+00:00,2026-05-07 07:00:00+00:00,34.0,34,0.971,22.50118,69.83853,3.601,ordinary,flagged_facility,Jamnagar (Sikka) marine terminal,14.53,False,False,4,,False
636014250,TATAKI,LBR,jamnagar_vadinar_may2026,2026-05-06 06:00:00+00:00,2026-05-07 16:00:00+00:00,34.0,35,1.0,22.57029,69.78771,2.53,ordinary,flagged_facility,Vadinar terminal / Nayara refinery (EU+UK sanctioned),14.32,False,False,4,,False
352004264,VENDAVEL,PAN,jamnagar_vadinar_may2026,2026-05-18 06:00:00+00:00,2026-05-19 15:00:00+00:00,33.0,34,1.0,22.68,69.62559,1.599,ordinary,flagged_facility,Vadinar terminal / Nayara refinery (EU+UK sanctioned),14.67,False,False,4,,False
352202000,TOP FAIR,PAN,jamnagar_vadinar_may2026,2026-05-05 00:00:00+00:00,2026-05-06 09:00:00+00:00,33.0,33,0.971,22.6503,69.56606,1.792,ordinary,flagged_facility,Vadinar terminal / Nayara refinery (EU+UK sanctioned),14.09,False,False,4,,False
414836000,LIAN SHAN HU,CHN,jamnagar_vadinar_may2026,2026-05-06 22:00:00+00:00,2026-05-08 07:00:00+00:00,33.0,34,1.0,22.5,69.84,0.0,ordinary,flagged_facility,Jamnagar (Sikka) marine terminal,14.58,False,False,4,,False
636020815,NEW TRUST,LBR,jamnagar_vadinar_may2026,2026-05-24 03:00:00+00:00,2026-05-25 12:00:00+00:00,33.0,34,1.0,22.52588,69.69,1.876,ordinary,flagged_facility,Vadinar terminal / Nayara refinery (EU+UK sanctioned),4.91,False,False,4,,False
636023955,PACIFIC INDIGO,LBR,jamnagar_vadinar_may2026,2026-05-10 05:00:00+00:00,2026-05-11 14:00:00+00:00,33.0,34,1.0,22.59,69.86706,2.075,ordinary,flagged_facility,Vadinar terminal / Nayara refinery (EU+UK sanctioned),22.73,False,False,4,,False
566761000,MARITIME MERIDIAN,SGP,jamnagar_vadinar_may2026,2026-05-07 23:00:00+00:00,2026-05-09 07:00:00+00:00,32.0,33,1.0,22.49,69.84,0.0,ordinary,flagged_facility,Jamnagar (Sikka) marine terminal,14.02,False,False,4,,False
566762000,MARITIME POLARIS,SGP,jamnagar_vadinar_may2026,2026-05-22 12:00:00+00:00,2026-05-23 20:00:00+00:00,32.0,33,1.0,22.49061,69.83939,2.936,ordinary,flagged_facility,Jamnagar (Sikka) marine terminal,14.0,False,False,4,,False
613702110,FORTIS,CMR,jamnagar_vadinar_may2026,2026-05-19 06:00:00+00:00,2026-05-20 14:00:00+00:00,32.0,33,1.0,22.57,69.78667,0.685,ordinary,flagged_facility,Vadinar terminal / Nayara refinery (EU+UK sanctioned),14.21,False,False,4,,False
636014506,ARCTIC,LBR,jamnagar_vadinar_may2026,2026-05-08 19:00:00+00:00,2026-05-10 03:00:00+00:00,32.0,33,1.0,22.57455,69.6897,3.968,ordinary,flagged_facility,Vadinar terminal / Nayara refinery (EU+UK sanctioned),4.91,False,False,4,,False
667002004,GARASAN,SLE,jamnagar_vadinar_may2026,2026-05-22 12:00:00+00:00,2026-05-23 20:00:00+00:00,32.0,33,1.0,22.50242,69.65909,4.616,ordinary,flagged_facility,Vadinar terminal / Nayara refinery (EU+UK sanctioned),5.37,False,False,4,,False
249245000,COSTAS P,MLT,jamnagar_vadinar_may2026,2026-05-11 14:00:00+00:00,2026-05-12 21:00:00+00:00,31.0,32,1.0,22.58,69.83594,2.663,ordinary,flagged_facility,Vadinar terminal / Nayara refinery (EU+UK sanctioned),19.38,False,False,4,,False
636014506,ARCTIC,LBR,jamnagar_vadinar_may2026,2026-05-10 04:00:00+00:00,2026-05-11 11:00:00+00:00,31.0,32,1.0,22.525,69.69,0.556,ordinary,flagged_facility,Vadinar terminal / Nayara refinery (EU+UK sanctioned),4.96,False,False,4,,False
636015336,HIGH SEAS,LBR,jamnagar_vadinar_may2026,2026-05-23 14:00:00+00:00,2026-05-24 21:00:00+00:00,31.0,32,1.0,22.50062,69.83875,4.526,ordinary,flagged_facility,Jamnagar (Sikka) marine terminal,14.51,False,False,4,,False
636021162,LEGISLATOR,LBR,jamnagar_vadinar_may2026,2026-05-18 12:00:00+00:00,2026-05-19 19:00:00+00:00,31.0,32,1.0,22.65062,69.705,2.215,ordinary,flagged_facility,Vadinar terminal / Nayara refinery (EU+UK sanctioned),12.53,False,False,4,,False
241444000,AEGEAN MARATHON,GRC,jamnagar_vadinar_may2026,2026-05-22 09:00:00+00:00,2026-05-23 15:00:00+00:00,30.0,31,1.0,22.67968,69.65678,2.614,ordinary,flagged_facility,Vadinar terminal / Nayara refinery (EU+UK sanctioned),14.44,False,False,4,,False
248113000,SAMOS,MLT,jamnagar_vadinar_may2026,2026-05-07 06:00:00+00:00,2026-05-08 12:00:00+00:00,30.0,31,1.0,22.59226,69.80968,3.687,ordinary,flagged_facility,Vadinar terminal / Nayara refinery (EU+UK sanctioned),17.06,False,False,4,,False
273272850,GEFEST,RUS,jamnagar_vadinar_may2026,2026-05-11 05:00:00+00:00,2026-05-12 11:00:00+00:00,30.0,31,1.0,22.50194,69.65968,4.233,ordinary,flagged_facility,Vadinar terminal / Nayara refinery (EU+UK sanctioned),5.44,False,False,4,,False
351607000,MSC MONICA III,PAN,jamnagar_vadinar_may2026,2026-05-24 01:00:00+00:00,2026-05-25 07:00:00+00:00,30.0,31,1.0,22.67,69.75936,1.986,ordinary,flagged_facility,Vadinar terminal / Nayara refinery (EU+UK sanctioned),17.44,False,False,4,,False
352005381,DARIKA,PAN,jamnagar_vadinar_may2026,2026-05-24 17:00:00+00:00,2026-05-25 23:00:00+00:00,30.0,31,1.0,22.55323,69.61097,2.701,ordinary,flagged_facility,Vadinar terminal / Nayara refinery (EU+UK sanctioned),4.02,False,False,4,,False
538011332,MAYFAIR,MHL,jamnagar_vadinar_may2026,2026-05-19 16:00:00+00:00,2026-05-20 22:00:00+00:00,30.0,31,1.0,22.49032,69.84,1.076,ordinary,flagged_facility,Jamnagar (Sikka) marine terminal,14.04,False,False,4,,False
538011698,DHT REDWOOD,MHL,jamnagar_vadinar_may2026,2026-05-14 03:00:00+00:00,2026-05-15 09:00:00+00:00,30.0,31,1.0,22.61161,69.83709,3.452,ordinary,flagged_facility,Vadinar terminal / Nayara refinery (EU+UK sanctioned),20.39,False,False,4,,False
574004750,HAI NAM 85,VNM,jamnagar_vadinar_may2026,2026-05-24 17:00:00+00:00,2026-05-25 23:00:00+00:00,30.0,31,1.0,22.69,69.73774,0.794,ordinary,flagged_facility,Vadinar terminal / Nayara refinery (EU+UK sanctioned),17.98,False,False,4,,False
636017006,MSC ROBERTA   V,LBR,jamnagar_vadinar_may2026,2026-05-16 05:00:00+00:00,2026-05-17 11:00:00+00:00,30.0,31,1.0,22.69774,69.75968,1.314,ordinary,flagged_facility,Vadinar terminal / Nayara refinery (EU+UK sanctioned),19.91,False,False,4,,False
314115000,LUNA PELAGOS,BRB,jamnagar_vadinar_may2026,2026-05-24 15:00:00+00:00,2026-05-25 20:00:00+00:00,29.0,30,1.0,22.571,69.787,3.667,ordinary,flagged_facility,Vadinar terminal / Nayara refinery (EU+UK sanctioned),14.26,False,False,4,,False
352005116,LING HONG,PAN,jamnagar_vadinar_may2026,2026-05-24 03:00:00+00:00,2026-05-25 08:00:00+00:00,29.0,30,1.0,22.56,69.76633,0.65,ordinary,flagged_facility,Vadinar terminal / Nayara refinery (EU+UK sanctioned),12.0,False,False,4,,False
538011218,LUCKY MAY,MHL,jamnagar_vadinar_may2026,2026-05-18 04:00:00+00:00,2026-05-19 09:00:00+00:00,29.0,30,1.0,22.5,69.84,0.0,ordinary,flagged_facility,Jamnagar (Sikka) marine terminal,14.58,False,False,4,,False
563842000,X-PRESS KARAKORAM,SGP,jamnagar_vadinar_may2026,2026-05-10 22:00:00+00:00,2026-05-12 03:00:00+00:00,29.0,30,1.0,22.68767,69.738,2.3,ordinary,flagged_facility,Vadinar terminal / Nayara refinery (EU+UK sanctioned),17.77,False,False,4,,False
1651,M T OCEAN MISBAH,,jamnagar_vadinar_may2026,2026-05-12 07:00:00+00:00,2026-05-13 11:00:00+00:00,28.0,16,0.552,22.56188,69.7575,1.187,ordinary,flagged_facility,Vadinar terminal / Nayara refinery (EU+UK sanctioned),11.12,False,False,4,,False
235074589,CITIUS,GBR,jamnagar_vadinar_may2026,2026-05-23 10:00:00+00:00,2026-05-24 14:00:00+00:00,28.0,29,1.0,22.66069,69.54793,2.478,ordinary,flagged_facility,Vadinar terminal / Nayara refinery (EU+UK sanctioned),16.16,False,False,4,,False
352005381,DARIKA,PAN,jamnagar_vadinar_may2026,2026-05-23 12:00:00+00:00,2026-05-24 16:00:00+00:00,28.0,29,1.0,22.45138,69.66965,2.296,ordinary,flagged_facility,Jamnagar (Sikka) marine terminal,5.69,False,False,4,,False
538011530,SEA WOLF I,MHL,jamnagar_vadinar_may2026,2026-05-06 09:00:00+00:00,2026-05-07 13:00:00+00:00,28.0,29,1.0,22.58034,69.83586,4.321,ordinary,flagged_facility,Vadinar terminal / Nayara refinery (EU+UK sanctioned),19.38,False,False,4,,False
636013381,KAROLOS,LBR,jamnagar_vadinar_may2026,2026-05-18 05:00:00+00:00,2026-05-19 09:00:00+00:00,28.0,29,1.0,22.61103,69.83138,3.224,ordinary,flagged_facility,Vadinar terminal / Nayara refinery (EU+UK sanctioned),19.82,False,False,4,,False
636022984,MSC UNIFIC VI,LBR,jamnagar_vadinar_may2026,2026-05-17 20:00:00+00:00,2026-05-19 00:00:00+00:00,28.0,29,1.0,22.64759,69.72759,4.956,ordinary,flagged_facility,Vadinar terminal / Nayara refinery (EU+UK sanctioned),13.46,False,False,4,,False
650000116,RENS,MOZ,jamnagar_vadinar_may2026,2026-05-05 18:00:00+00:00,2026-05-06 22:00:00+00:00,28.0,24,0.828,22.53,69.71042,1.485,ordinary,flagged_facility,Vadinar terminal / Nayara refinery (EU+UK sanctioned),6.59,False,False,4,,False
273295230,VLADIMIR VINOGRADOV,RUS,jamnagar_vadinar_may2026,2026-05-12 01:00:00+00:00,2026-05-13 04:00:00+00:00,27.0,28,1.0,22.57179,69.78893,3.779,ordinary,flagged_facility,Vadinar terminal / Nayara refinery (EU+UK sanctioned),14.47,False,False,4,,False
352001325,AKSON SANDRA,PAN,jamnagar_vadinar_may2026,2026-05-20 09:00:00+00:00,2026-05-21 12:00:00+00:00,27.0,28,1.0,22.68286,69.73571,1.797,ordinary,flagged_facility,Vadinar terminal / Nayara refinery (EU+UK sanctioned),17.19,False,False,4,,False
636021297,KALAMOS,LBR,jamnagar_vadinar_may2026,2026-05-06 09:00:00+00:00,2026-05-07 12:00:00+00:00,27.0,28,1.0,22.5625,69.76678,3.345,ordinary,flagged_facility,Vadinar terminal / Nayara refinery (EU+UK sanctioned),12.07,False,False,4,,False
636026129,SPAIN B,LBR,jamnagar_vadinar_may2026,2026-05-06 08:00:00+00:00,2026-05-07 11:00:00+00:00,27.0,28,1.0,22.61036,69.83607,1.24,ordinary,flagged_facility,Vadinar terminal / Nayara refinery (EU+UK sanctioned),20.25,False,False,4,,False
219028419,TORM ALLEGRO,DNK,jamnagar_vadinar_may2026,2026-05-18 16:00:00+00:00,2026-05-19 18:00:00+00:00,26.0,27,1.0,22.50074,69.83926,1.401,ordinary,flagged_facility,Jamnagar (Sikka) marine terminal,14.56,False,False,4,,False
241444000,AEGEAN MARATHON,GRC,jamnagar_vadinar_may2026,2026-05-21 06:00:00+00:00,2026-05-22 08:00:00+00:00,26.0,27,1.0,22.63037,69.61556,1.828,ordinary,flagged_facility,Vadinar terminal / Nayara refinery (EU+UK sanctioned),9.61,False,False,4,,False
249245000,COSTAS P,MLT,jamnagar_vadinar_may2026,2026-05-21 14:00:00+00:00,2026-05-22 16:00:00+00:00,26.0,27,1.0,22.57963,69.83444,3.695,ordinary,flagged_facility,Vadinar terminal / Nayara refinery (EU+UK sanctioned),19.22,False,False,4,,False
352001127,KALLISTA,PAN,jamnagar_vadinar_may2026,2026-05-07 02:00:00+00:00,2026-05-08 04:00:00+00:00,26.0,27,1.0,22.68,69.62593,0.608,ordinary,flagged_facility,Vadinar terminal / Nayara refinery (EU+UK sanctioned),14.66,False,False,4,,False
352005520,KAI 1,PAN,jamnagar_vadinar_may2026,2026-05-13 18:00:00+00:00,2026-05-14 20:00:00+00:00,26.0,27,1.0,22.53889,69.68926,4.981,ordinary,flagged_facility,Vadinar terminal / Nayara refinery (EU+UK sanctioned),4.22,False,False,4,,False
525121002,NUSA MERDEKA,IDN,jamnagar_vadinar_may2026,2026-05-08 10:00:00+00:00,2026-05-09 12:00:00+00:00,26.0,27,1.0,22.68,69.6563,0.646,ordinary,flagged_facility,Vadinar terminal / Nayara refinery (EU+UK sanctioned),14.47,False,False,4,,False
563154900,GREAT MANTA,SGP,jamnagar_vadinar_may2026,2026-05-05 07:00:00+00:00,2026-05-06 09:00:00+00:00,26.0,27,1.0,22.58111,69.83629,3.421,ordinary,flagged_facility,Vadinar terminal / Nayara refinery (EU+UK sanctioned),19.44,False,False,4,,False
566304000,MARITIME NORDIC,SGP,jamnagar_vadinar_may2026,2026-05-15 01:00:00+00:00,2026-05-16 03:00:00+00:00,26.0,27,1.0,22.49074,69.83963,2.359,ordinary,flagged_facility,Jamnagar (Sikka) marine terminal,14.03,False,False,4,,False
319297200,MINTAKA,CYM,jamnagar_vadinar_may2026,2026-05-09 03:00:00+00:00,2026-05-10 04:00:00+00:00,25.0,26,1.0,22.59,69.86539,1.58,ordinary,flagged_facility,Vadinar terminal / Nayara refinery (EU+UK sanctioned),22.56,False,False,4,,False
352004301,GASSAN,PAN,jamnagar_vadinar_may2026,2026-05-19 18:00:00+00:00,2026-05-20 19:00:00+00:00,25.0,26,1.0,22.55,69.61,0.0,ordinary,flagged_facility,Vadinar terminal / Nayara refinery (EU+UK sanctioned),4.11,False,False,4,,False
461000235,CAVALIER,OMN,jamnagar_vadinar_may2026,2026-05-24 02:00:00+00:00,2026-05-25 03:00:00+00:00,25.0,26,1.0,22.50038,69.66,1.069,ordinary,flagged_facility,Vadinar terminal / Nayara refinery (EU+UK sanctioned),5.61,False,False,4,,False
538008831,MIDNIGHT GLORY,MHL,jamnagar_vadinar_may2026,2026-05-19 01:00:00+00:00,2026-05-20 02:00:00+00:00,25.0,26,1.0,22.57962,69.83538,1.907,ordinary,flagged_facility,Vadinar terminal / Nayara refinery (EU+UK sanctioned),19.32,False,False,4,,False
538011199,CELSIUS EDINBURGH,MHL,jamnagar_vadinar_may2026,2026-05-24 22:00:00+00:00,2026-05-25 23:00:00+00:00,25.0,26,1.0,22.67077,69.71846,2.155,ordinary,flagged_facility,Vadinar terminal / Nayara refinery (EU+UK sanctioned),15.16,False,False,4,,False
538011698,DHT REDWOOD,MHL,jamnagar_vadinar_may2026,2026-05-13 01:00:00+00:00,2026-05-14 02:00:00+00:00,25.0,26,1.0,22.59154,69.81,4.591,ordinary,flagged_facility,Vadinar terminal / Nayara refinery (EU+UK sanctioned),17.07,False,False,4,,False
631010088,FINA A,GNQ,jamnagar_vadinar_may2026,2026-05-18 09:00:00+00:00,2026-05-19 10:00:00+00:00,25.0,26,1.0,22.5,69.65962,4.574,ordinary,flagged_facility,Vadinar terminal / Nayara refinery (EU+UK sanctioned),5.65,False,False,4,,False
636025413,KALYMNOS I,LBR,jamnagar_vadinar_may2026,2026-05-09 05:00:00+00:00,2026-05-10 06:00:00+00:00,25.0,25,0.962,22.526,69.71,0.667,ordinary,flagged_facility,Vadinar terminal / Nayara refinery (EU+UK sanctioned),6.72,False,False,4,,False
219420000,TORM ASTRID,DNK,jamnagar_vadinar_may2026,2026-05-16 11:00:00+00:00,2026-05-17 11:00:00+00:00,24.0,25,1.0,22.5796,69.8348,2.547,ordinary,flagged_facility,Vadinar terminal / Nayara refinery (EU+UK sanctioned),19.26,False,False,4,,False
273618730,OKEANSKY PROSPECT,RUS,jamnagar_vadinar_may2026,2026-05-10 09:00:00+00:00,2026-05-11 09:00:00+00:00,24.0,25,1.0,22.5716,69.7888,2.05,ordinary,flagged_facility,Vadinar terminal / Nayara refinery (EU+UK sanctioned),14.45,False,False,4,,False
319287300,BETELGEUSE,CYM,jamnagar_vadinar_may2026,2026-05-19 06:00:00+00:00,2026-05-20 06:00:00+00:00,24.0,25,1.0,22.5904,69.8652,2.799,ordinary,flagged_facility,Vadinar terminal / Nayara refinery (EU+UK sanctioned),22.55,False,False,4,,False
352005363,HONGYONG CHANGSHENG,PAN,jamnagar_vadinar_may2026,2026-05-20 07:00:00+00:00,2026-05-21 07:00:00+00:00,24.0,25,1.0,22.632,69.71,0.89,ordinary,flagged_facility,Vadinar terminal / Nayara refinery (EU+UK sanctioned),11.0,False,False,4,,False
352006584,NORD VENTO,PAN,jamnagar_vadinar_may2026,2026-05-12 02:00:00+00:00,2026-05-13 02:00:00+00:00,24.0,25,1.0,22.5924,69.866,3.389,ordinary,flagged_facility,Vadinar terminal / Nayara refinery (EU+UK sanctioned),22.67,False,False,4,,False
440438000,DS ROSA,KOR,jamnagar_vadinar_may2026,2026-05-20 06:00:00+00:00,2026-05-21 06:00:00+00:00,24.0,25,1.0,22.49,69.85,0.0,ordinary,flagged_facility,Jamnagar (Sikka) marine terminal,14.93,False,False,4,,False
538005516,YANGTZE LEGEND,MHL,jamnagar_vadinar_may2026,2026-05-24 15:00:00+00:00,2026-05-25 15:00:00+00:00,24.0,25,1.0,22.66,69.75,0.0,ordinary,flagged_facility,Vadinar terminal / Nayara refinery (EU+UK sanctioned),15.97,False,False,4,,False
563234300,WAN HAI A17,SGP,jamnagar_vadinar_may2026,2026-05-18 16:00:00+00:00,2026-05-19 16:00:00+00:00,24.0,25,1.0,22.6904,69.7592,2.241,ordinary,flagged_facility,Vadinar terminal / Nayara refinery (EU+UK sanctioned),19.22,False,False,4,,False
566304000,MARITIME NORDIC,SGP,jamnagar_vadinar_may2026,2026-05-20 12:00:00+00:00,2026-05-21 12:00:00+00:00,24.0,25,1.0,22.4904,69.84,1.067,ordinary,flagged_facility,Jamnagar (Sikka) marine terminal,14.04,False,False,4,,False
636024106,MARATHO,LBR,jamnagar_vadinar_may2026,2026-05-20 03:00:00+00:00,2026-05-21 03:00:00+00:00,24.0,25,1.0,22.58,69.834,4.517,ordinary,flagged_facility,Vadinar terminal / Nayara refinery (EU+UK sanctioned),19.19,False,False,4,,False
352005925,SOUTHERN RESONANCE,PAN,jamnagar_vadinar_may2026,2026-05-09 05:00:00+00:00,2026-05-10 04:00:00+00:00,23.0,24,1.0,22.58083,69.835,4.177,ordinary,flagged_facility,Vadinar terminal / Nayara refinery (EU+UK sanctioned),19.3,False,False,4,,False
563243300,PM DUKE,SGP,jamnagar_vadinar_may2026,2026-05-17 08:00:00+00:00,2026-05-18 07:00:00+00:00,23.0,24,1.0,22.59042,69.86625,1.244,ordinary,flagged_facility,Vadinar terminal / Nayara refinery (EU+UK sanctioned),22.65,False,False,4,,False
563622000,HAFNIA LIONESS,SGP,jamnagar_vadinar_may2026,2026-05-13 06:00:00+00:00,2026-05-14 05:00:00+00:00,23.0,24,1.0,22.58083,69.83583,3.817,ordinary,flagged_facility,Vadinar terminal / Nayara refinery (EU+UK sanctioned),19.39,False,False,4,,False
567648000,HIRANYA BHUM,THA,jamnagar_vadinar_may2026,2026-05-05 00:00:00+00:00,2026-05-05 23:00:00+00:00,23.0,24,1.0,22.69042,69.77333,3.582,ordinary,flagged_facility,Vadinar terminal / Nayara refinery (EU+UK sanctioned),20.1,False,False,4,,False
413216120,MING LIAN,CHN,jamnagar_vadinar_may2026,2026-05-15 06:00:00+00:00,2026-05-16 04:00:00+00:00,22.0,23,1.0,22.65957,69.73565,4.826,ordinary,flagged_facility,Vadinar terminal / Nayara refinery (EU+UK sanctioned),15.02,False,False,4,,False
538011411,ATHENIAN STAR,MHL,jamnagar_vadinar_may2026,2026-05-21 05:00:00+00:00,2026-05-22 03:00:00+00:00,22.0,23,1.0,22.61087,69.82957,3.2,ordinary,flagged_facility,Vadinar terminal / Nayara refinery (EU+UK sanctioned),19.64,False,False,4,,False
477274200,UNIQUE HARMONY,HKG,jamnagar_vadinar_may2026,2026-05-25 02:00:00+00:00,2026-05-25 23:00:00+00:00,21.0,22,1.0,22.58,69.83772,0.793,ordinary,flagged_facility,Vadinar terminal / Nayara refinery (EU+UK sanctioned),19.56,False,False,4,,False
613321600,LUMIN,CMR,jamnagar_vadinar_may2026,2026-05-07 19:00:00+00:00,2026-05-08 16:00:00+00:00,21.0,22,1.0,22.52909,69.70909,2.305,ordinary,flagged_facility,Vadinar terminal / Nayara refinery (EU+UK sanctioned),6.5,False,False,4,,False
636022033,GAS AMMON,LBR,jamnagar_vadinar_may2026,2026-05-25 02:00:00+00:00,2026-05-25 23:00:00+00:00,21.0,22,1.0,22.52,69.75,0.0,ordinary,flagged_facility,Jamnagar (Sikka) marine terminal,10.47,False,False,4,,False
257359000,MELDERSKIN,NOR,jamnagar_vadinar_may2026,2026-05-25 03:00:00+00:00,2026-05-25 23:00:00+00:00,20.0,21,1.0,22.49,69.84,0.0,ordinary,flagged_facility,Jamnagar (Sikka) marine terminal,14.02,False,False,4,,False
311000460,SELETAR SPIRIT,BHS,jamnagar_vadinar_may2026,2026-05-25 03:00:00+00:00,2026-05-25 23:00:00+00:00,20.0,21,1.0,22.5419,69.62762,4.243,ordinary,flagged_facility,Vadinar terminal / Nayara refinery (EU+UK sanctioned),2.47,False,False,4,,False
338408000,MAERSK CHICAGO,USA,jamnagar_vadinar_may2026,2026-05-05 00:00:00+00:00,2026-05-05 20:00:00+00:00,20.0,21,1.0,22.67143,69.74286,4.632,ordinary,flagged_facility,Vadinar terminal / Nayara refinery (EU+UK sanctioned),16.53,False,False,4,,False
477223600,LUMINA POLARIS,HKG,jamnagar_vadinar_may2026,2026-05-25 02:00:00+00:00,2026-05-25 22:00:00+00:00,20.0,21,1.0,22.66,69.7019,0.831,ordinary,flagged_facility,Vadinar terminal / Nayara refinery (EU+UK sanctioned),13.34,False,False,4,,False
636023423,METRO VENETIAN,LBR,jamnagar_vadinar_may2026,2026-05-23 05:00:00+00:00,2026-05-24 01:00:00+00:00,20.0,21,1.0,22.59143,69.86619,4.307,ordinary,flagged_facility,Vadinar terminal / Nayara refinery (EU+UK sanctioned),22.67,False,False,4,,False
273279840,NASLEDIE,RUS,jamnagar_vadinar_may2026,2026-05-25 04:00:00+00:00,2026-05-25 23:00:00+00:00,19.0,20,1.0,22.5205,69.658,3.382,ordinary,flagged_facility,Vadinar terminal / Nayara refinery (EU+UK sanctioned),3.38,False,False,4,,False
311001190,HELIOS,BHS,jamnagar_vadinar_may2026,2026-05-17 04:00:00+00:00,2026-05-17 23:00:00+00:00,19.0,20,1.0,22.59,69.8075,0.77,ordinary,flagged_facility,Vadinar terminal / Nayara refinery (EU+UK sanctioned),16.77,False,False,4,,False
566312000,MARITIME KELLY ANNE,SGP,jamnagar_vadinar_may2026,2026-05-25 04:00:00+00:00,2026-05-25 23:00:00+00:00,19.0,20,1.0,22.5,69.84,0.0,ordinary,flagged_facility,Jamnagar (Sikka) marine terminal,14.58,False,False,4,,False
636017684,MSC MIRJAM,LBR,jamnagar_vadinar_may2026,2026-05-16 05:00:00+00:00,2026-05-17 00:00:00+00:00,19.0,20,1.0,22.652,69.7,4.225,ordinary,flagged_facility,Vadinar terminal / Nayara refinery (EU+UK sanctioned),12.45,False,False,4,,False
667001290,NILANGA,SLE,jamnagar_vadinar_may2026,2026-05-07 19:00:00+00:00,2026-05-08 14:00:00+00:00,19.0,20,1.0,22.5025,69.66,0.834,ordinary,flagged_facility,Vadinar terminal / Nayara refinery (EU+UK sanctioned),5.38,False,False,4,,False
353221000,SEA JEWEL,PAN,jamnagar_vadinar_may2026,2026-05-09 17:00:00+00:00,2026-05-10 11:00:00+00:00,18.0,19,1.0,22.56,69.76579,0.594,ordinary,flagged_facility,Vadinar terminal / Nayara refinery (EU+UK sanctioned),11.94,False,False,4,,False
354767000,IBI,PAN,jamnagar_vadinar_may2026,2026-05-05 00:00:00+00:00,2026-05-05 18:00:00+00:00,18.0,19,1.0,22.66158,69.74,3.16,ordinary,flagged_facility,Vadinar terminal / Nayara refinery (EU+UK sanctioned),15.47,False,False,4,,False
357932000,CHEMROAD HAWK,PAN,jamnagar_vadinar_may2026,2026-05-06 10:00:00+00:00,2026-05-07 04:00:00+00:00,18.0,19,1.0,22.49105,69.84842,3.6,ordinary,flagged_facility,Jamnagar (Sikka) marine terminal,14.84,False,False,4,,False
564189000,CHANG HANG XING YUN,SGP,jamnagar_vadinar_may2026,2026-05-08 04:00:00+00:00,2026-05-08 22:00:00+00:00,18.0,19,1.0,22.58,69.83631,0.648,ordinary,flagged_facility,Vadinar terminal / Nayara refinery (EU+UK sanctioned),19.42,False,False,4,,False
636021546,AL BAHYAH,LBR,jamnagar_vadinar_may2026,2026-05-25 05:00:00+00:00,2026-05-25 23:00:00+00:00,18.0,19,1.0,22.52895,69.70737,1.031,ordinary,flagged_facility,Vadinar terminal / Nayara refinery (EU+UK sanctioned),6.34,False,False,4,,False
636022841,BERGAMOT ACE,LBR,jamnagar_vadinar_may2026,2026-05-12 06:00:00+00:00,2026-05-13 00:00:00+00:00,18.0,19,1.0,22.67421,69.74579,3.175,ordinary,flagged_facility,Vadinar terminal / Nayara refinery (EU+UK sanctioned),16.95,False,False,4,,False
636023423,METRO VENETIAN,LBR,jamnagar_vadinar_may2026,2026-05-24 10:00:00+00:00,2026-05-25 04:00:00+00:00,18.0,19,1.0,22.59053,69.8679,1.075,ordinary,flagged_facility,Vadinar terminal / Nayara refinery (EU+UK sanctioned),22.82,False,False,4,,False
636023423,METRO VENETIAN,LBR,jamnagar_vadinar_may2026,2026-05-25 05:00:00+00:00,2026-05-25 23:00:00+00:00,18.0,19,1.0,22.60105,69.88,3.731,ordinary,flagged_facility,Vadinar terminal / Nayara refinery (EU+UK sanctioned),24.29,False,False,4,,False
249245000,COSTAS P,MLT,jamnagar_vadinar_may2026,2026-05-05 00:00:00+00:00,2026-05-05 17:00:00+00:00,17.0,15,0.833,22.53,69.608,0.822,ordinary,flagged_facility,Vadinar terminal / Nayara refinery (EU+UK sanctioned),4.85,False,False,4,,False
538009084,SUR,MHL,jamnagar_vadinar_may2026,2026-05-17 03:00:00+00:00,2026-05-17 20:00:00+00:00,17.0,18,1.0,22.66167,69.64222,4.979,ordinary,flagged_facility,Vadinar terminal / Nayara refinery (EU+UK sanctioned),12.44,False,False,4,,False
566304000,MARITIME NORDIC,SGP,jamnagar_vadinar_may2026,2026-05-05 00:00:00+00:00,2026-05-05 17:00:00+00:00,17.0,18,1.0,22.49,69.84,0.0,ordinary,flagged_facility,Jamnagar (Sikka) marine terminal,14.02,False,False,4,,False
636014506,ARCTIC,LBR,jamnagar_vadinar_may2026,2026-05-11 12:00:00+00:00,2026-05-12 05:00:00+00:00,17.0,18,1.0,22.56,69.61,0.0,ordinary,flagged_facility,Vadinar terminal / Nayara refinery (EU+UK sanctioned),4.26,False,False,4,,False
636024379,STAR WESTPORT,LBR,jamnagar_vadinar_may2026,2026-05-12 17:00:00+00:00,2026-05-13 10:00:00+00:00,17.0,18,1.0,22.69,69.76,0.0,ordinary,flagged_facility,Vadinar terminal / Nayara refinery (EU+UK sanctioned),19.23,False,False,4,,False
636092784,TUCAPEL,LBR,jamnagar_vadinar_may2026,2026-05-23 01:00:00+00:00,2026-05-23 18:00:00+00:00,17.0,13,0.722,22.7,69.78,4.103,ordinary,flagged_facility,Vadinar terminal / Nayara refinery (EU+UK sanctioned),21.36,False,False,4,,False
219025316,TORM SUCCESS,DNK,jamnagar_vadinar_may2026,2026-05-05 00:00:00+00:00,2026-05-05 16:00:00+00:00,16.0,17,1.0,22.5,69.84,0.0,ordinary,flagged_facility,Jamnagar (Sikka) marine terminal,14.58,False,False,4,,False
636020893,TARIF,LBR,jamnagar_vadinar_may2026,2026-05-25 07:00:00+00:00,2026-05-25 23:00:00+00:00,16.0,17,1.0,22.53,69.60647,0.665,ordinary,flagged_facility,Vadinar terminal / Nayara refinery (EU+UK sanctioned),4.99,False,False,4,,False
636025346,MSC MARIE LESLIE,LBR,jamnagar_vadinar_may2026,2026-05-13 00:00:00+00:00,2026-05-13 16:00:00+00:00,16.0,17,1.0,22.66,69.71,0.0,ordinary,flagged_facility,Vadinar terminal / Nayara refinery (EU+UK sanctioned),13.69,False,False,4,,False
636092784,TUCAPEL,LBR,jamnagar_vadinar_may2026,2026-05-22 02:00:00+00:00,2026-05-22 18:00:00+00:00,16.0,14,0.824,22.7,69.78357,0.66,ordinary,flagged_facility,Vadinar terminal / Nayara refinery (EU+UK sanctioned),21.59,False,False,4,,False
667001290,NILANGA,SLE,jamnagar_vadinar_may2026,2026-05-07 02:00:00+00:00,2026-05-07 18:00:00+00:00,16.0,17,1.0,22.51529,69.65941,4.971,ordinary,flagged_facility,Vadinar terminal / Nayara refinery (EU+UK sanctioned),3.98,False,False,4,,False
219028423,TORM LEADER,DNK,jamnagar_vadinar_may2026,2026-05-10 19:00:00+00:00,2026-05-11 10:00:00+00:00,15.0,16,1.0,22.58062,69.83562,1.192,ordinary,flagged_facility,Vadinar terminal / Nayara refinery (EU+UK sanctioned),19.36,False,False,4,,False
352005520,KAI 1,PAN,jamnagar_vadinar_may2026,2026-05-14 21:00:00+00:00,2026-05-15 12:00:00+00:00,15.0,13,0.812,22.53,69.68616,3.487,ordinary,flagged_facility,Vadinar terminal / Nayara refinery (EU+UK sanctioned),4.33,False,False,4,,False
636017006,MSC ROBERTA   V,LBR,jamnagar_vadinar_may2026,2026-05-05 00:00:00+00:00,2026-05-05 15:00:00+00:00,15.0,16,1.0,22.68875,69.73,0.973,ordinary,flagged_facility,Vadinar terminal / Nayara refinery (EU+UK sanctioned),17.48,False,False,4,,False
352471000,MSC ALIZEE III,PAN,jamnagar_vadinar_may2026,2026-05-14 15:00:00+00:00,2026-05-15 05:00:00+00:00,14.0,15,1.0,22.63933,69.68067,4.938,ordinary,flagged_facility,Vadinar terminal / Nayara refinery (EU+UK sanctioned),10.42,False,False,4,,False
354919000,TAKASAGO,PAN,jamnagar_vadinar_may2026,2026-05-09 09:00:00+00:00,2026-05-09 23:00:00+00:00,14.0,15,1.0,22.64,69.71667,1.369,ordinary,flagged_facility,Vadinar terminal / Nayara refinery (EU+UK sanctioned),12.12,False,False,4,,False
538009039,PLATA WEST,MHL,jamnagar_vadinar_may2026,2026-05-25 09:00:00+00:00,2026-05-25 23:00:00+00:00,14.0,15,1.0,22.574,69.69267,3.419,ordinary,flagged_facility,Vadinar terminal / Nayara refinery (EU+UK sanctioned),5.13,False,False,4,,False
563195400,HAFNIA PACIFIC,SGP,jamnagar_vadinar_may2026,2026-05-18 01:00:00+00:00,2026-05-18 15:00:00+00:00,14.0,15,1.0,22.69133,69.75733,2.023,ordinary,flagged_facility,Vadinar terminal / Nayara refinery (EU+UK sanctioned),19.19,False,False,4,,False
636026246,FRONTIER JACARANDA,LBR,jamnagar_vadinar_may2026,2026-05-21 08:00:00+00:00,2026-05-21 22:00:00+00:00,14.0,15,1.0,22.65867,69.54667,2.104,ordinary,flagged_facility,Vadinar terminal / Nayara refinery (EU+UK sanctioned),16.08,False,False,4,,False
271051022,NARA,TUR,jamnagar_vadinar_may2026,2026-05-25 04:00:00+00:00,2026-05-25 17:00:00+00:00,13.0,14,1.0,22.64429,69.7,4.102,ordinary,flagged_facility,Vadinar terminal / Nayara refinery (EU+UK sanctioned),11.67,False,False,4,,False
319301900,RIGEL,CYM,jamnagar_vadinar_may2026,2026-05-05 00:00:00+00:00,2026-05-05 13:00:00+00:00,13.0,11,0.786,22.52909,69.61091,1.376,ordinary,flagged_facility,Vadinar terminal / Nayara refinery (EU+UK sanctioned),4.64,False,False,4,,False
636024029,SEATRADE PERU,LBR,jamnagar_vadinar_may2026,2026-05-22 08:00:00+00:00,2026-05-22 21:00:00+00:00,13.0,14,1.0,22.68929,69.76214,3.298,ordinary,flagged_facility,Vadinar terminal / Nayara refinery (EU+UK sanctioned),19.3,False,False,4,,False
311001416,CMA CGM BUTTERFLY,BHS,jamnagar_vadinar_may2026,2026-05-10 11:00:00+00:00,2026-05-10 23:00:00+00:00,12.0,13,1.0,22.67462,69.77154,1.963,ordinary,flagged_facility,Vadinar terminal / Nayara refinery (EU+UK sanctioned),18.65,False,False,4,,False
353221000,SEA JEWEL,PAN,jamnagar_vadinar_may2026,2026-05-09 04:00:00+00:00,2026-05-09 16:00:00+00:00,12.0,13,1.0,22.56538,69.76538,4.984,ordinary,flagged_facility,Vadinar terminal / Nayara refinery (EU+UK sanctioned),11.97,False,False,4,,False
354919000,TAKASAGO,PAN,jamnagar_vadinar_may2026,2026-05-12 23:00:00+00:00,2026-05-13 11:00:00+00:00,12.0,13,1.0,22.63923,69.62923,1.396,ordinary,flagged_facility,Vadinar terminal / Nayara refinery (EU+UK sanctioned),10.15,False,False,4,,False
311000188,HERMES LEADER,BHS,jamnagar_vadinar_may2026,2026-05-17 02:00:00+00:00,2026-05-17 13:00:00+00:00,11.0,12,1.0,22.65333,69.72917,4.184,ordinary,flagged_facility,Vadinar terminal / Nayara refinery (EU+UK sanctioned),14.07,False,False,4,,False
566312000,MARITIME KELLY ANNE,SGP,jamnagar_vadinar_may2026,2026-05-14 01:00:00+00:00,2026-05-14 12:00:00+00:00,11.0,12,1.0,22.57167,69.63083,2.245,ordinary,flagged_facility,Vadinar terminal / Nayara refinery (EU+UK sanctioned),3.11,False,False,4,,False
209669000,LMZ ATLAS,CYP,jamnagar_vadinar_may2026,2026-05-21 18:00:00+00:00,2026-05-22 04:00:00+00:00,10.0,11,1.0,22.66818,69.71455,4.081,ordinary,flagged_facility,Vadinar terminal / Nayara refinery (EU+UK sanctioned),14.72,False,False,4,,False
354919000,TAKASAGO,PAN,jamnagar_vadinar_may2026,2026-05-12 12:00:00+00:00,2026-05-12 22:00:00+00:00,10.0,11,1.0,22.64182,69.63545,4.999,ordinary,flagged_facility,Vadinar terminal / Nayara refinery (EU+UK sanctioned),10.32,False,False,4,,False
356320000,AFRICAN ARROW,PAN,jamnagar_vadinar_may2026,2026-05-22 20:00:00+00:00,2026-05-23 06:00:00+00:00,10.0,11,1.0,22.65,69.70636,0.653,ordinary,flagged_facility,Vadinar terminal / Nayara refinery (EU+UK sanctioned),12.53,False,False,4,,False
370572000,CAPE AMANDA,PAN,jamnagar_vadinar_may2026,2026-05-18 22:00:00+00:00,2026-05-19 08:00:00+00:00,10.0,11,1.0,22.66,69.55455,0.559,ordinary,flagged_facility,Vadinar terminal / Nayara refinery (EU+UK sanctioned),15.67,False,False,4,,False
372939000,ATHENS VOYAGER,PAN,jamnagar_vadinar_may2026,2026-05-05 00:00:00+00:00,2026-05-05 10:00:00+00:00,10.0,11,1.0,22.67818,69.65728,2.407,ordinary,flagged_facility,Vadinar terminal / Nayara refinery (EU+UK sanctioned),14.27,False,False,4,,False
314115000,LUNA PELAGOS,BRB,jamnagar_vadinar_may2026,2026-05-22 07:00:00+00:00,2026-05-22 16:00:00+00:00,9.0,10,1.0,22.596,69.811,3.946,ordinary,flagged_facility,Vadinar terminal / Nayara refinery (EU+UK sanctioned),17.3,False,False,4,,False
352006188,NORSE LOLLAND,PAN,jamnagar_vadinar_may2026,2026-05-24 00:00:00+00:00,2026-05-24 09:00:00+00:00,9.0,10,1.0,22.643,69.698,3.245,ordinary,flagged_facility,Vadinar terminal / Nayara refinery (EU+UK sanctioned),11.46,False,False,4,,False
356320000,AFRICAN ARROW,PAN,jamnagar_vadinar_may2026,2026-05-22 10:00:00+00:00,2026-05-22 19:00:00+00:00,9.0,10,1.0,22.64,69.708,4.988,ordinary,flagged_facility,Vadinar terminal / Nayara refinery (EU+UK sanctioned),11.64,False,False,4,,False
431573000,CATTLEYA ACE,JPN,jamnagar_vadinar_may2026,2026-05-13 12:00:00+00:00,2026-05-13 21:00:00+00:00,9.0,10,1.0,22.687,69.762,2.642,ordinary,flagged_facility,Vadinar terminal / Nayara refinery (EU+UK sanctioned),19.08,False,False,4,,False
441205000,C. INNOVATOR,KOR,jamnagar_vadinar_may2026,2026-05-25 14:00:00+00:00,2026-05-25 23:00:00+00:00,9.0,10,1.0,22.56,69.764,0.616,ordinary,flagged_facility,Vadinar terminal / Nayara refinery (EU+UK sanctioned),11.76,False,False,4,,False
477768100,XIN BEIJING,HKG,jamnagar_vadinar_may2026,2026-05-08 14:00:00+00:00,2026-05-08 23:00:00+00:00,9.0,10,1.0,22.66,69.735,0.513,ordinary,flagged_facility,Vadinar terminal / Nayara refinery (EU+UK sanctioned),15.02,False,False,4,,False
563201400,X-PRESS CASSIOPEIA,SGP,jamnagar_vadinar_may2026,2026-05-25 14:00:00+00:00,2026-05-25 23:00:00+00:00,9.0,10,1.0,22.657,69.735,0.932,ordinary,flagged_facility,Vadinar terminal / Nayara refinery (EU+UK sanctioned),14.75,False,False,4,,False
636016126,CAP ANDREAS,LBR,jamnagar_vadinar_may2026,2026-05-24 19:00:00+00:00,2026-05-25 04:00:00+00:00,9.0,6,0.6,22.62667,69.56667,4.819,ordinary,flagged_facility,Vadinar terminal / Nayara refinery (EU+UK sanctioned),12.08,False,False,4,,False
636021808,LILA HANGZHOU,LBR,jamnagar_vadinar_may2026,2026-05-12 01:00:00+00:00,2026-05-12 10:00:00+00:00,9.0,10,1.0,22.644,69.576,4.971,ordinary,flagged_facility,Vadinar terminal / Nayara refinery (EU+UK sanctioned),12.92,False,False,4,,False
636024967,NORTHERN PRACTISE,LBR,jamnagar_vadinar_may2026,2026-05-06 09:00:00+00:00,2026-05-06 18:00:00+00:00,9.0,10,1.0,22.659,69.752,1.587,ordinary,flagged_facility,Vadinar terminal / Nayara refinery (EU+UK sanctioned),16.02,False,False,4,,False
1651,M T OCEAN MISBAH,,jamnagar_vadinar_may2026,2026-05-10 03:00:00+00:00,2026-05-10 11:00:00+00:00,8.0,5,0.556,22.56,69.754,0.616,ordinary,flagged_facility,Vadinar terminal / Nayara refinery (EU+UK sanctioned),10.74,False,False,4,,False
20000000,MT ASHWALEKHA,,jamnagar_vadinar_may2026,2026-05-22 06:00:00+00:00,2026-05-22 14:00:00+00:00,8.0,6,0.667,22.445,69.80667,2.159,ordinary,flagged_facility,Jamnagar (Sikka) marine terminal,9.06,False,False,4,,False
219028423,TORM LEADER,DNK,jamnagar_vadinar_may2026,2026-05-10 10:00:00+00:00,2026-05-10 18:00:00+00:00,8.0,9,1.0,22.58778,69.84889,4.891,ordinary,flagged_facility,Vadinar terminal / Nayara refinery (EU+UK sanctioned),20.85,False,False,4,,False
241312000,KOTA PLUMBAGO,GRC,jamnagar_vadinar_may2026,2026-05-11 17:00:00+00:00,2026-05-12 01:00:00+00:00,8.0,9,1.0,22.68,69.74222,4.998,ordinary,flagged_facility,Vadinar terminal / Nayara refinery (EU+UK sanctioned),17.28,False,False,4,,False
319287200,BELLATRIX,CYM,jamnagar_vadinar_may2026,2026-05-05 00:00:00+00:00,2026-05-05 08:00:00+00:00,8.0,9,1.0,22.59,69.86556,0.57,ordinary,flagged_facility,Vadinar terminal / Nayara refinery (EU+UK sanctioned),22.58,False,False,4,,False
477116200,KR TASMAN,HKG,jamnagar_vadinar_may2026,2026-05-05 00:00:00+00:00,2026-05-05 08:00:00+00:00,8.0,9,1.0,22.69,69.75,0.0,ordinary,flagged_facility,Vadinar terminal / Nayara refinery (EU+UK sanctioned),18.65,False,False,4,,False
477134100,ASL SHEKOU,HKG,jamnagar_vadinar_may2026,2026-05-22 14:00:00+00:00,2026-05-22 22:00:00+00:00,8.0,9,1.0,22.67444,69.76,4.942,ordinary,flagged_facility,Vadinar terminal / Nayara refinery (EU+UK sanctioned),17.86,False,False,4,,False
538010680,LAYLA,MHL,jamnagar_vadinar_may2026,2026-05-05 00:00:00+00:00,2026-05-05 08:00:00+00:00,8.0,9,1.0,22.67,69.73,0.0,ordinary,flagged_facility,Vadinar terminal / Nayara refinery (EU+UK sanctioned),15.67,False,False,4,,False
563319800,TS KELANG,SGP,jamnagar_vadinar_may2026,2026-05-08 05:00:00+00:00,2026-05-08 13:00:00+00:00,8.0,9,1.0,22.65,69.71,0.0,ordinary,flagged_facility,Vadinar terminal / Nayara refinery (EU+UK sanctioned),12.71,False,False,4,,False
636024379,STAR WESTPORT,LBR,jamnagar_vadinar_may2026,2026-05-12 08:00:00+00:00,2026-05-12 16:00:00+00:00,8.0,9,1.0,22.68778,69.75445,4.97,ordinary,flagged_facility,Vadinar terminal / Nayara refinery (EU+UK sanctioned),18.7,False,False,4,,False
636093220,BF HAMBURG,LBR,jamnagar_vadinar_may2026,2026-05-15 05:00:00+00:00,2026-05-15 13:00:00+00:00,8.0,9,1.0,22.68111,69.72778,1.014,ordinary,flagged_facility,Vadinar terminal / Nayara refinery (EU+UK sanctioned),16.62,False,False,4,,False
1651,M T OCEAN MISBAH,,jamnagar_vadinar_may2026,2026-05-23 01:00:00+00:00,2026-05-23 08:00:00+00:00,7.0,8,1.0,22.56125,69.755,1.1,ordinary,flagged_facility,Vadinar terminal / Nayara refinery (EU+UK sanctioned),10.85,False,False,4,,False
215249000,CMA CGM COLUMBA,MLT,jamnagar_vadinar_may2026,2026-05-20 09:00:00+00:00,2026-05-20 16:00:00+00:00,7.0,8,1.0,22.68375,69.78,3.891,ordinary,flagged_facility,Vadinar terminal / Nayara refinery (EU+UK sanctioned),19.98,False,False,4,,False
255915694,ESL SANA,PRT,jamnagar_vadinar_may2026,2026-05-17 07:00:00+00:00,2026-05-17 14:00:00+00:00,7.0,3,0.375,22.62333,69.56333,3.891,ordinary,flagged_facility,Vadinar terminal / Nayara refinery (EU+UK sanctioned),12.07,False,False,4,,False
273272850,GEFEST,RUS,jamnagar_vadinar_may2026,2026-05-12 12:00:00+00:00,2026-05-12 19:00:00+00:00,7.0,8,1.0,22.57625,69.6375,4.161,ordinary,flagged_facility,Vadinar terminal / Nayara refinery (EU+UK sanctioned),3.19,False,False,4,,False
311013600,SUNRISE ACE,BHS,jamnagar_vadinar_may2026,2026-05-24 05:00:00+00:00,2026-05-24 12:00:00+00:00,7.0,8,1.0,22.66375,69.72,4.972,ordinary,flagged_facility,Vadinar terminal / Nayara refinery (EU+UK sanctioned),14.55,False,False,4,,False
314116000,AURELIAN,BRB,jamnagar_vadinar_may2026,2026-05-11 04:00:00+00:00,2026-05-11 11:00:00+00:00,7.0,8,1.0,22.53,69.75,0.0,ordinary,flagged_facility,Vadinar terminal / Nayara refinery (EU+UK sanctioned),10.51,False,False,4,,False
352002215,AN YANG,PAN,jamnagar_vadinar_may2026,2026-05-11 16:00:00+00:00,2026-05-11 23:00:00+00:00,7.0,8,1.0,22.67125,69.74,2.925,ordinary,flagged_facility,Vadinar terminal / Nayara refinery (EU+UK sanctioned),16.34,False,False,4,,False
636021297,KALAMOS,LBR,jamnagar_vadinar_may2026,2026-05-17 05:00:00+00:00,2026-05-17 12:00:00+00:00,7.0,8,1.0,22.5775,69.77375,4.769,ordinary,flagged_facility,Vadinar terminal / Nayara refinery (EU+UK sanctioned),13.07,False,False,4,,False
636021297,KALAMOS,LBR,jamnagar_vadinar_may2026,2026-05-17 13:00:00+00:00,2026-05-17 20:00:00+00:00,7.0,8,1.0,22.56875,69.76875,4.73,ordinary,flagged_facility,Vadinar terminal / Nayara refinery (EU+UK sanctioned),12.37,False,False,4,,False
636092784,TUCAPEL,LBR,jamnagar_vadinar_may2026,2026-05-20 17:00:00+00:00,2026-05-21 00:00:00+00:00,7.0,5,0.625,22.682,69.792,4.675,ordinary,flagged_facility,Vadinar terminal / Nayara refinery (EU+UK sanctioned),20.69,False,False,4,,False
636092784,TUCAPEL,LBR,jamnagar_vadinar_may2026,2026-05-21 12:00:00+00:00,2026-05-21 19:00:00+00:00,7.0,8,1.0,22.7,69.78125,0.898,ordinary,flagged_facility,Vadinar terminal / Nayara refinery (EU+UK sanctioned),21.44,False,False,4,,False
249245000,COSTAS P,MLT,jamnagar_vadinar_may2026,2026-05-21 07:00:00+00:00,2026-05-21 13:00:00+00:00,6.0,7,1.0,22.59429,69.85285,4.851,ordinary,flagged_facility,Vadinar terminal / Nayara refinery (EU+UK sanctioned),21.4,False,False,4,,False
341540000,MARSA VICTORY,KNA,jamnagar_vadinar_may2026,2026-05-23 23:00:00+00:00,2026-05-24 05:00:00+00:00,6.0,7,1.0,22.67143,69.77,4.594,ordinary,flagged_facility,Vadinar terminal / Nayara refinery (EU+UK sanctioned),18.28,False,False,4,,False
352002472,LOWLANDS ALMA,PAN,jamnagar_vadinar_may2026,2026-05-20 05:00:00+00:00,2026-05-20 11:00:00+00:00,6.0,7,1.0,22.66286,69.55428,4.423,ordinary,flagged_facility,Vadinar terminal / Nayara refinery (EU+UK sanctioned),15.94,False,False,4,,False
441205000,C. INNOVATOR,KOR,jamnagar_vadinar_may2026,2026-05-25 07:00:00+00:00,2026-05-25 13:00:00+00:00,6.0,7,1.0,22.57714,69.75857,4.846,ordinary,flagged_facility,Vadinar terminal / Nayara refinery (EU+UK sanctioned),11.55,False,False,4,,False
525121002,NUSA MERDEKA,IDN,jamnagar_vadinar_may2026,2026-05-08 03:00:00+00:00,2026-05-08 09:00:00+00:00,6.0,7,1.0,22.65143,69.64429,4.834,ordinary,flagged_facility,Vadinar terminal / Nayara refinery (EU+UK sanctioned),11.29,False,False,4,,False
636022942,MSC GIOVANNA VII,LBR,jamnagar_vadinar_may2026,2026-05-20 22:00:00+00:00,2026-05-21 04:00:00+00:00,6.0,7,1.0,22.65143,69.67286,4.225,ordinary,flagged_facility,Vadinar terminal / Nayara refinery (EU+UK sanctioned),11.52,False,False,4,,False
636023893,KASTOS,LBR,jamnagar_vadinar_may2026,2026-05-05 00:00:00+00:00,2026-05-05 06:00:00+00:00,6.0,7,1.0,22.68,69.62429,0.586,ordinary,flagged_facility,Vadinar terminal / Nayara refinery (EU+UK sanctioned),14.69,False,False,4,,False
636025413,KALYMNOS I,LBR,jamnagar_vadinar_may2026,2026-05-10 07:00:00+00:00,2026-05-10 13:00:00+00:00,6.0,7,1.0,22.57714,69.64143,2.1,ordinary,flagged_facility,Vadinar terminal / Nayara refinery (EU+UK sanctioned),3.14,False,False,4,,False
650000116,RENS,MOZ,jamnagar_vadinar_may2026,2026-05-05 05:00:00+00:00,2026-05-05 11:00:00+00:00,6.0,7,1.0,22.53,69.71,1.112,ordinary,flagged_facility,Vadinar terminal / Nayara refinery (EU+UK sanctioned),6.55,False,False,4,,False
538003851,UACC MARAH,MHL,jamnagar_vadinar_may2026,2026-05-05 00:00:00+00:00,2026-05-25 23:00:00+00:00,503.0,504,1.0,22.64014,69.93965,1.097,prolonged,open_water,Vadinar terminal / Nayara refinery (EU+UK sanctioned),31.38,True,False,3,,False
538011411,ATHENIAN STAR,MHL,jamnagar_vadinar_may2026,2026-05-14 08:00:00+00:00,2026-05-21 04:00:00+00:00,164.0,165,1.0,22.63848,69.89994,1.034,extended,open_water,Vadinar terminal / Nayara refinery (EU+UK sanctioned),27.48,False,False,3,,False
419002089,AKSHIP 12,IND,jamnagar_vadinar_may2026,2026-05-07 12:00:00+00:00,2026-05-14 04:00:00+00:00,160.0,161,1.0,22.61,70.07,0.0,extended,open_water,Jamnagar (Sikka) marine terminal,41.15,False,False,3,,False
419001252,GAUTAM BSTAR-II,IND,jamnagar_vadinar_may2026,2026-05-19 09:00:00+00:00,2026-05-25 23:00:00+00:00,158.0,159,1.0,22.55,70.03,0.0,extended,open_water,Jamnagar (Sikka) marine terminal,34.53,False,False,3,,False
636092978,RIXTA OLDENDORFF,LBR,jamnagar_vadinar_may2026,2026-05-19 18:00:00+00:00,2026-05-25 23:00:00+00:00,149.0,135,0.9,22.69993,69.96044,1.105,extended,open_water,Vadinar terminal / Nayara refinery (EU+UK sanctioned),35.96,False,False,3,,False
419002017,VARAHA,IND,jamnagar_vadinar_may2026,2026-05-13 14:00:00+00:00,2026-05-19 08:00:00+00:00,138.0,139,1.0,22.53655,70.03007,3.857,extended,open_water,Jamnagar (Sikka) marine terminal,33.99,False,False,3,,False
538010135,SC GOLD OCEAN,MHL,jamnagar_vadinar_may2026,2026-05-15 02:00:00+00:00,2026-05-20 20:00:00+00:00,138.0,139,1.0,22.63007,69.93108,1.109,extended,open_water,Vadinar terminal / Nayara refinery (EU+UK sanctioned),30.2,False,False,3,,False
249245000,COSTAS P,MLT,jamnagar_vadinar_may2026,2026-05-05 21:00:00+00:00,2026-05-11 09:00:00+00:00,132.0,133,1.0,22.65,69.97,0.0,extended,open_water,Vadinar terminal / Nayara refinery (EU+UK sanctioned),34.68,False,False,3,,False
636020759,XIANG AN KOU,LBR,jamnagar_vadinar_may2026,2026-05-15 03:00:00+00:00,2026-05-20 15:00:00+00:00,132.0,133,1.0,22.6409,69.99255,3.974,extended,open_water,Jamnagar (Sikka) marine terminal,36.52,False,False,3,,False
419991649,RIDDHI SIDDHI,IND,jamnagar_vadinar_may2026,2026-05-20 16:00:00+00:00,2026-05-25 23:00:00+00:00,127.0,128,1.0,22.55484,70.03414,4.726,extended,open_water,Jamnagar (Sikka) marine terminal,35.13,False,False,3,,False
563238800,JAL KALASH,SGP,jamnagar_vadinar_may2026,2026-05-20 19:00:00+00:00,2026-05-25 23:00:00+00:00,124.0,125,1.0,22.66,70.03784,0.805,extended,open_water,Jamnagar (Sikka) marine terminal,41.47,False,False,3,,False
419000510,CANARA PROGRESS,IND,jamnagar_vadinar_may2026,2026-05-20 20:00:00+00:00,2026-05-25 23:00:00+00:00,123.0,124,1.0,22.59008,70.06145,1.41,extended,open_water,Jamnagar (Sikka) marine terminal,39.33,False,False,3,,False
613202701,AGNI,CMR,jamnagar_vadinar_may2026,2026-05-21 02:00:00+00:00,2026-05-25 23:00:00+00:00,117.0,118,1.0,22.66008,69.95,1.103,extended,open_water,Vadinar terminal / Nayara refinery (EU+UK sanctioned),33.14,False,False,3,,False
311049400,AFRICAN BLUE CRANE,BHS,jamnagar_vadinar_may2026,2026-05-21 06:00:00+00:00,2026-05-25 23:00:00+00:00,113.0,114,1.0,22.68675,69.93614,0.98,extended,open_water,Vadinar terminal / Nayara refinery (EU+UK sanctioned),33.07,False,False,3,,False
419030000,M V NEERJA,IND,jamnagar_vadinar_may2026,2026-05-19 22:00:00+00:00,2026-05-24 11:00:00+00:00,109.0,110,1.0,22.55,70.03,0.0,extended,open_water,Jamnagar (Sikka) marine terminal,34.53,False,False,3,,False
419001454,M.T. KB-21,IND,jamnagar_vadinar_may2026,2026-05-21 11:00:00+00:00,2026-05-25 23:00:00+00:00,108.0,103,0.945,22.55621,70.03612,3.802,extended,open_water,Jamnagar (Sikka) marine terminal,35.38,False,False,3,,False
563243300,PM DUKE,SGP,jamnagar_vadinar_may2026,2026-05-12 13:00:00+00:00,2026-05-17 01:00:00+00:00,108.0,109,1.0,22.66202,69.97707,1.146,extended,open_water,Vadinar terminal / Nayara refinery (EU+UK sanctioned),35.81,False,False,3,,False
538010924,OCEAN DILIGENCE,MHL,jamnagar_vadinar_may2026,2026-05-21 15:00:00+00:00,2026-05-25 23:00:00+00:00,104.0,105,1.0,22.65019,69.99981,2.997,extended,open_water,Vadinar terminal / Nayara refinery (EU+UK sanctioned),37.6,False,False,3,,False
219420000,TORM ASTRID,DNK,jamnagar_vadinar_may2026,2026-05-12 00:00:00+00:00,2026-05-16 06:00:00+00:00,102.0,103,1.0,22.66699,69.9498,2.059,extended,open_water,Vadinar terminal / Nayara refinery (EU+UK sanctioned),33.41,False,False,3,,False
352005775,SAEHAN OLIVIA,PAN,jamnagar_vadinar_may2026,2026-05-08 10:00:00+00:00,2026-05-12 07:00:00+00:00,93.0,94,1.0,22.62,69.9,0.0,extended,open_water,Vadinar terminal / Nayara refinery (EU+UK sanctioned),26.82,False,False,3,,False
419001455,M.T. RADHA,IND,jamnagar_vadinar_may2026,2026-05-22 04:00:00+00:00,2026-05-25 23:00:00+00:00,91.0,92,1.0,22.58457,70.06065,2.829,extended,open_water,Jamnagar (Sikka) marine terminal,38.99,False,False,3,,False
636013376,MARGARITA,LBR,jamnagar_vadinar_may2026,2026-05-10 14:00:00+00:00,2026-05-14 09:00:00+00:00,91.0,92,1.0,22.64043,69.95021,4.845,extended,open_water,Vadinar terminal / Nayara refinery (EU+UK sanctioned),32.42,False,False,3,,False
370455000,HAIMA,PAN,jamnagar_vadinar_may2026,2026-05-22 14:00:00+00:00,2026-05-25 23:00:00+00:00,81.0,82,1.0,22.67341,69.96793,1.094,extended,open_water,Vadinar terminal / Nayara refinery (EU+UK sanctioned),35.4,False,False,3,,False
511101886,CRONY,PLW,jamnagar_vadinar_may2026,2026-05-05 00:00:00+00:00,2026-05-08 08:00:00+00:00,80.0,73,0.901,22.5826,70.06,0.823,extended,open_water,Jamnagar (Sikka) marine terminal,38.83,False,False,3,,False
419991649,RIDDHI SIDDHI,IND,jamnagar_vadinar_may2026,2026-05-16 22:00:00+00:00,2026-05-20 05:00:00+00:00,79.0,80,1.0,22.57838,70.05387,3.996,extended,open_water,Jamnagar (Sikka) marine terminal,38.06,False,False,3,,False
636018711,SOUTHERN ROBIN,LBR,jamnagar_vadinar_may2026,2026-05-18 06:00:00+00:00,2026-05-21 08:00:00+00:00,74.0,75,1.0,22.62027,69.90494,3.371,extended,open_water,Vadinar terminal / Nayara refinery (EU+UK sanctioned),27.32,False,False,3,,False
419956689,MV SHRI LAXMI,IND,jamnagar_vadinar_may2026,2026-05-21 14:00:00+00:00,2026-05-24 15:00:00+00:00,73.0,71,0.959,22.52028,70.02986,2.415,extended,open_water,Jamnagar (Sikka) marine terminal,33.38,False,False,3,,False
636023275,LOURA,LBR,jamnagar_vadinar_may2026,2026-05-06 07:00:00+00:00,2026-05-09 08:00:00+00:00,73.0,74,1.0,22.69986,69.93649,1.155,extended,open_water,Vadinar terminal / Nayara refinery (EU+UK sanctioned),33.8,False,False,3,,False
419902535,MT DANSTAR 2,IND,jamnagar_vadinar_may2026,2026-05-19 23:00:00+00:00,2026-05-22 23:00:00+00:00,72.0,73,1.0,22.55,70.03,0.0,extended,open_water,Jamnagar (Sikka) marine terminal,34.53,False,False,3,,False
352003183,UNION RICH,PAN,jamnagar_vadinar_may2026,2026-05-06 10:00:00+00:00,2026-05-09 08:00:00+00:00,70.0,71,1.0,22.7,69.9362,0.636,extended,open_water,Vadinar terminal / Nayara refinery (EU+UK sanctioned),33.78,False,False,3,,False
319287200,BELLATRIX,CYM,jamnagar_vadinar_may2026,2026-05-05 12:00:00+00:00,2026-05-08 09:00:00+00:00,69.0,70,1.0,22.67971,69.96,1.08,extended,open_water,Vadinar terminal / Nayara refinery (EU+UK sanctioned),34.94,False,False,3,,False
319297100,SAIPH,CYM,jamnagar_vadinar_may2026,2026-05-23 02:00:00+00:00,2026-05-25 23:00:00+00:00,69.0,70,1.0,22.62029,69.91971,2.983,extended,open_water,Vadinar terminal / Nayara refinery (EU+UK sanctioned),28.77,False,False,3,,False
311001190,HELIOS,BHS,jamnagar_vadinar_may2026,2026-05-14 06:00:00+00:00,2026-05-17 01:00:00+00:00,67.0,67,0.985,22.67866,69.94731,4.949,extended,open_water,Vadinar terminal / Nayara refinery (EU+UK sanctioned),33.7,False,False,3,,False
563622000,HAFNIA LIONESS,SGP,jamnagar_vadinar_may2026,2026-05-10 06:00:00+00:00,2026-05-13 00:00:00+00:00,66.0,67,1.0,22.63,69.93,0.0,extended,open_water,Vadinar terminal / Nayara refinery (EU+UK sanctioned),30.09,False,False,3,,False
248124000,HALA LIGHT,MLT,jamnagar_vadinar_may2026,2026-05-23 07:00:00+00:00,2026-05-25 23:00:00+00:00,64.0,65,1.0,22.69,69.96615,0.631,extended,open_water,Vadinar terminal / Nayara refinery (EU+UK sanctioned),35.99,False,False,3,,False
419001251,SANGHI SUDARSHAN,IND,jamnagar_vadinar_may2026,2026-05-08 00:00:00+00:00,2026-05-10 15:00:00+00:00,63.0,64,1.0,22.56766,70.03453,4.969,extended,open_water,Jamnagar (Sikka) marine terminal,35.75,False,False,3,,False
219028423,TORM LEADER,DNK,jamnagar_vadinar_may2026,2026-05-07 19:00:00+00:00,2026-05-10 09:00:00+00:00,62.0,63,1.0,22.63984,69.95,1.094,extended,open_water,Vadinar terminal / Nayara refinery (EU+UK sanctioned),32.38,False,False,3,,False
538011218,LUCKY MAY,MHL,jamnagar_vadinar_may2026,2026-05-15 13:00:00+00:00,2026-05-18 00:00:00+00:00,59.0,60,1.0,22.64,69.95,0.0,extended,open_water,Vadinar terminal / Nayara refinery (EU+UK sanctioned),32.38,False,False,3,,False
241874000,CHIOS DF,GRC,jamnagar_vadinar_may2026,2026-05-23 15:00:00+00:00,2026-05-25 23:00:00+00:00,56.0,57,1.0,22.64632,69.91632,0.955,extended,open_water,Vadinar terminal / Nayara refinery (EU+UK sanctioned),29.36,False,False,3,,False
419999901,GAUTAM-1,IND,jamnagar_vadinar_may2026,2026-05-06 17:00:00+00:00,2026-05-09 01:00:00+00:00,56.0,48,0.842,22.6575,70.03833,3.284,extended,open_water,Jamnagar (Sikka) marine terminal,41.34,False,False,3,,False
419001804,TULSI SAGAR,IND,jamnagar_vadinar_may2026,2026-05-14 17:00:00+00:00,2026-05-16 19:00:00+00:00,50.0,51,1.0,22.55059,70.03039,3.841,extended,open_water,Jamnagar (Sikka) marine terminal,34.59,False,False,3,,False
419956689,MV SHRI LAXMI,IND,jamnagar_vadinar_may2026,2026-05-14 03:00:00+00:00,2026-05-16 04:00:00+00:00,49.0,45,0.9,22.60644,70.06355,4.095,extended,open_water,Jamnagar (Sikka) marine terminal,40.38,False,False,3,,False
538005348,NO.6 OCEAN PIONEER,MHL,jamnagar_vadinar_may2026,2026-05-23 22:00:00+00:00,2026-05-25 23:00:00+00:00,49.0,50,1.0,22.65,69.97,0.0,extended,open_water,Vadinar terminal / Nayara refinery (EU+UK sanctioned),34.68,False,False,3,,False
419002017,VARAHA,IND,jamnagar_vadinar_may2026,2026-05-11 07:00:00+00:00,2026-05-13 07:00:00+00:00,48.0,46,0.939,22.43717,69.80652,2.625,ordinary,flagged_facility,Jamnagar (Sikka) marine terminal,8.93,False,True,3,,False
419001885,KB 49,IND,jamnagar_vadinar_may2026,2026-05-23 11:00:00+00:00,2026-05-25 10:00:00+00:00,47.0,48,1.0,22.50437,69.69521,4.617,ordinary,flagged_facility,Vadinar terminal / Nayara refinery (EU+UK sanctioned),6.88,False,True,3,,False
419014400,M V POONAM,IND,jamnagar_vadinar_may2026,2026-05-14 07:00:00+00:00,2026-05-16 06:00:00+00:00,47.0,48,1.0,22.50083,69.83708,4.273,ordinary,flagged_facility,Jamnagar (Sikka) marine terminal,14.38,False,True,3,,False
419072500,RELTUG 16,IND,jamnagar_vadinar_may2026,2026-05-14 21:00:00+00:00,2026-05-16 20:00:00+00:00,47.0,47,0.979,22.49234,69.84702,4.891,ordinary,flagged_facility,Jamnagar (Sikka) marine terminal,14.78,False,True,3,,False
419077800,REL DARSHAN,IND,jamnagar_vadinar_may2026,2026-05-07 10:00:00+00:00,2026-05-09 09:00:00+00:00,47.0,29,0.604,22.58034,69.85034,3.903,ordinary,flagged_facility,Vadinar terminal / Nayara refinery (EU+UK sanctioned),20.85,False,True,3,,False
419293000,RELTUG 7,IND,jamnagar_vadinar_may2026,2026-05-14 09:00:00+00:00,2026-05-16 08:00:00+00:00,47.0,46,0.958,22.57935,69.83587,4.265,ordinary,flagged_facility,Vadinar terminal / Nayara refinery (EU+UK sanctioned),19.36,False,True,3,,False
419532000,DESH UJAALA,IND,jamnagar_vadinar_may2026,2026-05-21 11:00:00+00:00,2026-05-23 10:00:00+00:00,47.0,48,1.0,22.56146,69.76542,3.222,ordinary,flagged_facility,Vadinar terminal / Nayara refinery (EU+UK sanctioned),11.92,False,True,3,,False
419001358,PRABHAT SHOBHA,IND,jamnagar_vadinar_may2026,2026-05-24 01:00:00+00:00,2026-05-25 23:00:00+00:00,46.0,47,1.0,22.56362,69.76234,3.037,ordinary,flagged_facility,Vadinar terminal / Nayara refinery (EU+UK sanctioned),11.64,False,True,3,,False
419001472,OCEAN PRIDE,IND,jamnagar_vadinar_may2026,2026-05-11 06:00:00+00:00,2026-05-13 04:00:00+00:00,46.0,47,1.0,22.5283,69.70574,2.905,ordinary,flagged_facility,Vadinar terminal / Nayara refinery (EU+UK sanctioned),6.21,False,True,3,,False
419001910,DECCAN GEMMA,IND,jamnagar_vadinar_may2026,2026-05-24 01:00:00+00:00,2026-05-25 23:00:00+00:00,46.0,47,1.0,22.56085,69.75511,2.634,ordinary,flagged_facility,Vadinar terminal / Nayara refinery (EU+UK sanctioned),10.86,False,True,3,,False
419956787,DAWN II,IND,jamnagar_vadinar_may2026,2026-05-23 16:00:00+00:00,2026-05-25 14:00:00+00:00,46.0,47,1.0,22.5717,69.84979,4.069,ordinary,flagged_facility,Jamnagar (Sikka) marine terminal,20.64,False,True,3,,False
419956952,MV GAUTAM ATHARV,IND,jamnagar_vadinar_may2026,2026-05-14 11:00:00+00:00,2026-05-16 09:00:00+00:00,46.0,42,0.894,22.44667,69.80334,2.523,ordinary,flagged_facility,Jamnagar (Sikka) marine terminal,8.76,False,True,3,,False
419001910,DECCAN GEMMA,IND,jamnagar_vadinar_may2026,2026-05-21 10:00:00+00:00,2026-05-23 07:00:00+00:00,45.0,46,1.0,22.56087,69.765,4.381,ordinary,flagged_facility,Vadinar terminal / Nayara refinery (EU+UK sanctioned),11.87,False,True,3,,False
419072500,RELTUG 16,IND,jamnagar_vadinar_may2026,2026-05-23 23:00:00+00:00,2026-05-25 20:00:00+00:00,45.0,46,1.0,22.60848,69.83674,1.96,ordinary,flagged_facility,Vadinar terminal / Nayara refinery (EU+UK sanctioned),20.25,False,True,3,,False
419292000,RELTUG SIX,IND,jamnagar_vadinar_may2026,2026-05-19 05:00:00+00:00,2026-05-21 02:00:00+00:00,45.0,46,1.0,22.57957,69.83565,3.416,ordinary,flagged_facility,Vadinar terminal / Nayara refinery (EU+UK sanctioned),19.34,False,True,3,,False
419902339,MT MAHADEV,IND,jamnagar_vadinar_may2026,2026-05-09 09:00:00+00:00,2026-05-11 06:00:00+00:00,45.0,39,0.848,22.43128,69.67,3.193,ordinary,flagged_facility,Jamnagar (Sikka) marine terminal,5.14,False,True,3,,False
419956564,M T KB XVII,IND,jamnagar_vadinar_may2026,2026-05-23 02:00:00+00:00,2026-05-24 23:00:00+00:00,45.0,38,0.826,22.69579,69.62632,1.871,ordinary,flagged_facility,Vadinar terminal / Nayara refinery (EU+UK sanctioned),16.39,False,True,3,,False
419001019,SSL BHARAT,IND,jamnagar_vadinar_may2026,2026-05-22 06:00:00+00:00,2026-05-24 02:00:00+00:00,44.0,45,1.0,22.66844,69.71822,3.711,ordinary,flagged_facility,Vadinar terminal / Nayara refinery (EU+UK sanctioned),14.92,False,True,3,,False
419001130,VIHAAN,IND,jamnagar_vadinar_may2026,2026-05-20 01:00:00+00:00,2026-05-21 21:00:00+00:00,44.0,45,1.0,22.52867,69.706,4.158,ordinary,flagged_facility,Vadinar terminal / Nayara refinery (EU+UK sanctioned),6.22,False,True,3,,False
419077500,AGNI,IND,jamnagar_vadinar_may2026,2026-05-19 12:00:00+00:00,2026-05-21 08:00:00+00:00,44.0,45,1.0,22.58044,69.79889,4.221,ordinary,flagged_facility,Vadinar terminal / Nayara refinery (EU+UK sanctioned),15.66,False,True,3,,False
419900981,M V JAY ASHWINI,IND,jamnagar_vadinar_may2026,2026-05-05 05:00:00+00:00,2026-05-07 01:00:00+00:00,44.0,43,0.956,22.44023,69.8,1.086,ordinary,flagged_facility,Jamnagar (Sikka) marine terminal,8.3,False,True,3,,False
419001085,RELTUG SEVENTEEN,IND,jamnagar_vadinar_may2026,2026-05-06 12:00:00+00:00,2026-05-08 07:00:00+00:00,43.0,41,0.932,22.49341,69.8461,4.742,ordinary,flagged_facility,Jamnagar (Sikka) marine terminal,14.75,False,True,3,,False
419001390,KNK ASHIMA,IND,jamnagar_vadinar_may2026,2026-05-15 09:00:00+00:00,2026-05-17 04:00:00+00:00,43.0,44,1.0,22.52636,69.70613,1.706,ordinary,flagged_facility,Vadinar terminal / Nayara refinery (EU+UK sanctioned),6.34,False,True,3,,False
419001651,KNK NAYRA,IND,jamnagar_vadinar_may2026,2026-05-19 09:00:00+00:00,2026-05-21 04:00:00+00:00,43.0,44,1.0,22.50773,69.81977,4.807,ordinary,flagged_facility,Jamnagar (Sikka) marine terminal,13.41,False,True,3,,False
419001794,RIVER PEARL 10,IND,jamnagar_vadinar_may2026,2026-05-12 05:00:00+00:00,2026-05-14 00:00:00+00:00,43.0,44,1.0,22.44045,69.67,2.173,ordinary,flagged_facility,Jamnagar (Sikka) marine terminal,5.27,False,True,3,,False
419001944,DOLPHIN NO.42,IND,jamnagar_vadinar_may2026,2026-05-11 09:00:00+00:00,2026-05-13 04:00:00+00:00,43.0,44,1.0,22.68,69.65705,2.355,ordinary,flagged_facility,Vadinar terminal / Nayara refinery (EU+UK sanctioned),14.47,False,True,3,,False
419033600,RELTUG ELEVEN,IND,jamnagar_vadinar_may2026,2026-05-13 09:00:00+00:00,2026-05-15 04:00:00+00:00,43.0,34,0.773,22.49324,69.84617,4.011,ordinary,flagged_facility,Jamnagar (Sikka) marine terminal,14.75,False,True,3,,False
419033900,REL SAGAR,IND,jamnagar_vadinar_may2026,2026-05-14 05:00:00+00:00,2026-05-16 00:00:00+00:00,43.0,42,0.955,22.49762,69.82095,3.465,ordinary,flagged_facility,Jamnagar (Sikka) marine terminal,12.81,False,True,3,,False
419001130,VIHAAN,IND,jamnagar_vadinar_may2026,2026-05-05 04:00:00+00:00,2026-05-06 22:00:00+00:00,42.0,41,0.953,22.52854,69.70805,2.684,ordinary,flagged_facility,Vadinar terminal / Nayara refinery (EU+UK sanctioned),6.42,False,True,3,,False
419001456,MEERA,IND,jamnagar_vadinar_may2026,2026-05-09 09:00:00+00:00,2026-05-11 03:00:00+00:00,42.0,37,0.86,22.44027,69.66892,1.088,ordinary,flagged_facility,Jamnagar (Sikka) marine terminal,5.37,False,True,3,,False
419072700,RELTUG 14,IND,jamnagar_vadinar_may2026,2026-05-07 16:00:00+00:00,2026-05-09 10:00:00+00:00,42.0,43,1.0,22.4986,69.83442,4.968,ordinary,flagged_facility,Jamnagar (Sikka) marine terminal,14.02,False,True,3,,False
419079300,MV ANJALI,IND,jamnagar_vadinar_may2026,2026-05-13 06:00:00+00:00,2026-05-15 00:00:00+00:00,42.0,43,1.0,22.49977,69.83883,2.245,ordinary,flagged_facility,Jamnagar (Sikka) marine terminal,14.47,False,True,3,,False
419000765,CALYPSO FORTUNE,IND,jamnagar_vadinar_may2026,2026-05-08 14:00:00+00:00,2026-05-10 07:00:00+00:00,41.0,42,1.0,22.5719,69.81738,4.721,ordinary,flagged_facility,Vadinar terminal / Nayara refinery (EU+UK sanctioned),17.36,False,True,3,,False
419000893,OCEAN     CORAL,IND,jamnagar_vadinar_may2026,2026-05-20 15:00:00+00:00,2026-05-22 08:00:00+00:00,41.0,42,1.0,22.49548,69.69262,4.234,ordinary,flagged_facility,Vadinar terminal / Nayara refinery (EU+UK sanctioned),7.48,False,True,3,,False
419958545,RAKSHAK,IND,jamnagar_vadinar_may2026,2026-05-20 19:00:00+00:00,2026-05-22 12:00:00+00:00,41.0,30,0.714,22.445,69.67667,4.252,ordinary,flagged_facility,Jamnagar (Sikka) marine terminal,4.76,False,True,3,,False
419000101,BAITARANI,IND,jamnagar_vadinar_may2026,2026-05-16 01:00:00+00:00,2026-05-17 17:00:00+00:00,40.0,36,0.878,22.67861,69.65611,4.046,ordinary,flagged_facility,Vadinar terminal / Nayara refinery (EU+UK sanctioned),14.31,False,True,3,,False
419024600,ESSAR TUG XI,IND,jamnagar_vadinar_may2026,2026-05-12 06:00:00+00:00,2026-05-13 22:00:00+00:00,40.0,24,0.585,22.39,69.61,0.0,ordinary,flagged_facility,Jamnagar (Sikka) marine terminal,12.15,False,True,3,,False
419072600,REL TUG FIFTEEN,IND,jamnagar_vadinar_may2026,2026-05-21 06:00:00+00:00,2026-05-22 22:00:00+00:00,40.0,30,0.732,22.591,69.86267,3.5,ordinary,flagged_facility,Vadinar terminal / Nayara refinery (EU+UK sanctioned),22.31,False,True,3,,False
419079400,MV APSARA,IND,jamnagar_vadinar_may2026,2026-05-05 17:00:00+00:00,2026-05-07 09:00:00+00:00,40.0,41,1.0,22.49902,69.83927,1.548,ordinary,flagged_facility,Jamnagar (Sikka) marine terminal,14.46,False,True,3,,False
419079400,MV APSARA,IND,jamnagar_vadinar_may2026,2026-05-21 08:00:00+00:00,2026-05-23 00:00:00+00:00,40.0,41,1.0,22.50049,69.83951,3.845,ordinary,flagged_facility,Jamnagar (Sikka) marine terminal,14.57,False,True,3,,False
419511000,DESH SHANTI,IND,jamnagar_vadinar_may2026,2026-05-15 12:00:00+00:00,2026-05-17 04:00:00+00:00,40.0,41,1.0,22.52878,69.70951,4.008,ordinary,flagged_facility,Vadinar terminal / Nayara refinery (EU+UK sanctioned),6.55,False,True,3,,False
419956802,MT THAPA,IND,jamnagar_vadinar_may2026,2026-05-12 05:00:00+00:00,2026-05-13 21:00:00+00:00,40.0,41,1.0,22.4961,69.84097,1.149,ordinary,flagged_facility,Jamnagar (Sikka) marine terminal,14.44,False,True,3,,False
419001130,VIHAAN,IND,jamnagar_vadinar_may2026,2026-05-12 02:00:00+00:00,2026-05-13 17:00:00+00:00,39.0,40,1.0,22.52875,69.68825,2.653,ordinary,flagged_facility,Vadinar terminal / Nayara refinery (EU+UK sanctioned),4.58,False,True,3,,False
419001358,PRABHAT SHOBHA,IND,jamnagar_vadinar_may2026,2026-05-07 13:00:00+00:00,2026-05-09 04:00:00+00:00,39.0,40,1.0,22.459,69.79,1.001,ordinary,flagged_facility,Jamnagar (Sikka) marine terminal,7.88,False,True,3,,False
419001472,OCEAN PRIDE,IND,jamnagar_vadinar_may2026,2026-05-07 01:00:00+00:00,2026-05-08 16:00:00+00:00,39.0,40,1.0,22.5275,69.70725,3.625,ordinary,flagged_facility,Vadinar terminal / Nayara refinery (EU+UK sanctioned),6.39,False,True,3,,False
419055100,DOLPHIN NO 4,IND,jamnagar_vadinar_may2026,2026-05-16 04:00:00+00:00,2026-05-17 19:00:00+00:00,39.0,40,1.0,22.679,69.62675,4.349,ordinary,flagged_facility,Vadinar terminal / Nayara refinery (EU+UK sanctioned),14.54,False,True,3,,False
419077500,AGNI,IND,jamnagar_vadinar_may2026,2026-05-23 03:00:00+00:00,2026-05-24 18:00:00+00:00,39.0,40,1.0,22.586,69.82175,4.974,ordinary,flagged_facility,Vadinar terminal / Nayara refinery (EU+UK sanctioned),18.08,False,True,3,,False
419077600,NIVARAK,IND,jamnagar_vadinar_may2026,2026-05-18 08:00:00+00:00,2026-05-19 23:00:00+00:00,39.0,19,0.475,22.39,69.61,0.0,ordinary,flagged_facility,Jamnagar (Sikka) marine terminal,12.15,False,True,3,,False
419796000,DESH SAMMAN,IND,jamnagar_vadinar_may2026,2026-05-14 17:00:00+00:00,2026-05-16 08:00:00+00:00,39.0,40,1.0,22.5635,69.68725,3.948,ordinary,flagged_facility,Vadinar terminal / Nayara refinery (EU+UK sanctioned),4.11,False,True,3,,False
419001390,KNK ASHIMA,IND,jamnagar_vadinar_may2026,2026-05-06 01:00:00+00:00,2026-05-07 15:00:00+00:00,38.0,39,1.0,22.52641,69.68872,2.445,ordinary,flagged_facility,Vadinar terminal / Nayara refinery (EU+UK sanctioned),4.76,False,True,3,,False
419001390,KNK ASHIMA,IND,jamnagar_vadinar_may2026,2026-05-18 03:00:00+00:00,2026-05-19 17:00:00+00:00,38.0,39,1.0,22.52692,69.70615,2.708,ordinary,flagged_facility,Vadinar terminal / Nayara refinery (EU+UK sanctioned),6.31,False,True,3,,False
419001470,CORONET,IND,jamnagar_vadinar_may2026,2026-05-16 01:00:00+00:00,2026-05-17 15:00:00+00:00,38.0,39,1.0,22.49026,69.84,1.083,ordinary,flagged_facility,Jamnagar (Sikka) marine terminal,14.03,False,True,3,,False
419001472,OCEAN PRIDE,IND,jamnagar_vadinar_may2026,2026-05-22 10:00:00+00:00,2026-05-24 00:00:00+00:00,38.0,39,1.0,22.44103,69.67,3.222,ordinary,flagged_facility,Jamnagar (Sikka) marine terminal,5.28,False,True,3,,False
419001488,RELTUG NINETEEN,IND,jamnagar_vadinar_may2026,2026-05-19 08:00:00+00:00,2026-05-20 22:00:00+00:00,38.0,39,1.0,22.61026,69.83718,4.527,ordinary,flagged_facility,Vadinar terminal / Nayara refinery (EU+UK sanctioned),20.35,False,True,3,,False
419001651,KNK NAYRA,IND,jamnagar_vadinar_may2026,2026-05-08 17:00:00+00:00,2026-05-10 07:00:00+00:00,38.0,39,1.0,22.51026,69.81,3.463,ordinary,flagged_facility,Jamnagar (Sikka) marine terminal,12.85,False,True,3,,False
419001651,KNK NAYRA,IND,jamnagar_vadinar_may2026,2026-05-22 07:00:00+00:00,2026-05-23 21:00:00+00:00,38.0,39,1.0,22.60949,69.83692,2.642,ordinary,flagged_facility,Vadinar terminal / Nayara refinery (EU+UK sanctioned),20.3,False,True,3,,False
419001715,ZINNIA STAR,IND,jamnagar_vadinar_may2026,2026-05-08 02:00:00+00:00,2026-05-09 16:00:00+00:00,38.0,39,1.0,22.52564,69.68744,0.988,ordinary,flagged_facility,Vadinar terminal / Nayara refinery (EU+UK sanctioned),4.7,False,True,3,,False
419072700,RELTUG 14,IND,jamnagar_vadinar_may2026,2026-05-09 11:00:00+00:00,2026-05-11 01:00:00+00:00,38.0,39,1.0,22.49026,69.84974,1.475,ordinary,flagged_facility,Jamnagar (Sikka) marine terminal,14.92,False,True,3,,False
419079400,MV APSARA,IND,jamnagar_vadinar_may2026,2026-05-12 01:00:00+00:00,2026-05-13 15:00:00+00:00,38.0,39,1.0,22.49769,69.84179,4.958,ordinary,flagged_facility,Jamnagar (Sikka) marine terminal,14.6,False,True,3,,False
419079400,MV APSARA,IND,jamnagar_vadinar_may2026,2026-05-19 08:00:00+00:00,2026-05-20 22:00:00+00:00,38.0,39,1.0,22.50154,69.83333,4.903,ordinary,flagged_facility,Jamnagar (Sikka) marine terminal,14.1,False,True,3,,False
419902339,MT MAHADEV,IND,jamnagar_vadinar_may2026,2026-05-12 13:00:00+00:00,2026-05-14 03:00:00+00:00,38.0,39,1.0,22.43026,69.67,1.083,ordinary,flagged_facility,Jamnagar (Sikka) marine terminal,5.14,False,True,3,,False
419000964,ASTER STAR,IND,jamnagar_vadinar_may2026,2026-05-19 11:00:00+00:00,2026-05-21 00:00:00+00:00,37.0,37,0.974,22.49405,69.8454,4.773,ordinary,flagged_facility,Jamnagar (Sikka) marine terminal,14.72,False,True,3,,False
419001390,KNK ASHIMA,IND,jamnagar_vadinar_may2026,2026-05-21 11:00:00+00:00,2026-05-23 00:00:00+00:00,37.0,38,1.0,22.44026,69.67,1.083,ordinary,flagged_facility,Jamnagar (Sikka) marine terminal,5.26,False,True,3,,False
419001390,KNK ASHIMA,IND,jamnagar_vadinar_may2026,2026-05-23 01:00:00+00:00,2026-05-24 14:00:00+00:00,37.0,38,1.0,22.52579,69.70737,2.796,ordinary,flagged_facility,Vadinar terminal / Nayara refinery (EU+UK sanctioned),6.48,False,True,3,,False
419001715,ZINNIA STAR,IND,jamnagar_vadinar_may2026,2026-05-19 08:00:00+00:00,2026-05-20 21:00:00+00:00,37.0,38,1.0,22.50132,69.66053,4.696,ordinary,flagged_facility,Vadinar terminal / Nayara refinery (EU+UK sanctioned),5.52,False,True,3,,False
419002118,AVYAAN,IND,jamnagar_vadinar_may2026,2026-05-21 00:00:00+00:00,2026-05-22 13:00:00+00:00,37.0,38,1.0,22.45,69.67,0.0,ordinary,flagged_facility,Jamnagar (Sikka) marine terminal,5.6,False,True,3,,False
419024600,ESSAR TUG XI,IND,jamnagar_vadinar_may2026,2026-05-24 09:00:00+00:00,2026-05-25 22:00:00+00:00,37.0,25,0.658,22.39,69.61,0.0,ordinary,flagged_facility,Jamnagar (Sikka) marine terminal,12.15,False,True,3,,False
419292000,RELTUG SIX,IND,jamnagar_vadinar_may2026,2026-05-21 03:00:00+00:00,2026-05-22 16:00:00+00:00,37.0,38,1.0,22.49316,69.845,4.987,ordinary,flagged_facility,Jamnagar (Sikka) marine terminal,14.64,False,True,3,,False
419956663,M.V. MANGAL MURTI,IND,jamnagar_vadinar_may2026,2026-05-23 20:00:00+00:00,2026-05-25 09:00:00+00:00,37.0,21,0.553,22.43143,69.67095,1.332,ordinary,flagged_facility,Jamnagar (Sikka) marine terminal,5.04,False,True,3,,False
419001715,ZINNIA STAR,IND,jamnagar_vadinar_may2026,2026-05-05 12:00:00+00:00,2026-05-07 00:00:00+00:00,36.0,37,1.0,22.44,69.67,0.0,ordinary,flagged_facility,Jamnagar (Sikka) marine terminal,5.26,False,True,3,,False
419001715,ZINNIA STAR,IND,jamnagar_vadinar_may2026,2026-05-12 12:00:00+00:00,2026-05-14 00:00:00+00:00,36.0,37,1.0,22.44081,69.67,2.134,ordinary,flagged_facility,Jamnagar (Sikka) marine terminal,5.28,False,True,3,,False
419002059,COMPASS,IND,jamnagar_vadinar_may2026,2026-05-11 04:00:00+00:00,2026-05-12 16:00:00+00:00,36.0,37,1.0,22.56405,69.7627,4.427,ordinary,flagged_facility,Vadinar terminal / Nayara refinery (EU+UK sanctioned),11.68,False,True,3,,False
419292000,RELTUG SIX,IND,jamnagar_vadinar_may2026,2026-05-15 03:00:00+00:00,2026-05-16 15:00:00+00:00,36.0,37,1.0,22.59108,69.8673,3.139,ordinary,flagged_facility,Vadinar terminal / Nayara refinery (EU+UK sanctioned),22.77,False,True,3,,False
419956966,M.V.GAUTAM KRISHAV,IND,jamnagar_vadinar_may2026,2026-05-06 13:00:00+00:00,2026-05-08 01:00:00+00:00,36.0,36,0.973,22.43667,69.81361,4.43,ordinary,flagged_facility,Jamnagar (Sikka) marine terminal,9.65,False,True,3,,False
419001130,VIHAAN,IND,jamnagar_vadinar_may2026,2026-05-24 01:00:00+00:00,2026-05-25 12:00:00+00:00,35.0,36,1.0,22.52556,69.68945,4.373,ordinary,flagged_facility,Vadinar terminal / Nayara refinery (EU+UK sanctioned),4.88,False,True,3,,False
419001885,KB 49,IND,jamnagar_vadinar_may2026,2026-05-08 13:00:00+00:00,2026-05-10 00:00:00+00:00,35.0,35,0.972,22.49343,69.68914,4.596,ordinary,flagged_facility,Vadinar terminal / Nayara refinery (EU+UK sanctioned),7.47,False,True,3,,False
419066400,M V CHETAK,IND,jamnagar_vadinar_may2026,2026-05-05 17:00:00+00:00,2026-05-07 04:00:00+00:00,35.0,33,0.917,22.50212,69.83515,4.122,ordinary,flagged_facility,Jamnagar (Sikka) marine terminal,14.29,False,True,3,,False
419072500,RELTUG 16,IND,jamnagar_vadinar_may2026,2026-05-07 15:00:00+00:00,2026-05-09 02:00:00+00:00,35.0,36,1.0,22.49,69.85,0.0,ordinary,flagged_facility,Jamnagar (Sikka) marine terminal,14.93,False,True,3,,False
419077200,AKASH,IND,jamnagar_vadinar_may2026,2026-05-17 01:00:00+00:00,2026-05-18 12:00:00+00:00,35.0,36,1.0,22.57139,69.83916,4.522,ordinary,flagged_facility,Vadinar terminal / Nayara refinery (EU+UK sanctioned),19.57,False,True,3,,False
419077200,AKASH,IND,jamnagar_vadinar_may2026,2026-05-24 12:00:00+00:00,2026-05-25 23:00:00+00:00,35.0,35,0.972,22.57571,69.84257,4.025,ordinary,flagged_facility,Vadinar terminal / Nayara refinery (EU+UK sanctioned),19.98,False,True,3,,False
419079400,MV APSARA,IND,jamnagar_vadinar_may2026,2026-05-24 10:00:00+00:00,2026-05-25 21:00:00+00:00,35.0,36,1.0,22.50056,69.83389,4.098,ordinary,flagged_facility,Jamnagar (Sikka) marine terminal,14.09,False,True,3,,False
419093600,KAIVAN,IND,jamnagar_vadinar_may2026,2026-05-13 17:00:00+00:00,2026-05-15 04:00:00+00:00,35.0,36,1.0,22.47944,69.68195,4.555,ordinary,flagged_facility,Jamnagar (Sikka) marine terminal,6.75,False,True,3,,False
419902339,MT MAHADEV,IND,jamnagar_vadinar_may2026,2026-05-19 16:00:00+00:00,2026-05-21 03:00:00+00:00,35.0,36,1.0,22.43111,69.67,3.212,ordinary,flagged_facility,Jamnagar (Sikka) marine terminal,5.14,False,True,3,,False
419956966,M.V.GAUTAM KRISHAV,IND,jamnagar_vadinar_may2026,2026-05-10 18:00:00+00:00,2026-05-12 05:00:00+00:00,35.0,36,1.0,22.43556,69.81445,2.187,ordinary,flagged_facility,Jamnagar (Sikka) marine terminal,9.73,False,True,3,,False
419001462,OCEAN PROMICE,IND,jamnagar_vadinar_may2026,2026-05-14 03:00:00+00:00,2026-05-15 13:00:00+00:00,34.0,35,1.0,22.67914,69.62743,4.655,ordinary,flagged_facility,Vadinar terminal / Nayara refinery (EU+UK sanctioned),14.55,False,True,3,,False
419001472,OCEAN PRIDE,IND,jamnagar_vadinar_may2026,2026-05-05 14:00:00+00:00,2026-05-07 00:00:00+00:00,34.0,35,1.0,22.44029,69.67,1.08,ordinary,flagged_facility,Jamnagar (Sikka) marine terminal,5.26,False,True,3,,False
419001472,OCEAN PRIDE,IND,jamnagar_vadinar_may2026,2026-05-17 16:00:00+00:00,2026-05-19 02:00:00+00:00,34.0,35,1.0,22.44143,69.67,2.065,ordinary,flagged_facility,Jamnagar (Sikka) marine terminal,5.29,False,True,3,,False
419001715,ZINNIA STAR,IND,jamnagar_vadinar_may2026,2026-05-09 17:00:00+00:00,2026-05-11 03:00:00+00:00,34.0,35,1.0,22.44,69.67,0.0,ordinary,flagged_facility,Jamnagar (Sikka) marine terminal,5.26,False,True,3,,False
419001884,MT KB 50,IND,jamnagar_vadinar_may2026,2026-05-05 16:00:00+00:00,2026-05-07 02:00:00+00:00,34.0,33,0.943,22.49939,69.69121,4.893,ordinary,flagged_facility,Vadinar terminal / Nayara refinery (EU+UK sanctioned),7.04,False,True,3,,False
419014400,M V POONAM,IND,jamnagar_vadinar_may2026,2026-05-08 16:00:00+00:00,2026-05-10 02:00:00+00:00,34.0,35,1.0,22.50057,69.83714,2.049,ordinary,flagged_facility,Jamnagar (Sikka) marine terminal,14.37,False,True,3,,False
419033600,RELTUG ELEVEN,IND,jamnagar_vadinar_may2026,2026-05-11 22:00:00+00:00,2026-05-13 08:00:00+00:00,34.0,30,0.857,22.49633,69.84133,4.995,ordinary,flagged_facility,Jamnagar (Sikka) marine terminal,14.49,False,True,3,,False
419077200,AKASH,IND,jamnagar_vadinar_may2026,2026-05-22 18:00:00+00:00,2026-05-24 04:00:00+00:00,34.0,35,1.0,22.56886,69.84028,4.797,ordinary,flagged_facility,Vadinar terminal / Nayara refinery (EU+UK sanctioned),19.65,False,True,3,,False
419093600,KAIVAN,IND,jamnagar_vadinar_may2026,2026-05-24 13:00:00+00:00,2026-05-25 23:00:00+00:00,34.0,32,0.914,22.47781,69.68844,4.612,ordinary,flagged_facility,Jamnagar (Sikka) marine terminal,6.23,False,True,3,,False
419000638,OCEAN     EMPIRE,IND,jamnagar_vadinar_may2026,2026-05-14 01:00:00+00:00,2026-05-15 10:00:00+00:00,33.0,34,1.0,22.52588,69.68824,1.58,ordinary,flagged_facility,Vadinar terminal / Nayara refinery (EU+UK sanctioned),4.76,False,True,3,,False
419001456,MEERA,IND,jamnagar_vadinar_may2026,2026-05-19 10:00:00+00:00,2026-05-20 19:00:00+00:00,33.0,30,0.882,22.44433,69.67,3.033,ordinary,flagged_facility,Jamnagar (Sikka) marine terminal,5.38,False,True,3,,False
419072700,RELTUG 14,IND,jamnagar_vadinar_may2026,2026-05-06 06:00:00+00:00,2026-05-07 15:00:00+00:00,33.0,34,1.0,22.57059,69.78735,2.55,ordinary,flagged_facility,Vadinar terminal / Nayara refinery (EU+UK sanctioned),14.29,False,True,3,,False
419077500,AGNI,IND,jamnagar_vadinar_may2026,2026-05-17 22:00:00+00:00,2026-05-19 07:00:00+00:00,33.0,31,0.912,22.57355,69.79032,2.725,ordinary,flagged_facility,Vadinar terminal / Nayara refinery (EU+UK sanctioned),14.64,False,True,3,,False
419958509,MT ZARQA,IND,jamnagar_vadinar_may2026,2026-05-06 09:00:00+00:00,2026-05-07 18:00:00+00:00,33.0,27,0.794,22.44407,69.67,0.659,ordinary,flagged_facility,Jamnagar (Sikka) marine terminal,5.37,False,True,3,,False
419000765,CALYPSO FORTUNE,IND,jamnagar_vadinar_may2026,2026-05-15 04:00:00+00:00,2026-05-16 12:00:00+00:00,32.0,32,0.97,22.57406,69.82062,4.966,ordinary,flagged_facility,Vadinar terminal / Nayara refinery (EU+UK sanctioned),17.72,False,True,3,,False
419001358,PRABHAT SHOBHA,IND,jamnagar_vadinar_may2026,2026-05-05 00:00:00+00:00,2026-05-06 08:00:00+00:00,32.0,33,1.0,22.4597,69.79,1.078,ordinary,flagged_facility,Jamnagar (Sikka) marine terminal,7.92,False,True,3,,False
419001470,CORONET,IND,jamnagar_vadinar_may2026,2026-05-08 11:00:00+00:00,2026-05-09 19:00:00+00:00,32.0,33,1.0,22.49121,69.83909,2.865,ordinary,flagged_facility,Jamnagar (Sikka) marine terminal,14.0,False,True,3,,False
419001715,ZINNIA STAR,IND,jamnagar_vadinar_may2026,2026-05-22 10:00:00+00:00,2026-05-23 18:00:00+00:00,32.0,33,1.0,22.50303,69.66061,3.0,ordinary,flagged_facility,Vadinar terminal / Nayara refinery (EU+UK sanctioned),5.34,False,True,3,,False
419014400,M V POONAM,IND,jamnagar_vadinar_may2026,2026-05-19 05:00:00+00:00,2026-05-20 13:00:00+00:00,32.0,33,1.0,22.50061,69.83818,3.61,ordinary,flagged_facility,Jamnagar (Sikka) marine terminal,14.46,False,True,3,,False
419032300,AQUA SUN,IND,jamnagar_vadinar_may2026,2026-05-16 03:00:00+00:00,2026-05-17 11:00:00+00:00,32.0,19,0.576,22.58263,69.8521,3.796,ordinary,flagged_facility,Vadinar terminal / Nayara refinery (EU+UK sanctioned),21.07,False,True,3,,False
419902339,MT MAHADEV,IND,jamnagar_vadinar_may2026,2026-05-22 18:00:00+00:00,2026-05-24 02:00:00+00:00,32.0,30,0.909,22.43033,69.67,1.075,ordinary,flagged_facility,Jamnagar (Sikka) marine terminal,5.14,False,True,3,,False
419000638,OCEAN     EMPIRE,IND,jamnagar_vadinar_may2026,2026-05-07 07:00:00+00:00,2026-05-08 14:00:00+00:00,31.0,32,1.0,22.50281,69.66,0.799,ordinary,flagged_facility,Vadinar terminal / Nayara refinery (EU+UK sanctioned),5.35,False,True,3,,False
419000964,ASTER STAR,IND,jamnagar_vadinar_may2026,2026-05-23 01:00:00+00:00,2026-05-24 08:00:00+00:00,31.0,31,0.969,22.49161,69.84774,5.0,ordinary,flagged_facility,Jamnagar (Sikka) marine terminal,14.81,False,True,3,,False
419001358,PRABHAT SHOBHA,IND,jamnagar_vadinar_may2026,2026-05-11 05:00:00+00:00,2026-05-12 12:00:00+00:00,31.0,32,1.0,22.56031,69.76531,2.256,ordinary,flagged_facility,Vadinar terminal / Nayara refinery (EU+UK sanctioned),11.9,False,True,3,,False
419001651,KNK NAYRA,IND,jamnagar_vadinar_may2026,2026-05-14 17:00:00+00:00,2026-05-16 00:00:00+00:00,31.0,32,1.0,22.51031,69.8075,3.53,ordinary,flagged_facility,Jamnagar (Sikka) marine terminal,12.67,False,True,3,,False
419001715,ZINNIA STAR,IND,jamnagar_vadinar_may2026,2026-05-11 04:00:00+00:00,2026-05-12 11:00:00+00:00,31.0,32,1.0,22.50125,69.66063,2.551,ordinary,flagged_facility,Vadinar terminal / Nayara refinery (EU+UK sanctioned),5.53,False,True,3,,False
419001715,ZINNIA STAR,IND,jamnagar_vadinar_may2026,2026-05-14 03:00:00+00:00,2026-05-15 10:00:00+00:00,31.0,32,1.0,22.44094,69.67,3.232,ordinary,flagged_facility,Jamnagar (Sikka) marine terminal,5.28,False,True,3,,False
419032200,AQUA MOON,IND,jamnagar_vadinar_may2026,2026-05-12 23:00:00+00:00,2026-05-14 06:00:00+00:00,31.0,31,0.969,22.57097,69.79194,3.542,ordinary,flagged_facility,Vadinar terminal / Nayara refinery (EU+UK sanctioned),14.76,False,True,3,,False
419072500,RELTUG 16,IND,jamnagar_vadinar_may2026,2026-05-13 04:00:00+00:00,2026-05-14 11:00:00+00:00,31.0,32,1.0,22.49156,69.84781,2.748,ordinary,flagged_facility,Jamnagar (Sikka) marine terminal,14.81,False,True,3,,False
419072500,RELTUG 16,IND,jamnagar_vadinar_may2026,2026-05-21 08:00:00+00:00,2026-05-22 15:00:00+00:00,31.0,32,1.0,22.57906,69.83719,2.639,ordinary,flagged_facility,Vadinar terminal / Nayara refinery (EU+UK sanctioned),19.49,False,True,3,,False
419001130,VIHAAN,IND,jamnagar_vadinar_may2026,2026-05-18 04:00:00+00:00,2026-05-19 10:00:00+00:00,30.0,30,0.968,22.503,69.66,4.89,ordinary,flagged_facility,Vadinar terminal / Nayara refinery (EU+UK sanctioned),5.33,False,True,3,,False
419001286,TUG KB XI,IND,jamnagar_vadinar_may2026,2026-05-23 16:00:00+00:00,2026-05-24 22:00:00+00:00,30.0,31,1.0,22.5071,69.69258,3.112,ordinary,flagged_facility,Vadinar terminal / Nayara refinery (EU+UK sanctioned),6.47,False,True,3,,False
419001358,PRABHAT SHOBHA,IND,jamnagar_vadinar_may2026,2026-05-09 05:00:00+00:00,2026-05-10 11:00:00+00:00,30.0,28,0.903,22.56071,69.76607,2.233,ordinary,flagged_facility,Vadinar terminal / Nayara refinery (EU+UK sanctioned),11.98,False,True,3,,False
419001390,KNK ASHIMA,IND,jamnagar_vadinar_may2026,2026-05-20 02:00:00+00:00,2026-05-21 08:00:00+00:00,30.0,31,1.0,22.52742,69.68645,2.597,ordinary,flagged_facility,Vadinar terminal / Nayara refinery (EU+UK sanctioned),4.51,False,True,3,,False
419001651,KNK NAYRA,IND,jamnagar_vadinar_may2026,2026-05-24 14:00:00+00:00,2026-05-25 20:00:00+00:00,30.0,31,1.0,22.57,69.78742,0.762,ordinary,flagged_facility,Vadinar terminal / Nayara refinery (EU+UK sanctioned),14.29,False,True,3,,False
419001715,ZINNIA STAR,IND,jamnagar_vadinar_may2026,2026-05-16 01:00:00+00:00,2026-05-17 07:00:00+00:00,30.0,31,1.0,22.52355,69.68742,2.844,ordinary,flagged_facility,Vadinar terminal / Nayara refinery (EU+UK sanctioned),4.84,False,True,3,,False
419001944,DOLPHIN NO.42,IND,jamnagar_vadinar_may2026,2026-05-22 09:00:00+00:00,2026-05-23 15:00:00+00:00,30.0,31,1.0,22.67903,69.65645,1.394,ordinary,flagged_facility,Vadinar terminal / Nayara refinery (EU+UK sanctioned),14.36,False,True,3,,False
419055100,DOLPHIN NO 4,IND,jamnagar_vadinar_may2026,2026-05-08 06:00:00+00:00,2026-05-09 12:00:00+00:00,30.0,31,1.0,22.67871,69.65774,2.606,ordinary,flagged_facility,Vadinar terminal / Nayara refinery (EU+UK sanctioned),14.33,False,True,3,,False
419072600,REL TUG FIFTEEN,IND,jamnagar_vadinar_may2026,2026-05-10 04:00:00+00:00,2026-05-11 10:00:00+00:00,30.0,27,0.871,22.49704,69.83741,4.613,ordinary,flagged_facility,Jamnagar (Sikka) marine terminal,14.18,False,True,3,,False
419077800,REL DARSHAN,IND,jamnagar_vadinar_may2026,2026-05-22 03:00:00+00:00,2026-05-23 09:00:00+00:00,30.0,31,1.0,22.57258,69.8429,4.367,ordinary,flagged_facility,Vadinar terminal / Nayara refinery (EU+UK sanctioned),19.97,False,True,3,,False
419293000,RELTUG 7,IND,jamnagar_vadinar_may2026,2026-05-10 08:00:00+00:00,2026-05-11 14:00:00+00:00,30.0,31,1.0,22.58968,69.86774,1.338,ordinary,flagged_facility,Vadinar terminal / Nayara refinery (EU+UK sanctioned),22.79,False,True,3,,False
419753000,SWARNA BRAHMAPUTRA,IND,jamnagar_vadinar_may2026,2026-05-21 09:00:00+00:00,2026-05-22 15:00:00+00:00,30.0,31,1.0,22.57065,69.64,1.04,ordinary,flagged_facility,Vadinar terminal / Nayara refinery (EU+UK sanctioned),2.52,False,True,3,,False
419956564,M T KB XVII,IND,jamnagar_vadinar_may2026,2026-05-14 20:00:00+00:00,2026-05-16 02:00:00+00:00,30.0,31,1.0,22.69742,69.62613,2.036,ordinary,flagged_facility,Vadinar terminal / Nayara refinery (EU+UK sanctioned),16.57,False,True,3,,False
419956564,M T KB XVII,IND,jamnagar_vadinar_may2026,2026-05-16 20:00:00+00:00,2026-05-18 02:00:00+00:00,30.0,31,1.0,22.69774,69.62645,3.383,ordinary,flagged_facility,Vadinar terminal / Nayara refinery (EU+UK sanctioned),16.6,False,True,3,,False
419956787,DAWN II,IND,jamnagar_vadinar_may2026,2026-05-22 09:00:00+00:00,2026-05-23 15:00:00+00:00,30.0,24,0.774,22.4725,69.84,3.058,ordinary,flagged_facility,Jamnagar (Sikka) marine terminal,13.21,False,True,3,,False
419956952,MV GAUTAM ATHARV,IND,jamnagar_vadinar_may2026,2026-05-09 21:00:00+00:00,2026-05-11 03:00:00+00:00,30.0,31,1.0,22.43387,69.81613,2.442,ordinary,flagged_facility,Jamnagar (Sikka) marine terminal,9.89,False,True,3,,False
419958545,RAKSHAK,IND,jamnagar_vadinar_may2026,2026-05-05 22:00:00+00:00,2026-05-07 04:00:00+00:00,30.0,19,0.613,22.44316,69.67895,3.123,ordinary,flagged_facility,Jamnagar (Sikka) marine terminal,4.47,False,True,3,,False
419000765,CALYPSO FORTUNE,IND,jamnagar_vadinar_may2026,2026-05-10 18:00:00+00:00,2026-05-11 23:00:00+00:00,29.0,30,1.0,22.56733,69.811,4.696,ordinary,flagged_facility,Vadinar terminal / Nayara refinery (EU+UK sanctioned),16.64,False,True,3,,False
419001120,OCEAN AMMOLITE,IND,jamnagar_vadinar_may2026,2026-05-05 00:00:00+00:00,2026-05-06 05:00:00+00:00,29.0,22,0.733,22.44,69.67,0.0,ordinary,flagged_facility,Jamnagar (Sikka) marine terminal,5.26,False,True,3,,False
419001130,VIHAAN,IND,jamnagar_vadinar_may2026,2026-05-13 18:00:00+00:00,2026-05-14 23:00:00+00:00,29.0,30,1.0,22.44033,69.67,1.075,ordinary,flagged_facility,Jamnagar (Sikka) marine terminal,5.27,False,True,3,,False
419001481,M.T.PATRIOT,IND,jamnagar_vadinar_may2026,2026-05-05 18:00:00+00:00,2026-05-06 23:00:00+00:00,29.0,30,1.0,22.65033,69.71567,1.163,ordinary,flagged_facility,Vadinar terminal / Nayara refinery (EU+UK sanctioned),13.03,False,True,3,,False
419001794,RIVER PEARL 10,IND,jamnagar_vadinar_may2026,2026-05-14 03:00:00+00:00,2026-05-15 08:00:00+00:00,29.0,30,1.0,22.44167,69.67,3.151,ordinary,flagged_facility,Jamnagar (Sikka) marine terminal,5.3,False,True,3,,False
419024600,ESSAR TUG XI,IND,jamnagar_vadinar_may2026,2026-05-14 19:00:00+00:00,2026-05-16 00:00:00+00:00,29.0,16,0.533,22.39,69.61,0.0,ordinary,flagged_facility,Jamnagar (Sikka) marine terminal,12.15,False,True,3,,False
419033600,RELTUG ELEVEN,IND,jamnagar_vadinar_may2026,2026-05-15 11:00:00+00:00,2026-05-16 16:00:00+00:00,29.0,17,0.567,22.49294,69.84647,1.865,ordinary,flagged_facility,Jamnagar (Sikka) marine terminal,14.76,False,True,3,,False
419033600,RELTUG ELEVEN,IND,jamnagar_vadinar_may2026,2026-05-19 15:00:00+00:00,2026-05-20 20:00:00+00:00,29.0,24,0.8,22.49583,69.84083,4.981,ordinary,flagged_facility,Jamnagar (Sikka) marine terminal,14.41,False,True,3,,False
419072600,REL TUG FIFTEEN,IND,jamnagar_vadinar_may2026,2026-05-11 14:00:00+00:00,2026-05-12 19:00:00+00:00,29.0,20,0.667,22.5805,69.837,2.19,ordinary,flagged_facility,Vadinar terminal / Nayara refinery (EU+UK sanctioned),19.5,False,True,3,,False
419000101,BAITARANI,IND,jamnagar_vadinar_may2026,2026-05-07 00:00:00+00:00,2026-05-08 04:00:00+00:00,28.0,29,1.0,22.67966,69.62414,2.699,ordinary,flagged_facility,Vadinar terminal / Nayara refinery (EU+UK sanctioned),14.66,False,True,3,,False
419001085,RELTUG SEVENTEEN,IND,jamnagar_vadinar_may2026,2026-05-13 07:00:00+00:00,2026-05-14 11:00:00+00:00,28.0,29,1.0,22.49207,69.84965,3.641,ordinary,flagged_facility,Jamnagar (Sikka) marine terminal,15.0,False,True,3,,False
419001130,VIHAAN,IND,jamnagar_vadinar_may2026,2026-05-09 02:00:00+00:00,2026-05-10 06:00:00+00:00,28.0,25,0.862,22.5256,69.7084,1.819,ordinary,flagged_facility,Vadinar terminal / Nayara refinery (EU+UK sanctioned),6.58,False,True,3,,False
419014400,M V POONAM,IND,jamnagar_vadinar_may2026,2026-05-11 16:00:00+00:00,2026-05-12 20:00:00+00:00,28.0,29,1.0,22.5,69.83965,0.991,ordinary,flagged_facility,Jamnagar (Sikka) marine terminal,14.55,False,True,3,,False
419033600,RELTUG ELEVEN,IND,jamnagar_vadinar_may2026,2026-05-08 16:00:00+00:00,2026-05-09 20:00:00+00:00,28.0,18,0.621,22.49222,69.84722,3.425,ordinary,flagged_facility,Jamnagar (Sikka) marine terminal,14.79,False,True,3,,False
419072500,RELTUG 16,IND,jamnagar_vadinar_may2026,2026-05-17 23:00:00+00:00,2026-05-19 03:00:00+00:00,28.0,29,1.0,22.51103,69.80655,3.24,ordinary,flagged_facility,Jamnagar (Sikka) marine terminal,12.66,False,True,3,,False
419293000,RELTUG 7,IND,jamnagar_vadinar_may2026,2026-05-13 02:00:00+00:00,2026-05-14 06:00:00+00:00,28.0,29,1.0,22.50931,69.81172,4.48,ordinary,flagged_facility,Jamnagar (Sikka) marine terminal,12.91,False,True,3,,False
419740000,DESH VIRAAT,IND,jamnagar_vadinar_may2026,2026-05-16 04:00:00+00:00,2026-05-17 08:00:00+00:00,28.0,29,1.0,22.67862,69.6569,4.5,ordinary,flagged_facility,Vadinar terminal / Nayara refinery (EU+UK sanctioned),14.32,False,True,3,,False
419753000,SWARNA BRAHMAPUTRA,IND,jamnagar_vadinar_may2026,2026-05-20 04:00:00+00:00,2026-05-21 08:00:00+00:00,28.0,29,1.0,22.52759,69.69,1.38,ordinary,flagged_facility,Vadinar terminal / Nayara refinery (EU+UK sanctioned),4.8,False,True,3,,False
419950017,MSV RAMA,IND,jamnagar_vadinar_may2026,2026-05-13 09:00:00+00:00,2026-05-14 13:00:00+00:00,28.0,27,0.931,22.44037,69.80445,1.971,ordinary,flagged_facility,Jamnagar (Sikka) marine terminal,8.76,False,True,3,,False
419956787,DAWN II,IND,jamnagar_vadinar_may2026,2026-05-14 01:00:00+00:00,2026-05-15 05:00:00+00:00,28.0,29,1.0,22.57517,69.84379,4.123,ordinary,flagged_facility,Vadinar terminal / Nayara refinery (EU+UK sanctioned),20.1,False,True,3,,False
419000765,CALYPSO FORTUNE,IND,jamnagar_vadinar_may2026,2026-05-05 00:00:00+00:00,2026-05-06 03:00:00+00:00,27.0,28,1.0,22.57357,69.81,4.845,ordinary,flagged_facility,Vadinar terminal / Nayara refinery (EU+UK sanctioned),16.64,False,True,3,,False
419001286,TUG KB XI,IND,jamnagar_vadinar_may2026,2026-05-05 00:00:00+00:00,2026-05-06 03:00:00+00:00,27.0,28,1.0,22.52643,69.69393,2.462,ordinary,flagged_facility,Vadinar terminal / Nayara refinery (EU+UK sanctioned),5.22,False,True,3,,False
419001358,PRABHAT SHOBHA,IND,jamnagar_vadinar_may2026,2026-05-06 09:00:00+00:00,2026-05-07 12:00:00+00:00,27.0,26,0.929,22.56154,69.76577,3.194,ordinary,flagged_facility,Vadinar terminal / Nayara refinery (EU+UK sanctioned),11.96,False,True,3,,False
419001390,KNK ASHIMA,IND,jamnagar_vadinar_may2026,2026-05-14 05:00:00+00:00,2026-05-15 08:00:00+00:00,27.0,28,1.0,22.44,69.67,0.0,ordinary,flagged_facility,Jamnagar (Sikka) marine terminal,5.26,False,True,3,,False
419001441,MT SANMAR SRUTHI,IND,jamnagar_vadinar_may2026,2026-05-08 02:00:00+00:00,2026-05-09 05:00:00+00:00,27.0,28,1.0,22.67071,69.745,4.182,ordinary,flagged_facility,Vadinar terminal / Nayara refinery (EU+UK sanctioned),16.59,False,True,3,,False
419001472,OCEAN PRIDE,IND,jamnagar_vadinar_may2026,2026-05-21 06:00:00+00:00,2026-05-22 09:00:00+00:00,27.0,28,1.0,22.50393,69.66143,1.992,ordinary,flagged_facility,Vadinar terminal / Nayara refinery (EU+UK sanctioned),5.26,False,True,3,,False
419001884,MT KB 50,IND,jamnagar_vadinar_may2026,2026-05-07 03:00:00+00:00,2026-05-08 06:00:00+00:00,27.0,26,0.929,22.50192,69.69154,3.653,ordinary,flagged_facility,Vadinar terminal / Nayara refinery (EU+UK sanctioned),6.84,False,True,3,,False
419001885,KB 49,IND,jamnagar_vadinar_may2026,2026-05-06 08:00:00+00:00,2026-05-07 11:00:00+00:00,27.0,22,0.786,22.44727,69.67182,3.735,ordinary,flagged_facility,Jamnagar (Sikka) marine terminal,5.31,False,True,3,,False
419014400,M V POONAM,IND,jamnagar_vadinar_may2026,2026-05-10 06:00:00+00:00,2026-05-11 09:00:00+00:00,27.0,28,1.0,22.50036,69.83928,2.949,ordinary,flagged_facility,Jamnagar (Sikka) marine terminal,14.54,False,True,3,,False
419057400,RELTUG TWELVE,IND,jamnagar_vadinar_may2026,2026-05-05 00:00:00+00:00,2026-05-06 03:00:00+00:00,27.0,27,0.964,22.49222,69.84704,4.901,ordinary,flagged_facility,Jamnagar (Sikka) marine terminal,14.77,False,True,3,,False
419066400,M V CHETAK,IND,jamnagar_vadinar_may2026,2026-05-19 15:00:00+00:00,2026-05-20 18:00:00+00:00,27.0,28,1.0,22.50536,69.83143,4.234,ordinary,flagged_facility,Jamnagar (Sikka) marine terminal,14.19,False,True,3,,False
419071500,M. T. HAZEL,IND,jamnagar_vadinar_may2026,2026-05-14 19:00:00+00:00,2026-05-15 22:00:00+00:00,27.0,24,0.857,22.49042,69.85917,2.239,ordinary,flagged_facility,Jamnagar (Sikka) marine terminal,15.8,False,True,3,,False
419072600,REL TUG FIFTEEN,IND,jamnagar_vadinar_may2026,2026-05-15 04:00:00+00:00,2026-05-16 07:00:00+00:00,27.0,17,0.607,22.49118,69.84882,1.336,ordinary,flagged_facility,Jamnagar (Sikka) marine terminal,14.88,False,True,3,,False
419292000,RELTUG SIX,IND,jamnagar_vadinar_may2026,2026-05-17 04:00:00+00:00,2026-05-18 07:00:00+00:00,27.0,28,1.0,22.58929,69.86572,4.248,ordinary,flagged_facility,Vadinar terminal / Nayara refinery (EU+UK sanctioned),22.58,False,True,3,,False
419293000,RELTUG 7,IND,jamnagar_vadinar_may2026,2026-05-06 09:00:00+00:00,2026-05-07 12:00:00+00:00,27.0,28,1.0,22.58071,69.83786,3.125,ordinary,flagged_facility,Vadinar terminal / Nayara refinery (EU+UK sanctioned),19.59,False,True,3,,False
419956966,M.V.GAUTAM KRISHAV,IND,jamnagar_vadinar_may2026,2026-05-15 06:00:00+00:00,2026-05-16 09:00:00+00:00,27.0,27,0.964,22.43185,69.81778,2.722,ordinary,flagged_facility,Jamnagar (Sikka) marine terminal,10.05,False,True,3,,False
419000765,CALYPSO FORTUNE,IND,jamnagar_vadinar_may2026,2026-05-17 03:00:00+00:00,2026-05-18 05:00:00+00:00,26.0,27,1.0,22.5737,69.81518,4.889,ordinary,flagged_facility,Vadinar terminal / Nayara refinery (EU+UK sanctioned),17.16,False,True,3,,False
419001085,RELTUG SEVENTEEN,IND,jamnagar_vadinar_may2026,2026-05-08 12:00:00+00:00,2026-05-09 14:00:00+00:00,26.0,23,0.852,22.49609,69.84087,4.969,ordinary,flagged_facility,Jamnagar (Sikka) marine terminal,14.43,False,True,3,,False
419001085,RELTUG SEVENTEEN,IND,jamnagar_vadinar_may2026,2026-05-14 16:00:00+00:00,2026-05-15 18:00:00+00:00,26.0,27,1.0,22.49222,69.85111,3.758,ordinary,flagged_facility,Jamnagar (Sikka) marine terminal,15.15,False,True,3,,False
419001286,TUG KB XI,IND,jamnagar_vadinar_may2026,2026-05-11 19:00:00+00:00,2026-05-12 21:00:00+00:00,26.0,27,1.0,22.48704,69.68778,3.518,ordinary,flagged_facility,Jamnagar (Sikka) marine terminal,7.15,False,True,3,,False
419001472,OCEAN PRIDE,IND,jamnagar_vadinar_may2026,2026-05-24 01:00:00+00:00,2026-05-25 03:00:00+00:00,26.0,27,1.0,22.50074,69.66037,1.427,ordinary,flagged_facility,Vadinar terminal / Nayara refinery (EU+UK sanctioned),5.58,False,True,3,,False
419001488,RELTUG NINETEEN,IND,jamnagar_vadinar_may2026,2026-05-07 08:00:00+00:00,2026-05-08 10:00:00+00:00,26.0,27,1.0,22.59037,69.80593,1.231,ordinary,flagged_facility,Vadinar terminal / Nayara refinery (EU+UK sanctioned),16.63,False,True,3,,False
419001602,MENCAST18,IND,jamnagar_vadinar_may2026,2026-05-05 00:00:00+00:00,2026-05-06 02:00:00+00:00,26.0,21,0.778,22.44,69.67,0.0,ordinary,flagged_facility,Jamnagar (Sikka) marine terminal,5.26,False,True,3,,False
419032200,AQUA MOON,IND,jamnagar_vadinar_may2026,2026-05-18 05:00:00+00:00,2026-05-19 07:00:00+00:00,26.0,24,0.889,22.58875,69.8075,4.365,ordinary,flagged_facility,Vadinar terminal / Nayara refinery (EU+UK sanctioned),16.74,False,True,3,,False
419072500,RELTUG 16,IND,jamnagar_vadinar_may2026,2026-05-19 11:00:00+00:00,2026-05-20 13:00:00+00:00,26.0,27,1.0,22.57037,69.78556,1.213,ordinary,flagged_facility,Vadinar terminal / Nayara refinery (EU+UK sanctioned),14.1,False,True,3,,False
419956787,DAWN II,IND,jamnagar_vadinar_may2026,2026-05-17 00:00:00+00:00,2026-05-18 02:00:00+00:00,26.0,27,1.0,22.56741,69.84037,4.854,ordinary,flagged_facility,Vadinar terminal / Nayara refinery (EU+UK sanctioned),19.64,False,True,3,,False
419000765,CALYPSO FORTUNE,IND,jamnagar_vadinar_may2026,2026-05-14 02:00:00+00:00,2026-05-15 03:00:00+00:00,25.0,26,1.0,22.57308,69.81808,4.861,ordinary,flagged_facility,Vadinar terminal / Nayara refinery (EU+UK sanctioned),17.45,False,True,3,,False
419000893,OCEAN     CORAL,IND,jamnagar_vadinar_may2026,2026-05-22 09:00:00+00:00,2026-05-23 10:00:00+00:00,25.0,26,1.0,22.53192,69.70192,2.728,ordinary,flagged_facility,Vadinar terminal / Nayara refinery (EU+UK sanctioned),5.7,False,True,3,,False
419001286,TUG KB XI,IND,jamnagar_vadinar_may2026,2026-05-08 02:00:00+00:00,2026-05-09 03:00:00+00:00,25.0,26,1.0,22.49538,69.69,4.363,ordinary,flagged_facility,Vadinar terminal / Nayara refinery (EU+UK sanctioned),7.33,False,True,3,,False
419001390,KNK ASHIMA,IND,jamnagar_vadinar_may2026,2026-05-12 05:00:00+00:00,2026-05-13 06:00:00+00:00,25.0,26,1.0,22.44,69.67,0.0,ordinary,flagged_facility,Jamnagar (Sikka) marine terminal,5.26,False,True,3,,False
419001809,SSL GODAVARI,IND,jamnagar_vadinar_may2026,2026-05-13 19:00:00+00:00,2026-05-14 20:00:00+00:00,25.0,26,1.0,22.67,69.72,1.112,ordinary,flagged_facility,Vadinar terminal / Nayara refinery (EU+UK sanctioned),15.16,False,True,3,,False
419001885,KB 49,IND,jamnagar_vadinar_may2026,2026-05-22 03:00:00+00:00,2026-05-23 04:00:00+00:00,25.0,26,1.0,22.535,69.70385,2.808,ordinary,flagged_facility,Vadinar terminal / Nayara refinery (EU+UK sanctioned),5.78,False,True,3,,False
419056200,M.T.IRIS,IND,jamnagar_vadinar_may2026,2026-05-21 12:00:00+00:00,2026-05-22 13:00:00+00:00,25.0,26,1.0,22.49154,69.85615,2.847,ordinary,flagged_facility,Jamnagar (Sikka) marine terminal,15.57,False,True,3,,False
419071500,M. T. HAZEL,IND,jamnagar_vadinar_may2026,2026-05-06 14:00:00+00:00,2026-05-07 15:00:00+00:00,25.0,22,0.846,22.49045,69.85864,3.127,ordinary,flagged_facility,Jamnagar (Sikka) marine terminal,15.75,False,True,3,,False
419072600,REL TUG FIFTEEN,IND,jamnagar_vadinar_may2026,2026-05-14 01:00:00+00:00,2026-05-15 02:00:00+00:00,25.0,19,0.731,22.59053,69.86842,1.588,ordinary,flagged_facility,Vadinar terminal / Nayara refinery (EU+UK sanctioned),22.88,False,True,3,,False
419079300,MV ANJALI,IND,jamnagar_vadinar_may2026,2026-05-20 03:00:00+00:00,2026-05-21 04:00:00+00:00,25.0,26,1.0,22.49885,69.83808,3.722,ordinary,flagged_facility,Jamnagar (Sikka) marine terminal,14.35,False,True,3,,False
419293000,RELTUG 7,IND,jamnagar_vadinar_may2026,2026-05-09 02:00:00+00:00,2026-05-10 03:00:00+00:00,25.0,26,1.0,22.49077,69.84923,2.911,ordinary,flagged_facility,Jamnagar (Sikka) marine terminal,14.9,False,True,3,,False
419902339,MT MAHADEV,IND,jamnagar_vadinar_may2026,2026-05-17 03:00:00+00:00,2026-05-18 04:00:00+00:00,25.0,22,0.846,22.43091,69.67,1.011,ordinary,flagged_facility,Jamnagar (Sikka) marine terminal,5.14,False,True,3,,False
419902339,MT MAHADEV,IND,jamnagar_vadinar_may2026,2026-05-21 08:00:00+00:00,2026-05-22 09:00:00+00:00,25.0,25,0.962,22.4312,69.67,0.979,ordinary,flagged_facility,Jamnagar (Sikka) marine terminal,5.14,False,True,3,,False
419000101,BAITARANI,IND,jamnagar_vadinar_may2026,2026-05-18 16:00:00+00:00,2026-05-19 16:00:00+00:00,24.0,25,1.0,22.6808,69.6264,2.55,ordinary,flagged_facility,Vadinar terminal / Nayara refinery (EU+UK sanctioned),14.74,False,True,3,,False
419000293,DWARKESH,IND,jamnagar_vadinar_may2026,2026-05-16 05:00:00+00:00,2026-05-17 05:00:00+00:00,24.0,25,1.0,22.56,69.6156,1.478,ordinary,flagged_facility,Vadinar terminal / Nayara refinery (EU+UK sanctioned),3.7,False,True,3,,False
419001085,RELTUG SEVENTEEN,IND,jamnagar_vadinar_may2026,2026-05-21 00:00:00+00:00,2026-05-22 00:00:00+00:00,24.0,25,1.0,22.4924,69.8484,4.998,ordinary,flagged_facility,Jamnagar (Sikka) marine terminal,14.91,False,True,3,,False
419001286,TUG KB XI,IND,jamnagar_vadinar_may2026,2026-05-22 13:00:00+00:00,2026-05-23 13:00:00+00:00,24.0,25,1.0,22.5256,69.69,2.847,ordinary,flagged_facility,Vadinar terminal / Nayara refinery (EU+UK sanctioned),4.92,False,True,3,,False
419001481,M.T.PATRIOT,IND,jamnagar_vadinar_may2026,2026-05-16 14:00:00+00:00,2026-05-17 14:00:00+00:00,24.0,25,1.0,22.5008,69.8392,1.392,ordinary,flagged_facility,Jamnagar (Sikka) marine terminal,14.56,False,True,3,,False
419001794,RIVER PEARL 10,IND,jamnagar_vadinar_may2026,2026-05-16 05:00:00+00:00,2026-05-17 05:00:00+00:00,24.0,25,1.0,22.442,69.67,4.225,ordinary,flagged_facility,Jamnagar (Sikka) marine terminal,5.31,False,True,3,,False
419001831,HARI PRIYA,IND,jamnagar_vadinar_may2026,2026-05-12 04:00:00+00:00,2026-05-13 04:00:00+00:00,24.0,25,1.0,22.5004,69.8396,1.453,ordinary,flagged_facility,Jamnagar (Sikka) marine terminal,14.57,False,True,3,,False
419001885,KB 49,IND,jamnagar_vadinar_may2026,2026-05-07 12:00:00+00:00,2026-05-08 12:00:00+00:00,24.0,25,1.0,22.5176,69.6892,4.286,ordinary,flagged_facility,Vadinar terminal / Nayara refinery (EU+UK sanctioned),5.4,False,True,3,,False
419032300,AQUA SUN,IND,jamnagar_vadinar_may2026,2026-05-19 12:00:00+00:00,2026-05-20 12:00:00+00:00,24.0,12,0.48,22.495,69.83333,4.126,ordinary,flagged_facility,Jamnagar (Sikka) marine terminal,13.71,False,True,3,,False
419071500,M. T. HAZEL,IND,jamnagar_vadinar_may2026,2026-05-08 18:00:00+00:00,2026-05-09 18:00:00+00:00,24.0,25,1.0,22.4904,69.8588,3.145,ordinary,flagged_facility,Jamnagar (Sikka) marine terminal,15.77,False,True,3,,False
419072500,RELTUG 16,IND,jamnagar_vadinar_may2026,2026-05-12 03:00:00+00:00,2026-05-13 03:00:00+00:00,24.0,25,1.0,22.57,69.7864,0.657,ordinary,flagged_facility,Vadinar terminal / Nayara refinery (EU+UK sanctioned),14.18,False,True,3,,False
419072600,REL TUG FIFTEEN,IND,jamnagar_vadinar_may2026,2026-05-07 10:00:00+00:00,2026-05-08 10:00:00+00:00,24.0,25,1.0,22.4936,69.846,4.722,ordinary,flagged_facility,Jamnagar (Sikka) marine terminal,14.75,False,True,3,,False
419077600,NIVARAK,IND,jamnagar_vadinar_may2026,2026-05-21 13:00:00+00:00,2026-05-22 13:00:00+00:00,24.0,17,0.68,22.39,69.61,0.0,ordinary,flagged_facility,Jamnagar (Sikka) marine terminal,12.15,False,True,3,,False
419079300,MV ANJALI,IND,jamnagar_vadinar_may2026,2026-05-08 11:00:00+00:00,2026-05-09 11:00:00+00:00,24.0,25,1.0,22.502,69.8344,4.98,ordinary,flagged_facility,Jamnagar (Sikka) marine terminal,14.22,False,True,3,,False
419293000,RELTUG 7,IND,jamnagar_vadinar_may2026,2026-05-16 09:00:00+00:00,2026-05-17 09:00:00+00:00,24.0,25,1.0,22.49,69.85,0.0,ordinary,flagged_facility,Jamnagar (Sikka) marine terminal,14.93,False,True,3,,False
419902339,MT MAHADEV,IND,jamnagar_vadinar_may2026,2026-05-06 08:00:00+00:00,2026-05-07 08:00:00+00:00,24.0,17,0.68,22.43412,69.67,2.878,ordinary,flagged_facility,Jamnagar (Sikka) marine terminal,5.16,False,True,3,,False
419956569,M.V.GAUTAM SHIVANK,IND,jamnagar_vadinar_may2026,2026-05-23 06:00:00+00:00,2026-05-24 06:00:00+00:00,24.0,21,0.84,22.39095,69.61524,4.196,ordinary,flagged_facility,Jamnagar (Sikka) marine terminal,11.61,False,True,3,,False
419958545,RAKSHAK,IND,jamnagar_vadinar_may2026,2026-05-24 23:00:00+00:00,2026-05-25 23:00:00+00:00,24.0,23,0.92,22.44087,69.67957,2.343,ordinary,flagged_facility,Jamnagar (Sikka) marine terminal,4.33,False,True,3,,False
419000638,OCEAN     EMPIRE,IND,jamnagar_vadinar_may2026,2026-05-21 08:00:00+00:00,2026-05-22 07:00:00+00:00,23.0,24,1.0,22.52625,69.68542,4.523,ordinary,flagged_facility,Vadinar terminal / Nayara refinery (EU+UK sanctioned),4.5,False,True,3,,False
419014300,MV APURVA,IND,jamnagar_vadinar_may2026,2026-05-12 04:00:00+00:00,2026-05-13 03:00:00+00:00,23.0,24,1.0,22.5,69.83875,0.898,ordinary,flagged_facility,Jamnagar (Sikka) marine terminal,14.47,False,True,3,,False
419014400,M V POONAM,IND,jamnagar_vadinar_may2026,2026-05-18 04:00:00+00:00,2026-05-19 03:00:00+00:00,23.0,24,1.0,22.50292,69.83666,4.465,ordinary,flagged_facility,Jamnagar (Sikka) marine terminal,14.47,False,True,3,,False
419032300,AQUA SUN,IND,jamnagar_vadinar_may2026,2026-05-20 13:00:00+00:00,2026-05-21 12:00:00+00:00,23.0,22,0.917,22.58727,69.81682,3.911,ordinary,flagged_facility,Vadinar terminal / Nayara refinery (EU+UK sanctioned),17.62,False,True,3,,False
419032300,AQUA SUN,IND,jamnagar_vadinar_may2026,2026-05-24 03:00:00+00:00,2026-05-25 02:00:00+00:00,23.0,23,0.958,22.57261,69.84478,4.426,ordinary,flagged_facility,Vadinar terminal / Nayara refinery (EU+UK sanctioned),20.16,False,True,3,,False
419033900,REL SAGAR,IND,jamnagar_vadinar_may2026,2026-05-17 06:00:00+00:00,2026-05-18 05:00:00+00:00,23.0,24,1.0,22.51042,69.8,1.066,ordinary,flagged_facility,Jamnagar (Sikka) marine terminal,12.15,False,True,3,,False
419072500,RELTUG 16,IND,jamnagar_vadinar_may2026,2026-05-10 10:00:00+00:00,2026-05-11 09:00:00+00:00,23.0,24,1.0,22.58,69.8375,4.718,ordinary,flagged_facility,Vadinar terminal / Nayara refinery (EU+UK sanctioned),19.54,False,True,3,,False
419077500,AGNI,IND,jamnagar_vadinar_may2026,2026-05-21 13:00:00+00:00,2026-05-22 12:00:00+00:00,23.0,23,0.958,22.57913,69.79652,1.977,ordinary,flagged_facility,Vadinar terminal / Nayara refinery (EU+UK sanctioned),15.39,False,True,3,,False
419079400,MV APSARA,IND,jamnagar_vadinar_may2026,2026-05-10 11:00:00+00:00,2026-05-11 10:00:00+00:00,23.0,24,1.0,22.5,69.83833,0.856,ordinary,flagged_facility,Jamnagar (Sikka) marine terminal,14.44,False,True,3,,False
419292000,RELTUG SIX,IND,jamnagar_vadinar_may2026,2026-05-23 09:00:00+00:00,2026-05-24 08:00:00+00:00,23.0,24,1.0,22.49125,69.84875,1.325,ordinary,flagged_facility,Jamnagar (Sikka) marine terminal,14.88,False,True,3,,False
419293000,RELTUG 7,IND,jamnagar_vadinar_may2026,2026-05-05 02:00:00+00:00,2026-05-06 01:00:00+00:00,23.0,24,1.0,22.49542,69.84042,4.457,ordinary,flagged_facility,Jamnagar (Sikka) marine terminal,14.35,False,True,3,,False
419293000,RELTUG 7,IND,jamnagar_vadinar_may2026,2026-05-12 02:00:00+00:00,2026-05-13 01:00:00+00:00,23.0,24,1.0,22.59083,69.86667,2.533,ordinary,flagged_facility,Vadinar terminal / Nayara refinery (EU+UK sanctioned),22.71,False,True,3,,False
419900708,HB  -DEEP-1,IND,jamnagar_vadinar_may2026,2026-05-19 15:00:00+00:00,2026-05-20 14:00:00+00:00,23.0,19,0.792,22.48684,69.8521,2.041,ordinary,flagged_facility,Jamnagar (Sikka) marine terminal,14.97,False,True,3,,False
419956787,DAWN II,IND,jamnagar_vadinar_may2026,2026-05-18 09:00:00+00:00,2026-05-19 08:00:00+00:00,23.0,24,1.0,22.57833,69.84208,3.146,ordinary,flagged_facility,Vadinar terminal / Nayara refinery (EU+UK sanctioned),19.97,False,True,3,,False
419956787,DAWN II,IND,jamnagar_vadinar_may2026,2026-05-19 12:00:00+00:00,2026-05-20 11:00:00+00:00,23.0,24,1.0,22.565,69.84041,4.181,ordinary,flagged_facility,Jamnagar (Sikka) marine terminal,19.45,False,True,3,,False
419000638,OCEAN     EMPIRE,IND,jamnagar_vadinar_may2026,2026-05-25 01:00:00+00:00,2026-05-25 23:00:00+00:00,22.0,23,1.0,22.5287,69.70652,1.87,ordinary,flagged_facility,Vadinar terminal / Nayara refinery (EU+UK sanctioned),6.27,False,True,3,,False
419000765,CALYPSO FORTUNE,IND,jamnagar_vadinar_may2026,2026-05-18 06:00:00+00:00,2026-05-19 04:00:00+00:00,22.0,23,1.0,22.57261,69.81435,4.962,ordinary,flagged_facility,Vadinar terminal / Nayara refinery (EU+UK sanctioned),17.06,False,True,3,,False
419001130,VIHAAN,IND,jamnagar_vadinar_may2026,2026-05-08 03:00:00+00:00,2026-05-09 01:00:00+00:00,22.0,23,1.0,22.44,69.67,0.0,ordinary,flagged_facility,Jamnagar (Sikka) marine terminal,5.26,False,True,3,,False
419001472,OCEAN PRIDE,IND,jamnagar_vadinar_may2026,2026-05-10 07:00:00+00:00,2026-05-11 05:00:00+00:00,22.0,23,1.0,22.44,69.67,0.0,ordinary,flagged_facility,Jamnagar (Sikka) marine terminal,5.26,False,True,3,,False
419001715,ZINNIA STAR,IND,jamnagar_vadinar_may2026,2026-05-21 11:00:00+00:00,2026-05-22 09:00:00+00:00,22.0,23,1.0,22.44,69.67,0.0,ordinary,flagged_facility,Jamnagar (Sikka) marine terminal,5.26,False,True,3,,False
419001794,RIVER PEARL 10,IND,jamnagar_vadinar_may2026,2026-05-09 04:00:00+00:00,2026-05-10 02:00:00+00:00,22.0,23,1.0,22.4413,69.67,3.191,ordinary,flagged_facility,Jamnagar (Sikka) marine terminal,5.29,False,True,3,,False
419001794,RIVER PEARL 10,IND,jamnagar_vadinar_may2026,2026-05-10 05:00:00+00:00,2026-05-11 03:00:00+00:00,22.0,23,1.0,22.4413,69.67,3.191,ordinary,flagged_facility,Jamnagar (Sikka) marine terminal,5.29,False,True,3,,False
419001794,RIVER PEARL 10,IND,jamnagar_vadinar_may2026,2026-05-21 11:00:00+00:00,2026-05-22 09:00:00+00:00,22.0,23,1.0,22.4413,69.67,2.079,ordinary,flagged_facility,Jamnagar (Sikka) marine terminal,5.29,False,True,3,,False
419014400,M V POONAM,IND,jamnagar_vadinar_may2026,2026-05-13 01:00:00+00:00,2026-05-13 23:00:00+00:00,22.0,23,1.0,22.5,69.83956,0.982,ordinary,flagged_facility,Jamnagar (Sikka) marine terminal,14.54,False,True,3,,False
419014400,M V POONAM,IND,jamnagar_vadinar_may2026,2026-05-21 08:00:00+00:00,2026-05-22 06:00:00+00:00,22.0,23,1.0,22.4987,69.83913,1.477,ordinary,flagged_facility,Jamnagar (Sikka) marine terminal,14.43,False,True,3,,False
419032200,AQUA MOON,IND,jamnagar_vadinar_may2026,2026-05-17 03:00:00+00:00,2026-05-18 01:00:00+00:00,22.0,18,0.783,22.57,69.78611,0.628,ordinary,flagged_facility,Vadinar terminal / Nayara refinery (EU+UK sanctioned),14.15,False,True,3,,False
419033600,RELTUG ELEVEN,IND,jamnagar_vadinar_may2026,2026-05-06 13:00:00+00:00,2026-05-07 11:00:00+00:00,22.0,10,0.435,22.493,69.846,1.818,ordinary,flagged_facility,Jamnagar (Sikka) marine terminal,14.72,False,True,3,,False
419033900,REL SAGAR,IND,jamnagar_vadinar_may2026,2026-05-25 01:00:00+00:00,2026-05-25 23:00:00+00:00,22.0,23,1.0,22.50565,69.8187,2.277,ordinary,flagged_facility,Jamnagar (Sikka) marine terminal,13.18,False,True,3,,False
419056200,M.T.IRIS,IND,jamnagar_vadinar_may2026,2026-05-05 11:00:00+00:00,2026-05-06 09:00:00+00:00,22.0,22,0.957,22.49227,69.85636,4.844,ordinary,flagged_facility,Jamnagar (Sikka) marine terminal,15.63,False,True,3,,False
419072900,PARIJAT,IND,jamnagar_vadinar_may2026,2026-05-09 04:00:00+00:00,2026-05-10 02:00:00+00:00,22.0,9,0.391,22.49333,69.85556,4.705,ordinary,flagged_facility,Jamnagar (Sikka) marine terminal,15.61,False,True,3,,False
419079300,MV ANJALI,IND,jamnagar_vadinar_may2026,2026-05-12 02:00:00+00:00,2026-05-13 00:00:00+00:00,22.0,23,1.0,22.50043,69.83913,4.445,ordinary,flagged_facility,Jamnagar (Sikka) marine terminal,14.53,False,True,3,,False
419079400,MV APSARA,IND,jamnagar_vadinar_may2026,2026-05-09 01:00:00+00:00,2026-05-09 23:00:00+00:00,22.0,23,1.0,22.5,69.83565,0.58,ordinary,flagged_facility,Jamnagar (Sikka) marine terminal,14.21,False,True,3,,False
419293000,RELTUG 7,IND,jamnagar_vadinar_may2026,2026-05-08 03:00:00+00:00,2026-05-09 01:00:00+00:00,22.0,23,1.0,22.58043,69.83609,1.781,ordinary,flagged_facility,Vadinar terminal / Nayara refinery (EU+UK sanctioned),19.41,False,True,3,,False
419902339,MT MAHADEV,IND,jamnagar_vadinar_may2026,2026-05-15 12:00:00+00:00,2026-05-16 10:00:00+00:00,22.0,18,0.783,22.43111,69.67,0.988,ordinary,flagged_facility,Jamnagar (Sikka) marine terminal,5.14,False,True,3,,False
419956787,DAWN II,IND,jamnagar_vadinar_may2026,2026-05-07 08:00:00+00:00,2026-05-08 06:00:00+00:00,22.0,23,1.0,22.57043,69.84261,3.556,ordinary,flagged_facility,Vadinar terminal / Nayara refinery (EU+UK sanctioned),19.91,False,True,3,,False
419956787,DAWN II,IND,jamnagar_vadinar_may2026,2026-05-08 14:00:00+00:00,2026-05-09 12:00:00+00:00,22.0,23,1.0,22.59043,69.85174,4.655,ordinary,flagged_facility,Vadinar terminal / Nayara refinery (EU+UK sanctioned),21.2,False,True,3,,False
419958509,MT ZARQA,IND,jamnagar_vadinar_may2026,2026-05-08 02:00:00+00:00,2026-05-09 00:00:00+00:00,22.0,22,0.957,22.44545,69.67091,3.953,ordinary,flagged_facility,Jamnagar (Sikka) marine terminal,5.33,False,True,3,,False
419000638,OCEAN     EMPIRE,IND,jamnagar_vadinar_may2026,2026-05-20 10:00:00+00:00,2026-05-21 07:00:00+00:00,21.0,22,1.0,22.44182,69.67,0.91,ordinary,flagged_facility,Jamnagar (Sikka) marine terminal,5.3,False,True,3,,False
419000970,SSL GUJARAT,IND,jamnagar_vadinar_may2026,2026-05-09 15:00:00+00:00,2026-05-10 12:00:00+00:00,21.0,22,1.0,22.68909,69.74909,3.221,ordinary,flagged_facility,Vadinar terminal / Nayara refinery (EU+UK sanctioned),18.51,False,True,3,,False
419001085,RELTUG SEVENTEEN,IND,jamnagar_vadinar_may2026,2026-05-05 00:00:00+00:00,2026-05-05 21:00:00+00:00,21.0,21,0.955,22.49048,69.84952,1.442,ordinary,flagged_facility,Jamnagar (Sikka) marine terminal,14.91,False,True,3,,False
419001286,TUG KB XI,IND,jamnagar_vadinar_may2026,2026-05-10 09:00:00+00:00,2026-05-11 06:00:00+00:00,21.0,22,1.0,22.44136,69.67045,4.407,ordinary,flagged_facility,Jamnagar (Sikka) marine terminal,5.25,False,True,3,,False
419001651,KNK NAYRA,IND,jamnagar_vadinar_may2026,2026-05-21 05:00:00+00:00,2026-05-22 02:00:00+00:00,21.0,22,1.0,22.60955,69.83682,2.776,ordinary,flagged_facility,Vadinar terminal / Nayara refinery (EU+UK sanctioned),20.29,False,True,3,,False
419001715,ZINNIA STAR,IND,jamnagar_vadinar_may2026,2026-05-07 04:00:00+00:00,2026-05-08 01:00:00+00:00,21.0,22,1.0,22.44182,69.67,4.246,ordinary,flagged_facility,Jamnagar (Sikka) marine terminal,5.3,False,True,3,,False
419001715,ZINNIA STAR,IND,jamnagar_vadinar_may2026,2026-05-24 03:00:00+00:00,2026-05-25 00:00:00+00:00,21.0,22,1.0,22.44091,69.67,1.011,ordinary,flagged_facility,Jamnagar (Sikka) marine terminal,5.28,False,True,3,,False
419001794,RIVER PEARL 10,IND,jamnagar_vadinar_may2026,2026-05-08 04:00:00+00:00,2026-05-09 01:00:00+00:00,21.0,22,1.0,22.44182,69.67,3.134,ordinary,flagged_facility,Jamnagar (Sikka) marine terminal,5.3,False,True,3,,False
419001985,TITAN 12,IND,jamnagar_vadinar_may2026,2026-05-07 04:00:00+00:00,2026-05-08 01:00:00+00:00,21.0,20,0.909,22.4875,69.6695,2.225,ordinary,flagged_facility,Vadinar terminal / Nayara refinery (EU+UK sanctioned),7.23,False,True,3,,False
419001985,TITAN 12,IND,jamnagar_vadinar_may2026,2026-05-17 05:00:00+00:00,2026-05-18 02:00:00+00:00,21.0,15,0.682,22.44667,69.67,2.595,ordinary,flagged_facility,Jamnagar (Sikka) marine terminal,5.46,False,True,3,,False
419014300,MV APURVA,IND,jamnagar_vadinar_may2026,2026-05-13 05:00:00+00:00,2026-05-14 02:00:00+00:00,21.0,22,1.0,22.50091,69.83636,3.441,ordinary,flagged_facility,Jamnagar (Sikka) marine terminal,14.32,False,True,3,,False
419014400,M V POONAM,IND,jamnagar_vadinar_may2026,2026-05-24 03:00:00+00:00,2026-05-25 00:00:00+00:00,21.0,22,1.0,22.49909,69.84136,3.973,ordinary,flagged_facility,Jamnagar (Sikka) marine terminal,14.65,False,True,3,,False
419072600,REL TUG FIFTEEN,IND,jamnagar_vadinar_may2026,2026-05-20 08:00:00+00:00,2026-05-21 05:00:00+00:00,21.0,12,0.545,22.49083,69.85083,1.388,ordinary,flagged_facility,Jamnagar (Sikka) marine terminal,15.05,False,True,3,,False
419072700,RELTUG 14,IND,jamnagar_vadinar_may2026,2026-05-25 02:00:00+00:00,2026-05-25 23:00:00+00:00,21.0,22,1.0,22.59,69.80591,0.606,ordinary,flagged_facility,Vadinar terminal / Nayara refinery (EU+UK sanctioned),16.62,False,True,3,,False
419077600,NIVARAK,IND,jamnagar_vadinar_may2026,2026-05-08 09:00:00+00:00,2026-05-09 06:00:00+00:00,21.0,19,0.864,22.39053,69.60947,1.435,ordinary,flagged_facility,Jamnagar (Sikka) marine terminal,12.18,False,True,3,,False
419077800,REL DARSHAN,IND,jamnagar_vadinar_may2026,2026-05-24 10:00:00+00:00,2026-05-25 07:00:00+00:00,21.0,22,1.0,22.55955,69.84636,4.974,ordinary,flagged_facility,Jamnagar (Sikka) marine terminal,19.39,False,True,3,,False
419079300,MV ANJALI,IND,jamnagar_vadinar_may2026,2026-05-21 08:00:00+00:00,2026-05-22 05:00:00+00:00,21.0,22,1.0,22.49955,69.83909,2.396,ordinary,flagged_facility,Jamnagar (Sikka) marine terminal,14.48,False,True,3,,False
419292000,RELTUG SIX,IND,jamnagar_vadinar_may2026,2026-05-14 05:00:00+00:00,2026-05-15 02:00:00+00:00,21.0,22,1.0,22.49182,69.84727,3.455,ordinary,flagged_facility,Jamnagar (Sikka) marine terminal,14.77,False,True,3,,False
419293000,RELTUG 7,IND,jamnagar_vadinar_may2026,2026-05-17 15:00:00+00:00,2026-05-18 12:00:00+00:00,21.0,22,1.0,22.57864,69.83682,1.188,ordinary,flagged_facility,Vadinar terminal / Nayara refinery (EU+UK sanctioned),19.45,False,True,3,,False
419753000,SWARNA BRAHMAPUTRA,IND,jamnagar_vadinar_may2026,2026-05-19 06:00:00+00:00,2026-05-20 03:00:00+00:00,21.0,22,1.0,22.56727,69.70773,4.527,ordinary,flagged_facility,Vadinar terminal / Nayara refinery (EU+UK sanctioned),6.23,False,True,3,,False
419796000,DESH SAMMAN,IND,jamnagar_vadinar_may2026,2026-05-16 09:00:00+00:00,2026-05-17 06:00:00+00:00,21.0,22,1.0,22.52409,69.69137,2.474,ordinary,flagged_facility,Vadinar terminal / Nayara refinery (EU+UK sanctioned),5.13,False,True,3,,False
419956663,M.V. MANGAL MURTI,IND,jamnagar_vadinar_may2026,2026-05-17 03:00:00+00:00,2026-05-18 00:00:00+00:00,21.0,14,0.636,22.43357,69.66928,4.051,ordinary,flagged_facility,Jamnagar (Sikka) marine terminal,5.23,False,True,3,,False
419956758,M T DANSTAR 1,IND,jamnagar_vadinar_may2026,2026-05-23 18:00:00+00:00,2026-05-24 15:00:00+00:00,21.0,21,0.955,22.43905,69.81048,1.625,ordinary,flagged_facility,Jamnagar (Sikka) marine terminal,9.35,False,True,3,,False
419991279,DARIYA JYOT,IND,jamnagar_vadinar_may2026,2026-05-14 14:00:00+00:00,2026-05-15 11:00:00+00:00,21.0,20,0.909,22.433,69.6695,4.228,ordinary,flagged_facility,Jamnagar (Sikka) marine terminal,5.2,False,True,3,,False
419000964,ASTER STAR,IND,jamnagar_vadinar_may2026,2026-05-17 13:00:00+00:00,2026-05-18 09:00:00+00:00,20.0,18,0.857,22.49222,69.84722,3.425,ordinary,flagged_facility,Jamnagar (Sikka) marine terminal,14.79,False,True,3,,False
419001130,VIHAAN,IND,jamnagar_vadinar_may2026,2026-05-10 07:00:00+00:00,2026-05-11 03:00:00+00:00,20.0,21,1.0,22.44333,69.67,4.077,ordinary,flagged_facility,Jamnagar (Sikka) marine terminal,5.35,False,True,3,,False
419001130,VIHAAN,IND,jamnagar_vadinar_may2026,2026-05-23 04:00:00+00:00,2026-05-24 00:00:00+00:00,20.0,19,0.905,22.44421,69.66947,4.097,ordinary,flagged_facility,Jamnagar (Sikka) marine terminal,5.43,False,True,3,,False
419001286,TUG KB XI,IND,jamnagar_vadinar_may2026,2026-05-06 12:00:00+00:00,2026-05-07 08:00:00+00:00,20.0,21,1.0,22.49905,69.69429,3.801,ordinary,flagged_facility,Vadinar terminal / Nayara refinery (EU+UK sanctioned),7.27,False,True,3,,False
419001456,MEERA,IND,jamnagar_vadinar_may2026,2026-05-08 10:00:00+00:00,2026-05-09 06:00:00+00:00,20.0,20,0.952,22.4745,69.6715,4.951,ordinary,flagged_facility,Jamnagar (Sikka) marine terminal,7.02,False,True,3,,False
419001794,RIVER PEARL 10,IND,jamnagar_vadinar_may2026,2026-05-06 04:00:00+00:00,2026-05-07 00:00:00+00:00,20.0,21,1.0,22.44238,69.67,3.071,ordinary,flagged_facility,Jamnagar (Sikka) marine terminal,5.32,False,True,3,,False
419001794,RIVER PEARL 10,IND,jamnagar_vadinar_may2026,2026-05-18 06:00:00+00:00,2026-05-19 02:00:00+00:00,20.0,21,1.0,22.44143,69.67,3.177,ordinary,flagged_facility,Jamnagar (Sikka) marine terminal,5.29,False,True,3,,False
419001794,RIVER PEARL 10,IND,jamnagar_vadinar_may2026,2026-05-23 04:00:00+00:00,2026-05-24 00:00:00+00:00,20.0,21,1.0,22.44,69.67,0.0,ordinary,flagged_facility,Jamnagar (Sikka) marine terminal,5.26,False,True,3,,False
419001794,RIVER PEARL 10,IND,jamnagar_vadinar_may2026,2026-05-24 04:00:00+00:00,2026-05-25 00:00:00+00:00,20.0,21,1.0,22.44429,69.67,3.971,ordinary,flagged_facility,Jamnagar (Sikka) marine terminal,5.38,False,True,3,,False
419014400,M V POONAM,IND,jamnagar_vadinar_may2026,2026-05-23 05:00:00+00:00,2026-05-24 01:00:00+00:00,20.0,21,1.0,22.50095,69.83714,3.501,ordinary,flagged_facility,Jamnagar (Sikka) marine terminal,14.39,False,True,3,,False
419033900,REL SAGAR,IND,jamnagar_vadinar_may2026,2026-05-19 05:00:00+00:00,2026-05-20 01:00:00+00:00,20.0,21,1.0,22.50333,69.82667,2.837,ordinary,flagged_facility,Jamnagar (Sikka) marine terminal,13.66,False,True,3,,False
419056200,M.T.IRIS,IND,jamnagar_vadinar_may2026,2026-05-09 06:00:00+00:00,2026-05-10 02:00:00+00:00,20.0,19,0.905,22.49053,69.85895,2.214,ordinary,flagged_facility,Jamnagar (Sikka) marine terminal,15.79,False,True,3,,False
419072500,RELTUG 16,IND,jamnagar_vadinar_may2026,2026-05-09 07:00:00+00:00,2026-05-10 03:00:00+00:00,20.0,21,1.0,22.57905,69.83714,1.245,ordinary,flagged_facility,Vadinar terminal / Nayara refinery (EU+UK sanctioned),19.49,False,True,3,,False
419072600,REL TUG FIFTEEN,IND,jamnagar_vadinar_may2026,2026-05-17 13:00:00+00:00,2026-05-18 09:00:00+00:00,20.0,13,0.619,22.48923,69.84846,2.308,ordinary,flagged_facility,Jamnagar (Sikka) marine terminal,14.75,False,True,3,,False
419072600,REL TUG FIFTEEN,IND,jamnagar_vadinar_may2026,2026-05-19 09:00:00+00:00,2026-05-20 05:00:00+00:00,20.0,12,0.571,22.59,69.86584,0.599,ordinary,flagged_facility,Vadinar terminal / Nayara refinery (EU+UK sanctioned),22.6,False,True,3,,False
419072600,REL TUG FIFTEEN,IND,jamnagar_vadinar_may2026,2026-05-24 02:00:00+00:00,2026-05-24 22:00:00+00:00,20.0,16,0.762,22.49437,69.8425,3.764,ordinary,flagged_facility,Jamnagar (Sikka) marine terminal,14.48,False,True,3,,False
419072900,PARIJAT,IND,jamnagar_vadinar_may2026,2026-05-07 13:00:00+00:00,2026-05-08 09:00:00+00:00,20.0,11,0.524,22.49636,69.85,4.846,ordinary,flagged_facility,Jamnagar (Sikka) marine terminal,15.26,False,True,3,,False
419079300,MV ANJALI,IND,jamnagar_vadinar_may2026,2026-05-06 12:00:00+00:00,2026-05-07 08:00:00+00:00,20.0,21,1.0,22.5,69.83952,0.978,ordinary,flagged_facility,Jamnagar (Sikka) marine terminal,14.54,False,True,3,,False
419079400,MV APSARA,IND,jamnagar_vadinar_may2026,2026-05-07 18:00:00+00:00,2026-05-08 14:00:00+00:00,20.0,21,1.0,22.50048,69.83857,2.89,ordinary,flagged_facility,Jamnagar (Sikka) marine terminal,14.49,False,True,3,,False
419292000,RELTUG SIX,IND,jamnagar_vadinar_may2026,2026-05-11 07:00:00+00:00,2026-05-12 03:00:00+00:00,20.0,21,1.0,22.49095,69.84905,1.37,ordinary,flagged_facility,Jamnagar (Sikka) marine terminal,14.89,False,True,3,,False
419292000,RELTUG SIX,IND,jamnagar_vadinar_may2026,2026-05-12 04:00:00+00:00,2026-05-13 00:00:00+00:00,20.0,21,1.0,22.49857,69.83619,4.41,ordinary,flagged_facility,Jamnagar (Sikka) marine terminal,14.17,False,True,3,,False
419292000,RELTUG SIX,IND,jamnagar_vadinar_may2026,2026-05-13 08:00:00+00:00,2026-05-14 04:00:00+00:00,20.0,21,1.0,22.58,69.83571,0.586,ordinary,flagged_facility,Vadinar terminal / Nayara refinery (EU+UK sanctioned),19.36,False,True,3,,False
419900708,HB  -DEEP-1,IND,jamnagar_vadinar_may2026,2026-05-22 07:00:00+00:00,2026-05-23 03:00:00+00:00,20.0,7,0.333,22.49143,69.85,2.913,ordinary,flagged_facility,Jamnagar (Sikka) marine terminal,15.0,False,True,3,,False
419000638,OCEAN     EMPIRE,IND,jamnagar_vadinar_may2026,2026-05-05 06:00:00+00:00,2026-05-06 01:00:00+00:00,19.0,16,0.8,22.44375,69.67,2.919,ordinary,flagged_facility,Jamnagar (Sikka) marine terminal,5.36,False,True,3,,False
419000638,OCEAN     EMPIRE,IND,jamnagar_vadinar_may2026,2026-05-10 16:00:00+00:00,2026-05-11 11:00:00+00:00,19.0,19,0.95,22.52211,69.68895,3.686,ordinary,flagged_facility,Vadinar terminal / Nayara refinery (EU+UK sanctioned),5.06,False,True,3,,False
419000638,OCEAN     EMPIRE,IND,jamnagar_vadinar_may2026,2026-05-24 05:00:00+00:00,2026-05-25 00:00:00+00:00,19.0,20,1.0,22.44,69.67,0.0,ordinary,flagged_facility,Jamnagar (Sikka) marine terminal,5.26,False,True,3,,False
419000765,CALYPSO FORTUNE,IND,jamnagar_vadinar_may2026,2026-05-21 10:00:00+00:00,2026-05-22 05:00:00+00:00,19.0,20,1.0,22.5755,69.808,2.99,ordinary,flagged_facility,Vadinar terminal / Nayara refinery (EU+UK sanctioned),16.47,False,True,3,,False
419000964,ASTER STAR,IND,jamnagar_vadinar_may2026,2026-05-09 13:00:00+00:00,2026-05-10 08:00:00+00:00,19.0,20,1.0,22.4915,69.848,2.076,ordinary,flagged_facility,Jamnagar (Sikka) marine terminal,14.82,False,True,3,,False
419000964,ASTER STAR,IND,jamnagar_vadinar_may2026,2026-05-15 09:00:00+00:00,2026-05-16 04:00:00+00:00,19.0,19,0.95,22.49053,69.84947,2.261,ordinary,flagged_facility,Jamnagar (Sikka) marine terminal,14.91,False,True,3,,False
419001286,TUG KB XI,IND,jamnagar_vadinar_may2026,2026-05-14 17:00:00+00:00,2026-05-15 12:00:00+00:00,19.0,19,0.95,22.50158,69.69526,4.367,ordinary,flagged_facility,Vadinar terminal / Nayara refinery (EU+UK sanctioned),7.11,False,True,3,,False
419001286,TUG KB XI,IND,jamnagar_vadinar_may2026,2026-05-20 09:00:00+00:00,2026-05-21 04:00:00+00:00,19.0,20,1.0,22.478,69.6855,4.516,ordinary,flagged_facility,Jamnagar (Sikka) marine terminal,6.41,False,True,3,,False
419001390,KNK ASHIMA,IND,jamnagar_vadinar_may2026,2026-05-24 15:00:00+00:00,2026-05-25 10:00:00+00:00,19.0,20,1.0,22.44,69.67,0.0,ordinary,flagged_facility,Jamnagar (Sikka) marine terminal,5.26,False,True,3,,False
419001472,OCEAN PRIDE,IND,jamnagar_vadinar_may2026,2026-05-08 17:00:00+00:00,2026-05-09 12:00:00+00:00,19.0,20,1.0,22.44,69.67,0.0,ordinary,flagged_facility,Jamnagar (Sikka) marine terminal,5.26,False,True,3,,False
419001472,OCEAN PRIDE,IND,jamnagar_vadinar_may2026,2026-05-13 05:00:00+00:00,2026-05-14 00:00:00+00:00,19.0,20,1.0,22.44,69.67,0.0,ordinary,flagged_facility,Jamnagar (Sikka) marine terminal,5.26,False,True,3,,False
419001472,OCEAN PRIDE,IND,jamnagar_vadinar_may2026,2026-05-20 10:00:00+00:00,2026-05-21 05:00:00+00:00,19.0,20,1.0,22.4425,69.6695,3.21,ordinary,flagged_facility,Jamnagar (Sikka) marine terminal,5.37,False,True,3,,False
419001472,OCEAN PRIDE,IND,jamnagar_vadinar_may2026,2026-05-25 04:00:00+00:00,2026-05-25 23:00:00+00:00,19.0,20,1.0,22.44,69.67,0.0,ordinary,flagged_facility,Jamnagar (Sikka) marine terminal,5.26,False,True,3,,False
419001715,ZINNIA STAR,IND,jamnagar_vadinar_may2026,2026-05-18 07:00:00+00:00,2026-05-19 02:00:00+00:00,19.0,20,1.0,22.4405,69.67,1.056,ordinary,flagged_facility,Jamnagar (Sikka) marine terminal,5.27,False,True,3,,False
419002022,A.E.L.II,IND,jamnagar_vadinar_may2026,2026-05-19 23:00:00+00:00,2026-05-20 18:00:00+00:00,19.0,20,1.0,22.5505,69.6105,1.438,ordinary,flagged_facility,Vadinar terminal / Nayara refinery (EU+UK sanctioned),4.06,False,True,3,,False
419014300,MV APURVA,IND,jamnagar_vadinar_may2026,2026-05-10 12:00:00+00:00,2026-05-11 07:00:00+00:00,19.0,20,1.0,22.501,69.837,3.487,ordinary,flagged_facility,Jamnagar (Sikka) marine terminal,14.38,False,True,3,,False
419024600,ESSAR TUG XI,IND,jamnagar_vadinar_may2026,2026-05-23 05:00:00+00:00,2026-05-24 00:00:00+00:00,19.0,12,0.6,22.39,69.61,0.0,ordinary,flagged_facility,Jamnagar (Sikka) marine terminal,12.15,False,True,3,,False
419032200,AQUA MOON,IND,jamnagar_vadinar_may2026,2026-05-15 20:00:00+00:00,2026-05-16 15:00:00+00:00,19.0,9,0.45,22.57333,69.80444,4.907,ordinary,flagged_facility,Vadinar terminal / Nayara refinery (EU+UK sanctioned),16.07,False,True,3,,False
419056200,M.T.IRIS,IND,jamnagar_vadinar_may2026,2026-05-15 11:00:00+00:00,2026-05-16 06:00:00+00:00,19.0,20,1.0,22.491,69.858,4.439,ordinary,flagged_facility,Jamnagar (Sikka) marine terminal,15.72,False,True,3,,False
419077800,REL DARSHAN,IND,jamnagar_vadinar_may2026,2026-05-10 18:00:00+00:00,2026-05-11 13:00:00+00:00,19.0,15,0.75,22.584,69.84,3.918,ordinary,flagged_facility,Vadinar terminal / Nayara refinery (EU+UK sanctioned),19.87,False,True,3,,False
419079300,MV ANJALI,IND,jamnagar_vadinar_may2026,2026-05-22 16:00:00+00:00,2026-05-23 11:00:00+00:00,19.0,20,1.0,22.4985,69.837,4.49,ordinary,flagged_facility,Jamnagar (Sikka) marine terminal,14.23,False,True,3,,False
419079400,MV APSARA,IND,jamnagar_vadinar_may2026,2026-05-23 01:00:00+00:00,2026-05-23 20:00:00+00:00,19.0,20,1.0,22.504,69.8295,4.982,ordinary,flagged_facility,Jamnagar (Sikka) marine terminal,13.94,False,True,3,,False
419796000,DESH SAMMAN,IND,jamnagar_vadinar_may2026,2026-05-17 07:00:00+00:00,2026-05-18 02:00:00+00:00,19.0,20,1.0,22.5605,69.6225,4.99,ordinary,flagged_facility,Vadinar terminal / Nayara refinery (EU+UK sanctioned),3.06,False,True,3,,False
419956569,M.V.GAUTAM SHIVANK,IND,jamnagar_vadinar_may2026,2026-05-20 04:00:00+00:00,2026-05-20 23:00:00+00:00,19.0,18,0.9,22.39111,69.60944,1.386,ordinary,flagged_facility,Jamnagar (Sikka) marine terminal,12.16,False,True,3,,False
419956663,M.V. MANGAL MURTI,IND,jamnagar_vadinar_may2026,2026-05-07 17:00:00+00:00,2026-05-08 12:00:00+00:00,19.0,15,0.75,22.432,69.67,3.113,ordinary,flagged_facility,Jamnagar (Sikka) marine terminal,5.14,False,True,3,,False
419956663,M.V. MANGAL MURTI,IND,jamnagar_vadinar_may2026,2026-05-14 09:00:00+00:00,2026-05-15 04:00:00+00:00,19.0,14,0.7,22.43143,69.67,0.953,ordinary,flagged_facility,Jamnagar (Sikka) marine terminal,5.14,False,True,3,,False
419956704,KB IX,IND,jamnagar_vadinar_may2026,2026-05-05 01:00:00+00:00,2026-05-05 20:00:00+00:00,19.0,14,0.7,22.44071,69.67643,1.226,ordinary,flagged_facility,Jamnagar (Sikka) marine terminal,4.63,False,True,3,,False
419000765,CALYPSO FORTUNE,IND,jamnagar_vadinar_may2026,2026-05-06 14:00:00+00:00,2026-05-07 08:00:00+00:00,18.0,19,1.0,22.56947,69.80684,4.445,ordinary,flagged_facility,Vadinar terminal / Nayara refinery (EU+UK sanctioned),16.25,False,True,3,,False
419001286,TUG KB XI,IND,jamnagar_vadinar_may2026,2026-05-18 07:00:00+00:00,2026-05-19 01:00:00+00:00,18.0,19,1.0,22.47737,69.68579,4.461,ordinary,flagged_facility,Jamnagar (Sikka) marine terminal,6.33,False,True,3,,False
419001472,OCEAN PRIDE,IND,jamnagar_vadinar_may2026,2026-05-14 05:00:00+00:00,2026-05-14 23:00:00+00:00,18.0,19,1.0,22.44,69.67,0.0,ordinary,flagged_facility,Jamnagar (Sikka) marine terminal,5.26,False,True,3,,False
419014300,MV APURVA,IND,jamnagar_vadinar_may2026,2026-05-06 10:00:00+00:00,2026-05-07 04:00:00+00:00,18.0,19,1.0,22.50053,69.83894,2.213,ordinary,flagged_facility,Jamnagar (Sikka) marine terminal,14.52,False,True,3,,False
419032300,AQUA SUN,IND,jamnagar_vadinar_may2026,2026-05-08 06:00:00+00:00,2026-05-09 00:00:00+00:00,18.0,11,0.579,22.59455,69.84636,3.897,ordinary,flagged_facility,Vadinar terminal / Nayara refinery (EU+UK sanctioned),20.76,False,True,3,,False
419032300,AQUA SUN,IND,jamnagar_vadinar_may2026,2026-05-10 03:00:00+00:00,2026-05-10 21:00:00+00:00,18.0,14,0.737,22.59286,69.84214,3.66,ordinary,flagged_facility,Vadinar terminal / Nayara refinery (EU+UK sanctioned),20.3,False,True,3,,False
419033600,RELTUG ELEVEN,IND,jamnagar_vadinar_may2026,2026-05-05 12:00:00+00:00,2026-05-06 06:00:00+00:00,18.0,14,0.737,22.49929,69.83857,4.583,ordinary,flagged_facility,Jamnagar (Sikka) marine terminal,14.42,False,True,3,,False
419033900,REL SAGAR,IND,jamnagar_vadinar_may2026,2026-05-06 10:00:00+00:00,2026-05-07 04:00:00+00:00,18.0,19,1.0,22.51105,69.80211,2.868,ordinary,flagged_facility,Jamnagar (Sikka) marine terminal,12.35,False,True,3,,False
419033900,REL SAGAR,IND,jamnagar_vadinar_may2026,2026-05-09 07:00:00+00:00,2026-05-10 01:00:00+00:00,18.0,19,1.0,22.51158,69.8,3.16,ordinary,flagged_facility,Jamnagar (Sikka) marine terminal,12.24,False,True,3,,False
419033900,REL SAGAR,IND,jamnagar_vadinar_may2026,2026-05-10 07:00:00+00:00,2026-05-11 01:00:00+00:00,18.0,19,1.0,22.50263,69.82947,3.136,ordinary,flagged_facility,Jamnagar (Sikka) marine terminal,13.85,False,True,3,,False
419033900,REL SAGAR,IND,jamnagar_vadinar_may2026,2026-05-12 03:00:00+00:00,2026-05-12 21:00:00+00:00,18.0,19,1.0,22.50421,69.82316,2.464,ordinary,flagged_facility,Jamnagar (Sikka) marine terminal,13.43,False,True,3,,False
419033900,REL SAGAR,IND,jamnagar_vadinar_may2026,2026-05-16 06:00:00+00:00,2026-05-17 00:00:00+00:00,18.0,19,1.0,22.51158,69.8,3.16,ordinary,flagged_facility,Jamnagar (Sikka) marine terminal,12.24,False,True,3,,False
419033900,REL SAGAR,IND,jamnagar_vadinar_may2026,2026-05-20 05:00:00+00:00,2026-05-20 23:00:00+00:00,18.0,19,1.0,22.50526,69.82421,3.708,ordinary,flagged_facility,Jamnagar (Sikka) marine terminal,13.59,False,True,3,,False
419033900,REL SAGAR,IND,jamnagar_vadinar_may2026,2026-05-22 06:00:00+00:00,2026-05-23 00:00:00+00:00,18.0,19,1.0,22.51421,69.8,3.98,ordinary,flagged_facility,Jamnagar (Sikka) marine terminal,12.46,False,True,3,,False
419055150,M.T. BLUE BELL,IND,jamnagar_vadinar_may2026,2026-05-20 15:00:00+00:00,2026-05-21 09:00:00+00:00,18.0,15,0.789,22.49333,69.85267,2.976,ordinary,flagged_facility,Jamnagar (Sikka) marine terminal,15.34,False,True,3,,False
419055150,M.T. BLUE BELL,IND,jamnagar_vadinar_may2026,2026-05-21 14:00:00+00:00,2026-05-22 08:00:00+00:00,18.0,12,0.632,22.4925,69.855,1.752,ordinary,flagged_facility,Jamnagar (Sikka) marine terminal,15.52,False,True,3,,False
419071500,M. T. HAZEL,IND,jamnagar_vadinar_may2026,2026-05-23 01:00:00+00:00,2026-05-23 19:00:00+00:00,18.0,19,1.0,22.49,69.85947,0.974,ordinary,flagged_facility,Jamnagar (Sikka) marine terminal,15.81,False,True,3,,False
419072700,RELTUG 14,IND,jamnagar_vadinar_may2026,2026-05-05 09:00:00+00:00,2026-05-06 03:00:00+00:00,18.0,19,1.0,22.50368,69.81895,3.534,ordinary,flagged_facility,Jamnagar (Sikka) marine terminal,13.06,False,True,3,,False
419072900,PARIJAT,IND,jamnagar_vadinar_may2026,2026-05-13 05:00:00+00:00,2026-05-13 23:00:00+00:00,18.0,19,1.0,22.49,69.85947,0.974,ordinary,flagged_facility,Jamnagar (Sikka) marine terminal,15.81,False,True,3,,False
419902339,MT MAHADEV,IND,jamnagar_vadinar_may2026,2026-05-08 10:00:00+00:00,2026-05-09 04:00:00+00:00,18.0,19,1.0,22.43211,69.67,1.99,ordinary,flagged_facility,Jamnagar (Sikka) marine terminal,5.14,False,True,3,,False
419902339,MT MAHADEV,IND,jamnagar_vadinar_may2026,2026-05-18 15:00:00+00:00,2026-05-19 09:00:00+00:00,18.0,19,1.0,22.43158,69.67,3.16,ordinary,flagged_facility,Jamnagar (Sikka) marine terminal,5.14,False,True,3,,False
419956787,DAWN II,IND,jamnagar_vadinar_may2026,2026-05-12 18:00:00+00:00,2026-05-13 12:00:00+00:00,18.0,19,1.0,22.55895,69.84105,3.963,ordinary,flagged_facility,Jamnagar (Sikka) marine terminal,18.98,False,True,3,,False
419958545,RAKSHAK,IND,jamnagar_vadinar_may2026,2026-05-19 04:00:00+00:00,2026-05-19 22:00:00+00:00,18.0,12,0.632,22.44167,69.6775,2.179,ordinary,flagged_facility,Jamnagar (Sikka) marine terminal,4.56,False,True,3,,False
419958563,MT NOOR 1,IND,jamnagar_vadinar_may2026,2026-05-19 22:00:00+00:00,2026-05-20 16:00:00+00:00,18.0,10,0.526,22.489,69.849,3.88,ordinary,flagged_facility,Jamnagar (Sikka) marine terminal,14.79,False,True,3,,False
419000765,CALYPSO FORTUNE,IND,jamnagar_vadinar_may2026,2026-05-23 20:00:00+00:00,2026-05-24 13:00:00+00:00,17.0,18,1.0,22.58611,69.83055,4.843,ordinary,flagged_facility,Vadinar terminal / Nayara refinery (EU+UK sanctioned),18.97,False,True,3,,False
419000964,ASTER STAR,IND,jamnagar_vadinar_may2026,2026-05-05 09:00:00+00:00,2026-05-06 02:00:00+00:00,17.0,14,0.778,22.49143,69.84786,3.529,ordinary,flagged_facility,Jamnagar (Sikka) marine terminal,14.81,False,True,3,,False
419000964,ASTER STAR,IND,jamnagar_vadinar_may2026,2026-05-11 07:00:00+00:00,2026-05-12 00:00:00+00:00,17.0,18,1.0,22.49167,69.84833,4.289,ordinary,flagged_facility,Jamnagar (Sikka) marine terminal,14.86,False,True,3,,False
419001085,RELTUG SEVENTEEN,IND,jamnagar_vadinar_may2026,2026-05-16 02:00:00+00:00,2026-05-16 19:00:00+00:00,17.0,12,0.667,22.49333,69.85083,2.831,ordinary,flagged_facility,Jamnagar (Sikka) marine terminal,15.18,False,True,3,,False
419001130,VIHAAN,IND,jamnagar_vadinar_may2026,2026-05-17 10:00:00+00:00,2026-05-18 03:00:00+00:00,17.0,18,1.0,22.44,69.67,0.0,ordinary,flagged_facility,Jamnagar (Sikka) marine terminal,5.26,False,True,3,,False
419001390,KNK ASHIMA,IND,jamnagar_vadinar_may2026,2026-05-17 09:00:00+00:00,2026-05-18 02:00:00+00:00,17.0,18,1.0,22.44,69.67,0.0,ordinary,flagged_facility,Jamnagar (Sikka) marine terminal,5.26,False,True,3,,False
419001481,M.T.PATRIOT,IND,jamnagar_vadinar_may2026,2026-05-05 00:00:00+00:00,2026-05-05 17:00:00+00:00,17.0,18,1.0,22.49167,69.83777,4.998,ordinary,flagged_facility,Jamnagar (Sikka) marine terminal,13.91,False,True,3,,False
419001481,M.T.PATRIOT,IND,jamnagar_vadinar_may2026,2026-05-17 15:00:00+00:00,2026-05-18 08:00:00+00:00,17.0,18,1.0,22.65444,69.73833,3.834,ordinary,flagged_facility,Vadinar terminal / Nayara refinery (EU+UK sanctioned),14.73,False,True,3,,False
419001602,MENCAST18,IND,jamnagar_vadinar_may2026,2026-05-06 03:00:00+00:00,2026-05-06 20:00:00+00:00,17.0,16,0.889,22.45625,69.6675,4.925,ordinary,flagged_facility,Jamnagar (Sikka) marine terminal,6.13,False,True,3,,False
419001651,KNK NAYRA,IND,jamnagar_vadinar_may2026,2026-05-10 16:00:00+00:00,2026-05-11 09:00:00+00:00,17.0,18,1.0,22.56778,69.78722,4.401,ordinary,flagged_facility,Vadinar terminal / Nayara refinery (EU+UK sanctioned),14.23,False,True,3,,False
419001715,ZINNIA STAR,IND,jamnagar_vadinar_may2026,2026-05-17 09:00:00+00:00,2026-05-18 02:00:00+00:00,17.0,18,1.0,22.44,69.67,0.0,ordinary,flagged_facility,Jamnagar (Sikka) marine terminal,5.26,False,True,3,,False
419001794,RIVER PEARL 10,IND,jamnagar_vadinar_may2026,2026-05-07 07:00:00+00:00,2026-05-08 00:00:00+00:00,17.0,18,1.0,22.44222,69.67,3.089,ordinary,flagged_facility,Jamnagar (Sikka) marine terminal,5.32,False,True,3,,False
419001884,MT KB 50,IND,jamnagar_vadinar_may2026,2026-05-08 14:00:00+00:00,2026-05-09 07:00:00+00:00,17.0,18,1.0,22.52833,69.70833,2.211,ordinary,flagged_facility,Vadinar terminal / Nayara refinery (EU+UK sanctioned),6.46,False,True,3,,False
419032200,AQUA MOON,IND,jamnagar_vadinar_may2026,2026-05-23 15:00:00+00:00,2026-05-24 08:00:00+00:00,17.0,18,1.0,22.57222,69.79278,4.704,ordinary,flagged_facility,Vadinar terminal / Nayara refinery (EU+UK sanctioned),14.87,False,True,3,,False
419032300,AQUA SUN,IND,jamnagar_vadinar_may2026,2026-05-05 00:00:00+00:00,2026-05-05 17:00:00+00:00,17.0,7,0.389,22.57571,69.85,2.596,ordinary,flagged_facility,Vadinar terminal / Nayara refinery (EU+UK sanctioned),20.73,False,True,3,,False
419033600,RELTUG ELEVEN,IND,jamnagar_vadinar_may2026,2026-05-21 17:00:00+00:00,2026-05-22 10:00:00+00:00,17.0,15,0.833,22.49,69.85,0.0,ordinary,flagged_facility,Jamnagar (Sikka) marine terminal,14.93,False,True,3,,False
419033900,REL SAGAR,IND,jamnagar_vadinar_may2026,2026-05-23 07:00:00+00:00,2026-05-24 00:00:00+00:00,17.0,18,1.0,22.51,69.80167,2.91,ordinary,flagged_facility,Jamnagar (Sikka) marine terminal,12.23,False,True,3,,False
419055150,M.T. BLUE BELL,IND,jamnagar_vadinar_may2026,2026-05-22 22:00:00+00:00,2026-05-23 15:00:00+00:00,17.0,12,0.667,22.49,69.86,0.0,ordinary,flagged_facility,Jamnagar (Sikka) marine terminal,15.86,False,True,3,,False
419071500,M. T. HAZEL,IND,jamnagar_vadinar_may2026,2026-05-11 05:00:00+00:00,2026-05-11 22:00:00+00:00,17.0,18,1.0,22.49,69.86,0.0,ordinary,flagged_facility,Jamnagar (Sikka) marine terminal,15.86,False,True,3,,False
419071500,M. T. HAZEL,IND,jamnagar_vadinar_may2026,2026-05-20 04:00:00+00:00,2026-05-20 21:00:00+00:00,17.0,18,1.0,22.49056,69.85833,3.094,ordinary,flagged_facility,Jamnagar (Sikka) marine terminal,15.73,False,True,3,,False
419072500,RELTUG 16,IND,jamnagar_vadinar_may2026,2026-05-20 14:00:00+00:00,2026-05-21 07:00:00+00:00,17.0,18,1.0,22.50889,69.81167,3.074,ordinary,flagged_facility,Jamnagar (Sikka) marine terminal,12.87,False,True,3,,False
419072600,REL TUG FIFTEEN,IND,jamnagar_vadinar_may2026,2026-05-13 05:00:00+00:00,2026-05-13 22:00:00+00:00,17.0,16,0.889,22.49188,69.8475,2.012,ordinary,flagged_facility,Jamnagar (Sikka) marine terminal,14.8,False,True,3,,False
419077600,NIVARAK,IND,jamnagar_vadinar_may2026,2026-05-06 10:00:00+00:00,2026-05-07 03:00:00+00:00,17.0,11,0.611,22.39,69.61,0.0,ordinary,flagged_facility,Jamnagar (Sikka) marine terminal,12.15,False,True,3,,False
419079300,MV ANJALI,IND,jamnagar_vadinar_may2026,2026-05-25 02:00:00+00:00,2026-05-25 19:00:00+00:00,17.0,18,1.0,22.49667,69.84333,2.018,ordinary,flagged_facility,Jamnagar (Sikka) marine terminal,14.68,False,True,3,,False
419292000,RELTUG SIX,IND,jamnagar_vadinar_may2026,2026-05-24 11:00:00+00:00,2026-05-25 04:00:00+00:00,17.0,18,1.0,22.58944,69.86611,1.96,ordinary,flagged_facility,Vadinar terminal / Nayara refinery (EU+UK sanctioned),22.62,False,True,3,,False
419902339,MT MAHADEV,IND,jamnagar_vadinar_may2026,2026-05-07 13:00:00+00:00,2026-05-08 06:00:00+00:00,17.0,17,0.944,22.43294,69.67,1.897,ordinary,flagged_facility,Jamnagar (Sikka) marine terminal,5.15,False,True,3,,False
419902339,MT MAHADEV,IND,jamnagar_vadinar_may2026,2026-05-14 11:00:00+00:00,2026-05-15 04:00:00+00:00,17.0,15,0.833,22.432,69.67,3.113,ordinary,flagged_facility,Jamnagar (Sikka) marine terminal,5.14,False,True,3,,False
419956787,DAWN II,IND,jamnagar_vadinar_may2026,2026-05-09 19:00:00+00:00,2026-05-10 12:00:00+00:00,17.0,18,1.0,22.58444,69.83666,2.923,ordinary,flagged_facility,Vadinar terminal / Nayara refinery (EU+UK sanctioned),19.55,False,True,3,,False
419000765,CALYPSO FORTUNE,IND,jamnagar_vadinar_may2026,2026-05-12 03:00:00+00:00,2026-05-12 19:00:00+00:00,16.0,17,1.0,22.56471,69.80823,4.974,ordinary,flagged_facility,Vadinar terminal / Nayara refinery (EU+UK sanctioned),16.33,False,True,3,,False
419000765,CALYPSO FORTUNE,IND,jamnagar_vadinar_may2026,2026-05-19 11:00:00+00:00,2026-05-20 03:00:00+00:00,16.0,17,1.0,22.57294,69.81,4.775,ordinary,flagged_facility,Vadinar terminal / Nayara refinery (EU+UK sanctioned),16.63,False,True,3,,False
419000964,ASTER STAR,IND,jamnagar_vadinar_may2026,2026-05-06 18:00:00+00:00,2026-05-07 10:00:00+00:00,16.0,13,0.765,22.49308,69.84769,4.13,ordinary,flagged_facility,Jamnagar (Sikka) marine terminal,14.88,False,True,3,,False
419001058,MV DAWN,IND,jamnagar_vadinar_may2026,2026-05-12 19:00:00+00:00,2026-05-13 11:00:00+00:00,16.0,10,0.588,22.574,69.84,2.891,ordinary,flagged_facility,Vadinar terminal / Nayara refinery (EU+UK sanctioned),19.69,False,True,3,,False
419001130,VIHAAN,IND,jamnagar_vadinar_may2026,2026-05-07 08:00:00+00:00,2026-05-08 00:00:00+00:00,16.0,17,1.0,22.44,69.67,0.0,ordinary,flagged_facility,Jamnagar (Sikka) marine terminal,5.26,False,True,3,,False
419001130,VIHAAN,IND,jamnagar_vadinar_may2026,2026-05-11 09:00:00+00:00,2026-05-12 01:00:00+00:00,16.0,17,1.0,22.44,69.67,0.0,ordinary,flagged_facility,Jamnagar (Sikka) marine terminal,5.26,False,True,3,,False
419001286,TUG KB XI,IND,jamnagar_vadinar_may2026,2026-05-07 09:00:00+00:00,2026-05-08 01:00:00+00:00,16.0,17,1.0,22.45941,69.67706,3.652,ordinary,flagged_facility,Jamnagar (Sikka) marine terminal,5.49,False,True,3,,False
419001286,TUG KB XI,IND,jamnagar_vadinar_may2026,2026-05-09 16:00:00+00:00,2026-05-10 08:00:00+00:00,16.0,17,1.0,22.50059,69.69235,3.739,ordinary,flagged_facility,Vadinar terminal / Nayara refinery (EU+UK sanctioned),7.01,False,True,3,,False
419001358,PRABHAT SHOBHA,IND,jamnagar_vadinar_may2026,2026-05-10 12:00:00+00:00,2026-05-11 04:00:00+00:00,16.0,17,1.0,22.46,69.79,1.112,ordinary,flagged_facility,Jamnagar (Sikka) marine terminal,7.93,False,True,3,,False
419001358,PRABHAT SHOBHA,IND,jamnagar_vadinar_may2026,2026-05-16 14:00:00+00:00,2026-05-17 06:00:00+00:00,16.0,15,0.882,22.458,69.79,1.334,ordinary,flagged_facility,Jamnagar (Sikka) marine terminal,7.84,False,True,3,,False
419001390,KNK ASHIMA,IND,jamnagar_vadinar_may2026,2026-05-13 08:00:00+00:00,2026-05-14 00:00:00+00:00,16.0,17,1.0,22.44235,69.67,1.962,ordinary,flagged_facility,Jamnagar (Sikka) marine terminal,5.32,False,True,3,,False
419001651,KNK NAYRA,IND,jamnagar_vadinar_may2026,2026-05-05 00:00:00+00:00,2026-05-05 16:00:00+00:00,16.0,17,1.0,22.60824,69.83471,1.035,ordinary,flagged_facility,Vadinar terminal / Nayara refinery (EU+UK sanctioned),20.04,False,True,3,,False
419001794,RIVER PEARL 10,IND,jamnagar_vadinar_may2026,2026-05-11 09:00:00+00:00,2026-05-12 01:00:00+00:00,16.0,17,1.0,22.44059,69.67,1.047,ordinary,flagged_facility,Jamnagar (Sikka) marine terminal,5.27,False,True,3,,False
419001794,RIVER PEARL 10,IND,jamnagar_vadinar_may2026,2026-05-17 10:00:00+00:00,2026-05-18 02:00:00+00:00,16.0,16,0.941,22.44,69.67,0.0,ordinary,flagged_facility,Jamnagar (Sikka) marine terminal,5.26,False,True,3,,False
419001885,KB 49,IND,jamnagar_vadinar_may2026,2026-05-05 09:00:00+00:00,2026-05-06 01:00:00+00:00,16.0,9,0.529,22.45556,69.67333,3.213,ordinary,flagged_facility,Jamnagar (Sikka) marine terminal,5.58,False,True,3,,False
419001910,DECCAN GEMMA,IND,jamnagar_vadinar_may2026,2026-05-23 08:00:00+00:00,2026-05-24 00:00:00+00:00,16.0,17,1.0,22.46235,69.78882,4.612,ordinary,flagged_facility,Jamnagar (Sikka) marine terminal,7.93,False,True,3,,False
419001985,TITAN 12,IND,jamnagar_vadinar_may2026,2026-05-06 11:00:00+00:00,2026-05-07 03:00:00+00:00,16.0,10,0.588,22.44,69.67,0.0,ordinary,flagged_facility,Jamnagar (Sikka) marine terminal,5.26,False,True,3,,False
419014400,M V POONAM,IND,jamnagar_vadinar_may2026,2026-05-25 03:00:00+00:00,2026-05-25 19:00:00+00:00,16.0,17,1.0,22.50176,69.83882,3.687,ordinary,flagged_facility,Jamnagar (Sikka) marine terminal,14.59,False,True,3,,False
419032200,AQUA MOON,IND,jamnagar_vadinar_may2026,2026-05-19 08:00:00+00:00,2026-05-20 00:00:00+00:00,16.0,11,0.647,22.50455,69.82545,3.245,ordinary,flagged_facility,Jamnagar (Sikka) marine terminal,13.64,False,True,3,,False
419055150,M.T. BLUE BELL,IND,jamnagar_vadinar_may2026,2026-05-15 17:00:00+00:00,2026-05-16 09:00:00+00:00,16.0,13,0.765,22.49,69.85923,0.949,ordinary,flagged_facility,Jamnagar (Sikka) marine terminal,15.79,False,True,3,,False
419056200,M.T.IRIS,IND,jamnagar_vadinar_may2026,2026-05-13 09:00:00+00:00,2026-05-14 01:00:00+00:00,16.0,17,1.0,22.49118,69.85706,2.948,ordinary,flagged_facility,Jamnagar (Sikka) marine terminal,15.64,False,True,3,,False
419056200,M.T.IRIS,IND,jamnagar_vadinar_may2026,2026-05-16 12:00:00+00:00,2026-05-17 04:00:00+00:00,16.0,17,1.0,22.49059,69.85824,3.084,ordinary,flagged_facility,Jamnagar (Sikka) marine terminal,15.72,False,True,3,,False
419056200,M.T.IRIS,IND,jamnagar_vadinar_may2026,2026-05-17 12:00:00+00:00,2026-05-18 04:00:00+00:00,16.0,17,1.0,22.49235,69.85412,2.619,ordinary,flagged_facility,Jamnagar (Sikka) marine terminal,15.43,False,True,3,,False
419056200,M.T.IRIS,IND,jamnagar_vadinar_may2026,2026-05-20 10:00:00+00:00,2026-05-21 02:00:00+00:00,16.0,17,1.0,22.49,69.86,0.0,ordinary,flagged_facility,Jamnagar (Sikka) marine terminal,15.86,False,True,3,,False
419071500,M. T. HAZEL,IND,jamnagar_vadinar_may2026,2026-05-10 10:00:00+00:00,2026-05-11 02:00:00+00:00,16.0,17,1.0,22.49118,69.85529,4.839,ordinary,flagged_facility,Jamnagar (Sikka) marine terminal,15.48,False,True,3,,False
419072500,RELTUG 16,IND,jamnagar_vadinar_may2026,2026-05-23 06:00:00+00:00,2026-05-23 22:00:00+00:00,16.0,17,1.0,22.50765,69.81176,4.391,ordinary,flagged_facility,Jamnagar (Sikka) marine terminal,12.78,False,True,3,,False
419072600,REL TUG FIFTEEN,IND,jamnagar_vadinar_may2026,2026-05-05 06:00:00+00:00,2026-05-05 22:00:00+00:00,16.0,17,1.0,22.58294,69.84117,4.994,ordinary,flagged_facility,Vadinar terminal / Nayara refinery (EU+UK sanctioned),19.97,False,True,3,,False
419079300,MV ANJALI,IND,jamnagar_vadinar_may2026,2026-05-18 15:00:00+00:00,2026-05-19 07:00:00+00:00,16.0,17,1.0,22.50235,69.83588,4.175,ordinary,flagged_facility,Jamnagar (Sikka) marine terminal,14.37,False,True,3,,False
419956564,M T KB XVII,IND,jamnagar_vadinar_may2026,2026-05-18 20:00:00+00:00,2026-05-19 12:00:00+00:00,16.0,16,0.941,22.69812,69.62687,2.135,ordinary,flagged_facility,Vadinar terminal / Nayara refinery (EU+UK sanctioned),16.64,False,True,3,,False
419958545,RAKSHAK,IND,jamnagar_vadinar_may2026,2026-05-14 02:00:00+00:00,2026-05-14 18:00:00+00:00,16.0,13,0.765,22.44538,69.67538,4.161,ordinary,flagged_facility,Jamnagar (Sikka) marine terminal,4.89,False,True,3,,False
419958545,RAKSHAK,IND,jamnagar_vadinar_may2026,2026-05-18 01:00:00+00:00,2026-05-18 17:00:00+00:00,16.0,11,0.647,22.44818,69.67455,3.841,ordinary,flagged_facility,Jamnagar (Sikka) marine terminal,5.09,False,True,3,,False
419958545,RAKSHAK,IND,jamnagar_vadinar_may2026,2026-05-23 01:00:00+00:00,2026-05-23 17:00:00+00:00,16.0,9,0.529,22.45,69.67444,4.689,ordinary,flagged_facility,Jamnagar (Sikka) marine terminal,5.18,False,True,3,,False
419000765,CALYPSO FORTUNE,IND,jamnagar_vadinar_may2026,2026-05-12 20:00:00+00:00,2026-05-13 11:00:00+00:00,15.0,16,1.0,22.57,69.81375,4.998,ordinary,flagged_facility,Vadinar terminal / Nayara refinery (EU+UK sanctioned),16.96,False,True,3,,False
419001085,RELTUG SEVENTEEN,IND,jamnagar_vadinar_may2026,2026-05-17 02:00:00+00:00,2026-05-17 17:00:00+00:00,15.0,13,0.812,22.49154,69.85154,3.018,ordinary,flagged_facility,Jamnagar (Sikka) marine terminal,15.15,False,True,3,,False
419001456,MEERA,IND,jamnagar_vadinar_may2026,2026-05-07 13:00:00+00:00,2026-05-08 04:00:00+00:00,15.0,14,0.875,22.45429,69.67143,2.992,ordinary,flagged_facility,Jamnagar (Sikka) marine terminal,5.68,False,True,3,,False
419001456,MEERA,IND,jamnagar_vadinar_may2026,2026-05-11 18:00:00+00:00,2026-05-12 09:00:00+00:00,15.0,15,0.938,22.44067,69.66933,1.04,ordinary,flagged_facility,Jamnagar (Sikka) marine terminal,5.34,False,True,3,,False
419001456,MEERA,IND,jamnagar_vadinar_may2026,2026-05-12 18:00:00+00:00,2026-05-13 09:00:00+00:00,15.0,16,1.0,22.44,69.66875,0.899,ordinary,flagged_facility,Jamnagar (Sikka) marine terminal,5.38,False,True,3,,False
419001884,MT KB 50,IND,jamnagar_vadinar_may2026,2026-05-05 00:00:00+00:00,2026-05-05 15:00:00+00:00,15.0,16,1.0,22.52938,69.70437,2.504,ordinary,flagged_facility,Vadinar terminal / Nayara refinery (EU+UK sanctioned),6.04,False,True,3,,False
419001985,TITAN 12,IND,jamnagar_vadinar_may2026,2026-05-18 07:00:00+00:00,2026-05-18 22:00:00+00:00,15.0,12,0.75,22.45583,69.66833,4.985,ordinary,flagged_facility,Jamnagar (Sikka) marine terminal,6.04,False,True,3,,False
419002023,CMA CGM VITORIA,IND,jamnagar_vadinar_may2026,2026-05-05 00:00:00+00:00,2026-05-05 15:00:00+00:00,15.0,16,1.0,22.6525,69.71,4.17,ordinary,flagged_facility,Vadinar terminal / Nayara refinery (EU+UK sanctioned),12.96,False,True,3,,False
419014300,MV APURVA,IND,jamnagar_vadinar_may2026,2026-05-11 10:00:00+00:00,2026-05-12 01:00:00+00:00,15.0,16,1.0,22.50062,69.83875,1.376,ordinary,flagged_facility,Jamnagar (Sikka) marine terminal,14.51,False,True,3,,False
419014400,M V POONAM,IND,jamnagar_vadinar_may2026,2026-05-16 10:00:00+00:00,2026-05-17 01:00:00+00:00,15.0,16,1.0,22.5,69.8375,0.77,ordinary,flagged_facility,Jamnagar (Sikka) marine terminal,14.37,False,True,3,,False
419056200,M.T.IRIS,IND,jamnagar_vadinar_may2026,2026-05-10 18:00:00+00:00,2026-05-11 09:00:00+00:00,15.0,16,1.0,22.49125,69.85688,2.927,ordinary,flagged_facility,Jamnagar (Sikka) marine terminal,15.63,False,True,3,,False
419056200,M.T.IRIS,IND,jamnagar_vadinar_may2026,2026-05-19 16:00:00+00:00,2026-05-20 07:00:00+00:00,15.0,16,1.0,22.49063,69.85813,2.134,ordinary,flagged_facility,Jamnagar (Sikka) marine terminal,15.71,False,True,3,,False
419071500,M. T. HAZEL,IND,jamnagar_vadinar_may2026,2026-05-17 11:00:00+00:00,2026-05-18 02:00:00+00:00,15.0,16,1.0,22.49125,69.85813,3.563,ordinary,flagged_facility,Jamnagar (Sikka) marine terminal,15.74,False,True,3,,False
419077500,AGNI,IND,jamnagar_vadinar_may2026,2026-05-16 14:00:00+00:00,2026-05-17 05:00:00+00:00,15.0,13,0.812,22.58923,69.80769,1.053,ordinary,flagged_facility,Vadinar terminal / Nayara refinery (EU+UK sanctioned),16.77,False,True,3,,False
419077500,AGNI,IND,jamnagar_vadinar_may2026,2026-05-17 06:00:00+00:00,2026-05-17 21:00:00+00:00,15.0,12,0.75,22.52,69.80084,4.546,ordinary,flagged_facility,Jamnagar (Sikka) marine terminal,13.01,False,True,3,,False
419077800,REL DARSHAN,IND,jamnagar_vadinar_may2026,2026-05-25 08:00:00+00:00,2026-05-25 23:00:00+00:00,15.0,16,1.0,22.57062,69.85687,2.541,ordinary,flagged_facility,Jamnagar (Sikka) marine terminal,21.03,False,True,3,,False
419079400,MV APSARA,IND,jamnagar_vadinar_may2026,2026-05-05 00:00:00+00:00,2026-05-05 15:00:00+00:00,15.0,16,1.0,22.49875,69.84,1.415,ordinary,flagged_facility,Jamnagar (Sikka) marine terminal,14.51,False,True,3,,False
419079400,MV APSARA,IND,jamnagar_vadinar_may2026,2026-05-16 10:00:00+00:00,2026-05-17 01:00:00+00:00,15.0,16,1.0,22.5,69.83937,0.963,ordinary,flagged_facility,Jamnagar (Sikka) marine terminal,14.53,False,True,3,,False
419292000,RELTUG SIX,IND,jamnagar_vadinar_may2026,2026-05-18 08:00:00+00:00,2026-05-18 23:00:00+00:00,15.0,16,1.0,22.51,69.80937,2.119,ordinary,flagged_facility,Jamnagar (Sikka) marine terminal,12.79,False,True,3,,False
419956564,M T KB XVII,IND,jamnagar_vadinar_may2026,2026-05-25 08:00:00+00:00,2026-05-25 23:00:00+00:00,15.0,16,1.0,22.69875,69.62625,1.046,ordinary,flagged_facility,Vadinar terminal / Nayara refinery (EU+UK sanctioned),16.72,False,True,3,,False
419956663,M.V. MANGAL MURTI,IND,jamnagar_vadinar_may2026,2026-05-13 15:00:00+00:00,2026-05-14 06:00:00+00:00,15.0,15,0.938,22.43,69.67,0.0,ordinary,flagged_facility,Jamnagar (Sikka) marine terminal,5.14,False,True,3,,False
419956787,DAWN II,IND,jamnagar_vadinar_may2026,2026-05-15 09:00:00+00:00,2026-05-16 00:00:00+00:00,15.0,16,1.0,22.55937,69.84,3.858,ordinary,flagged_facility,Jamnagar (Sikka) marine terminal,18.95,False,True,3,,False
419956787,DAWN II,IND,jamnagar_vadinar_may2026,2026-05-20 19:00:00+00:00,2026-05-21 10:00:00+00:00,15.0,16,1.0,22.58375,69.84062,3.753,ordinary,flagged_facility,Vadinar terminal / Nayara refinery (EU+UK sanctioned),19.93,False,True,3,,False
419991279,DARIYA JYOT,IND,jamnagar_vadinar_may2026,2026-05-13 19:00:00+00:00,2026-05-14 10:00:00+00:00,15.0,16,1.0,22.43,69.67,0.0,ordinary,flagged_facility,Jamnagar (Sikka) marine terminal,5.14,False,True,3,,False
419991279,DARIYA JYOT,IND,jamnagar_vadinar_may2026,2026-05-15 19:00:00+00:00,2026-05-16 10:00:00+00:00,15.0,16,1.0,22.43187,69.6675,3.138,ordinary,flagged_facility,Jamnagar (Sikka) marine terminal,5.4,False,True,3,,False
419000765,CALYPSO FORTUNE,IND,jamnagar_vadinar_may2026,2026-05-23 05:00:00+00:00,2026-05-23 19:00:00+00:00,14.0,15,1.0,22.56333,69.808,4.974,ordinary,flagged_facility,Vadinar terminal / Nayara refinery (EU+UK sanctioned),16.29,False,True,3,,False
419001651,KNK NAYRA,IND,jamnagar_vadinar_may2026,2026-05-11 10:00:00+00:00,2026-05-12 00:00:00+00:00,14.0,15,1.0,22.50867,69.812,3.033,ordinary,flagged_facility,Jamnagar (Sikka) marine terminal,12.88,False,True,3,,False
419001885,KB 49,IND,jamnagar_vadinar_may2026,2026-05-16 15:00:00+00:00,2026-05-17 05:00:00+00:00,14.0,14,0.933,22.48929,69.69072,4.859,ordinary,flagged_facility,Jamnagar (Sikka) marine terminal,7.25,False,True,3,,False
419014300,MV APURVA,IND,jamnagar_vadinar_may2026,2026-05-18 00:00:00+00:00,2026-05-18 14:00:00+00:00,14.0,15,1.0,22.494,69.828,4.929,ordinary,flagged_facility,Jamnagar (Sikka) marine terminal,13.18,False,True,3,,False
419014400,M V POONAM,IND,jamnagar_vadinar_may2026,2026-05-17 12:00:00+00:00,2026-05-18 02:00:00+00:00,14.0,15,1.0,22.502,69.83866,3.656,ordinary,flagged_facility,Jamnagar (Sikka) marine terminal,14.59,False,True,3,,False
419032200,AQUA MOON,IND,jamnagar_vadinar_may2026,2026-05-08 12:00:00+00:00,2026-05-09 02:00:00+00:00,14.0,14,0.933,22.57143,69.78786,3.071,ordinary,flagged_facility,Vadinar terminal / Nayara refinery (EU+UK sanctioned),14.36,False,True,3,,False
419032200,AQUA MOON,IND,jamnagar_vadinar_may2026,2026-05-25 04:00:00+00:00,2026-05-25 18:00:00+00:00,14.0,15,1.0,22.504,69.822,4.203,ordinary,flagged_facility,Jamnagar (Sikka) marine terminal,13.33,False,True,3,,False
419032300,AQUA SUN,IND,jamnagar_vadinar_may2026,2026-05-12 05:00:00+00:00,2026-05-12 19:00:00+00:00,14.0,10,0.667,22.544,69.837,4.945,ordinary,flagged_facility,Jamnagar (Sikka) marine terminal,17.47,False,True,3,,False
419032300,AQUA SUN,IND,jamnagar_vadinar_may2026,2026-05-18 21:00:00+00:00,2026-05-19 11:00:00+00:00,14.0,12,0.8,22.5875,69.8375,3.069,ordinary,flagged_facility,Vadinar terminal / Nayara refinery (EU+UK sanctioned),19.7,False,True,3,,False
419033900,REL SAGAR,IND,jamnagar_vadinar_may2026,2026-05-18 11:00:00+00:00,2026-05-19 01:00:00+00:00,14.0,15,1.0,22.51133,69.79934,2.286,ordinary,flagged_facility,Jamnagar (Sikka) marine terminal,12.18,False,True,3,,False
419056200,M.T.IRIS,IND,jamnagar_vadinar_may2026,2026-05-06 13:00:00+00:00,2026-05-07 03:00:00+00:00,14.0,15,1.0,22.49133,69.85733,4.361,ordinary,flagged_facility,Jamnagar (Sikka) marine terminal,15.67,False,True,3,,False
419056200,M.T.IRIS,IND,jamnagar_vadinar_may2026,2026-05-07 17:00:00+00:00,2026-05-08 07:00:00+00:00,14.0,15,1.0,22.49267,69.85467,3.184,ordinary,flagged_facility,Jamnagar (Sikka) marine terminal,15.49,False,True,3,,False
419056200,M.T.IRIS,IND,jamnagar_vadinar_may2026,2026-05-11 16:00:00+00:00,2026-05-12 06:00:00+00:00,14.0,13,0.867,22.49385,69.85462,4.594,ordinary,flagged_facility,Jamnagar (Sikka) marine terminal,15.55,False,True,3,,False
419072500,RELTUG 16,IND,jamnagar_vadinar_may2026,2026-05-17 08:00:00+00:00,2026-05-17 22:00:00+00:00,14.0,15,1.0,22.59,69.806,0.616,ordinary,flagged_facility,Vadinar terminal / Nayara refinery (EU+UK sanctioned),16.62,False,True,3,,False
419072600,REL TUG FIFTEEN,IND,jamnagar_vadinar_may2026,2026-05-08 11:00:00+00:00,2026-05-09 01:00:00+00:00,14.0,15,1.0,22.51,69.80933,3.34,ordinary,flagged_facility,Jamnagar (Sikka) marine terminal,12.78,False,True,3,,False
419072600,REL TUG FIFTEEN,IND,jamnagar_vadinar_may2026,2026-05-09 04:00:00+00:00,2026-05-09 18:00:00+00:00,14.0,15,1.0,22.59,69.86667,0.685,ordinary,flagged_facility,Vadinar terminal / Nayara refinery (EU+UK sanctioned),22.69,False,True,3,,False
419077600,NIVARAK,IND,jamnagar_vadinar_may2026,2026-05-17 09:00:00+00:00,2026-05-17 23:00:00+00:00,14.0,12,0.8,22.39,69.61,0.0,ordinary,flagged_facility,Jamnagar (Sikka) marine terminal,12.15,False,True,3,,False
419077800,REL DARSHAN,IND,jamnagar_vadinar_may2026,2026-05-09 18:00:00+00:00,2026-05-10 08:00:00+00:00,14.0,11,0.733,22.60091,69.83455,4.818,ordinary,flagged_facility,Vadinar terminal / Nayara refinery (EU+UK sanctioned),19.78,False,True,3,,False
419077800,REL DARSHAN,IND,jamnagar_vadinar_may2026,2026-05-23 10:00:00+00:00,2026-05-24 00:00:00+00:00,14.0,15,1.0,22.558,69.84733,4.939,ordinary,flagged_facility,Jamnagar (Sikka) marine terminal,19.33,False,True,3,,False
419079300,MV ANJALI,IND,jamnagar_vadinar_may2026,2026-05-19 10:00:00+00:00,2026-05-20 00:00:00+00:00,14.0,15,1.0,22.50067,69.83933,2.927,ordinary,flagged_facility,Jamnagar (Sikka) marine terminal,14.56,False,True,3,,False
419956663,M.V. MANGAL MURTI,IND,jamnagar_vadinar_may2026,2026-05-21 23:00:00+00:00,2026-05-22 13:00:00+00:00,14.0,12,0.8,22.43833,69.67333,3.538,ordinary,flagged_facility,Jamnagar (Sikka) marine terminal,4.89,False,True,3,,False
419956802,MT THAPA,IND,jamnagar_vadinar_may2026,2026-05-22 15:00:00+00:00,2026-05-23 05:00:00+00:00,14.0,15,1.0,22.49,69.84933,0.959,ordinary,flagged_facility,Jamnagar (Sikka) marine terminal,14.87,False,True,3,,False
419956957,MV PAWANSUTH,IND,jamnagar_vadinar_may2026,2026-05-05 00:00:00+00:00,2026-05-05 14:00:00+00:00,14.0,13,0.867,22.48615,69.84,1.54,ordinary,flagged_facility,Jamnagar (Sikka) marine terminal,13.82,False,True,3,,False
419958545,RAKSHAK,IND,jamnagar_vadinar_may2026,2026-05-13 05:00:00+00:00,2026-05-13 19:00:00+00:00,14.0,8,0.533,22.44625,69.6775,3.831,ordinary,flagged_facility,Jamnagar (Sikka) marine terminal,4.73,False,True,3,,False
419000765,CALYPSO FORTUNE,IND,jamnagar_vadinar_may2026,2026-05-07 09:00:00+00:00,2026-05-07 22:00:00+00:00,13.0,14,1.0,22.575,69.82071,4.899,ordinary,flagged_facility,Vadinar terminal / Nayara refinery (EU+UK sanctioned),17.75,False,True,3,,False
419000765,CALYPSO FORTUNE,IND,jamnagar_vadinar_may2026,2026-05-22 15:00:00+00:00,2026-05-23 04:00:00+00:00,13.0,14,1.0,22.575,69.81429,4.159,ordinary,flagged_facility,Vadinar terminal / Nayara refinery (EU+UK sanctioned),17.1,False,True,3,,False
419000964,ASTER STAR,IND,jamnagar_vadinar_may2026,2026-05-10 14:00:00+00:00,2026-05-11 03:00:00+00:00,13.0,13,0.929,22.49,69.85,0.0,ordinary,flagged_facility,Jamnagar (Sikka) marine terminal,14.93,False,True,3,,False
419000964,ASTER STAR,IND,jamnagar_vadinar_may2026,2026-05-21 12:00:00+00:00,2026-05-22 01:00:00+00:00,13.0,14,1.0,22.49,69.85,0.0,ordinary,flagged_facility,Jamnagar (Sikka) marine terminal,14.93,False,True,3,,False
419001085,RELTUG SEVENTEEN,IND,jamnagar_vadinar_may2026,2026-05-05 22:00:00+00:00,2026-05-06 11:00:00+00:00,13.0,13,0.929,22.49615,69.84077,4.956,ordinary,flagged_facility,Jamnagar (Sikka) marine terminal,14.43,False,True,3,,False
419001130,VIHAAN,IND,jamnagar_vadinar_may2026,2026-05-16 18:00:00+00:00,2026-05-17 07:00:00+00:00,13.0,14,1.0,22.44286,69.66928,4.239,ordinary,flagged_facility,Jamnagar (Sikka) marine terminal,5.41,False,True,3,,False
419001130,VIHAAN,IND,jamnagar_vadinar_may2026,2026-05-19 11:00:00+00:00,2026-05-20 00:00:00+00:00,13.0,14,1.0,22.44286,69.67,3.018,ordinary,flagged_facility,Jamnagar (Sikka) marine terminal,5.33,False,True,3,,False
419001456,MEERA,IND,jamnagar_vadinar_may2026,2026-05-11 04:00:00+00:00,2026-05-11 17:00:00+00:00,13.0,13,0.929,22.46692,69.66615,4.831,ordinary,flagged_facility,Jamnagar (Sikka) marine terminal,6.89,False,True,3,,False
419001472,OCEAN PRIDE,IND,jamnagar_vadinar_may2026,2026-05-16 16:00:00+00:00,2026-05-17 05:00:00+00:00,13.0,14,1.0,22.44,69.67,0.0,ordinary,flagged_facility,Jamnagar (Sikka) marine terminal,5.26,False,True,3,,False
419001809,SSL GODAVARI,IND,jamnagar_vadinar_may2026,2026-05-16 01:00:00+00:00,2026-05-16 14:00:00+00:00,13.0,14,1.0,22.62357,69.68214,2.887,ordinary,flagged_facility,Vadinar terminal / Nayara refinery (EU+UK sanctioned),8.82,False,True,3,,False
419002022,A.E.L.II,IND,jamnagar_vadinar_may2026,2026-05-12 17:00:00+00:00,2026-05-13 06:00:00+00:00,13.0,14,1.0,22.64,69.63,0.0,ordinary,flagged_facility,Vadinar terminal / Nayara refinery (EU+UK sanctioned),10.22,False,True,3,,False
419014300,MV APURVA,IND,jamnagar_vadinar_may2026,2026-05-05 05:00:00+00:00,2026-05-05 18:00:00+00:00,13.0,14,1.0,22.50571,69.83643,4.968,ordinary,flagged_facility,Jamnagar (Sikka) marine terminal,14.63,False,True,3,,False
419032200,AQUA MOON,IND,jamnagar_vadinar_may2026,2026-05-09 05:00:00+00:00,2026-05-09 18:00:00+00:00,13.0,7,0.5,22.58286,69.80143,4.209,ordinary,flagged_facility,Vadinar terminal / Nayara refinery (EU+UK sanctioned),15.97,False,True,3,,False
419032300,AQUA SUN,IND,jamnagar_vadinar_may2026,2026-05-25 10:00:00+00:00,2026-05-25 23:00:00+00:00,13.0,14,1.0,22.565,69.84357,3.252,ordinary,flagged_facility,Jamnagar (Sikka) marine terminal,19.66,False,True,3,,False
419033900,REL SAGAR,IND,jamnagar_vadinar_may2026,2026-05-11 10:00:00+00:00,2026-05-11 23:00:00+00:00,13.0,14,1.0,22.50429,69.82643,2.788,ordinary,flagged_facility,Jamnagar (Sikka) marine terminal,13.71,False,True,3,,False
419033900,REL SAGAR,IND,jamnagar_vadinar_may2026,2026-05-21 11:00:00+00:00,2026-05-22 00:00:00+00:00,13.0,14,1.0,22.50143,69.83428,3.648,ordinary,flagged_facility,Jamnagar (Sikka) marine terminal,14.18,False,True,3,,False
419055150,M.T. BLUE BELL,IND,jamnagar_vadinar_may2026,2026-05-19 23:00:00+00:00,2026-05-20 12:00:00+00:00,13.0,11,0.786,22.49182,69.85727,3.455,ordinary,flagged_facility,Jamnagar (Sikka) marine terminal,15.69,False,True,3,,False
419056200,M.T.IRIS,IND,jamnagar_vadinar_may2026,2026-05-23 06:00:00+00:00,2026-05-23 19:00:00+00:00,13.0,14,1.0,22.49,69.86,0.0,ordinary,flagged_facility,Jamnagar (Sikka) marine terminal,15.86,False,True,3,,False
419071500,M. T. HAZEL,IND,jamnagar_vadinar_may2026,2026-05-13 14:00:00+00:00,2026-05-14 03:00:00+00:00,13.0,14,1.0,22.49,69.86,0.0,ordinary,flagged_facility,Jamnagar (Sikka) marine terminal,15.86,False,True,3,,False
419072500,RELTUG 16,IND,jamnagar_vadinar_may2026,2026-05-22 16:00:00+00:00,2026-05-23 05:00:00+00:00,13.0,14,1.0,22.51071,69.80714,4.969,ordinary,flagged_facility,Jamnagar (Sikka) marine terminal,12.68,False,True,3,,False
419077600,NIVARAK,IND,jamnagar_vadinar_may2026,2026-05-20 08:00:00+00:00,2026-05-20 21:00:00+00:00,13.0,11,0.786,22.39,69.61,0.0,ordinary,flagged_facility,Jamnagar (Sikka) marine terminal,12.15,False,True,3,,False
419077800,REL DARSHAN,IND,jamnagar_vadinar_may2026,2026-05-05 15:00:00+00:00,2026-05-06 04:00:00+00:00,13.0,10,0.714,22.575,69.856,2.202,ordinary,flagged_facility,Jamnagar (Sikka) marine terminal,21.33,False,True,3,,False
419293000,RELTUG 7,IND,jamnagar_vadinar_may2026,2026-05-07 13:00:00+00:00,2026-05-08 02:00:00+00:00,13.0,14,1.0,22.51143,69.81,4.755,ordinary,flagged_facility,Jamnagar (Sikka) marine terminal,12.94,False,True,3,,False
419902339,MT MAHADEV,IND,jamnagar_vadinar_may2026,2026-05-11 16:00:00+00:00,2026-05-12 05:00:00+00:00,13.0,12,0.857,22.43417,69.66917,4.094,ordinary,flagged_facility,Jamnagar (Sikka) marine terminal,5.24,False,True,3,,False
419902339,MT MAHADEV,IND,jamnagar_vadinar_may2026,2026-05-25 10:00:00+00:00,2026-05-25 23:00:00+00:00,13.0,14,1.0,22.43143,69.67,2.065,ordinary,flagged_facility,Jamnagar (Sikka) marine terminal,5.14,False,True,3,,False
419956663,M.V. MANGAL MURTI,IND,jamnagar_vadinar_may2026,2026-05-08 16:00:00+00:00,2026-05-09 05:00:00+00:00,13.0,11,0.786,22.43182,69.67,0.91,ordinary,flagged_facility,Jamnagar (Sikka) marine terminal,5.14,False,True,3,,False
419956952,MV GAUTAM ATHARV,IND,jamnagar_vadinar_may2026,2026-05-05 12:00:00+00:00,2026-05-06 01:00:00+00:00,13.0,14,1.0,22.45071,69.80214,4.926,ordinary,flagged_facility,Jamnagar (Sikka) marine terminal,8.75,False,True,3,,False
419956952,MV GAUTAM ATHARV,IND,jamnagar_vadinar_may2026,2026-05-06 02:00:00+00:00,2026-05-06 15:00:00+00:00,13.0,14,1.0,22.43571,69.81429,3.074,ordinary,flagged_facility,Jamnagar (Sikka) marine terminal,9.71,False,True,3,,False
419957006,RAJAVEER  -5,IND,jamnagar_vadinar_may2026,2026-05-05 08:00:00+00:00,2026-05-05 21:00:00+00:00,13.0,8,0.571,22.46,69.8,0.0,ordinary,flagged_facility,Jamnagar (Sikka) marine terminal,8.87,False,True,3,,False
419991684,SP HOPPER,IND,jamnagar_vadinar_may2026,2026-05-08 01:00:00+00:00,2026-05-08 14:00:00+00:00,13.0,13,0.929,22.49077,69.84923,1.398,ordinary,flagged_facility,Jamnagar (Sikka) marine terminal,14.9,False,True,3,,False
419000102,BRAHMANI,IND,jamnagar_vadinar_may2026,2026-05-17 07:00:00+00:00,2026-05-17 19:00:00+00:00,12.0,7,0.538,22.67429,69.64714,4.443,ordinary,flagged_facility,Vadinar terminal / Nayara refinery (EU+UK sanctioned),13.82,False,True,3,,False
419000964,ASTER STAR,IND,jamnagar_vadinar_may2026,2026-05-18 12:00:00+00:00,2026-05-19 00:00:00+00:00,12.0,13,1.0,22.49,69.85,0.0,ordinary,flagged_facility,Jamnagar (Sikka) marine terminal,14.93,False,True,3,,False
419001286,TUG KB XI,IND,jamnagar_vadinar_may2026,2026-05-13 03:00:00+00:00,2026-05-13 15:00:00+00:00,12.0,13,1.0,22.44846,69.67231,3.595,ordinary,flagged_facility,Jamnagar (Sikka) marine terminal,5.31,False,True,3,,False
419001286,TUG KB XI,IND,jamnagar_vadinar_may2026,2026-05-14 04:00:00+00:00,2026-05-14 16:00:00+00:00,12.0,13,1.0,22.44077,69.67,1.026,ordinary,flagged_facility,Jamnagar (Sikka) marine terminal,5.28,False,True,3,,False
419001286,TUG KB XI,IND,jamnagar_vadinar_may2026,2026-05-21 20:00:00+00:00,2026-05-22 08:00:00+00:00,12.0,13,1.0,22.51385,69.70077,2.873,ordinary,flagged_facility,Vadinar terminal / Nayara refinery (EU+UK sanctioned),6.58,False,True,3,,False
419001358,PRABHAT SHOBHA,IND,jamnagar_vadinar_may2026,2026-05-17 07:00:00+00:00,2026-05-17 19:00:00+00:00,12.0,13,1.0,22.56231,69.76769,3.088,ordinary,flagged_facility,Vadinar terminal / Nayara refinery (EU+UK sanctioned),12.16,False,True,3,,False
419001390,KNK ASHIMA,IND,jamnagar_vadinar_may2026,2026-05-05 12:00:00+00:00,2026-05-06 00:00:00+00:00,12.0,13,1.0,22.43923,69.67308,1.691,ordinary,flagged_facility,Jamnagar (Sikka) marine terminal,4.93,False,True,3,,False
419001456,MEERA,IND,jamnagar_vadinar_may2026,2026-05-24 01:00:00+00:00,2026-05-24 13:00:00+00:00,12.0,10,0.769,22.466,69.667,4.945,ordinary,flagged_facility,Jamnagar (Sikka) marine terminal,6.76,False,True,3,,False
419001456,MEERA,IND,jamnagar_vadinar_may2026,2026-05-24 14:00:00+00:00,2026-05-25 02:00:00+00:00,12.0,10,0.769,22.449,69.67,1.001,ordinary,flagged_facility,Jamnagar (Sikka) marine terminal,5.56,False,True,3,,False
419001472,OCEAN PRIDE,IND,jamnagar_vadinar_may2026,2026-05-19 13:00:00+00:00,2026-05-20 01:00:00+00:00,12.0,13,1.0,22.44,69.67,0.0,ordinary,flagged_facility,Jamnagar (Sikka) marine terminal,5.26,False,True,3,,False
419001715,ZINNIA STAR,IND,jamnagar_vadinar_may2026,2026-05-25 11:00:00+00:00,2026-05-25 23:00:00+00:00,12.0,13,1.0,22.50615,69.66077,2.653,ordinary,flagged_facility,Vadinar terminal / Nayara refinery (EU+UK sanctioned),5.0,False,True,3,,False
419001794,RIVER PEARL 10,IND,jamnagar_vadinar_may2026,2026-05-15 12:00:00+00:00,2026-05-16 00:00:00+00:00,12.0,12,0.923,22.44,69.67,0.0,ordinary,flagged_facility,Jamnagar (Sikka) marine terminal,5.26,False,True,3,,False
419001794,RIVER PEARL 10,IND,jamnagar_vadinar_may2026,2026-05-22 13:00:00+00:00,2026-05-23 01:00:00+00:00,12.0,13,1.0,22.44308,69.67,4.106,ordinary,flagged_facility,Jamnagar (Sikka) marine terminal,5.34,False,True,3,,False
419032300,AQUA SUN,IND,jamnagar_vadinar_may2026,2026-05-23 01:00:00+00:00,2026-05-23 13:00:00+00:00,12.0,11,0.846,22.58,69.85364,2.628,ordinary,flagged_facility,Vadinar terminal / Nayara refinery (EU+UK sanctioned),21.17,False,True,3,,False
419033900,REL SAGAR,IND,jamnagar_vadinar_may2026,2026-05-05 14:00:00+00:00,2026-05-06 02:00:00+00:00,12.0,13,1.0,22.51308,69.80154,3.544,ordinary,flagged_facility,Jamnagar (Sikka) marine terminal,12.47,False,True,3,,False
419033900,REL SAGAR,IND,jamnagar_vadinar_may2026,2026-05-08 11:00:00+00:00,2026-05-08 23:00:00+00:00,12.0,13,1.0,22.51,69.8,0.0,ordinary,flagged_facility,Jamnagar (Sikka) marine terminal,12.11,False,True,3,,False
419056200,M.T.IRIS,IND,jamnagar_vadinar_may2026,2026-05-12 09:00:00+00:00,2026-05-12 21:00:00+00:00,12.0,13,1.0,22.49,69.86,0.0,ordinary,flagged_facility,Jamnagar (Sikka) marine terminal,15.86,False,True,3,,False
419072500,RELTUG 16,IND,jamnagar_vadinar_may2026,2026-05-11 10:00:00+00:00,2026-05-11 22:00:00+00:00,12.0,13,1.0,22.49923,69.83077,3.38,ordinary,flagged_facility,Jamnagar (Sikka) marine terminal,13.74,False,True,3,,False
419077500,AGNI,IND,jamnagar_vadinar_may2026,2026-05-06 13:00:00+00:00,2026-05-07 01:00:00+00:00,12.0,6,0.462,22.58333,69.80666,4.082,ordinary,flagged_facility,Vadinar terminal / Nayara refinery (EU+UK sanctioned),16.51,False,True,3,,False
419077800,REL DARSHAN,IND,jamnagar_vadinar_may2026,2026-05-06 11:00:00+00:00,2026-05-06 23:00:00+00:00,12.0,10,0.769,22.56,69.849,0.924,ordinary,flagged_facility,Jamnagar (Sikka) marine terminal,19.61,False,True,3,,False
419077800,REL DARSHAN,IND,jamnagar_vadinar_may2026,2026-05-12 01:00:00+00:00,2026-05-12 13:00:00+00:00,12.0,11,0.846,22.54455,69.84182,4.957,ordinary,flagged_facility,Jamnagar (Sikka) marine terminal,17.86,False,True,3,,False
419079300,MV ANJALI,IND,jamnagar_vadinar_may2026,2026-05-05 00:00:00+00:00,2026-05-05 12:00:00+00:00,12.0,13,1.0,22.50538,69.83077,4.98,ordinary,flagged_facility,Jamnagar (Sikka) marine terminal,14.14,False,True,3,,False
419079300,MV ANJALI,IND,jamnagar_vadinar_may2026,2026-05-07 12:00:00+00:00,2026-05-08 00:00:00+00:00,12.0,13,1.0,22.5,69.84,0.0,ordinary,flagged_facility,Jamnagar (Sikka) marine terminal,14.58,False,True,3,,False
419079300,MV ANJALI,IND,jamnagar_vadinar_may2026,2026-05-18 00:00:00+00:00,2026-05-18 12:00:00+00:00,12.0,13,1.0,22.49923,69.84077,1.398,ordinary,flagged_facility,Jamnagar (Sikka) marine terminal,14.6,False,True,3,,False
419079400,MV APSARA,IND,jamnagar_vadinar_may2026,2026-05-17 13:00:00+00:00,2026-05-18 01:00:00+00:00,12.0,13,1.0,22.50231,69.83769,3.575,ordinary,flagged_facility,Jamnagar (Sikka) marine terminal,14.52,False,True,3,,False
419900708,HB  -DEEP-1,IND,jamnagar_vadinar_may2026,2026-05-08 06:00:00+00:00,2026-05-08 18:00:00+00:00,12.0,10,0.769,22.471,69.858,3.661,ordinary,flagged_facility,Jamnagar (Sikka) marine terminal,14.9,False,True,3,,False
419900708,HB  -DEEP-1,IND,jamnagar_vadinar_may2026,2026-05-18 10:00:00+00:00,2026-05-18 22:00:00+00:00,12.0,11,0.846,22.47636,69.85364,3.578,ordinary,flagged_facility,Jamnagar (Sikka) marine terminal,14.67,False,True,3,,False
419956663,M.V. MANGAL MURTI,IND,jamnagar_vadinar_may2026,2026-05-16 14:00:00+00:00,2026-05-17 02:00:00+00:00,12.0,7,0.538,22.53429,69.63286,4.038,ordinary,flagged_facility,Vadinar terminal / Nayara refinery (EU+UK sanctioned),2.48,False,True,3,,False
419956787,DAWN II,IND,jamnagar_vadinar_may2026,2026-05-16 01:00:00+00:00,2026-05-16 13:00:00+00:00,12.0,13,1.0,22.58308,69.83769,3.096,ordinary,flagged_facility,Vadinar terminal / Nayara refinery (EU+UK sanctioned),19.62,False,True,3,,False
419958545,RAKSHAK,IND,jamnagar_vadinar_may2026,2026-05-16 00:00:00+00:00,2026-05-16 12:00:00+00:00,12.0,8,0.615,22.44,69.68,0.0,ordinary,flagged_facility,Jamnagar (Sikka) marine terminal,4.26,False,True,3,,False
419991684,SP HOPPER,IND,jamnagar_vadinar_may2026,2026-05-21 02:00:00+00:00,2026-05-21 14:00:00+00:00,12.0,13,1.0,22.49769,69.84077,4.018,ordinary,flagged_facility,Jamnagar (Sikka) marine terminal,14.51,False,True,3,,False
419000101,BAITARANI,IND,jamnagar_vadinar_may2026,2026-05-18 04:00:00+00:00,2026-05-18 15:00:00+00:00,11.0,12,1.0,22.67833,69.6325,4.973,ordinary,flagged_facility,Vadinar terminal / Nayara refinery (EU+UK sanctioned),14.38,False,True,3,,False
419000638,OCEAN     EMPIRE,IND,jamnagar_vadinar_may2026,2026-05-13 13:00:00+00:00,2026-05-14 00:00:00+00:00,11.0,12,1.0,22.44,69.67,0.0,ordinary,flagged_facility,Jamnagar (Sikka) marine terminal,5.26,False,True,3,,False
419000765,CALYPSO FORTUNE,IND,jamnagar_vadinar_may2026,2026-05-13 12:00:00+00:00,2026-05-13 23:00:00+00:00,11.0,12,1.0,22.57667,69.81333,3.113,ordinary,flagged_facility,Vadinar terminal / Nayara refinery (EU+UK sanctioned),17.03,False,True,3,,False
419000765,CALYPSO FORTUNE,IND,jamnagar_vadinar_may2026,2026-05-16 13:00:00+00:00,2026-05-17 00:00:00+00:00,11.0,12,1.0,22.5825,69.82583,2.994,ordinary,flagged_facility,Vadinar terminal / Nayara refinery (EU+UK sanctioned),18.41,False,True,3,,False
419000765,CALYPSO FORTUNE,IND,jamnagar_vadinar_may2026,2026-05-25 12:00:00+00:00,2026-05-25 23:00:00+00:00,11.0,12,1.0,22.58333,69.82083,4.428,ordinary,flagged_facility,Vadinar terminal / Nayara refinery (EU+UK sanctioned),17.93,False,True,3,,False
419000964,ASTER STAR,IND,jamnagar_vadinar_may2026,2026-05-07 13:00:00+00:00,2026-05-08 00:00:00+00:00,11.0,12,1.0,22.49417,69.845,3.853,ordinary,flagged_facility,Jamnagar (Sikka) marine terminal,14.69,False,True,3,,False
419001058,MV DAWN,IND,jamnagar_vadinar_may2026,2026-05-25 06:00:00+00:00,2026-05-25 17:00:00+00:00,11.0,12,1.0,22.49667,69.84,0.741,ordinary,flagged_facility,Jamnagar (Sikka) marine terminal,14.39,False,True,3,,False
419001109,SAGAR URMIKA,IND,jamnagar_vadinar_may2026,2026-05-07 14:00:00+00:00,2026-05-08 01:00:00+00:00,11.0,12,1.0,22.55,69.61,0.0,ordinary,flagged_facility,Vadinar terminal / Nayara refinery (EU+UK sanctioned),4.11,False,True,3,,False
419001130,VIHAAN,IND,jamnagar_vadinar_may2026,2026-05-21 22:00:00+00:00,2026-05-22 09:00:00+00:00,11.0,12,1.0,22.44,69.67,0.0,ordinary,flagged_facility,Jamnagar (Sikka) marine terminal,5.26,False,True,3,,False
419001209,DELFINA,IND,jamnagar_vadinar_may2026,2026-05-11 05:00:00+00:00,2026-05-11 16:00:00+00:00,11.0,12,1.0,22.44833,69.8,0.927,ordinary,flagged_facility,Jamnagar (Sikka) marine terminal,8.47,False,True,3,,False
419001286,TUG KB XI,IND,jamnagar_vadinar_may2026,2026-05-09 04:00:00+00:00,2026-05-09 15:00:00+00:00,11.0,12,1.0,22.44333,69.67083,4.185,ordinary,flagged_facility,Jamnagar (Sikka) marine terminal,5.27,False,True,3,,False
419001286,TUG KB XI,IND,jamnagar_vadinar_may2026,2026-05-13 16:00:00+00:00,2026-05-14 03:00:00+00:00,11.0,12,1.0,22.50417,69.68834,4.241,ordinary,flagged_facility,Vadinar terminal / Nayara refinery (EU+UK sanctioned),6.44,False,True,3,,False
419001472,OCEAN PRIDE,IND,jamnagar_vadinar_may2026,2026-05-09 15:00:00+00:00,2026-05-10 02:00:00+00:00,11.0,12,1.0,22.44083,69.67,1.019,ordinary,flagged_facility,Jamnagar (Sikka) marine terminal,5.28,False,True,3,,False
419001651,KNK NAYRA,IND,jamnagar_vadinar_may2026,2026-05-05 17:00:00+00:00,2026-05-06 04:00:00+00:00,11.0,12,1.0,22.51,69.8025,0.77,ordinary,flagged_facility,Jamnagar (Sikka) marine terminal,12.29,False,True,3,,False
419001651,KNK NAYRA,IND,jamnagar_vadinar_may2026,2026-05-23 22:00:00+00:00,2026-05-24 09:00:00+00:00,11.0,12,1.0,22.51167,69.80833,0.942,ordinary,flagged_facility,Jamnagar (Sikka) marine terminal,12.84,False,True,3,,False
419001985,TITAN 12,IND,jamnagar_vadinar_may2026,2026-05-08 02:00:00+00:00,2026-05-08 13:00:00+00:00,11.0,8,0.667,22.44375,69.67,2.919,ordinary,flagged_facility,Jamnagar (Sikka) marine terminal,5.36,False,True,3,,False
419002022,A.E.L.II,IND,jamnagar_vadinar_may2026,2026-05-17 18:00:00+00:00,2026-05-18 05:00:00+00:00,11.0,12,1.0,22.54167,69.61167,2.775,ordinary,flagged_facility,Vadinar terminal / Nayara refinery (EU+UK sanctioned),4.04,False,True,3,,False
419032200,AQUA MOON,IND,jamnagar_vadinar_may2026,2026-05-24 13:00:00+00:00,2026-05-25 00:00:00+00:00,11.0,8,0.667,22.55375,69.80375,4.907,ordinary,flagged_facility,Vadinar terminal / Nayara refinery (EU+UK sanctioned),15.79,False,True,3,,False
419033900,REL SAGAR,IND,jamnagar_vadinar_may2026,2026-05-05 02:00:00+00:00,2026-05-05 13:00:00+00:00,11.0,12,1.0,22.52583,69.79667,4.959,ordinary,flagged_facility,Jamnagar (Sikka) marine terminal,13.25,False,True,3,,False
419033900,REL SAGAR,IND,jamnagar_vadinar_may2026,2026-05-13 13:00:00+00:00,2026-05-14 00:00:00+00:00,11.0,12,1.0,22.5075,69.81,3.192,ordinary,flagged_facility,Jamnagar (Sikka) marine terminal,12.64,False,True,3,,False
419055150,M.T. BLUE BELL,IND,jamnagar_vadinar_may2026,2026-05-16 15:00:00+00:00,2026-05-17 02:00:00+00:00,11.0,5,0.417,22.49,69.86,0.0,ordinary,flagged_facility,Jamnagar (Sikka) marine terminal,15.86,False,True,3,,False
419066400,M V CHETAK,IND,jamnagar_vadinar_may2026,2026-05-05 00:00:00+00:00,2026-05-05 11:00:00+00:00,11.0,12,1.0,22.49917,69.84166,4.866,ordinary,flagged_facility,Jamnagar (Sikka) marine terminal,14.68,False,True,3,,False
419072600,REL TUG FIFTEEN,IND,jamnagar_vadinar_may2026,2026-05-25 12:00:00+00:00,2026-05-25 23:00:00+00:00,11.0,8,0.667,22.58,69.83875,0.898,ordinary,flagged_facility,Vadinar terminal / Nayara refinery (EU+UK sanctioned),19.67,False,True,3,,False
419072900,PARIJAT,IND,jamnagar_vadinar_may2026,2026-05-14 15:00:00+00:00,2026-05-15 02:00:00+00:00,11.0,11,0.917,22.49091,69.85727,2.043,ordinary,flagged_facility,Jamnagar (Sikka) marine terminal,15.65,False,True,3,,False
419077500,AGNI,IND,jamnagar_vadinar_may2026,2026-05-08 12:00:00+00:00,2026-05-08 23:00:00+00:00,11.0,11,0.917,22.49,69.82727,3.419,ordinary,flagged_facility,Jamnagar (Sikka) marine terminal,12.88,False,True,3,,False
419079300,MV ANJALI,IND,jamnagar_vadinar_may2026,2026-05-05 13:00:00+00:00,2026-05-06 00:00:00+00:00,11.0,12,1.0,22.5,69.84,0.0,ordinary,flagged_facility,Jamnagar (Sikka) marine terminal,14.58,False,True,3,,False
419079300,MV ANJALI,IND,jamnagar_vadinar_may2026,2026-05-24 12:00:00+00:00,2026-05-24 23:00:00+00:00,11.0,12,1.0,22.5,69.84,0.0,ordinary,flagged_facility,Jamnagar (Sikka) marine terminal,14.58,False,True,3,,False
419079400,MV APSARA,IND,jamnagar_vadinar_may2026,2026-05-18 09:00:00+00:00,2026-05-18 20:00:00+00:00,11.0,12,1.0,22.5,69.83417,0.599,ordinary,flagged_facility,Jamnagar (Sikka) marine terminal,14.08,False,True,3,,False
419093600,KAIVAN,IND,jamnagar_vadinar_may2026,2026-05-13 05:00:00+00:00,2026-05-13 16:00:00+00:00,11.0,12,1.0,22.48833,69.69334,4.939,ordinary,flagged_facility,Jamnagar (Sikka) marine terminal,7.04,False,True,3,,False
419093600,KAIVAN,IND,jamnagar_vadinar_may2026,2026-05-17 00:00:00+00:00,2026-05-17 11:00:00+00:00,11.0,11,0.917,22.48182,69.69,0.91,ordinary,flagged_facility,Jamnagar (Sikka) marine terminal,6.54,False,True,3,,False
419093600,KAIVAN,IND,jamnagar_vadinar_may2026,2026-05-23 17:00:00+00:00,2026-05-24 04:00:00+00:00,11.0,12,1.0,22.47583,69.68667,4.337,ordinary,flagged_facility,Jamnagar (Sikka) marine terminal,6.14,False,True,3,,False
419292000,RELTUG SIX,IND,jamnagar_vadinar_may2026,2026-05-25 12:00:00+00:00,2026-05-25 23:00:00+00:00,11.0,12,1.0,22.59,69.86584,0.599,ordinary,flagged_facility,Vadinar terminal / Nayara refinery (EU+UK sanctioned),22.6,False,True,3,,False
419902339,MT MAHADEV,IND,jamnagar_vadinar_may2026,2026-05-24 16:00:00+00:00,2026-05-25 03:00:00+00:00,11.0,12,1.0,22.43083,69.67,1.019,ordinary,flagged_facility,Jamnagar (Sikka) marine terminal,5.14,False,True,3,,False
419956663,M.V. MANGAL MURTI,IND,jamnagar_vadinar_may2026,2026-05-07 00:00:00+00:00,2026-05-07 11:00:00+00:00,11.0,9,0.75,22.43333,69.67,1.853,ordinary,flagged_facility,Jamnagar (Sikka) marine terminal,5.15,False,True,3,,False
419956787,DAWN II,IND,jamnagar_vadinar_may2026,2026-05-12 01:00:00+00:00,2026-05-12 12:00:00+00:00,11.0,12,1.0,22.57417,69.845,4.272,ordinary,flagged_facility,Vadinar terminal / Nayara refinery (EU+UK sanctioned),20.2,False,True,3,,False
419956787,DAWN II,IND,jamnagar_vadinar_may2026,2026-05-13 13:00:00+00:00,2026-05-14 00:00:00+00:00,11.0,12,1.0,22.50333,69.82917,3.111,ordinary,flagged_facility,Jamnagar (Sikka) marine terminal,13.87,False,True,3,,False
419958509,MT ZARQA,IND,jamnagar_vadinar_may2026,2026-05-09 01:00:00+00:00,2026-05-09 12:00:00+00:00,11.0,12,1.0,22.45583,69.6675,4.971,ordinary,flagged_facility,Jamnagar (Sikka) marine terminal,6.11,False,True,3,,False
419958545,RAKSHAK,IND,jamnagar_vadinar_may2026,2026-05-12 05:00:00+00:00,2026-05-12 16:00:00+00:00,11.0,8,0.667,22.44875,69.6775,4.651,ordinary,flagged_facility,Jamnagar (Sikka) marine terminal,4.84,False,True,3,,False
419991684,SP HOPPER,IND,jamnagar_vadinar_may2026,2026-05-20 09:00:00+00:00,2026-05-20 20:00:00+00:00,11.0,9,0.75,22.48889,69.84778,4.89,ordinary,flagged_facility,Jamnagar (Sikka) marine terminal,14.67,False,True,3,,False
419000638,OCEAN     EMPIRE,IND,jamnagar_vadinar_may2026,2026-05-08 15:00:00+00:00,2026-05-09 01:00:00+00:00,10.0,11,1.0,22.44,69.67,0.0,ordinary,flagged_facility,Jamnagar (Sikka) marine terminal,5.26,False,True,3,,False
419000638,OCEAN     EMPIRE,IND,jamnagar_vadinar_may2026,2026-05-22 16:00:00+00:00,2026-05-23 02:00:00+00:00,10.0,11,1.0,22.52455,69.68637,0.826,ordinary,flagged_facility,Vadinar terminal / Nayara refinery (EU+UK sanctioned),4.69,False,True,3,,False
419000765,CALYPSO FORTUNE,IND,jamnagar_vadinar_may2026,2026-05-07 23:00:00+00:00,2026-05-08 09:00:00+00:00,10.0,11,1.0,22.56364,69.80636,4.896,ordinary,flagged_facility,Vadinar terminal / Nayara refinery (EU+UK sanctioned),16.13,False,True,3,,False
419000765,CALYPSO FORTUNE,IND,jamnagar_vadinar_may2026,2026-05-20 08:00:00+00:00,2026-05-20 18:00:00+00:00,10.0,11,1.0,22.57455,69.80364,1.838,ordinary,flagged_facility,Vadinar terminal / Nayara refinery (EU+UK sanctioned),16.01,False,True,3,,False
419000964,ASTER STAR,IND,jamnagar_vadinar_may2026,2026-05-16 09:00:00+00:00,2026-05-16 19:00:00+00:00,10.0,11,1.0,22.49455,69.84545,4.731,ordinary,flagged_facility,Jamnagar (Sikka) marine terminal,14.75,False,True,3,,False
419000970,SSL GUJARAT,IND,jamnagar_vadinar_may2026,2026-05-23 09:00:00+00:00,2026-05-23 19:00:00+00:00,10.0,11,1.0,22.64364,69.70091,3.076,ordinary,flagged_facility,Vadinar terminal / Nayara refinery (EU+UK sanctioned),11.65,False,True,3,,False
419001082,SHIVANI,IND,jamnagar_vadinar_may2026,2026-05-18 06:00:00+00:00,2026-05-18 16:00:00+00:00,10.0,8,0.727,22.4325,69.815,1.753,ordinary,flagged_facility,Jamnagar (Sikka) marine terminal,9.77,False,True,3,,False
419001082,SHIVANI,IND,jamnagar_vadinar_may2026,2026-05-19 01:00:00+00:00,2026-05-19 11:00:00+00:00,10.0,9,0.818,22.43,69.82,0.0,ordinary,flagged_facility,Jamnagar (Sikka) marine terminal,10.28,False,True,3,,False
419001109,SAGAR URMIKA,IND,jamnagar_vadinar_may2026,2026-05-11 15:00:00+00:00,2026-05-12 01:00:00+00:00,10.0,11,1.0,22.56,69.61,0.0,ordinary,flagged_facility,Vadinar terminal / Nayara refinery (EU+UK sanctioned),4.26,False,True,3,,False
419001130,VIHAAN,IND,jamnagar_vadinar_may2026,2026-05-22 15:00:00+00:00,2026-05-23 01:00:00+00:00,10.0,11,1.0,22.44364,69.67,4.043,ordinary,flagged_facility,Jamnagar (Sikka) marine terminal,5.36,False,True,3,,False
419001130,VIHAAN,IND,jamnagar_vadinar_may2026,2026-05-25 13:00:00+00:00,2026-05-25 23:00:00+00:00,10.0,11,1.0,22.44,69.67,0.0,ordinary,flagged_facility,Jamnagar (Sikka) marine terminal,5.26,False,True,3,,False
419001286,TUG KB XI,IND,jamnagar_vadinar_may2026,2026-05-25 13:00:00+00:00,2026-05-25 23:00:00+00:00,10.0,11,1.0,22.48636,69.68818,4.454,ordinary,flagged_facility,Jamnagar (Sikka) marine terminal,7.07,False,True,3,,False
419001390,KNK ASHIMA,IND,jamnagar_vadinar_may2026,2026-05-25 13:00:00+00:00,2026-05-25 23:00:00+00:00,10.0,11,1.0,22.44,69.67,0.0,ordinary,flagged_facility,Jamnagar (Sikka) marine terminal,5.26,False,True,3,,False
419001602,MENCAST18,IND,jamnagar_vadinar_may2026,2026-05-06 21:00:00+00:00,2026-05-07 07:00:00+00:00,10.0,11,1.0,22.44273,69.67,3.033,ordinary,flagged_facility,Jamnagar (Sikka) marine terminal,5.33,False,True,3,,False
419001794,RIVER PEARL 10,IND,jamnagar_vadinar_may2026,2026-05-05 15:00:00+00:00,2026-05-06 01:00:00+00:00,10.0,11,1.0,22.44364,69.67,4.043,ordinary,flagged_facility,Jamnagar (Sikka) marine terminal,5.36,False,True,3,,False
419001794,RIVER PEARL 10,IND,jamnagar_vadinar_may2026,2026-05-20 20:00:00+00:00,2026-05-21 06:00:00+00:00,10.0,11,1.0,22.44364,69.66909,4.15,ordinary,flagged_facility,Jamnagar (Sikka) marine terminal,5.45,False,True,3,,False
419001985,TITAN 12,IND,jamnagar_vadinar_may2026,2026-05-25 13:00:00+00:00,2026-05-25 23:00:00+00:00,10.0,11,1.0,22.45727,69.66909,4.842,ordinary,flagged_facility,Jamnagar (Sikka) marine terminal,6.05,False,True,3,,False
419002017,VARAHA,IND,jamnagar_vadinar_may2026,2026-05-10 20:00:00+00:00,2026-05-11 06:00:00+00:00,10.0,11,1.0,22.51818,69.75182,2.752,ordinary,flagged_facility,Jamnagar (Sikka) marine terminal,10.34,False,True,3,,False
419002121,CMACGM VILA DO CONDE,IND,jamnagar_vadinar_may2026,2026-05-19 11:00:00+00:00,2026-05-19 21:00:00+00:00,10.0,11,1.0,22.64364,69.72091,4.196,ordinary,flagged_facility,Vadinar terminal / Nayara refinery (EU+UK sanctioned),12.7,False,True,3,,False
419014400,M V POONAM,IND,jamnagar_vadinar_may2026,2026-05-20 16:00:00+00:00,2026-05-21 02:00:00+00:00,10.0,11,1.0,22.50273,69.83727,4.128,ordinary,flagged_facility,Jamnagar (Sikka) marine terminal,14.51,False,True,3,,False
419032200,AQUA MOON,IND,jamnagar_vadinar_may2026,2026-05-10 01:00:00+00:00,2026-05-10 11:00:00+00:00,10.0,8,0.727,22.57,69.78875,0.899,ordinary,flagged_facility,Vadinar terminal / Nayara refinery (EU+UK sanctioned),14.42,False,True,3,,False
419032300,AQUA SUN,IND,jamnagar_vadinar_may2026,2026-05-17 20:00:00+00:00,2026-05-18 06:00:00+00:00,10.0,5,0.455,22.594,69.836,3.803,ordinary,flagged_facility,Vadinar terminal / Nayara refinery (EU+UK sanctioned),19.71,False,True,3,,False
419033600,RELTUG ELEVEN,IND,jamnagar_vadinar_may2026,2026-05-07 22:00:00+00:00,2026-05-08 08:00:00+00:00,10.0,8,0.727,22.49625,69.84,4.884,ordinary,flagged_facility,Jamnagar (Sikka) marine terminal,14.36,False,True,3,,False
419033600,RELTUG ELEVEN,IND,jamnagar_vadinar_may2026,2026-05-10 03:00:00+00:00,2026-05-10 13:00:00+00:00,10.0,11,1.0,22.49,69.85,0.0,ordinary,flagged_facility,Jamnagar (Sikka) marine terminal,14.93,False,True,3,,False
419033600,RELTUG ELEVEN,IND,jamnagar_vadinar_may2026,2026-05-11 05:00:00+00:00,2026-05-11 15:00:00+00:00,10.0,10,0.909,22.492,69.848,1.211,ordinary,flagged_facility,Jamnagar (Sikka) marine terminal,14.85,False,True,3,,False
419033600,RELTUG ELEVEN,IND,jamnagar_vadinar_may2026,2026-05-20 21:00:00+00:00,2026-05-21 07:00:00+00:00,10.0,10,0.909,22.497,69.841,4.927,ordinary,flagged_facility,Jamnagar (Sikka) marine terminal,14.49,False,True,3,,False
419033900,REL SAGAR,IND,jamnagar_vadinar_may2026,2026-05-07 05:00:00+00:00,2026-05-07 15:00:00+00:00,10.0,11,1.0,22.49,69.85,0.0,ordinary,flagged_facility,Jamnagar (Sikka) marine terminal,14.93,False,True,3,,False
419033900,REL SAGAR,IND,jamnagar_vadinar_may2026,2026-05-21 00:00:00+00:00,2026-05-21 10:00:00+00:00,10.0,11,1.0,22.56636,69.79091,4.15,ordinary,flagged_facility,Vadinar terminal / Nayara refinery (EU+UK sanctioned),14.58,False,True,3,,False
419055150,M.T. BLUE BELL,IND,jamnagar_vadinar_may2026,2026-05-07 22:00:00+00:00,2026-05-08 08:00:00+00:00,10.0,6,0.545,22.495,69.85167,2.781,ordinary,flagged_facility,Jamnagar (Sikka) marine terminal,15.34,False,True,3,,False
419055150,M.T. BLUE BELL,IND,jamnagar_vadinar_may2026,2026-05-23 20:00:00+00:00,2026-05-24 06:00:00+00:00,10.0,11,1.0,22.49364,69.85455,4.603,ordinary,flagged_facility,Jamnagar (Sikka) marine terminal,15.53,False,True,3,,False
419072600,REL TUG FIFTEEN,IND,jamnagar_vadinar_may2026,2026-05-05 23:00:00+00:00,2026-05-06 09:00:00+00:00,10.0,11,1.0,22.57909,69.83454,1.113,ordinary,flagged_facility,Vadinar terminal / Nayara refinery (EU+UK sanctioned),19.22,False,True,3,,False
419072900,PARIJAT,IND,jamnagar_vadinar_may2026,2026-05-10 06:00:00+00:00,2026-05-10 16:00:00+00:00,10.0,8,0.727,22.49375,69.85375,3.036,ordinary,flagged_facility,Jamnagar (Sikka) marine terminal,15.46,False,True,3,,False
419077200,AKASH,IND,jamnagar_vadinar_may2026,2026-05-16 14:00:00+00:00,2026-05-17 00:00:00+00:00,10.0,11,1.0,22.50182,69.83273,3.395,ordinary,flagged_facility,Jamnagar (Sikka) marine terminal,14.07,False,True,3,,False
419077200,AKASH,IND,jamnagar_vadinar_may2026,2026-05-18 13:00:00+00:00,2026-05-18 23:00:00+00:00,10.0,11,1.0,22.50091,69.82727,2.978,ordinary,flagged_facility,Jamnagar (Sikka) marine terminal,13.55,False,True,3,,False
419077500,AGNI,IND,jamnagar_vadinar_may2026,2026-05-08 01:00:00+00:00,2026-05-08 11:00:00+00:00,10.0,6,0.545,22.57333,69.79167,2.041,ordinary,flagged_facility,Vadinar terminal / Nayara refinery (EU+UK sanctioned),14.78,False,True,3,,False
419077500,AGNI,IND,jamnagar_vadinar_may2026,2026-05-13 13:00:00+00:00,2026-05-13 23:00:00+00:00,10.0,11,1.0,22.51182,69.80818,4.328,ordinary,flagged_facility,Jamnagar (Sikka) marine terminal,12.84,False,True,3,,False
419079400,MV APSARA,IND,jamnagar_vadinar_may2026,2026-05-11 13:00:00+00:00,2026-05-11 23:00:00+00:00,10.0,11,1.0,22.49909,69.84091,2.207,ordinary,flagged_facility,Jamnagar (Sikka) marine terminal,14.61,False,True,3,,False
419956603,M. V. ZARAH-I,IND,jamnagar_vadinar_may2026,2026-05-25 07:00:00+00:00,2026-05-25 17:00:00+00:00,10.0,11,1.0,22.45,69.8,0.0,ordinary,flagged_facility,Jamnagar (Sikka) marine terminal,8.52,False,True,3,,False
419956663,M.V. MANGAL MURTI,IND,jamnagar_vadinar_may2026,2026-05-06 11:00:00+00:00,2026-05-06 21:00:00+00:00,10.0,7,0.636,22.43714,69.67,1.43,ordinary,flagged_facility,Jamnagar (Sikka) marine terminal,5.2,False,True,3,,False
419956787,DAWN II,IND,jamnagar_vadinar_may2026,2026-05-10 17:00:00+00:00,2026-05-11 03:00:00+00:00,10.0,11,1.0,22.55818,69.83909,2.227,ordinary,flagged_facility,Jamnagar (Sikka) marine terminal,18.78,False,True,3,,False
419958545,RAKSHAK,IND,jamnagar_vadinar_may2026,2026-05-05 01:00:00+00:00,2026-05-05 11:00:00+00:00,10.0,9,0.818,22.44444,69.67889,4.058,ordinary,flagged_facility,Jamnagar (Sikka) marine terminal,4.52,False,True,3,,False
419958563,MT NOOR 1,IND,jamnagar_vadinar_may2026,2026-05-10 01:00:00+00:00,2026-05-10 11:00:00+00:00,10.0,6,0.545,22.495,69.84333,1.478,ordinary,flagged_facility,Jamnagar (Sikka) marine terminal,14.59,False,True,3,,False
419991684,SP HOPPER,IND,jamnagar_vadinar_may2026,2026-05-23 02:00:00+00:00,2026-05-23 12:00:00+00:00,10.0,11,1.0,22.50273,69.83272,4.791,ordinary,flagged_facility,Jamnagar (Sikka) marine terminal,14.13,False,True,3,,False
419000101,BAITARANI,IND,jamnagar_vadinar_may2026,2026-05-05 00:00:00+00:00,2026-05-05 09:00:00+00:00,9.0,10,1.0,22.68,69.656,0.616,ordinary,flagged_facility,Vadinar terminal / Nayara refinery (EU+UK sanctioned),14.47,False,True,3,,False
419000521,M.V 0CEAN **OPAL,IND,jamnagar_vadinar_may2026,2026-05-21 04:00:00+00:00,2026-05-21 13:00:00+00:00,9.0,10,1.0,22.456,69.668,4.961,ordinary,flagged_facility,Jamnagar (Sikka) marine terminal,6.08,False,True,3,,False
419000765,CALYPSO FORTUNE,IND,jamnagar_vadinar_may2026,2026-05-06 04:00:00+00:00,2026-05-06 13:00:00+00:00,9.0,10,1.0,22.589,69.827,4.833,ordinary,flagged_facility,Vadinar terminal / Nayara refinery (EU+UK sanctioned),18.68,False,True,3,,False
419000765,CALYPSO FORTUNE,IND,jamnagar_vadinar_may2026,2026-05-10 08:00:00+00:00,2026-05-10 17:00:00+00:00,9.0,10,1.0,22.582,69.823,4.912,ordinary,flagged_facility,Vadinar terminal / Nayara refinery (EU+UK sanctioned),18.12,False,True,3,,False
419000765,CALYPSO FORTUNE,IND,jamnagar_vadinar_may2026,2026-05-24 14:00:00+00:00,2026-05-24 23:00:00+00:00,9.0,10,1.0,22.574,69.811,4.15,ordinary,flagged_facility,Vadinar terminal / Nayara refinery (EU+UK sanctioned),16.75,False,True,3,,False
419000964,ASTER STAR,IND,jamnagar_vadinar_may2026,2026-05-14 19:00:00+00:00,2026-05-15 04:00:00+00:00,9.0,10,1.0,22.49,69.85,0.0,ordinary,flagged_facility,Jamnagar (Sikka) marine terminal,14.93,False,True,3,,False
419001286,TUG KB XI,IND,jamnagar_vadinar_may2026,2026-05-19 15:00:00+00:00,2026-05-20 00:00:00+00:00,9.0,10,1.0,22.499,69.69,3.447,ordinary,flagged_facility,Vadinar terminal / Nayara refinery (EU+UK sanctioned),7.0,False,True,3,,False
419001286,TUG KB XI,IND,jamnagar_vadinar_may2026,2026-05-21 10:00:00+00:00,2026-05-21 19:00:00+00:00,9.0,10,1.0,22.48,69.686,4.742,ordinary,flagged_facility,Jamnagar (Sikka) marine terminal,6.57,False,True,3,,False
419001456,MEERA,IND,jamnagar_vadinar_may2026,2026-05-25 08:00:00+00:00,2026-05-25 17:00:00+00:00,9.0,10,1.0,22.467,69.668,4.851,ordinary,flagged_facility,Jamnagar (Sikka) marine terminal,6.74,False,True,3,,False
419001472,OCEAN PRIDE,IND,jamnagar_vadinar_may2026,2026-05-15 16:00:00+00:00,2026-05-16 01:00:00+00:00,9.0,10,1.0,22.44,69.67,0.0,ordinary,flagged_facility,Jamnagar (Sikka) marine terminal,5.26,False,True,3,,False
419001472,OCEAN PRIDE,IND,jamnagar_vadinar_may2026,2026-05-17 06:00:00+00:00,2026-05-17 15:00:00+00:00,9.0,10,1.0,22.528,69.688,3.765,ordinary,flagged_facility,Vadinar terminal / Nayara refinery (EU+UK sanctioned),4.61,False,True,3,,False
419001481,M.T.PATRIOT,IND,jamnagar_vadinar_may2026,2026-05-13 19:00:00+00:00,2026-05-14 04:00:00+00:00,9.0,10,1.0,22.665,69.713,4.777,ordinary,flagged_facility,Vadinar terminal / Nayara refinery (EU+UK sanctioned),14.33,False,True,3,,False
419032200,AQUA MOON,IND,jamnagar_vadinar_may2026,2026-05-12 06:00:00+00:00,2026-05-12 15:00:00+00:00,9.0,7,0.7,22.53,69.80429,4.684,ordinary,flagged_facility,Jamnagar (Sikka) marine terminal,14.09,False,True,3,,False
419033900,REL SAGAR,IND,jamnagar_vadinar_may2026,2026-05-07 16:00:00+00:00,2026-05-08 01:00:00+00:00,9.0,10,1.0,22.51,69.8,0.0,ordinary,flagged_facility,Jamnagar (Sikka) marine terminal,12.11,False,True,3,,False
419033900,REL SAGAR,IND,jamnagar_vadinar_may2026,2026-05-24 01:00:00+00:00,2026-05-24 10:00:00+00:00,9.0,10,1.0,22.582,69.856,2.523,ordinary,flagged_facility,Vadinar terminal / Nayara refinery (EU+UK sanctioned),21.45,False,True,3,,False
419055150,M.T. BLUE BELL,IND,jamnagar_vadinar_may2026,2026-05-06 18:00:00+00:00,2026-05-07 03:00:00+00:00,9.0,8,0.8,22.49375,69.8525,3.796,ordinary,flagged_facility,Jamnagar (Sikka) marine terminal,15.35,False,True,3,,False
419055150,M.T. BLUE BELL,IND,jamnagar_vadinar_may2026,2026-05-13 12:00:00+00:00,2026-05-13 21:00:00+00:00,9.0,5,0.5,22.49,69.858,0.822,ordinary,flagged_facility,Jamnagar (Sikka) marine terminal,15.67,False,True,3,,False
419056200,M.T.IRIS,IND,jamnagar_vadinar_may2026,2026-05-18 13:00:00+00:00,2026-05-18 22:00:00+00:00,9.0,10,1.0,22.495,69.85,3.504,ordinary,flagged_facility,Jamnagar (Sikka) marine terminal,15.19,False,True,3,,False
419057400,RELTUG TWELVE,IND,jamnagar_vadinar_may2026,2026-05-08 18:00:00+00:00,2026-05-09 03:00:00+00:00,9.0,10,1.0,22.496,69.84,4.899,ordinary,flagged_facility,Jamnagar (Sikka) marine terminal,14.35,False,True,3,,False
419066400,M V CHETAK,IND,jamnagar_vadinar_may2026,2026-05-07 05:00:00+00:00,2026-05-07 14:00:00+00:00,9.0,10,1.0,22.507,69.831,4.927,ordinary,flagged_facility,Jamnagar (Sikka) marine terminal,14.26,False,True,3,,False
419071500,M. T. HAZEL,IND,jamnagar_vadinar_may2026,2026-05-08 00:00:00+00:00,2026-05-08 09:00:00+00:00,9.0,10,1.0,22.491,69.857,2.949,ordinary,flagged_facility,Jamnagar (Sikka) marine terminal,15.63,False,True,3,,False
419071500,M. T. HAZEL,IND,jamnagar_vadinar_may2026,2026-05-18 05:00:00+00:00,2026-05-18 14:00:00+00:00,9.0,10,1.0,22.491,69.857,2.949,ordinary,flagged_facility,Jamnagar (Sikka) marine terminal,15.63,False,True,3,,False
419071500,M. T. HAZEL,IND,jamnagar_vadinar_may2026,2026-05-19 14:00:00+00:00,2026-05-19 23:00:00+00:00,9.0,10,1.0,22.49,69.86,0.0,ordinary,flagged_facility,Jamnagar (Sikka) marine terminal,15.86,False,True,3,,False
419071500,M. T. HAZEL,IND,jamnagar_vadinar_may2026,2026-05-21 19:00:00+00:00,2026-05-22 04:00:00+00:00,9.0,10,1.0,22.49,69.86,0.0,ordinary,flagged_facility,Jamnagar (Sikka) marine terminal,15.86,False,True,3,,False
419072600,REL TUG FIFTEEN,IND,jamnagar_vadinar_may2026,2026-05-23 16:00:00+00:00,2026-05-24 01:00:00+00:00,9.0,10,1.0,22.587,69.864,4.604,ordinary,flagged_facility,Vadinar terminal / Nayara refinery (EU+UK sanctioned),22.36,False,True,3,,False
419077500,AGNI,IND,jamnagar_vadinar_may2026,2026-05-05 17:00:00+00:00,2026-05-06 02:00:00+00:00,9.0,5,0.5,22.57,69.786,0.616,ordinary,flagged_facility,Vadinar terminal / Nayara refinery (EU+UK sanctioned),14.14,False,True,3,,False
419077500,AGNI,IND,jamnagar_vadinar_may2026,2026-05-09 00:00:00+00:00,2026-05-09 09:00:00+00:00,9.0,9,0.9,22.60667,69.83,2.965,ordinary,flagged_facility,Vadinar terminal / Nayara refinery (EU+UK sanctioned),19.53,False,True,3,,False
419077500,AGNI,IND,jamnagar_vadinar_may2026,2026-05-22 17:00:00+00:00,2026-05-23 02:00:00+00:00,9.0,10,1.0,22.573,69.794,4.786,ordinary,flagged_facility,Vadinar terminal / Nayara refinery (EU+UK sanctioned),15.01,False,True,3,,False
419077500,AGNI,IND,jamnagar_vadinar_may2026,2026-05-25 14:00:00+00:00,2026-05-25 23:00:00+00:00,9.0,10,1.0,22.51,69.807,0.719,ordinary,flagged_facility,Jamnagar (Sikka) marine terminal,12.61,False,True,3,,False
419077600,NIVARAK,IND,jamnagar_vadinar_may2026,2026-05-25 13:00:00+00:00,2026-05-25 22:00:00+00:00,9.0,5,0.5,22.39,69.61,0.0,ordinary,flagged_facility,Jamnagar (Sikka) marine terminal,12.15,False,True,3,,False
419077800,REL DARSHAN,IND,jamnagar_vadinar_may2026,2026-05-05 05:00:00+00:00,2026-05-05 14:00:00+00:00,9.0,5,0.5,22.552,69.844,4.886,ordinary,flagged_facility,Jamnagar (Sikka) marine terminal,18.61,False,True,3,,False
419079400,MV APSARA,IND,jamnagar_vadinar_may2026,2026-05-23 23:00:00+00:00,2026-05-24 08:00:00+00:00,9.0,10,1.0,22.5,69.83,0.0,ordinary,flagged_facility,Jamnagar (Sikka) marine terminal,13.72,False,True,3,,False
419093600,KAIVAN,IND,jamnagar_vadinar_may2026,2026-05-15 21:00:00+00:00,2026-05-16 06:00:00+00:00,9.0,6,0.6,22.465,69.68,2.964,ordinary,flagged_facility,Jamnagar (Sikka) marine terminal,5.66,False,True,3,,False
419292000,RELTUG SIX,IND,jamnagar_vadinar_may2026,2026-05-16 16:00:00+00:00,2026-05-17 01:00:00+00:00,9.0,10,1.0,22.508,69.81,4.571,ordinary,flagged_facility,Jamnagar (Sikka) marine terminal,12.68,False,True,3,,False
419293000,RELTUG 7,IND,jamnagar_vadinar_may2026,2026-05-11 15:00:00+00:00,2026-05-12 00:00:00+00:00,9.0,10,1.0,22.49,69.85,0.0,ordinary,flagged_facility,Jamnagar (Sikka) marine terminal,14.93,False,True,3,,False
419900708,HB  -DEEP-1,IND,jamnagar_vadinar_may2026,2026-05-21 05:00:00+00:00,2026-05-21 14:00:00+00:00,9.0,9,0.9,22.51222,69.81778,4.205,ordinary,flagged_facility,Jamnagar (Sikka) marine terminal,13.58,False,True,3,,False
419902339,MT MAHADEV,IND,jamnagar_vadinar_may2026,2026-05-05 18:00:00+00:00,2026-05-06 03:00:00+00:00,9.0,9,0.9,22.43444,69.67,1.73,ordinary,flagged_facility,Jamnagar (Sikka) marine terminal,5.16,False,True,3,,False
419902339,MT MAHADEV,IND,jamnagar_vadinar_may2026,2026-05-18 05:00:00+00:00,2026-05-18 14:00:00+00:00,9.0,10,1.0,22.531,69.672,4.604,ordinary,flagged_facility,Vadinar terminal / Nayara refinery (EU+UK sanctioned),3.09,False,True,3,,False
419956564,M T KB XVII,IND,jamnagar_vadinar_may2026,2026-05-18 03:00:00+00:00,2026-05-18 12:00:00+00:00,9.0,10,1.0,22.682,69.63,4.67,ordinary,flagged_facility,Vadinar terminal / Nayara refinery (EU+UK sanctioned),14.82,False,True,3,,False
419956663,M.V. MANGAL MURTI,IND,jamnagar_vadinar_may2026,2026-05-19 23:00:00+00:00,2026-05-20 08:00:00+00:00,9.0,5,0.5,22.444,69.672,3.006,ordinary,flagged_facility,Jamnagar (Sikka) marine terminal,5.17,False,True,3,,False
419956663,M.V. MANGAL MURTI,IND,jamnagar_vadinar_may2026,2026-05-23 04:00:00+00:00,2026-05-23 13:00:00+00:00,9.0,7,0.7,22.47143,69.66714,4.616,ordinary,flagged_facility,Jamnagar (Sikka) marine terminal,7.12,False,True,3,,False
419956663,M.V. MANGAL MURTI,IND,jamnagar_vadinar_may2026,2026-05-25 14:00:00+00:00,2026-05-25 23:00:00+00:00,9.0,8,0.8,22.43125,69.66875,0.981,ordinary,flagged_facility,Jamnagar (Sikka) marine terminal,5.27,False,True,3,,False
419956787,DAWN II,IND,jamnagar_vadinar_may2026,2026-05-11 15:00:00+00:00,2026-05-12 00:00:00+00:00,9.0,10,1.0,22.505,69.829,2.782,ordinary,flagged_facility,Jamnagar (Sikka) marine terminal,13.96,False,True,3,,False
419956787,DAWN II,IND,jamnagar_vadinar_may2026,2026-05-16 14:00:00+00:00,2026-05-16 23:00:00+00:00,9.0,10,1.0,22.5,69.83,0.0,ordinary,flagged_facility,Jamnagar (Sikka) marine terminal,13.72,False,True,3,,False
419957007,MT SEA STAR II,IND,jamnagar_vadinar_may2026,2026-05-07 00:00:00+00:00,2026-05-07 09:00:00+00:00,9.0,5,0.5,22.448,69.804,2.59,ordinary,flagged_facility,Jamnagar (Sikka) marine terminal,8.86,False,True,3,,False
419958545,RAKSHAK,IND,jamnagar_vadinar_may2026,2026-05-08 09:00:00+00:00,2026-05-08 18:00:00+00:00,9.0,5,0.5,22.45,69.676,4.49,ordinary,flagged_facility,Jamnagar (Sikka) marine terminal,5.04,False,True,3,,False
419958545,RAKSHAK,IND,jamnagar_vadinar_may2026,2026-05-11 19:00:00+00:00,2026-05-12 04:00:00+00:00,9.0,9,0.9,22.44,69.67889,0.914,ordinary,flagged_facility,Jamnagar (Sikka) marine terminal,4.37,False,True,3,,False
419991279,DARIYA JYOT,IND,jamnagar_vadinar_may2026,2026-05-12 19:00:00+00:00,2026-05-13 04:00:00+00:00,9.0,10,1.0,22.438,69.669,4.761,ordinary,flagged_facility,Jamnagar (Sikka) marine terminal,5.32,False,True,3,,False
419000638,OCEAN     EMPIRE,IND,jamnagar_vadinar_may2026,2026-05-09 04:00:00+00:00,2026-05-09 12:00:00+00:00,8.0,4,0.444,22.44,69.67,0.0,ordinary,flagged_facility,Jamnagar (Sikka) marine terminal,5.26,False,True,3,,False
419000765,CALYPSO FORTUNE,IND,jamnagar_vadinar_may2026,2026-05-22 06:00:00+00:00,2026-05-22 14:00:00+00:00,8.0,9,1.0,22.58556,69.82222,4.775,ordinary,flagged_facility,Vadinar terminal / Nayara refinery (EU+UK sanctioned),18.12,False,True,3,,False
419000964,ASTER STAR,IND,jamnagar_vadinar_may2026,2026-05-08 14:00:00+00:00,2026-05-08 22:00:00+00:00,8.0,9,1.0,22.5,69.84222,4.999,ordinary,flagged_facility,Jamnagar (Sikka) marine terminal,14.78,False,True,3,,False
419000964,ASTER STAR,IND,jamnagar_vadinar_may2026,2026-05-12 17:00:00+00:00,2026-05-13 01:00:00+00:00,8.0,9,1.0,22.49667,69.84222,1.943,ordinary,flagged_facility,Jamnagar (Sikka) marine terminal,14.58,False,True,3,,False
419000964,ASTER STAR,IND,jamnagar_vadinar_may2026,2026-05-13 16:00:00+00:00,2026-05-14 00:00:00+00:00,8.0,9,1.0,22.49111,69.84889,1.346,ordinary,flagged_facility,Jamnagar (Sikka) marine terminal,14.89,False,True,3,,False
419001390,KNK ASHIMA,IND,jamnagar_vadinar_may2026,2026-05-05 00:00:00+00:00,2026-05-05 08:00:00+00:00,8.0,9,1.0,22.44111,69.67667,1.046,ordinary,flagged_facility,Jamnagar (Sikka) marine terminal,4.62,False,True,3,,False
419001456,MEERA,IND,jamnagar_vadinar_may2026,2026-05-18 13:00:00+00:00,2026-05-18 21:00:00+00:00,8.0,8,0.889,22.45625,69.66875,4.947,ordinary,flagged_facility,Jamnagar (Sikka) marine terminal,6.02,False,True,3,,False
419001462,OCEAN PROMICE,IND,jamnagar_vadinar_may2026,2026-05-25 01:00:00+00:00,2026-05-25 09:00:00+00:00,8.0,8,0.889,22.67875,69.62625,1.714,ordinary,flagged_facility,Vadinar terminal / Nayara refinery (EU+UK sanctioned),14.52,False,True,3,,False
419001472,OCEAN PRIDE,IND,jamnagar_vadinar_may2026,2026-05-05 00:00:00+00:00,2026-05-05 08:00:00+00:00,8.0,9,1.0,22.44,69.67,0.0,ordinary,flagged_facility,Jamnagar (Sikka) marine terminal,5.26,False,True,3,,False
419001715,ZINNIA STAR,IND,jamnagar_vadinar_may2026,2026-05-15 16:00:00+00:00,2026-05-16 00:00:00+00:00,8.0,9,1.0,22.44,69.67,0.0,ordinary,flagged_facility,Jamnagar (Sikka) marine terminal,5.26,False,True,3,,False
419001715,ZINNIA STAR,IND,jamnagar_vadinar_may2026,2026-05-20 22:00:00+00:00,2026-05-21 06:00:00+00:00,8.0,9,1.0,22.44444,69.67,2.842,ordinary,flagged_facility,Jamnagar (Sikka) marine terminal,5.38,False,True,3,,False
419001794,RIVER PEARL 10,IND,jamnagar_vadinar_may2026,2026-05-25 15:00:00+00:00,2026-05-25 23:00:00+00:00,8.0,9,1.0,22.44,69.67,0.0,ordinary,flagged_facility,Jamnagar (Sikka) marine terminal,5.26,False,True,3,,False
419014300,MV APURVA,IND,jamnagar_vadinar_may2026,2026-05-05 19:00:00+00:00,2026-05-06 03:00:00+00:00,8.0,9,1.0,22.5,69.84,0.0,ordinary,flagged_facility,Jamnagar (Sikka) marine terminal,14.58,False,True,3,,False
419014300,MV APURVA,IND,jamnagar_vadinar_may2026,2026-05-14 18:00:00+00:00,2026-05-15 02:00:00+00:00,8.0,9,1.0,22.5,69.84,0.0,ordinary,flagged_facility,Jamnagar (Sikka) marine terminal,14.58,False,True,3,,False
419032200,AQUA MOON,IND,jamnagar_vadinar_may2026,2026-05-20 15:00:00+00:00,2026-05-20 23:00:00+00:00,8.0,9,1.0,22.50111,69.83778,1.271,ordinary,flagged_facility,Jamnagar (Sikka) marine terminal,14.46,False,True,3,,False
419032300,AQUA SUN,IND,jamnagar_vadinar_may2026,2026-05-11 05:00:00+00:00,2026-05-11 13:00:00+00:00,8.0,4,0.444,22.5875,69.8375,2.618,ordinary,flagged_facility,Vadinar terminal / Nayara refinery (EU+UK sanctioned),19.7,False,True,3,,False
419033900,REL SAGAR,IND,jamnagar_vadinar_may2026,2026-05-08 02:00:00+00:00,2026-05-08 10:00:00+00:00,8.0,9,1.0,22.57,69.78889,0.913,ordinary,flagged_facility,Vadinar terminal / Nayara refinery (EU+UK sanctioned),14.43,False,True,3,,False
419033900,REL SAGAR,IND,jamnagar_vadinar_may2026,2026-05-24 11:00:00+00:00,2026-05-24 19:00:00+00:00,8.0,9,1.0,22.51556,69.8,4.942,ordinary,flagged_facility,Jamnagar (Sikka) marine terminal,12.57,False,True,3,,False
419055150,M.T. BLUE BELL,IND,jamnagar_vadinar_may2026,2026-05-05 01:00:00+00:00,2026-05-05 09:00:00+00:00,8.0,7,0.778,22.49429,69.85429,4.537,ordinary,flagged_facility,Jamnagar (Sikka) marine terminal,15.54,False,True,3,,False
419055150,M.T. BLUE BELL,IND,jamnagar_vadinar_may2026,2026-05-09 22:00:00+00:00,2026-05-10 06:00:00+00:00,8.0,4,0.444,22.49,69.8575,0.771,ordinary,flagged_facility,Jamnagar (Sikka) marine terminal,15.63,False,True,3,,False
419055150,M.T. BLUE BELL,IND,jamnagar_vadinar_may2026,2026-05-10 22:00:00+00:00,2026-05-11 06:00:00+00:00,8.0,4,0.444,22.5,69.84,2.336,ordinary,flagged_facility,Jamnagar (Sikka) marine terminal,14.58,False,True,3,,False
419055150,M.T. BLUE BELL,IND,jamnagar_vadinar_may2026,2026-05-17 03:00:00+00:00,2026-05-17 11:00:00+00:00,8.0,6,0.667,22.50333,69.84667,4.912,ordinary,flagged_facility,Jamnagar (Sikka) marine terminal,15.36,False,True,3,,False
419056200,M.T.IRIS,IND,jamnagar_vadinar_may2026,2026-05-05 00:00:00+00:00,2026-05-05 08:00:00+00:00,8.0,9,1.0,22.49,69.86,0.0,ordinary,flagged_facility,Jamnagar (Sikka) marine terminal,15.86,False,True,3,,False
419056200,M.T.IRIS,IND,jamnagar_vadinar_may2026,2026-05-22 16:00:00+00:00,2026-05-23 00:00:00+00:00,8.0,9,1.0,22.49,69.86,0.0,ordinary,flagged_facility,Jamnagar (Sikka) marine terminal,15.86,False,True,3,,False
419056200,M.T.IRIS,IND,jamnagar_vadinar_may2026,2026-05-24 15:00:00+00:00,2026-05-24 23:00:00+00:00,8.0,9,1.0,22.49111,69.85778,2.077,ordinary,flagged_facility,Jamnagar (Sikka) marine terminal,15.7,False,True,3,,False
419071500,M. T. HAZEL,IND,jamnagar_vadinar_may2026,2026-05-05 00:00:00+00:00,2026-05-05 08:00:00+00:00,8.0,9,1.0,22.59222,69.85222,1.378,ordinary,flagged_facility,Vadinar terminal / Nayara refinery (EU+UK sanctioned),21.29,False,True,3,,False
419071500,M. T. HAZEL,IND,jamnagar_vadinar_may2026,2026-05-05 14:00:00+00:00,2026-05-05 22:00:00+00:00,8.0,9,1.0,22.49,69.86,0.0,ordinary,flagged_facility,Jamnagar (Sikka) marine terminal,15.86,False,True,3,,False
419071500,M. T. HAZEL,IND,jamnagar_vadinar_may2026,2026-05-12 14:00:00+00:00,2026-05-12 22:00:00+00:00,8.0,9,1.0,22.49,69.86,0.0,ordinary,flagged_facility,Jamnagar (Sikka) marine terminal,15.86,False,True,3,,False
419071500,M. T. HAZEL,IND,jamnagar_vadinar_may2026,2026-05-16 17:00:00+00:00,2026-05-17 01:00:00+00:00,8.0,9,1.0,22.49222,69.85556,4.153,ordinary,flagged_facility,Jamnagar (Sikka) marine terminal,15.55,False,True,3,,False
419071500,M. T. HAZEL,IND,jamnagar_vadinar_may2026,2026-05-24 01:00:00+00:00,2026-05-24 09:00:00+00:00,8.0,8,0.889,22.4975,69.84875,4.667,ordinary,flagged_facility,Jamnagar (Sikka) marine terminal,15.21,False,True,3,,False
419072500,RELTUG 16,IND,jamnagar_vadinar_may2026,2026-05-14 12:00:00+00:00,2026-05-14 20:00:00+00:00,8.0,9,1.0,22.49667,69.84222,4.969,ordinary,flagged_facility,Jamnagar (Sikka) marine terminal,14.58,False,True,3,,False
419072700,RELTUG 14,IND,jamnagar_vadinar_may2026,2026-05-05 00:00:00+00:00,2026-05-05 08:00:00+00:00,8.0,9,1.0,22.59,69.86556,0.57,ordinary,flagged_facility,Vadinar terminal / Nayara refinery (EU+UK sanctioned),22.58,False,True,3,,False
419077500,AGNI,IND,jamnagar_vadinar_may2026,2026-05-07 14:00:00+00:00,2026-05-07 22:00:00+00:00,8.0,9,1.0,22.52889,69.79556,4.843,ordinary,flagged_facility,Jamnagar (Sikka) marine terminal,13.46,False,True,3,,False
419077500,AGNI,IND,jamnagar_vadinar_may2026,2026-05-24 19:00:00+00:00,2026-05-25 03:00:00+00:00,8.0,9,1.0,22.58667,69.80889,2.852,ordinary,flagged_facility,Vadinar terminal / Nayara refinery (EU+UK sanctioned),16.82,False,True,3,,False
419077600,NIVARAK,IND,jamnagar_vadinar_may2026,2026-05-07 17:00:00+00:00,2026-05-08 01:00:00+00:00,8.0,8,0.889,22.39,69.61,0.0,ordinary,flagged_facility,Jamnagar (Sikka) marine terminal,12.15,False,True,3,,False
419077800,REL DARSHAN,IND,jamnagar_vadinar_may2026,2026-05-11 16:00:00+00:00,2026-05-12 00:00:00+00:00,8.0,5,0.556,22.502,69.836,1.082,ordinary,flagged_facility,Jamnagar (Sikka) marine terminal,14.36,False,True,3,,False
419077800,REL DARSHAN,IND,jamnagar_vadinar_may2026,2026-05-24 01:00:00+00:00,2026-05-24 09:00:00+00:00,8.0,9,1.0,22.57556,69.83555,4.264,ordinary,flagged_facility,Vadinar terminal / Nayara refinery (EU+UK sanctioned),19.26,False,True,3,,False
419079300,MV ANJALI,IND,jamnagar_vadinar_may2026,2026-05-24 02:00:00+00:00,2026-05-24 10:00:00+00:00,8.0,9,1.0,22.50111,69.83778,1.271,ordinary,flagged_facility,Jamnagar (Sikka) marine terminal,14.46,False,True,3,,False
419093600,KAIVAN,IND,jamnagar_vadinar_may2026,2026-05-05 02:00:00+00:00,2026-05-05 10:00:00+00:00,8.0,5,0.556,22.444,69.67,1.779,ordinary,flagged_facility,Jamnagar (Sikka) marine terminal,5.37,False,True,3,,False
419093600,KAIVAN,IND,jamnagar_vadinar_may2026,2026-05-17 20:00:00+00:00,2026-05-18 04:00:00+00:00,8.0,5,0.556,22.468,69.682,3.349,ordinary,flagged_facility,Jamnagar (Sikka) marine terminal,5.75,False,True,3,,False
419292000,RELTUG SIX,IND,jamnagar_vadinar_may2026,2026-05-23 00:00:00+00:00,2026-05-23 08:00:00+00:00,8.0,9,1.0,22.50111,69.84333,4.944,ordinary,flagged_facility,Jamnagar (Sikka) marine terminal,14.94,False,True,3,,False
419900708,HB  -DEEP-1,IND,jamnagar_vadinar_may2026,2026-05-24 01:00:00+00:00,2026-05-24 09:00:00+00:00,8.0,5,0.556,22.504,69.828,4.857,ordinary,flagged_facility,Jamnagar (Sikka) marine terminal,13.82,False,True,3,,False
419956564,M T KB XVII,IND,jamnagar_vadinar_may2026,2026-05-16 03:00:00+00:00,2026-05-16 11:00:00+00:00,8.0,9,1.0,22.68444,69.62778,4.947,ordinary,flagged_facility,Vadinar terminal / Nayara refinery (EU+UK sanctioned),15.12,False,True,3,,False
419956663,M.V. MANGAL MURTI,IND,jamnagar_vadinar_may2026,2026-05-05 03:00:00+00:00,2026-05-05 11:00:00+00:00,8.0,5,0.556,22.432,69.67,0.89,ordinary,flagged_facility,Jamnagar (Sikka) marine terminal,5.14,False,True,3,,False
419956663,M.V. MANGAL MURTI,IND,jamnagar_vadinar_may2026,2026-05-20 23:00:00+00:00,2026-05-21 07:00:00+00:00,8.0,5,0.556,22.43,69.666,0.616,ordinary,flagged_facility,Jamnagar (Sikka) marine terminal,5.55,False,True,3,,False
419956787,DAWN II,IND,jamnagar_vadinar_may2026,2026-05-11 06:00:00+00:00,2026-05-11 14:00:00+00:00,8.0,9,1.0,22.6,69.83889,3.382,ordinary,flagged_facility,Vadinar terminal / Nayara refinery (EU+UK sanctioned),20.18,False,True,3,,False
419956787,DAWN II,IND,jamnagar_vadinar_may2026,2026-05-25 15:00:00+00:00,2026-05-25 23:00:00+00:00,8.0,9,1.0,22.5,69.83,0.0,ordinary,flagged_facility,Jamnagar (Sikka) marine terminal,13.72,False,True,3,,False
419956802,MT THAPA,IND,jamnagar_vadinar_may2026,2026-05-07 15:00:00+00:00,2026-05-07 23:00:00+00:00,8.0,7,0.778,22.49714,69.84,0.794,ordinary,flagged_facility,Jamnagar (Sikka) marine terminal,14.41,False,True,3,,False
419958545,RAKSHAK,IND,jamnagar_vadinar_may2026,2026-05-10 04:00:00+00:00,2026-05-10 12:00:00+00:00,8.0,3,0.333,22.46,69.67333,4.654,ordinary,flagged_facility,Jamnagar (Sikka) marine terminal,5.84,False,True,3,,False
419958545,RAKSHAK,IND,jamnagar_vadinar_may2026,2026-05-15 01:00:00+00:00,2026-05-15 09:00:00+00:00,8.0,5,0.556,22.462,69.672,4.402,ordinary,flagged_facility,Jamnagar (Sikka) marine terminal,6.08,False,True,3,,False
419958545,RAKSHAK,IND,jamnagar_vadinar_may2026,2026-05-17 04:00:00+00:00,2026-05-17 12:00:00+00:00,8.0,9,1.0,22.45778,69.67111,4.832,ordinary,flagged_facility,Jamnagar (Sikka) marine terminal,5.9,False,True,3,,False
419958545,RAKSHAK,IND,jamnagar_vadinar_may2026,2026-05-20 10:00:00+00:00,2026-05-20 18:00:00+00:00,8.0,9,1.0,22.44778,69.67556,4.959,ordinary,flagged_facility,Jamnagar (Sikka) marine terminal,4.98,False,True,3,,False
419958563,MT NOOR 1,IND,jamnagar_vadinar_may2026,2026-05-06 07:00:00+00:00,2026-05-06 15:00:00+00:00,8.0,8,0.889,22.47,69.8625,2.568,ordinary,flagged_facility,Jamnagar (Sikka) marine terminal,15.3,False,True,3,,False
419991279,DARIYA JYOT,IND,jamnagar_vadinar_may2026,2026-05-13 07:00:00+00:00,2026-05-13 15:00:00+00:00,8.0,9,1.0,22.43111,69.67,0.988,ordinary,flagged_facility,Jamnagar (Sikka) marine terminal,5.14,False,True,3,,False
419991684,SP HOPPER,IND,jamnagar_vadinar_may2026,2026-05-21 19:00:00+00:00,2026-05-22 03:00:00+00:00,8.0,9,1.0,22.49111,69.84778,1.271,ordinary,flagged_facility,Jamnagar (Sikka) marine terminal,14.78,False,True,3,,False
419000056,SUCCESS NETRAVATI,IND,jamnagar_vadinar_may2026,2026-05-10 04:00:00+00:00,2026-05-10 11:00:00+00:00,7.0,3,0.375,22.46667,69.66667,3.769,ordinary,flagged_facility,Jamnagar (Sikka) marine terminal,6.83,False,True,3,,False
419000101,BAITARANI,IND,jamnagar_vadinar_may2026,2026-05-21 03:00:00+00:00,2026-05-21 10:00:00+00:00,7.0,3,0.375,22.69,69.61333,3.42,ordinary,flagged_facility,Vadinar terminal / Nayara refinery (EU+UK sanctioned),16.02,False,True,3,,False
419000293,DWARKESH,IND,jamnagar_vadinar_may2026,2026-05-20 04:00:00+00:00,2026-05-20 11:00:00+00:00,7.0,8,1.0,22.57125,69.64,0.973,ordinary,flagged_facility,Vadinar terminal / Nayara refinery (EU+UK sanctioned),2.58,False,True,3,,False
419000293,DWARKESH,IND,jamnagar_vadinar_may2026,2026-05-22 08:00:00+00:00,2026-05-22 15:00:00+00:00,7.0,8,1.0,22.57,69.64,0.0,ordinary,flagged_facility,Vadinar terminal / Nayara refinery (EU+UK sanctioned),2.45,False,True,3,,False
419000638,OCEAN     EMPIRE,IND,jamnagar_vadinar_may2026,2026-05-11 12:00:00+00:00,2026-05-11 19:00:00+00:00,7.0,8,1.0,22.44,69.67,0.0,ordinary,flagged_facility,Jamnagar (Sikka) marine terminal,5.26,False,True,3,,False
419000638,OCEAN     EMPIRE,IND,jamnagar_vadinar_may2026,2026-05-12 04:00:00+00:00,2026-05-12 11:00:00+00:00,7.0,8,1.0,22.44,69.67,0.0,ordinary,flagged_facility,Jamnagar (Sikka) marine terminal,5.26,False,True,3,,False
419000638,OCEAN     EMPIRE,IND,jamnagar_vadinar_may2026,2026-05-16 07:00:00+00:00,2026-05-16 14:00:00+00:00,7.0,5,0.625,22.512,69.634,4.73,ordinary,flagged_facility,Vadinar terminal / Nayara refinery (EU+UK sanctioned),4.53,False,True,3,,False
419000765,CALYPSO FORTUNE,IND,jamnagar_vadinar_may2026,2026-05-25 04:00:00+00:00,2026-05-25 11:00:00+00:00,7.0,8,1.0,22.57,69.81,1.514,ordinary,flagged_facility,Vadinar terminal / Nayara refinery (EU+UK sanctioned),16.58,False,True,3,,False
419000912,VAILANKANNI,IND,jamnagar_vadinar_may2026,2026-05-19 02:00:00+00:00,2026-05-19 09:00:00+00:00,7.0,8,1.0,22.57375,69.76125,4.467,ordinary,flagged_facility,Vadinar terminal / Nayara refinery (EU+UK sanctioned),11.72,False,True,3,,False
419000964,ASTER STAR,IND,jamnagar_vadinar_may2026,2026-05-13 04:00:00+00:00,2026-05-13 11:00:00+00:00,7.0,8,1.0,22.495,69.84375,3.699,ordinary,flagged_facility,Jamnagar (Sikka) marine terminal,14.63,False,True,3,,False
419000964,ASTER STAR,IND,jamnagar_vadinar_may2026,2026-05-24 21:00:00+00:00,2026-05-25 04:00:00+00:00,7.0,8,1.0,22.49,69.85,0.0,ordinary,flagged_facility,Jamnagar (Sikka) marine terminal,14.93,False,True,3,,False
419000964,ASTER STAR,IND,jamnagar_vadinar_may2026,2026-05-25 08:00:00+00:00,2026-05-25 15:00:00+00:00,7.0,8,1.0,22.49,69.8575,0.771,ordinary,flagged_facility,Jamnagar (Sikka) marine terminal,15.63,False,True,3,,False
419001130,VIHAAN,IND,jamnagar_vadinar_may2026,2026-05-15 18:00:00+00:00,2026-05-16 01:00:00+00:00,7.0,8,1.0,22.44,69.67,0.0,ordinary,flagged_facility,Jamnagar (Sikka) marine terminal,5.26,False,True,3,,False
419001130,VIHAAN,IND,jamnagar_vadinar_may2026,2026-05-16 07:00:00+00:00,2026-05-16 14:00:00+00:00,7.0,8,1.0,22.44,69.67125,0.899,ordinary,flagged_facility,Jamnagar (Sikka) marine terminal,5.13,False,True,3,,False
419001286,TUG KB XI,IND,jamnagar_vadinar_may2026,2026-05-06 04:00:00+00:00,2026-05-06 11:00:00+00:00,7.0,8,1.0,22.48625,69.68125,4.947,ordinary,flagged_facility,Jamnagar (Sikka) marine terminal,7.41,False,True,3,,False
419001286,TUG KB XI,IND,jamnagar_vadinar_may2026,2026-05-19 02:00:00+00:00,2026-05-19 09:00:00+00:00,7.0,8,1.0,22.4925,69.6875,4.178,ordinary,flagged_facility,Vadinar terminal / Nayara refinery (EU+UK sanctioned),7.46,False,True,3,,False
419001390,KNK ASHIMA,IND,jamnagar_vadinar_may2026,2026-05-19 18:00:00+00:00,2026-05-20 01:00:00+00:00,7.0,8,1.0,22.44125,69.67,0.973,ordinary,flagged_facility,Jamnagar (Sikka) marine terminal,5.29,False,True,3,,False
419001456,MEERA,IND,jamnagar_vadinar_may2026,2026-05-12 10:00:00+00:00,2026-05-12 17:00:00+00:00,7.0,7,0.875,22.45714,69.66571,4.801,ordinary,flagged_facility,Jamnagar (Sikka) marine terminal,6.34,False,True,3,,False
419001456,MEERA,IND,jamnagar_vadinar_may2026,2026-05-18 22:00:00+00:00,2026-05-19 05:00:00+00:00,7.0,8,1.0,22.44625,69.67,0.695,ordinary,flagged_facility,Jamnagar (Sikka) marine terminal,5.45,False,True,3,,False
419001574,SM KAVERI,IND,jamnagar_vadinar_may2026,2026-05-14 09:00:00+00:00,2026-05-14 16:00:00+00:00,7.0,8,1.0,22.635,69.68875,4.059,ordinary,flagged_facility,Vadinar terminal / Nayara refinery (EU+UK sanctioned),10.25,False,True,3,,False
419001651,KNK NAYRA,IND,jamnagar_vadinar_may2026,2026-05-10 08:00:00+00:00,2026-05-10 15:00:00+00:00,7.0,8,1.0,22.57625,69.8,4.882,ordinary,flagged_facility,Vadinar terminal / Nayara refinery (EU+UK sanctioned),15.68,False,True,3,,False
419001794,RIVER PEARL 10,IND,jamnagar_vadinar_may2026,2026-05-05 07:00:00+00:00,2026-05-05 14:00:00+00:00,7.0,8,1.0,22.44625,69.66875,4.947,ordinary,flagged_facility,Jamnagar (Sikka) marine terminal,5.57,False,True,3,,False
419001794,RIVER PEARL 10,IND,jamnagar_vadinar_may2026,2026-05-20 04:00:00+00:00,2026-05-20 11:00:00+00:00,7.0,8,1.0,22.44125,69.67,0.973,ordinary,flagged_facility,Jamnagar (Sikka) marine terminal,5.29,False,True,3,,False
419001809,SSL GODAVARI,IND,jamnagar_vadinar_may2026,2026-05-13 11:00:00+00:00,2026-05-13 18:00:00+00:00,7.0,8,1.0,22.66375,69.72125,4.947,ordinary,flagged_facility,Vadinar terminal / Nayara refinery (EU+UK sanctioned),14.61,False,True,3,,False
419001885,KB 49,IND,jamnagar_vadinar_may2026,2026-05-05 01:00:00+00:00,2026-05-05 08:00:00+00:00,7.0,8,1.0,22.52,69.69,4.448,ordinary,flagged_facility,Vadinar terminal / Nayara refinery (EU+UK sanctioned),5.29,False,True,3,,False
419014300,MV APURVA,IND,jamnagar_vadinar_may2026,2026-05-14 04:00:00+00:00,2026-05-14 11:00:00+00:00,7.0,8,1.0,22.51,69.82625,4.999,ordinary,flagged_facility,Jamnagar (Sikka) marine terminal,14.08,False,True,3,,False
419014400,M V POONAM,IND,jamnagar_vadinar_may2026,2026-05-22 09:00:00+00:00,2026-05-22 16:00:00+00:00,7.0,8,1.0,22.5,69.84,0.0,ordinary,flagged_facility,Jamnagar (Sikka) marine terminal,14.58,False,True,3,,False
419032200,AQUA MOON,IND,jamnagar_vadinar_may2026,2026-05-14 07:00:00+00:00,2026-05-14 14:00:00+00:00,7.0,8,1.0,22.5225,69.8175,4.24,ordinary,flagged_facility,Jamnagar (Sikka) marine terminal,14.36,False,True,3,,False
419032300,AQUA SUN,IND,jamnagar_vadinar_may2026,2026-05-21 13:00:00+00:00,2026-05-21 20:00:00+00:00,7.0,5,0.625,22.498,69.832,1.211,ordinary,flagged_facility,Jamnagar (Sikka) marine terminal,13.77,False,True,3,,False
419033900,REL SAGAR,IND,jamnagar_vadinar_may2026,2026-05-11 02:00:00+00:00,2026-05-11 09:00:00+00:00,7.0,8,1.0,22.59,69.81,0.0,ordinary,flagged_facility,Vadinar terminal / Nayara refinery (EU+UK sanctioned),17.02,False,True,3,,False
419033900,REL SAGAR,IND,jamnagar_vadinar_may2026,2026-05-13 05:00:00+00:00,2026-05-13 12:00:00+00:00,7.0,8,1.0,22.52625,69.7975,4.925,ordinary,flagged_facility,Jamnagar (Sikka) marine terminal,13.34,False,True,3,,False
419037700,AL NABIYO BISMILLAH,IND,jamnagar_vadinar_may2026,2026-05-21 16:00:00+00:00,2026-05-21 23:00:00+00:00,7.0,8,1.0,22.49,69.525,2.706,ordinary,flagged_facility,Vadinar terminal / Nayara refinery (EU+UK sanctioned),14.47,False,True,3,,False
419055150,M.T. BLUE BELL,IND,jamnagar_vadinar_may2026,2026-05-05 17:00:00+00:00,2026-05-06 00:00:00+00:00,7.0,7,0.875,22.49286,69.85429,4.005,ordinary,flagged_facility,Jamnagar (Sikka) marine terminal,15.47,False,True,3,,False
419055150,M.T. BLUE BELL,IND,jamnagar_vadinar_may2026,2026-05-24 22:00:00+00:00,2026-05-25 05:00:00+00:00,7.0,8,1.0,22.495,69.85125,4.247,ordinary,flagged_facility,Jamnagar (Sikka) marine terminal,15.3,False,True,3,,False
419057400,RELTUG TWELVE,IND,jamnagar_vadinar_may2026,2026-05-12 22:00:00+00:00,2026-05-13 05:00:00+00:00,7.0,8,1.0,22.49625,69.84125,4.993,ordinary,flagged_facility,Jamnagar (Sikka) marine terminal,14.47,False,True,3,,False
419071500,M. T. HAZEL,IND,jamnagar_vadinar_may2026,2026-05-09 22:00:00+00:00,2026-05-10 05:00:00+00:00,7.0,8,1.0,22.49,69.85875,0.899,ordinary,flagged_facility,Jamnagar (Sikka) marine terminal,15.74,False,True,3,,False
419071500,M. T. HAZEL,IND,jamnagar_vadinar_may2026,2026-05-16 04:00:00+00:00,2026-05-16 11:00:00+00:00,7.0,8,1.0,22.49125,69.85625,2.867,ordinary,flagged_facility,Jamnagar (Sikka) marine terminal,15.57,False,True,3,,False
419071500,M. T. HAZEL,IND,jamnagar_vadinar_may2026,2026-05-24 16:00:00+00:00,2026-05-24 23:00:00+00:00,7.0,8,1.0,22.49,69.86,0.0,ordinary,flagged_facility,Jamnagar (Sikka) marine terminal,15.86,False,True,3,,False
419071500,M. T. HAZEL,IND,jamnagar_vadinar_may2026,2026-05-25 05:00:00+00:00,2026-05-25 12:00:00+00:00,7.0,8,1.0,22.49,69.85875,0.899,ordinary,flagged_facility,Jamnagar (Sikka) marine terminal,15.74,False,True,3,,False
419072600,REL TUG FIFTEEN,IND,jamnagar_vadinar_may2026,2026-05-06 10:00:00+00:00,2026-05-06 17:00:00+00:00,7.0,8,1.0,22.49,69.85,0.0,ordinary,flagged_facility,Jamnagar (Sikka) marine terminal,14.93,False,True,3,,False
419072600,REL TUG FIFTEEN,IND,jamnagar_vadinar_may2026,2026-05-18 16:00:00+00:00,2026-05-18 23:00:00+00:00,7.0,7,0.875,22.5,69.84,0.0,ordinary,flagged_facility,Jamnagar (Sikka) marine terminal,14.58,False,True,3,,False
419072900,PARIJAT,IND,jamnagar_vadinar_may2026,2026-05-11 07:00:00+00:00,2026-05-11 14:00:00+00:00,7.0,3,0.375,22.49,69.86,0.0,ordinary,flagged_facility,Jamnagar (Sikka) marine terminal,15.86,False,True,3,,False
419072900,PARIJAT,IND,jamnagar_vadinar_may2026,2026-05-12 04:00:00+00:00,2026-05-12 11:00:00+00:00,7.0,5,0.625,22.498,69.852,4.844,ordinary,flagged_facility,Jamnagar (Sikka) marine terminal,15.53,False,True,3,,False
419072900,PARIJAT,IND,jamnagar_vadinar_may2026,2026-05-17 06:00:00+00:00,2026-05-17 13:00:00+00:00,7.0,6,0.75,22.49,69.86,0.0,ordinary,flagged_facility,Jamnagar (Sikka) marine terminal,15.86,False,True,3,,False
419072900,PARIJAT,IND,jamnagar_vadinar_may2026,2026-05-24 00:00:00+00:00,2026-05-24 07:00:00+00:00,7.0,4,0.5,22.49,69.8575,0.771,ordinary,flagged_facility,Jamnagar (Sikka) marine terminal,15.63,False,True,3,,False
419077600,NIVARAK,IND,jamnagar_vadinar_may2026,2026-05-21 05:00:00+00:00,2026-05-21 12:00:00+00:00,7.0,5,0.625,22.396,69.6,4.902,ordinary,flagged_facility,Jamnagar (Sikka) marine terminal,12.9,False,True,3,,False
419079300,MV ANJALI,IND,jamnagar_vadinar_may2026,2026-05-06 02:00:00+00:00,2026-05-06 09:00:00+00:00,7.0,8,1.0,22.50875,69.8325,3.484,ordinary,flagged_facility,Jamnagar (Sikka) marine terminal,14.5,False,True,3,,False
419079300,MV ANJALI,IND,jamnagar_vadinar_may2026,2026-05-23 12:00:00+00:00,2026-05-23 19:00:00+00:00,7.0,8,1.0,22.50625,69.83,4.884,ordinary,flagged_facility,Jamnagar (Sikka) marine terminal,14.13,False,True,3,,False
419079400,MV APSARA,IND,jamnagar_vadinar_may2026,2026-05-16 01:00:00+00:00,2026-05-16 08:00:00+00:00,7.0,8,1.0,22.5075,69.8325,3.835,ordinary,flagged_facility,Jamnagar (Sikka) marine terminal,14.42,False,True,3,,False
419900708,HB  -DEEP-1,IND,jamnagar_vadinar_may2026,2026-05-09 07:00:00+00:00,2026-05-09 14:00:00+00:00,7.0,3,0.375,22.49333,69.84666,1.009,ordinary,flagged_facility,Jamnagar (Sikka) marine terminal,14.8,False,True,3,,False
419902339,MT MAHADEV,IND,jamnagar_vadinar_may2026,2026-05-24 08:00:00+00:00,2026-05-24 15:00:00+00:00,7.0,8,1.0,22.43625,69.67125,4.947,ordinary,flagged_facility,Jamnagar (Sikka) marine terminal,5.06,False,True,3,,False
419956564,M T KB XVII,IND,jamnagar_vadinar_may2026,2026-05-25 00:00:00+00:00,2026-05-25 07:00:00+00:00,7.0,8,1.0,22.68125,69.6325,4.926,ordinary,flagged_facility,Vadinar terminal / Nayara refinery (EU+UK sanctioned),14.7,False,True,3,,False
419956802,MT THAPA,IND,jamnagar_vadinar_may2026,2026-05-25 16:00:00+00:00,2026-05-25 23:00:00+00:00,7.0,8,1.0,22.5,69.8375,0.77,ordinary,flagged_facility,Jamnagar (Sikka) marine terminal,14.37,False,True,3,,False
419958509,MT ZARQA,IND,jamnagar_vadinar_may2026,2026-05-16 07:00:00+00:00,2026-05-16 14:00:00+00:00,7.0,8,1.0,22.44375,69.805,2.171,ordinary,flagged_facility,Jamnagar (Sikka) marine terminal,8.87,False,True,3,,False
419958545,RAKSHAK,IND,jamnagar_vadinar_may2026,2026-05-10 13:00:00+00:00,2026-05-10 20:00:00+00:00,7.0,4,0.5,22.44,69.68,0.0,ordinary,flagged_facility,Jamnagar (Sikka) marine terminal,4.26,False,True,3,,False
419958563,MT NOOR 1,IND,jamnagar_vadinar_may2026,2026-05-07 04:00:00+00:00,2026-05-07 11:00:00+00:00,7.0,5,0.625,22.488,69.852,1.211,ordinary,flagged_facility,Jamnagar (Sikka) marine terminal,15.02,False,True,3,,False
419991684,SP HOPPER,IND,jamnagar_vadinar_may2026,2026-05-07 08:00:00+00:00,2026-05-07 15:00:00+00:00,7.0,8,1.0,22.49,69.85,1.514,ordinary,flagged_facility,Jamnagar (Sikka) marine terminal,14.93,False,True,3,,False
419991684,SP HOPPER,IND,jamnagar_vadinar_may2026,2026-05-09 07:00:00+00:00,2026-05-09 14:00:00+00:00,7.0,5,0.625,22.496,69.844,3.633,ordinary,flagged_facility,Jamnagar (Sikka) marine terminal,14.7,False,True,3,,False
419000638,OCEAN     EMPIRE,IND,jamnagar_vadinar_may2026,2026-05-15 11:00:00+00:00,2026-05-15 17:00:00+00:00,6.0,7,1.0,22.44857,69.66857,2.54,ordinary,flagged_facility,Jamnagar (Sikka) marine terminal,5.67,False,True,3,,False
419000638,OCEAN     EMPIRE,IND,jamnagar_vadinar_may2026,2026-05-19 18:00:00+00:00,2026-05-20 00:00:00+00:00,6.0,7,1.0,22.44,69.67,0.0,ordinary,flagged_facility,Jamnagar (Sikka) marine terminal,5.26,False,True,3,,False
419000765,CALYPSO FORTUNE,IND,jamnagar_vadinar_may2026,2026-05-20 19:00:00+00:00,2026-05-21 01:00:00+00:00,6.0,7,1.0,22.59143,69.83143,3.243,ordinary,flagged_facility,Vadinar terminal / Nayara refinery (EU+UK sanctioned),19.19,False,True,3,,False
419000964,ASTER STAR,IND,jamnagar_vadinar_may2026,2026-05-06 09:00:00+00:00,2026-05-06 15:00:00+00:00,6.0,5,0.714,22.492,69.846,1.869,ordinary,flagged_facility,Jamnagar (Sikka) marine terminal,14.67,False,True,3,,False
419000964,ASTER STAR,IND,jamnagar_vadinar_may2026,2026-05-12 06:00:00+00:00,2026-05-12 12:00:00+00:00,6.0,7,1.0,22.49429,69.84571,4.651,ordinary,flagged_facility,Jamnagar (Sikka) marine terminal,14.76,False,True,3,,False
419000964,ASTER STAR,IND,jamnagar_vadinar_may2026,2026-05-14 06:00:00+00:00,2026-05-14 12:00:00+00:00,6.0,7,1.0,22.5,69.83714,4.348,ordinary,flagged_facility,Jamnagar (Sikka) marine terminal,14.33,False,True,3,,False
419000964,ASTER STAR,IND,jamnagar_vadinar_may2026,2026-05-16 23:00:00+00:00,2026-05-17 05:00:00+00:00,6.0,7,1.0,22.49286,69.84571,3.257,ordinary,flagged_facility,Jamnagar (Sikka) marine terminal,14.69,False,True,3,,False
419000964,ASTER STAR,IND,jamnagar_vadinar_may2026,2026-05-17 06:00:00+00:00,2026-05-17 12:00:00+00:00,6.0,7,1.0,22.55571,69.82714,2.834,ordinary,flagged_facility,Jamnagar (Sikka) marine terminal,17.79,False,True,3,,False
419000964,ASTER STAR,IND,jamnagar_vadinar_may2026,2026-05-22 14:00:00+00:00,2026-05-22 20:00:00+00:00,6.0,7,1.0,22.49429,69.84571,3.893,ordinary,flagged_facility,Jamnagar (Sikka) marine terminal,14.76,False,True,3,,False
419001058,MV DAWN,IND,jamnagar_vadinar_may2026,2026-05-10 03:00:00+00:00,2026-05-10 09:00:00+00:00,6.0,4,0.571,22.6025,69.83,2.502,ordinary,flagged_facility,Vadinar terminal / Nayara refinery (EU+UK sanctioned),19.38,False,True,3,,False
419001085,RELTUG SEVENTEEN,IND,jamnagar_vadinar_may2026,2026-05-15 19:00:00+00:00,2026-05-16 01:00:00+00:00,6.0,7,1.0,22.49571,69.84,4.917,ordinary,flagged_facility,Jamnagar (Sikka) marine terminal,14.33,False,True,3,,False
419001130,VIHAAN,IND,jamnagar_vadinar_may2026,2026-05-06 23:00:00+00:00,2026-05-07 05:00:00+00:00,6.0,7,1.0,22.44571,69.67,3.812,ordinary,flagged_facility,Jamnagar (Sikka) marine terminal,5.43,False,True,3,,False
419001286,TUG KB XI,IND,jamnagar_vadinar_may2026,2026-05-11 12:00:00+00:00,2026-05-11 18:00:00+00:00,6.0,7,1.0,22.44,69.67,0.0,ordinary,flagged_facility,Jamnagar (Sikka) marine terminal,5.26,False,True,3,,False
419001286,TUG KB XI,IND,jamnagar_vadinar_may2026,2026-05-20 02:00:00+00:00,2026-05-20 08:00:00+00:00,6.0,7,1.0,22.50143,69.68857,3.18,ordinary,flagged_facility,Vadinar terminal / Nayara refinery (EU+UK sanctioned),6.7,False,True,3,,False
419001286,TUG KB XI,IND,jamnagar_vadinar_may2026,2026-05-25 06:00:00+00:00,2026-05-25 12:00:00+00:00,6.0,7,1.0,22.51286,69.69143,2.546,ordinary,flagged_facility,Vadinar terminal / Nayara refinery (EU+UK sanctioned),5.93,False,True,3,,False
419001462,OCEAN PROMICE,IND,jamnagar_vadinar_may2026,2026-05-05 00:00:00+00:00,2026-05-05 06:00:00+00:00,6.0,7,1.0,22.68143,69.62571,1.474,ordinary,flagged_facility,Vadinar terminal / Nayara refinery (EU+UK sanctioned),14.83,False,True,3,,False
419001715,ZINNIA STAR,IND,jamnagar_vadinar_may2026,2026-05-25 04:00:00+00:00,2026-05-25 10:00:00+00:00,6.0,7,1.0,22.44,69.67,0.0,ordinary,flagged_facility,Jamnagar (Sikka) marine terminal,5.26,False,True,3,,False
419001794,RIVER PEARL 10,IND,jamnagar_vadinar_may2026,2026-05-19 10:00:00+00:00,2026-05-19 16:00:00+00:00,6.0,7,1.0,22.44,69.67,0.0,ordinary,flagged_facility,Jamnagar (Sikka) marine terminal,5.26,False,True,3,,False
419001794,RIVER PEARL 10,IND,jamnagar_vadinar_may2026,2026-05-19 18:00:00+00:00,2026-05-20 00:00:00+00:00,6.0,7,1.0,22.44,69.67,0.0,ordinary,flagged_facility,Jamnagar (Sikka) marine terminal,5.26,False,True,3,,False
419001794,RIVER PEARL 10,IND,jamnagar_vadinar_may2026,2026-05-25 04:00:00+00:00,2026-05-25 10:00:00+00:00,6.0,7,1.0,22.44,69.67,0.0,ordinary,flagged_facility,Jamnagar (Sikka) marine terminal,5.26,False,True,3,,False
419001884,MT KB 50,IND,jamnagar_vadinar_may2026,2026-05-08 07:00:00+00:00,2026-05-08 13:00:00+00:00,6.0,7,1.0,22.44571,69.67143,3.913,ordinary,flagged_facility,Jamnagar (Sikka) marine terminal,5.29,False,True,3,,False
419001885,KB 49,IND,jamnagar_vadinar_may2026,2026-05-25 11:00:00+00:00,2026-05-25 17:00:00+00:00,6.0,7,1.0,22.48143,69.68714,4.932,ordinary,flagged_facility,Jamnagar (Sikka) marine terminal,6.64,False,True,3,,False
419002022,A.E.L.II,IND,jamnagar_vadinar_may2026,2026-05-10 15:00:00+00:00,2026-05-10 21:00:00+00:00,6.0,7,1.0,22.7,69.76,0.0,ordinary,flagged_facility,Vadinar terminal / Nayara refinery (EU+UK sanctioned),20.14,False,True,3,,False
419003400,ROSE,IND,jamnagar_vadinar_may2026,2026-05-20 10:00:00+00:00,2026-05-20 16:00:00+00:00,6.0,7,1.0,22.44714,69.79715,4.056,ordinary,flagged_facility,Jamnagar (Sikka) marine terminal,8.16,False,True,3,,False
419014300,MV APURVA,IND,jamnagar_vadinar_may2026,2026-05-07 06:00:00+00:00,2026-05-07 12:00:00+00:00,6.0,7,1.0,22.50857,69.82714,2.963,ordinary,flagged_facility,Jamnagar (Sikka) marine terminal,14.05,False,True,3,,False
419014300,MV APURVA,IND,jamnagar_vadinar_may2026,2026-05-18 15:00:00+00:00,2026-05-18 21:00:00+00:00,6.0,7,1.0,22.48429,69.82429,4.594,ordinary,flagged_facility,Jamnagar (Sikka) marine terminal,12.3,False,True,3,,False
419014400,M V POONAM,IND,jamnagar_vadinar_may2026,2026-05-17 03:00:00+00:00,2026-05-17 09:00:00+00:00,6.0,7,1.0,22.5,69.83857,0.88,ordinary,flagged_facility,Jamnagar (Sikka) marine terminal,14.46,False,True,3,,False
419014400,M V POONAM,IND,jamnagar_vadinar_may2026,2026-05-22 20:00:00+00:00,2026-05-23 02:00:00+00:00,6.0,7,1.0,22.50143,69.83571,1.874,ordinary,flagged_facility,Jamnagar (Sikka) marine terminal,14.3,False,True,3,,False
419024700,ESSAR TUG X,IND,jamnagar_vadinar_may2026,2026-05-20 21:00:00+00:00,2026-05-21 03:00:00+00:00,6.0,7,1.0,22.39,69.61,0.0,ordinary,flagged_facility,Jamnagar (Sikka) marine terminal,12.15,False,True,3,,False
419032200,AQUA MOON,IND,jamnagar_vadinar_may2026,2026-05-11 18:00:00+00:00,2026-05-12 00:00:00+00:00,6.0,3,0.429,22.57,69.78333,0.685,ordinary,flagged_facility,Vadinar terminal / Nayara refinery (EU+UK sanctioned),13.87,False,True,3,,False
419032300,AQUA SUN,IND,jamnagar_vadinar_may2026,2026-05-22 10:00:00+00:00,2026-05-22 16:00:00+00:00,6.0,3,0.429,22.53333,69.82,4.028,ordinary,flagged_facility,Jamnagar (Sikka) marine terminal,15.41,False,True,3,,False
419032300,AQUA SUN,IND,jamnagar_vadinar_may2026,2026-05-23 20:00:00+00:00,2026-05-24 02:00:00+00:00,6.0,7,1.0,22.60143,69.83429,4.881,ordinary,flagged_facility,Vadinar terminal / Nayara refinery (EU+UK sanctioned),19.77,False,True,3,,False
419032300,AQUA SUN,IND,jamnagar_vadinar_may2026,2026-05-25 03:00:00+00:00,2026-05-25 09:00:00+00:00,6.0,7,1.0,22.52286,69.83286,4.822,ordinary,flagged_facility,Jamnagar (Sikka) marine terminal,15.53,False,True,3,,False
419033600,RELTUG ELEVEN,IND,jamnagar_vadinar_may2026,2026-05-21 08:00:00+00:00,2026-05-21 14:00:00+00:00,6.0,7,1.0,22.49571,69.84,4.917,ordinary,flagged_facility,Jamnagar (Sikka) marine terminal,14.33,False,True,3,,False
419033900,REL SAGAR,IND,jamnagar_vadinar_may2026,2026-05-06 03:00:00+00:00,2026-05-06 09:00:00+00:00,6.0,7,1.0,22.57571,69.85286,2.395,ordinary,flagged_facility,Vadinar terminal / Nayara refinery (EU+UK sanctioned),21.03,False,True,3,,False
419033900,REL SAGAR,IND,jamnagar_vadinar_may2026,2026-05-09 00:00:00+00:00,2026-05-09 06:00:00+00:00,6.0,7,1.0,22.61,69.83143,0.879,ordinary,flagged_facility,Vadinar terminal / Nayara refinery (EU+UK sanctioned),19.79,False,True,3,,False
419056200,M.T.IRIS,IND,jamnagar_vadinar_may2026,2026-05-10 06:00:00+00:00,2026-05-10 12:00:00+00:00,6.0,7,1.0,22.49429,69.85286,4.424,ordinary,flagged_facility,Jamnagar (Sikka) marine terminal,15.41,False,True,3,,False
419056200,M.T.IRIS,IND,jamnagar_vadinar_may2026,2026-05-14 13:00:00+00:00,2026-05-14 19:00:00+00:00,6.0,7,1.0,22.49,69.85857,0.881,ordinary,flagged_facility,Jamnagar (Sikka) marine terminal,15.73,False,True,3,,False
419056200,M.T.IRIS,IND,jamnagar_vadinar_may2026,2026-05-14 22:00:00+00:00,2026-05-15 04:00:00+00:00,6.0,7,1.0,22.49286,69.85,2.203,ordinary,flagged_facility,Jamnagar (Sikka) marine terminal,15.08,False,True,3,,False
419066400,M V CHETAK,IND,jamnagar_vadinar_may2026,2026-05-07 15:00:00+00:00,2026-05-07 21:00:00+00:00,6.0,7,1.0,22.49286,69.85429,1.669,ordinary,flagged_facility,Jamnagar (Sikka) marine terminal,15.47,False,True,3,,False
419071500,M. T. HAZEL,IND,jamnagar_vadinar_may2026,2026-05-12 03:00:00+00:00,2026-05-12 09:00:00+00:00,6.0,7,1.0,22.49429,69.85286,4.424,ordinary,flagged_facility,Jamnagar (Sikka) marine terminal,15.41,False,True,3,,False
419071500,M. T. HAZEL,IND,jamnagar_vadinar_may2026,2026-05-22 11:00:00+00:00,2026-05-22 17:00:00+00:00,6.0,7,1.0,22.49429,69.84857,2.011,ordinary,flagged_facility,Jamnagar (Sikka) marine terminal,15.02,False,True,3,,False
419072500,RELTUG 16,IND,jamnagar_vadinar_may2026,2026-05-19 04:00:00+00:00,2026-05-19 10:00:00+00:00,6.0,7,1.0,22.57571,69.8,4.915,ordinary,flagged_facility,Vadinar terminal / Nayara refinery (EU+UK sanctioned),15.67,False,True,3,,False
419072900,PARIJAT,IND,jamnagar_vadinar_may2026,2026-05-24 15:00:00+00:00,2026-05-24 21:00:00+00:00,6.0,4,0.571,22.4925,69.8525,2.457,ordinary,flagged_facility,Jamnagar (Sikka) marine terminal,15.29,False,True,3,,False
419077200,AKASH,IND,jamnagar_vadinar_may2026,2026-05-16 07:00:00+00:00,2026-05-16 13:00:00+00:00,6.0,7,1.0,22.47429,69.81429,4.959,ordinary,flagged_facility,Jamnagar (Sikka) marine terminal,10.87,False,True,3,,False
419077200,AKASH,IND,jamnagar_vadinar_may2026,2026-05-24 05:00:00+00:00,2026-05-24 11:00:00+00:00,6.0,3,0.429,22.49,69.82333,4.083,ordinary,flagged_facility,Jamnagar (Sikka) marine terminal,12.54,False,True,3,,False
419077500,AGNI,IND,jamnagar_vadinar_may2026,2026-05-06 03:00:00+00:00,2026-05-06 09:00:00+00:00,6.0,7,1.0,22.57143,69.82143,4.466,ordinary,flagged_facility,Vadinar terminal / Nayara refinery (EU+UK sanctioned),17.76,False,True,3,,False
419077600,NIVARAK,IND,jamnagar_vadinar_may2026,2026-05-09 09:00:00+00:00,2026-05-09 15:00:00+00:00,6.0,7,1.0,22.39,69.61,0.0,ordinary,flagged_facility,Jamnagar (Sikka) marine terminal,12.15,False,True,3,,False
419077600,NIVARAK,IND,jamnagar_vadinar_may2026,2026-05-23 04:00:00+00:00,2026-05-23 10:00:00+00:00,6.0,2,0.286,22.39,69.61,0.0,ordinary,flagged_facility,Jamnagar (Sikka) marine terminal,12.15,False,True,3,,False
419077600,NIVARAK,IND,jamnagar_vadinar_may2026,2026-05-24 21:00:00+00:00,2026-05-25 03:00:00+00:00,6.0,3,0.429,22.39,69.61,0.0,ordinary,flagged_facility,Jamnagar (Sikka) marine terminal,12.15,False,True,3,,False
419079300,MV ANJALI,IND,jamnagar_vadinar_may2026,2026-05-08 03:00:00+00:00,2026-05-08 09:00:00+00:00,6.0,7,1.0,22.5,69.83,0.0,ordinary,flagged_facility,Jamnagar (Sikka) marine terminal,13.72,False,True,3,,False
419079300,MV ANJALI,IND,jamnagar_vadinar_may2026,2026-05-22 08:00:00+00:00,2026-05-22 14:00:00+00:00,6.0,7,1.0,22.5,69.83857,0.88,ordinary,flagged_facility,Jamnagar (Sikka) marine terminal,14.46,False,True,3,,False
419079400,MV APSARA,IND,jamnagar_vadinar_may2026,2026-05-17 04:00:00+00:00,2026-05-17 10:00:00+00:00,6.0,7,1.0,22.50143,69.82857,1.298,ordinary,flagged_facility,Jamnagar (Sikka) marine terminal,13.69,False,True,3,,False
419093600,KAIVAN,IND,jamnagar_vadinar_may2026,2026-05-05 23:00:00+00:00,2026-05-06 05:00:00+00:00,6.0,6,0.857,22.48333,69.67667,4.092,ordinary,flagged_facility,Jamnagar (Sikka) marine terminal,7.42,False,True,3,,False
419292000,RELTUG SIX,IND,jamnagar_vadinar_may2026,2026-05-13 01:00:00+00:00,2026-05-13 07:00:00+00:00,6.0,7,1.0,22.58714,69.84857,4.874,ordinary,flagged_facility,Vadinar terminal / Nayara refinery (EU+UK sanctioned),20.8,False,True,3,,False
419292000,RELTUG SIX,IND,jamnagar_vadinar_may2026,2026-05-22 17:00:00+00:00,2026-05-22 23:00:00+00:00,6.0,7,1.0,22.49,69.85,0.0,ordinary,flagged_facility,Jamnagar (Sikka) marine terminal,14.93,False,True,3,,False
419292000,RELTUG SIX,IND,jamnagar_vadinar_may2026,2026-05-25 05:00:00+00:00,2026-05-25 11:00:00+00:00,6.0,7,1.0,22.49286,69.84571,3.257,ordinary,flagged_facility,Jamnagar (Sikka) marine terminal,14.69,False,True,3,,False
419902339,MT MAHADEV,IND,jamnagar_vadinar_may2026,2026-05-12 06:00:00+00:00,2026-05-12 12:00:00+00:00,6.0,7,1.0,22.52571,69.64714,4.428,ordinary,flagged_facility,Vadinar terminal / Nayara refinery (EU+UK sanctioned),2.72,False,True,3,,False
419950017,MSV RAMA,IND,jamnagar_vadinar_may2026,2026-05-21 16:00:00+00:00,2026-05-21 22:00:00+00:00,6.0,7,1.0,22.41429,69.57429,3.796,ordinary,flagged_facility,Jamnagar (Sikka) marine terminal,15.08,False,True,3,,False
419956569,M.V.GAUTAM SHIVANK,IND,jamnagar_vadinar_may2026,2026-05-22 01:00:00+00:00,2026-05-22 07:00:00+00:00,6.0,7,1.0,22.50286,69.54715,2.645,ordinary,flagged_facility,Vadinar terminal / Nayara refinery (EU+UK sanctioned),11.79,False,True,3,,False
419956663,M.V. MANGAL MURTI,IND,jamnagar_vadinar_may2026,2026-05-18 01:00:00+00:00,2026-05-18 07:00:00+00:00,6.0,4,0.571,22.475,69.6675,4.098,ordinary,flagged_facility,Jamnagar (Sikka) marine terminal,7.36,False,True,3,,False
419956663,M.V. MANGAL MURTI,IND,jamnagar_vadinar_may2026,2026-05-21 13:00:00+00:00,2026-05-21 19:00:00+00:00,6.0,7,1.0,22.44,69.66857,4.534,ordinary,flagged_facility,Jamnagar (Sikka) marine terminal,5.4,False,True,3,,False
419956663,M.V. MANGAL MURTI,IND,jamnagar_vadinar_may2026,2026-05-22 17:00:00+00:00,2026-05-22 23:00:00+00:00,6.0,5,0.714,22.438,69.668,2.581,ordinary,flagged_facility,Jamnagar (Sikka) marine terminal,5.42,False,True,3,,False
419956695,MT VICTOR,IND,jamnagar_vadinar_may2026,2026-05-05 06:00:00+00:00,2026-05-05 12:00:00+00:00,6.0,7,1.0,22.50143,69.82571,4.865,ordinary,flagged_facility,Jamnagar (Sikka) marine terminal,13.46,False,True,3,,False
419956753,MARINE . 1,IND,jamnagar_vadinar_may2026,2026-05-18 23:00:00+00:00,2026-05-19 05:00:00+00:00,6.0,7,1.0,22.55714,69.63714,4.412,ordinary,flagged_facility,Vadinar terminal / Nayara refinery (EU+UK sanctioned),1.54,False,True,3,,False
419956787,DAWN II,IND,jamnagar_vadinar_may2026,2026-05-20 12:00:00+00:00,2026-05-20 18:00:00+00:00,6.0,7,1.0,22.54429,69.83286,4.933,ordinary,flagged_facility,Jamnagar (Sikka) marine terminal,17.2,False,True,3,,False
419956802,MT THAPA,IND,jamnagar_vadinar_may2026,2026-05-14 08:00:00+00:00,2026-05-14 14:00:00+00:00,6.0,7,1.0,22.49429,69.84428,1.599,ordinary,flagged_facility,Jamnagar (Sikka) marine terminal,14.64,False,True,3,,False
419957007,MT SEA STAR II,IND,jamnagar_vadinar_may2026,2026-05-05 23:00:00+00:00,2026-05-06 05:00:00+00:00,6.0,6,0.857,22.44333,69.80334,2.265,ordinary,flagged_facility,Jamnagar (Sikka) marine terminal,8.69,False,True,3,,False
419957007,MT SEA STAR II,IND,jamnagar_vadinar_may2026,2026-05-09 01:00:00+00:00,2026-05-09 07:00:00+00:00,6.0,7,1.0,22.45429,69.79714,3.358,ordinary,flagged_facility,Jamnagar (Sikka) marine terminal,8.38,False,True,3,,False
419958509,MT ZARQA,IND,jamnagar_vadinar_may2026,2026-05-15 13:00:00+00:00,2026-05-15 19:00:00+00:00,6.0,7,1.0,22.45,69.80286,4.08,ordinary,flagged_facility,Jamnagar (Sikka) marine terminal,8.8,False,True,3,,False
419958524,MT NOOR E MUSTUFA,IND,jamnagar_vadinar_may2026,2026-05-20 21:00:00+00:00,2026-05-21 03:00:00+00:00,6.0,3,0.429,22.45,69.8,0.0,ordinary,flagged_facility,Jamnagar (Sikka) marine terminal,8.52,False,True,3,,False
419958545,RAKSHAK,IND,jamnagar_vadinar_may2026,2026-05-07 11:00:00+00:00,2026-05-07 17:00:00+00:00,6.0,5,0.714,22.446,69.674,3.032,ordinary,flagged_facility,Jamnagar (Sikka) marine terminal,5.05,False,True,3,,False
419958545,RAKSHAK,IND,jamnagar_vadinar_may2026,2026-05-11 05:00:00+00:00,2026-05-11 11:00:00+00:00,6.0,3,0.429,22.44,69.67667,0.685,ordinary,flagged_facility,Jamnagar (Sikka) marine terminal,4.59,False,True,3,,False
419958545,RAKSHAK,IND,jamnagar_vadinar_may2026,2026-05-24 01:00:00+00:00,2026-05-24 07:00:00+00:00,6.0,5,0.714,22.446,69.668,4.961,ordinary,flagged_facility,Jamnagar (Sikka) marine terminal,5.63,False,True,3,,False
419991684,SP HOPPER,IND,jamnagar_vadinar_may2026,2026-05-06 07:00:00+00:00,2026-05-06 13:00:00+00:00,6.0,7,1.0,22.46429,69.86,0.635,ordinary,flagged_facility,Jamnagar (Sikka) marine terminal,14.88,False,True,3,,False
419991684,SP HOPPER,IND,jamnagar_vadinar_may2026,2026-05-09 23:00:00+00:00,2026-05-10 05:00:00+00:00,6.0,2,0.286,22.49,69.85,0.0,ordinary,flagged_facility,Jamnagar (Sikka) marine terminal,14.93,False,True,3,,False
419002032,SEA  PRESTIGE,IND,jamnagar_vadinar_may2026,2026-05-06 08:00:00+00:00,2026-05-08 07:00:00+00:00,47.0,47,0.979,22.66,69.99979,1.004,ordinary,open_water,Vadinar terminal / Nayara refinery (EU+UK sanctioned),37.93,False,False,2,,False
419031900,KABINI,IND,jamnagar_vadinar_may2026,2026-05-13 21:00:00+00:00,2026-05-15 20:00:00+00:00,47.0,46,0.958,22.64,70.04239,4.709,ordinary,open_water,Jamnagar (Sikka) marine terminal,40.52,False,False,2,,False
352005925,SOUTHERN RESONANCE,PAN,jamnagar_vadinar_may2026,2026-05-07 02:00:00+00:00,2026-05-09 00:00:00+00:00,46.0,47,1.0,22.63,69.93596,0.612,ordinary,open_water,Vadinar terminal / Nayara refinery (EU+UK sanctioned),30.68,False,False,2,,False
419001454,M.T. KB-21,IND,jamnagar_vadinar_may2026,2026-05-14 04:00:00+00:00,2026-05-16 02:00:00+00:00,46.0,42,0.894,22.57714,70.04881,4.767,ordinary,open_water,Jamnagar (Sikka) marine terminal,37.53,False,False,2,,False
419030000,M V NEERJA,IND,jamnagar_vadinar_may2026,2026-05-05 03:00:00+00:00,2026-05-07 01:00:00+00:00,46.0,45,0.957,22.55089,70.03044,4.79,ordinary,open_water,Jamnagar (Sikka) marine terminal,34.61,False,False,2,,False
419956414,MV BALDEV SAGAR,IND,jamnagar_vadinar_may2026,2026-05-13 08:00:00+00:00,2026-05-15 04:00:00+00:00,44.0,44,0.978,22.64068,70.04932,2.548,ordinary,open_water,Jamnagar (Sikka) marine terminal,41.14,False,False,2,,False
232019873,ORANGE VICTORIA,GBR,jamnagar_vadinar_may2026,2026-05-05 00:00:00+00:00,2026-05-06 19:00:00+00:00,43.0,44,1.0,22.66045,69.96909,4.562,ordinary,open_water,Vadinar terminal / Nayara refinery (EU+UK sanctioned),34.98,False,False,2,,False
352006584,NORD VENTO,PAN,jamnagar_vadinar_may2026,2026-05-10 07:00:00+00:00,2026-05-12 01:00:00+00:00,42.0,43,1.0,22.67047,69.96837,3.938,ordinary,open_water,Vadinar terminal / Nayara refinery (EU+UK sanctioned),35.32,False,False,2,,False
441205000,C. INNOVATOR,KOR,jamnagar_vadinar_may2026,2026-05-23 10:00:00+00:00,2026-05-25 04:00:00+00:00,42.0,43,1.0,22.67,69.93558,0.573,ordinary,open_water,Vadinar terminal / Nayara refinery (EU+UK sanctioned),32.21,False,False,2,,False
314115000,LUNA PELAGOS,BRB,jamnagar_vadinar_may2026,2026-05-22 17:00:00+00:00,2026-05-24 10:00:00+00:00,41.0,42,1.0,22.65929,69.92881,4.523,ordinary,open_water,Vadinar terminal / Nayara refinery (EU+UK sanctioned),31.09,False,False,2,,False
419001805,VRAJ SAGAR,IND,jamnagar_vadinar_may2026,2026-05-14 17:00:00+00:00,2026-05-16 09:00:00+00:00,40.0,41,1.0,22.55073,70.03073,4.43,ordinary,open_water,Jamnagar (Sikka) marine terminal,34.63,False,False,2,,False
538005797,OLYMPIC TRUST,MHL,jamnagar_vadinar_may2026,2026-05-14 09:00:00+00:00,2026-05-16 01:00:00+00:00,40.0,41,1.0,22.65024,69.89951,1.459,ordinary,open_water,Vadinar terminal / Nayara refinery (EU+UK sanctioned),27.93,False,False,2,,False
419999901,GAUTAM-1,IND,jamnagar_vadinar_may2026,2026-05-05 00:00:00+00:00,2026-05-06 15:00:00+00:00,39.0,40,1.0,22.60175,70.0595,4.363,ordinary,open_water,Jamnagar (Sikka) marine terminal,39.76,False,False,2,,False
352003690,HAKKAISAN,PAN,jamnagar_vadinar_may2026,2026-05-24 09:00:00+00:00,2026-05-25 23:00:00+00:00,38.0,39,1.0,22.65974,69.91538,2.821,ordinary,open_water,Vadinar terminal / Nayara refinery (EU+UK sanctioned),29.85,False,False,2,,False
419000103,SWARNA MALA,IND,jamnagar_vadinar_may2026,2026-05-11 12:00:00+00:00,2026-05-13 01:00:00+00:00,37.0,38,1.0,22.65053,69.96895,4.545,ordinary,open_water,Vadinar terminal / Nayara refinery (EU+UK sanctioned),34.6,False,False,2,,False
566312000,MARITIME KELLY ANNE,SGP,jamnagar_vadinar_may2026,2026-05-23 12:00:00+00:00,2026-05-25 01:00:00+00:00,37.0,38,1.0,22.62,69.9,0.0,ordinary,open_water,Vadinar terminal / Nayara refinery (EU+UK sanctioned),26.82,False,False,2,,False
566762000,MARITIME POLARIS,SGP,jamnagar_vadinar_may2026,2026-05-20 20:00:00+00:00,2026-05-22 09:00:00+00:00,37.0,38,1.0,22.62026,69.91605,2.885,ordinary,open_water,Vadinar terminal / Nayara refinery (EU+UK sanctioned),28.41,False,False,2,,False
533132279,EAGLE VALLERY,MYS,jamnagar_vadinar_may2026,2026-05-22 12:00:00+00:00,2026-05-24 00:00:00+00:00,36.0,37,1.0,22.68946,69.86757,4.42,ordinary,open_water,Vadinar terminal / Nayara refinery (EU+UK sanctioned),27.19,False,False,2,,False
419001454,M.T. KB-21,IND,jamnagar_vadinar_may2026,2026-05-19 21:00:00+00:00,2026-05-21 05:00:00+00:00,32.0,33,1.0,22.55485,70.03303,3.295,ordinary,open_water,Jamnagar (Sikka) marine terminal,35.03,False,False,2,,False
419991639,MT. SHIVANI II,IND,jamnagar_vadinar_may2026,2026-05-16 08:00:00+00:00,2026-05-17 16:00:00+00:00,32.0,33,1.0,22.55182,70.03151,4.286,ordinary,open_water,Jamnagar (Sikka) marine terminal,34.75,False,False,2,,False
538008831,MIDNIGHT GLORY,MHL,jamnagar_vadinar_may2026,2026-05-17 14:00:00+00:00,2026-05-18 21:00:00+00:00,31.0,32,1.0,22.65,69.95875,0.898,ordinary,open_water,Vadinar terminal / Nayara refinery (EU+UK sanctioned),33.59,False,False,2,,False
219025316,TORM SUCCESS,DNK,jamnagar_vadinar_may2026,2026-05-05 18:00:00+00:00,2026-05-07 00:00:00+00:00,30.0,31,1.0,22.67,69.93065,2.118,ordinary,open_water,Vadinar terminal / Nayara refinery (EU+UK sanctioned),31.75,False,False,2,,False
419001454,M.T. KB-21,IND,jamnagar_vadinar_may2026,2026-05-18 11:00:00+00:00,2026-05-19 17:00:00+00:00,30.0,26,0.839,22.55346,70.03231,4.959,ordinary,open_water,Jamnagar (Sikka) marine terminal,34.9,False,False,2,,False
419001726,MAHA TANAYA,IND,jamnagar_vadinar_may2026,2026-05-20 13:00:00+00:00,2026-05-21 19:00:00+00:00,30.0,22,0.71,22.7,69.9,0.0,ordinary,open_water,Vadinar terminal / Nayara refinery (EU+UK sanctioned),30.6,False,False,2,,False
477274200,UNIQUE HARMONY,HKG,jamnagar_vadinar_may2026,2026-05-23 19:00:00+00:00,2026-05-25 01:00:00+00:00,30.0,31,1.0,22.63,69.92839,3.94,ordinary,open_water,Vadinar terminal / Nayara refinery (EU+UK sanctioned),29.93,False,False,2,,False
636013381,KAROLOS,LBR,jamnagar_vadinar_may2026,2026-05-16 22:00:00+00:00,2026-05-18 04:00:00+00:00,30.0,31,1.0,22.64871,69.89936,4.543,ordinary,open_water,Vadinar terminal / Nayara refinery (EU+UK sanctioned),27.85,False,False,2,,False
311001190,HELIOS,BHS,jamnagar_vadinar_may2026,2026-05-18 03:00:00+00:00,2026-05-19 08:00:00+00:00,29.0,30,1.0,22.659,69.914,4.751,ordinary,open_water,Vadinar terminal / Nayara refinery (EU+UK sanctioned),29.69,False,False,2,,False
419001481,M.T.PATRIOT,IND,jamnagar_vadinar_may2026,2026-05-15 07:00:00+00:00,2026-05-16 11:00:00+00:00,28.0,29,1.0,22.62069,69.91586,3.414,ordinary,open_water,Vadinar terminal / Nayara refinery (EU+UK sanctioned),28.4,False,False,2,,False
419902535,MT DANSTAR 2,IND,jamnagar_vadinar_may2026,2026-05-24 09:00:00+00:00,2026-05-25 13:00:00+00:00,28.0,29,1.0,22.5531,70.03207,3.512,ordinary,open_water,Jamnagar (Sikka) marine terminal,34.86,False,False,2,,False
419911119,DCB UNIPRIDE,IND,jamnagar_vadinar_may2026,2026-05-24 20:00:00+00:00,2026-05-25 23:00:00+00:00,27.0,25,0.893,22.59,70.07,0.0,ordinary,open_water,Jamnagar (Sikka) marine terminal,40.11,False,False,2,,False
419991639,MT. SHIVANI II,IND,jamnagar_vadinar_may2026,2026-05-23 11:00:00+00:00,2026-05-24 14:00:00+00:00,27.0,28,1.0,22.55036,70.03,1.072,ordinary,open_water,Jamnagar (Sikka) marine terminal,34.55,False,False,2,,False
636026129,SPAIN B,LBR,jamnagar_vadinar_may2026,2026-05-05 00:00:00+00:00,2026-05-06 03:00:00+00:00,27.0,28,1.0,22.68,69.94893,0.916,ordinary,open_water,Vadinar terminal / Nayara refinery (EU+UK sanctioned),33.92,False,False,2,,False
419002089,AKSHIP 12,IND,jamnagar_vadinar_may2026,2026-05-06 08:00:00+00:00,2026-05-07 09:00:00+00:00,25.0,26,1.0,22.61115,70.06885,4.365,ordinary,open_water,Jamnagar (Sikka) marine terminal,41.11,False,False,2,,False
566761000,MARITIME MERIDIAN,SGP,jamnagar_vadinar_may2026,2026-05-06 18:00:00+00:00,2026-05-07 19:00:00+00:00,25.0,26,1.0,22.62192,69.90154,4.397,ordinary,open_water,Vadinar terminal / Nayara refinery (EU+UK sanctioned),27.03,False,False,2,,False
257359000,MELDERSKIN,NOR,jamnagar_vadinar_may2026,2026-05-23 23:00:00+00:00,2026-05-24 23:00:00+00:00,24.0,25,1.0,22.65,69.9596,0.985,ordinary,open_water,Vadinar terminal / Nayara refinery (EU+UK sanctioned),33.67,False,False,2,,False
419001251,SANGHI SUDARSHAN,IND,jamnagar_vadinar_may2026,2026-05-10 16:00:00+00:00,2026-05-11 16:00:00+00:00,24.0,25,1.0,22.5504,70.03,1.067,ordinary,open_water,Jamnagar (Sikka) marine terminal,34.55,False,False,2,,False
419001898,M.V.KALKI,IND,jamnagar_vadinar_may2026,2026-05-16 07:00:00+00:00,2026-05-17 07:00:00+00:00,24.0,25,1.0,22.5368,70.03,3.832,ordinary,open_water,Jamnagar (Sikka) marine terminal,33.99,False,False,2,,False
419003400,ROSE,IND,jamnagar_vadinar_may2026,2026-05-09 05:00:00+00:00,2026-05-10 05:00:00+00:00,24.0,17,0.68,22.55412,70.03294,4.0,ordinary,open_water,Jamnagar (Sikka) marine terminal,34.99,False,False,2,,False
636015336,HIGH SEAS,LBR,jamnagar_vadinar_may2026,2026-05-25 00:00:00+00:00,2026-05-25 23:00:00+00:00,23.0,24,1.0,22.68,69.95,0.0,ordinary,open_water,Vadinar terminal / Nayara refinery (EU+UK sanctioned),34.02,False,False,2,,False
219028419,TORM ALLEGRO,DNK,jamnagar_vadinar_may2026,2026-05-17 15:00:00+00:00,2026-05-18 13:00:00+00:00,22.0,23,1.0,22.62,69.91783,0.803,ordinary,open_water,Vadinar terminal / Nayara refinery (EU+UK sanctioned),28.58,False,False,2,,False
419001470,CORONET,IND,jamnagar_vadinar_may2026,2026-05-15 01:00:00+00:00,2026-05-15 23:00:00+00:00,22.0,23,1.0,22.62348,69.90087,4.328,ordinary,open_water,Vadinar terminal / Nayara refinery (EU+UK sanctioned),27.02,False,False,2,,False
419991639,MT. SHIVANI II,IND,jamnagar_vadinar_may2026,2026-05-13 00:00:00+00:00,2026-05-13 22:00:00+00:00,22.0,23,1.0,22.56174,70.0387,3.829,ordinary,open_water,Jamnagar (Sikka) marine terminal,35.87,False,False,2,,False
566762000,MARITIME POLARIS,SGP,jamnagar_vadinar_may2026,2026-05-11 15:00:00+00:00,2026-05-12 13:00:00+00:00,22.0,23,1.0,22.62,69.91826,0.847,ordinary,open_water,Vadinar terminal / Nayara refinery (EU+UK sanctioned),28.62,False,False,2,,False
419001718,SHAMBHU SAGAR,IND,jamnagar_vadinar_may2026,2026-05-15 22:00:00+00:00,2026-05-16 19:00:00+00:00,21.0,22,1.0,22.55455,70.03091,3.443,ordinary,open_water,Jamnagar (Sikka) marine terminal,34.82,False,False,2,,False
419003400,ROSE,IND,jamnagar_vadinar_may2026,2026-05-14 02:00:00+00:00,2026-05-14 23:00:00+00:00,21.0,18,0.818,22.57833,70.05167,3.857,ordinary,open_water,Jamnagar (Sikka) marine terminal,37.85,False,False,2,,False
566761000,MARITIME MERIDIAN,SGP,jamnagar_vadinar_may2026,2026-05-16 18:00:00+00:00,2026-05-17 15:00:00+00:00,21.0,22,1.0,22.62136,69.905,3.225,ordinary,open_water,Vadinar terminal / Nayara refinery (EU+UK sanctioned),27.36,False,False,2,,False
215497000,DAYTONA,MLT,jamnagar_vadinar_may2026,2026-05-05 00:00:00+00:00,2026-05-05 20:00:00+00:00,20.0,21,1.0,22.65095,69.92857,3.1,ordinary,open_water,Vadinar terminal / Nayara refinery (EU+UK sanctioned),30.72,False,False,2,,False
419001455,M.T. RADHA,IND,jamnagar_vadinar_may2026,2026-05-21 07:00:00+00:00,2026-05-22 03:00:00+00:00,20.0,21,1.0,22.58714,70.05714,4.982,ordinary,open_water,Jamnagar (Sikka) marine terminal,38.79,False,False,2,,False
419991639,MT. SHIVANI II,IND,jamnagar_vadinar_may2026,2026-05-22 06:00:00+00:00,2026-05-23 02:00:00+00:00,20.0,21,1.0,22.55476,70.03286,2.444,ordinary,open_water,Jamnagar (Sikka) marine terminal,35.01,False,False,2,,False
538008270,YASA FLAMINGO,MHL,jamnagar_vadinar_may2026,2026-05-25 03:00:00+00:00,2026-05-25 23:00:00+00:00,20.0,21,1.0,22.63048,69.91952,1.441,ordinary,open_water,Vadinar terminal / Nayara refinery (EU+UK sanctioned),29.08,False,False,2,,False
538011530,SEA WOLF I,MHL,jamnagar_vadinar_may2026,2026-05-05 12:00:00+00:00,2026-05-06 08:00:00+00:00,20.0,21,1.0,22.63,69.93,0.0,ordinary,open_water,Vadinar terminal / Nayara refinery (EU+UK sanctioned),30.09,False,False,2,,False
419826328,MT GAUTAM  PAWAN,IND,jamnagar_vadinar_may2026,2026-05-16 03:00:00+00:00,2026-05-16 22:00:00+00:00,19.0,18,0.9,22.57556,70.05444,3.791,ordinary,open_water,Jamnagar (Sikka) marine terminal,37.98,False,False,2,,False
419900765,MV JIT SAGAR,IND,jamnagar_vadinar_may2026,2026-05-20 13:00:00+00:00,2026-05-21 08:00:00+00:00,19.0,20,1.0,22.6465,70.021,2.08,ordinary,open_water,Jamnagar (Sikka) marine terminal,39.18,False,False,2,,False
352003661,AKSON MEISA,PAN,jamnagar_vadinar_may2026,2026-05-25 05:00:00+00:00,2026-05-25 23:00:00+00:00,18.0,19,1.0,22.69368,69.94894,1.005,ordinary,open_water,Vadinar terminal / Nayara refinery (EU+UK sanctioned),34.59,False,False,2,,False
419011700,ANANT,IND,jamnagar_vadinar_may2026,2026-05-14 10:00:00+00:00,2026-05-15 04:00:00+00:00,18.0,8,0.421,22.64625,70.035,3.886,ordinary,open_water,Jamnagar (Sikka) marine terminal,40.31,False,False,2,,False
419956582,GAUTAM  VARUN,IND,jamnagar_vadinar_may2026,2026-05-10 18:00:00+00:00,2026-05-11 12:00:00+00:00,18.0,18,0.947,22.69056,70.02611,1.223,ordinary,open_water,Vadinar terminal / Nayara refinery (EU+UK sanctioned),41.65,False,False,2,,False
419956689,MV SHRI LAXMI,IND,jamnagar_vadinar_may2026,2026-05-20 19:00:00+00:00,2026-05-21 13:00:00+00:00,18.0,19,1.0,22.54842,70.03263,4.956,ordinary,open_water,Jamnagar (Sikka) marine terminal,34.71,False,False,2,,False
419956772,M V PRIYA,IND,jamnagar_vadinar_may2026,2026-05-20 20:00:00+00:00,2026-05-21 14:00:00+00:00,18.0,19,1.0,22.55526,70.03316,4.745,ordinary,open_water,Jamnagar (Sikka) marine terminal,35.06,False,False,2,,False
538006239,AL BETROLEYA,MHL,jamnagar_vadinar_may2026,2026-05-05 00:00:00+00:00,2026-05-05 18:00:00+00:00,18.0,19,1.0,22.65105,69.96895,2.867,ordinary,open_water,Vadinar terminal / Nayara refinery (EU+UK sanctioned),34.62,False,False,2,,False
314115000,LUNA PELAGOS,BRB,jamnagar_vadinar_may2026,2026-05-21 13:00:00+00:00,2026-05-22 06:00:00+00:00,17.0,18,1.0,22.64444,69.91222,2.334,ordinary,open_water,Vadinar terminal / Nayara refinery (EU+UK sanctioned),28.89,False,False,2,,False
419956398,M V RAMESHWAR,IND,jamnagar_vadinar_may2026,2026-05-13 10:00:00+00:00,2026-05-14 03:00:00+00:00,17.0,18,1.0,22.65889,70.04167,3.587,ordinary,open_water,Jamnagar (Sikka) marine terminal,41.7,False,False,2,,False
564189000,CHANG HANG XING YUN,SGP,jamnagar_vadinar_may2026,2026-05-07 07:00:00+00:00,2026-05-08 00:00:00+00:00,17.0,18,1.0,22.62056,69.91722,1.285,ordinary,open_water,Vadinar terminal / Nayara refinery (EU+UK sanctioned),28.53,False,False,2,,False
636014089,VIRGO,LBR,jamnagar_vadinar_may2026,2026-05-10 13:00:00+00:00,2026-05-11 06:00:00+00:00,17.0,18,1.0,22.65,69.89722,2.793,ordinary,open_water,Vadinar terminal / Nayara refinery (EU+UK sanctioned),27.71,False,False,2,,False
419001726,MAHA TANAYA,IND,jamnagar_vadinar_may2026,2026-05-18 12:00:00+00:00,2026-05-19 04:00:00+00:00,16.0,12,0.706,22.7,69.9,0.0,ordinary,open_water,Vadinar terminal / Nayara refinery (EU+UK sanctioned),30.6,False,False,2,,False
419001726,MAHA TANAYA,IND,jamnagar_vadinar_may2026,2026-05-22 15:00:00+00:00,2026-05-23 07:00:00+00:00,16.0,12,0.706,22.7,69.9,0.0,ordinary,open_water,Vadinar terminal / Nayara refinery (EU+UK sanctioned),30.6,False,False,2,,False
419002089,AKSHIP 12,IND,jamnagar_vadinar_may2026,2026-05-14 09:00:00+00:00,2026-05-15 01:00:00+00:00,16.0,17,1.0,22.61059,70.06941,1.424,ordinary,open_water,Jamnagar (Sikka) marine terminal,41.13,False,False,2,,False
419003400,ROSE,IND,jamnagar_vadinar_may2026,2026-05-08 09:00:00+00:00,2026-05-09 01:00:00+00:00,16.0,12,0.706,22.57167,70.0475,3.402,ordinary,open_water,Jamnagar (Sikka) marine terminal,37.15,False,False,2,,False
419031900,KABINI,IND,jamnagar_vadinar_may2026,2026-05-16 22:00:00+00:00,2026-05-17 14:00:00+00:00,16.0,17,1.0,22.64235,69.99706,1.985,ordinary,open_water,Jamnagar (Sikka) marine terminal,36.98,False,False,2,,False
419900765,MV JIT SAGAR,IND,jamnagar_vadinar_may2026,2026-05-22 22:00:00+00:00,2026-05-23 14:00:00+00:00,16.0,17,1.0,22.56235,70.03588,1.501,ordinary,open_water,Jamnagar (Sikka) marine terminal,35.63,False,False,2,,False
419956398,M V RAMESHWAR,IND,jamnagar_vadinar_may2026,2026-05-20 13:00:00+00:00,2026-05-21 05:00:00+00:00,16.0,17,1.0,22.58235,70.05176,4.235,ordinary,open_water,Jamnagar (Sikka) marine terminal,38.06,False,False,2,,False
419956952,MV GAUTAM ATHARV,IND,jamnagar_vadinar_may2026,2026-05-20 09:00:00+00:00,2026-05-21 01:00:00+00:00,16.0,17,1.0,22.7,69.93824,0.845,ordinary,open_water,Vadinar terminal / Nayara refinery (EU+UK sanctioned),33.96,False,False,2,,False
219415000,TORM ALMENA,DNK,jamnagar_vadinar_may2026,2026-05-20 11:00:00+00:00,2026-05-21 02:00:00+00:00,15.0,16,1.0,22.63,69.92,0.0,ordinary,open_water,Vadinar terminal / Nayara refinery (EU+UK sanctioned),29.11,False,False,2,,False
249245000,COSTAS P,MLT,jamnagar_vadinar_may2026,2026-05-20 15:00:00+00:00,2026-05-21 06:00:00+00:00,15.0,16,1.0,22.655,69.93,0.556,ordinary,open_water,Vadinar terminal / Nayara refinery (EU+UK sanctioned),31.02,False,False,2,,False
419001109,SAGAR URMIKA,IND,jamnagar_vadinar_may2026,2026-05-23 07:00:00+00:00,2026-05-23 22:00:00+00:00,15.0,16,1.0,22.69,69.86938,0.962,ordinary,open_water,Vadinar terminal / Nayara refinery (EU+UK sanctioned),27.37,False,False,2,,False
419001251,SANGHI SUDARSHAN,IND,jamnagar_vadinar_may2026,2026-05-05 00:00:00+00:00,2026-05-05 15:00:00+00:00,15.0,16,1.0,22.6025,70.0575,2.648,ordinary,open_water,Jamnagar (Sikka) marine terminal,39.62,False,False,2,,False
419001454,M.T. KB-21,IND,jamnagar_vadinar_may2026,2026-05-17 05:00:00+00:00,2026-05-17 20:00:00+00:00,15.0,16,1.0,22.56437,70.03938,2.052,ordinary,open_water,Jamnagar (Sikka) marine terminal,36.05,False,False,2,,False
419001455,M.T. RADHA,IND,jamnagar_vadinar_may2026,2026-05-20 07:00:00+00:00,2026-05-20 22:00:00+00:00,15.0,16,1.0,22.58937,70.06,1.042,ordinary,open_water,Jamnagar (Sikka) marine terminal,39.16,False,False,2,,False
419002021,BAYWAY1,IND,jamnagar_vadinar_may2026,2026-05-06 09:00:00+00:00,2026-05-07 00:00:00+00:00,15.0,16,1.0,22.67188,69.93188,2.181,ordinary,open_water,Vadinar terminal / Nayara refinery (EU+UK sanctioned),31.95,False,False,2,,False
419900765,MV JIT SAGAR,IND,jamnagar_vadinar_may2026,2026-05-17 22:00:00+00:00,2026-05-18 13:00:00+00:00,15.0,16,1.0,22.52,70.03,0.0,ordinary,open_water,Jamnagar (Sikka) marine terminal,33.39,False,False,2,,False
419911119,DCB UNIPRIDE,IND,jamnagar_vadinar_may2026,2026-05-23 22:00:00+00:00,2026-05-24 13:00:00+00:00,15.0,16,1.0,22.59,70.07,0.0,ordinary,open_water,Jamnagar (Sikka) marine terminal,40.11,False,False,2,,False
440438000,DS ROSA,KOR,jamnagar_vadinar_may2026,2026-05-19 11:00:00+00:00,2026-05-20 02:00:00+00:00,15.0,16,1.0,22.64,69.95,0.0,ordinary,open_water,Vadinar terminal / Nayara refinery (EU+UK sanctioned),32.38,False,False,2,,False
9004453,MT SEA SHELL,,jamnagar_vadinar_may2026,2026-05-18 22:00:00+00:00,2026-05-19 12:00:00+00:00,14.0,10,0.667,22.573,70.047,3.096,ordinary,open_water,Jamnagar (Sikka) marine terminal,37.17,False,False,2,,False
419001804,TULSI SAGAR,IND,jamnagar_vadinar_may2026,2026-05-16 20:00:00+00:00,2026-05-17 10:00:00+00:00,14.0,15,1.0,22.59067,70.06,1.038,ordinary,open_water,Jamnagar (Sikka) marine terminal,39.23,False,False,2,,False
419001831,HARI PRIYA,IND,jamnagar_vadinar_may2026,2026-05-11 10:00:00+00:00,2026-05-12 00:00:00+00:00,14.0,15,1.0,22.66067,69.96733,3.969,ordinary,open_water,Vadinar terminal / Nayara refinery (EU+UK sanctioned),34.82,False,False,2,,False
419002022,A.E.L.II,IND,jamnagar_vadinar_may2026,2026-05-21 23:00:00+00:00,2026-05-22 13:00:00+00:00,14.0,15,1.0,22.69933,69.95933,1.412,ordinary,open_water,Vadinar terminal / Nayara refinery (EU+UK sanctioned),35.83,False,False,2,,False
419003400,ROSE,IND,jamnagar_vadinar_may2026,2026-05-05 21:00:00+00:00,2026-05-06 11:00:00+00:00,14.0,12,0.8,22.57083,70.045,2.782,ordinary,open_water,Jamnagar (Sikka) marine terminal,36.88,False,False,2,,False
419826328,MT GAUTAM  PAWAN,IND,jamnagar_vadinar_may2026,2026-05-08 01:00:00+00:00,2026-05-08 15:00:00+00:00,14.0,8,0.533,22.68,70.04,2.224,ordinary,open_water,Vadinar terminal / Nayara refinery (EU+UK sanctioned),42.56,False,False,2,,False
419900765,MV JIT SAGAR,IND,jamnagar_vadinar_may2026,2026-05-19 14:00:00+00:00,2026-05-20 04:00:00+00:00,14.0,15,1.0,22.64133,70.032,3.58,ordinary,open_water,Jamnagar (Sikka) marine terminal,39.74,False,False,2,,False
419902535,MT DANSTAR 2,IND,jamnagar_vadinar_may2026,2026-05-23 05:00:00+00:00,2026-05-23 19:00:00+00:00,14.0,15,1.0,22.55267,70.03133,4.573,ordinary,open_water,Jamnagar (Sikka) marine terminal,34.77,False,False,2,,False
419956966,M.V.GAUTAM KRISHAV,IND,jamnagar_vadinar_may2026,2026-05-25 09:00:00+00:00,2026-05-25 23:00:00+00:00,14.0,15,1.0,22.69533,69.94933,1.126,ordinary,open_water,Vadinar terminal / Nayara refinery (EU+UK sanctioned),34.71,False,False,2,,False
419991639,MT. SHIVANI II,IND,jamnagar_vadinar_may2026,2026-05-06 11:00:00+00:00,2026-05-07 01:00:00+00:00,14.0,15,1.0,22.58,70.05,1.112,ordinary,open_water,Jamnagar (Sikka) marine terminal,37.78,False,False,2,,False
419991639,MT. SHIVANI II,IND,jamnagar_vadinar_may2026,2026-05-10 01:00:00+00:00,2026-05-10 15:00:00+00:00,14.0,15,1.0,22.576,70.056,3.935,ordinary,open_water,Jamnagar (Sikka) marine terminal,38.14,False,False,2,,False
249946000,IOLCOS LEGACY,MLT,jamnagar_vadinar_may2026,2026-05-15 20:00:00+00:00,2026-05-16 09:00:00+00:00,13.0,9,0.643,22.69889,69.87333,1.688,ordinary,open_water,Vadinar terminal / Nayara refinery (EU+UK sanctioned),28.28,False,False,2,,False
273618730,OKEANSKY PROSPECT,RUS,jamnagar_vadinar_may2026,2026-05-09 19:00:00+00:00,2026-05-10 08:00:00+00:00,13.0,14,1.0,22.64786,69.89786,4.215,ordinary,open_water,Vadinar terminal / Nayara refinery (EU+UK sanctioned),27.67,False,False,2,,False
419000293,DWARKESH,IND,jamnagar_vadinar_may2026,2026-05-25 09:00:00+00:00,2026-05-25 22:00:00+00:00,13.0,14,1.0,22.68571,69.96071,3.398,ordinary,open_water,Vadinar terminal / Nayara refinery (EU+UK sanctioned),35.28,False,False,2,,False
419001454,M.T. KB-21,IND,jamnagar_vadinar_may2026,2026-05-12 04:00:00+00:00,2026-05-12 17:00:00+00:00,13.0,14,1.0,22.55286,70.03143,4.549,ordinary,open_water,Jamnagar (Sikka) marine terminal,34.79,False,False,2,,False
419001470,CORONET,IND,jamnagar_vadinar_may2026,2026-05-07 20:00:00+00:00,2026-05-08 09:00:00+00:00,13.0,14,1.0,22.65214,69.90072,1.293,ordinary,open_water,Vadinar terminal / Nayara refinery (EU+UK sanctioned),28.13,False,False,2,,False
419002026,GREEN SHAKTI,IND,jamnagar_vadinar_may2026,2026-05-08 01:00:00+00:00,2026-05-08 14:00:00+00:00,13.0,14,1.0,22.67,70.06,0.0,ordinary,open_water,Jamnagar (Sikka) marine terminal,43.95,False,False,2,,False
419011700,ANANT,IND,jamnagar_vadinar_may2026,2026-05-16 21:00:00+00:00,2026-05-17 10:00:00+00:00,13.0,14,1.0,22.64286,69.99929,1.357,ordinary,open_water,Jamnagar (Sikka) marine terminal,37.19,False,False,2,,False
419826328,MT GAUTAM  PAWAN,IND,jamnagar_vadinar_may2026,2026-05-08 16:00:00+00:00,2026-05-09 05:00:00+00:00,13.0,14,1.0,22.61786,70.04929,4.782,ordinary,open_water,Jamnagar (Sikka) marine terminal,39.75,False,False,2,,False
419900765,MV JIT SAGAR,IND,jamnagar_vadinar_may2026,2026-05-16 19:00:00+00:00,2026-05-17 08:00:00+00:00,13.0,14,1.0,22.52929,70.03071,4.627,ordinary,open_water,Jamnagar (Sikka) marine terminal,33.78,False,False,2,,False
419911119,DCB UNIPRIDE,IND,jamnagar_vadinar_may2026,2026-05-22 00:00:00+00:00,2026-05-22 13:00:00+00:00,13.0,12,0.857,22.59,70.07,0.0,ordinary,open_water,Jamnagar (Sikka) marine terminal,40.11,False,False,2,,False
419911119,DCB UNIPRIDE,IND,jamnagar_vadinar_may2026,2026-05-22 23:00:00+00:00,2026-05-23 12:00:00+00:00,13.0,14,1.0,22.59,70.07,0.0,ordinary,open_water,Jamnagar (Sikka) marine terminal,40.11,False,False,2,,False
419956398,M V RAMESHWAR,IND,jamnagar_vadinar_may2026,2026-05-19 02:00:00+00:00,2026-05-19 15:00:00+00:00,13.0,14,1.0,22.64571,70.02714,2.19,ordinary,open_water,Jamnagar (Sikka) marine terminal,39.63,False,False,2,,False
419956689,MV SHRI LAXMI,IND,jamnagar_vadinar_may2026,2026-05-18 14:00:00+00:00,2026-05-19 03:00:00+00:00,13.0,14,1.0,22.64286,70.03357,4.55,ordinary,open_water,Jamnagar (Sikka) marine terminal,39.97,False,False,2,,False
419956827,PRASIDDHI,IND,jamnagar_vadinar_may2026,2026-05-24 00:00:00+00:00,2026-05-24 13:00:00+00:00,13.0,11,0.786,22.59,70.07,0.0,ordinary,open_water,Jamnagar (Sikka) marine terminal,40.11,False,False,2,,False
419991639,MT. SHIVANI II,IND,jamnagar_vadinar_may2026,2026-05-09 02:00:00+00:00,2026-05-09 15:00:00+00:00,13.0,14,1.0,22.55286,70.03143,4.549,ordinary,open_water,Jamnagar (Sikka) marine terminal,34.79,False,False,2,,False
636023423,METRO VENETIAN,LBR,jamnagar_vadinar_may2026,2026-05-22 11:00:00+00:00,2026-05-23 00:00:00+00:00,13.0,14,1.0,22.65,69.95857,0.88,ordinary,open_water,Vadinar terminal / Nayara refinery (EU+UK sanctioned),33.57,False,False,2,,False
636024106,MARATHO,LBR,jamnagar_vadinar_may2026,2026-05-19 10:00:00+00:00,2026-05-19 23:00:00+00:00,13.0,14,1.0,22.63,69.92,0.0,ordinary,open_water,Vadinar terminal / Nayara refinery (EU+UK sanctioned),29.11,False,False,2,,False
273295230,VLADIMIR VINOGRADOV,RUS,jamnagar_vadinar_may2026,2026-05-11 12:00:00+00:00,2026-05-12 00:00:00+00:00,12.0,13,1.0,22.65,69.92923,4.177,ordinary,open_water,Vadinar terminal / Nayara refinery (EU+UK sanctioned),30.75,False,False,2,,False
319297200,MINTAKA,CYM,jamnagar_vadinar_may2026,2026-05-08 12:00:00+00:00,2026-05-09 00:00:00+00:00,12.0,13,1.0,22.62846,69.90769,4.514,ordinary,open_water,Vadinar terminal / Nayara refinery (EU+UK sanctioned),27.86,False,False,2,,False
353221000,SEA JEWEL,PAN,jamnagar_vadinar_may2026,2026-05-08 15:00:00+00:00,2026-05-09 03:00:00+00:00,12.0,13,1.0,22.68846,69.95538,2.769,ordinary,open_water,Vadinar terminal / Nayara refinery (EU+UK sanctioned),34.92,False,False,2,,False
419002089,AKSHIP 12,IND,jamnagar_vadinar_may2026,2026-05-05 16:00:00+00:00,2026-05-06 04:00:00+00:00,12.0,13,1.0,22.61,70.07,0.0,ordinary,open_water,Jamnagar (Sikka) marine terminal,41.15,False,False,2,,False
419002089,AKSHIP 12,IND,jamnagar_vadinar_may2026,2026-05-15 21:00:00+00:00,2026-05-16 09:00:00+00:00,12.0,13,1.0,22.65308,70.00769,3.333,ordinary,open_water,Vadinar terminal / Nayara refinery (EU+UK sanctioned),38.47,False,False,2,,False
419002089,AKSHIP 12,IND,jamnagar_vadinar_may2026,2026-05-16 21:00:00+00:00,2026-05-17 09:00:00+00:00,12.0,13,1.0,22.64308,70.0,3.405,ordinary,open_water,Jamnagar (Sikka) marine terminal,37.26,False,False,2,,False
419003400,ROSE,IND,jamnagar_vadinar_may2026,2026-05-05 00:00:00+00:00,2026-05-05 12:00:00+00:00,12.0,10,0.769,22.55,70.03,0.0,ordinary,open_water,Jamnagar (Sikka) marine terminal,34.53,False,False,2,,False
419030000,M V NEERJA,IND,jamnagar_vadinar_may2026,2026-05-25 11:00:00+00:00,2026-05-25 23:00:00+00:00,12.0,13,1.0,22.55,70.03,0.0,ordinary,open_water,Jamnagar (Sikka) marine terminal,34.53,False,False,2,,False
419031900,KABINI,IND,jamnagar_vadinar_may2026,2026-05-16 09:00:00+00:00,2026-05-16 21:00:00+00:00,12.0,13,1.0,22.62154,70.05692,4.31,ordinary,open_water,Jamnagar (Sikka) marine terminal,40.63,False,False,2,,False
419901317,MV SHATIXA III,IND,jamnagar_vadinar_may2026,2026-05-23 03:00:00+00:00,2026-05-23 15:00:00+00:00,12.0,13,1.0,22.56692,70.03923,4.214,ordinary,open_water,Jamnagar (Sikka) marine terminal,36.16,False,False,2,,False
419911119,DCB UNIPRIDE,IND,jamnagar_vadinar_may2026,2026-05-20 21:00:00+00:00,2026-05-21 09:00:00+00:00,12.0,8,0.615,22.59,70.07,0.0,ordinary,open_water,Jamnagar (Sikka) marine terminal,40.11,False,False,2,,False
419956398,M V RAMESHWAR,IND,jamnagar_vadinar_may2026,2026-05-24 17:00:00+00:00,2026-05-25 05:00:00+00:00,12.0,13,1.0,22.64769,70.04231,3.179,ordinary,open_water,Jamnagar (Sikka) marine terminal,41.01,False,False,2,,False
419991639,MT. SHIVANI II,IND,jamnagar_vadinar_may2026,2026-05-19 04:00:00+00:00,2026-05-19 16:00:00+00:00,12.0,13,1.0,22.55,70.03,0.0,ordinary,open_water,Jamnagar (Sikka) marine terminal,34.53,False,False,2,,False
636013380,CONSTANTINOS,LBR,jamnagar_vadinar_may2026,2026-05-20 18:00:00+00:00,2026-05-21 06:00:00+00:00,12.0,13,1.0,22.64846,69.90385,4.507,ordinary,open_water,Vadinar terminal / Nayara refinery (EU+UK sanctioned),28.27,False,False,2,,False
419001454,M.T. KB-21,IND,jamnagar_vadinar_may2026,2026-05-13 11:00:00+00:00,2026-05-13 22:00:00+00:00,11.0,10,0.833,22.586,70.059,2.898,ordinary,open_water,Jamnagar (Sikka) marine terminal,38.9,False,False,2,,False
419011700,ANANT,IND,jamnagar_vadinar_may2026,2026-05-13 22:00:00+00:00,2026-05-14 09:00:00+00:00,11.0,12,1.0,22.6425,70.0375,4.918,ordinary,open_water,Jamnagar (Sikka) marine terminal,40.27,False,False,2,,False
419031900,KABINI,IND,jamnagar_vadinar_may2026,2026-05-15 21:00:00+00:00,2026-05-16 08:00:00+00:00,11.0,12,1.0,22.6525,70.0075,3.347,ordinary,open_water,Vadinar terminal / Nayara refinery (EU+UK sanctioned),38.43,False,False,2,,False
419826328,MT GAUTAM  PAWAN,IND,jamnagar_vadinar_may2026,2026-05-09 06:00:00+00:00,2026-05-09 17:00:00+00:00,11.0,11,0.917,22.57455,70.04455,2.202,ordinary,open_water,Jamnagar (Sikka) marine terminal,37.01,False,False,2,,False
419900765,MV JIT SAGAR,IND,jamnagar_vadinar_may2026,2026-05-16 07:00:00+00:00,2026-05-16 18:00:00+00:00,11.0,12,1.0,22.65667,70.04333,3.423,ordinary,open_water,Jamnagar (Sikka) marine terminal,41.69,False,False,2,,False
419901317,MV SHATIXA III,IND,jamnagar_vadinar_may2026,2026-05-17 20:00:00+00:00,2026-05-18 07:00:00+00:00,11.0,11,0.917,22.62182,70.07637,4.454,ordinary,open_water,Jamnagar (Sikka) marine terminal,42.36,False,False,2,,False
419956398,M V RAMESHWAR,IND,jamnagar_vadinar_may2026,2026-05-20 01:00:00+00:00,2026-05-20 12:00:00+00:00,11.0,12,1.0,22.64667,70.0225,4.959,ordinary,open_water,Jamnagar (Sikka) marine terminal,39.31,False,False,2,,False
419991639,MT. SHIVANI II,IND,jamnagar_vadinar_may2026,2026-05-24 15:00:00+00:00,2026-05-25 02:00:00+00:00,11.0,12,1.0,22.65417,70.05916,3.914,ordinary,open_water,Jamnagar (Sikka) marine terminal,42.83,False,False,2,,False
538005871,OLYMPIC LION,MHL,jamnagar_vadinar_may2026,2026-05-11 14:00:00+00:00,2026-05-12 01:00:00+00:00,11.0,12,1.0,22.65,69.895,4.618,ordinary,open_water,Vadinar terminal / Nayara refinery (EU+UK sanctioned),27.5,False,False,2,,False
248113000,SAMOS,MLT,jamnagar_vadinar_may2026,2026-05-06 19:00:00+00:00,2026-05-07 05:00:00+00:00,10.0,11,1.0,22.63909,69.89364,2.628,ordinary,open_water,Vadinar terminal / Nayara refinery (EU+UK sanctioned),26.9,False,False,2,,False
319287300,BETELGEUSE,CYM,jamnagar_vadinar_may2026,2026-05-18 19:00:00+00:00,2026-05-19 05:00:00+00:00,10.0,11,1.0,22.63727,69.91636,4.809,ordinary,open_water,Vadinar terminal / Nayara refinery (EU+UK sanctioned),29.02,False,False,2,,False
419001454,M.T. KB-21,IND,jamnagar_vadinar_may2026,2026-05-12 20:00:00+00:00,2026-05-13 06:00:00+00:00,10.0,10,0.909,22.574,70.046,3.134,ordinary,open_water,Jamnagar (Sikka) marine terminal,37.12,False,False,2,,False
419002089,AKSHIP 12,IND,jamnagar_vadinar_may2026,2026-05-16 10:00:00+00:00,2026-05-16 20:00:00+00:00,10.0,11,1.0,22.61091,70.06909,1.376,ordinary,open_water,Jamnagar (Sikka) marine terminal,41.11,False,False,2,,False
419011700,ANANT,IND,jamnagar_vadinar_may2026,2026-05-15 23:00:00+00:00,2026-05-16 09:00:00+00:00,10.0,6,0.545,22.655,70.015,2.625,ordinary,open_water,Vadinar terminal / Nayara refinery (EU+UK sanctioned),39.25,False,False,2,,False
419011700,ANANT,IND,jamnagar_vadinar_may2026,2026-05-16 10:00:00+00:00,2026-05-16 20:00:00+00:00,10.0,11,1.0,22.62,70.06,0.0,ordinary,open_water,Jamnagar (Sikka) marine terminal,40.82,False,False,2,,False
419030000,M V NEERJA,IND,jamnagar_vadinar_may2026,2026-05-19 11:00:00+00:00,2026-05-19 21:00:00+00:00,10.0,11,1.0,22.59,70.07,0.0,ordinary,open_water,Jamnagar (Sikka) marine terminal,40.11,False,False,2,,False
419084700,SEA CHEETAH,IND,jamnagar_vadinar_may2026,2026-05-06 02:00:00+00:00,2026-05-06 12:00:00+00:00,10.0,11,1.0,22.67636,69.98636,4.992,ordinary,open_water,Vadinar terminal / Nayara refinery (EU+UK sanctioned),37.28,False,False,2,,False
419826328,MT GAUTAM  PAWAN,IND,jamnagar_vadinar_may2026,2026-05-18 02:00:00+00:00,2026-05-18 12:00:00+00:00,10.0,9,0.818,22.61111,70.06333,4.943,ordinary,open_water,Jamnagar (Sikka) marine terminal,40.61,False,False,2,,False
419956398,M V RAMESHWAR,IND,jamnagar_vadinar_may2026,2026-05-07 15:00:00+00:00,2026-05-08 01:00:00+00:00,10.0,11,1.0,22.64455,70.04728,2.744,ordinary,open_water,Jamnagar (Sikka) marine terminal,41.22,False,False,2,,False
419956398,M V RAMESHWAR,IND,jamnagar_vadinar_may2026,2026-05-21 16:00:00+00:00,2026-05-22 02:00:00+00:00,10.0,11,1.0,22.57545,70.04182,3.08,ordinary,open_water,Jamnagar (Sikka) marine terminal,36.8,False,False,2,,False
419956398,M V RAMESHWAR,IND,jamnagar_vadinar_may2026,2026-05-25 06:00:00+00:00,2026-05-25 16:00:00+00:00,10.0,11,1.0,22.57545,70.04546,3.245,ordinary,open_water,Jamnagar (Sikka) marine terminal,37.14,False,False,2,,False
419956414,MV BALDEV SAGAR,IND,jamnagar_vadinar_may2026,2026-05-15 18:00:00+00:00,2026-05-16 04:00:00+00:00,10.0,11,1.0,22.54727,70.03,3.033,ordinary,open_water,Jamnagar (Sikka) marine terminal,34.42,False,False,2,,False
419956689,MV SHRI LAXMI,IND,jamnagar_vadinar_may2026,2026-05-16 22:00:00+00:00,2026-05-17 08:00:00+00:00,10.0,10,0.909,22.639,70.046,4.356,ordinary,open_water,Jamnagar (Sikka) marine terminal,40.76,False,False,2,,False
419956689,MV SHRI LAXMI,IND,jamnagar_vadinar_may2026,2026-05-17 09:00:00+00:00,2026-05-17 19:00:00+00:00,10.0,11,1.0,22.52,70.03,0.0,ordinary,open_water,Jamnagar (Sikka) marine terminal,33.39,False,False,2,,False
419956689,MV SHRI LAXMI,IND,jamnagar_vadinar_may2026,2026-05-25 13:00:00+00:00,2026-05-25 23:00:00+00:00,10.0,11,1.0,22.58,70.04727,3.778,ordinary,open_water,Jamnagar (Sikka) marine terminal,37.53,False,False,2,,False
419956827,PRASIDDHI,IND,jamnagar_vadinar_may2026,2026-05-23 02:00:00+00:00,2026-05-23 12:00:00+00:00,10.0,5,0.455,22.59,70.07,0.0,ordinary,open_water,Jamnagar (Sikka) marine terminal,40.11,False,False,2,,False
419991639,MT. SHIVANI II,IND,jamnagar_vadinar_may2026,2026-05-14 18:00:00+00:00,2026-05-15 04:00:00+00:00,10.0,11,1.0,22.58091,70.04728,4.41,ordinary,open_water,Jamnagar (Sikka) marine terminal,37.58,False,False,2,,False
538011698,DHT REDWOOD,MHL,jamnagar_vadinar_may2026,2026-05-12 14:00:00+00:00,2026-05-13 00:00:00+00:00,10.0,11,1.0,22.65182,69.89637,3.634,ordinary,open_water,Vadinar terminal / Nayara refinery (EU+UK sanctioned),27.71,False,False,2,,False
636023955,PACIFIC INDIGO,LBR,jamnagar_vadinar_may2026,2026-05-09 16:00:00+00:00,2026-05-10 02:00:00+00:00,10.0,11,1.0,22.62091,69.91727,1.256,ordinary,open_water,Vadinar terminal / Nayara refinery (EU+UK sanctioned),28.55,False,False,2,,False
419024700,ESSAR TUG X,IND,jamnagar_vadinar_may2026,2026-05-20 04:00:00+00:00,2026-05-20 13:00:00+00:00,9.0,6,0.6,22.67667,70.08833,4.249,ordinary,open_water,Jamnagar (Sikka) marine terminal,46.72,False,False,2,,False
419826328,MT GAUTAM  PAWAN,IND,jamnagar_vadinar_may2026,2026-05-14 09:00:00+00:00,2026-05-14 18:00:00+00:00,9.0,5,0.5,22.55,70.03,0.0,ordinary,open_water,Jamnagar (Sikka) marine terminal,34.53,False,False,2,,False
419956398,M V RAMESHWAR,IND,jamnagar_vadinar_may2026,2026-05-08 15:00:00+00:00,2026-05-09 00:00:00+00:00,9.0,10,1.0,22.582,70.06,0.89,ordinary,open_water,Jamnagar (Sikka) marine terminal,38.8,False,False,2,,False
419956398,M V RAMESHWAR,IND,jamnagar_vadinar_may2026,2026-05-12 18:00:00+00:00,2026-05-13 03:00:00+00:00,9.0,10,1.0,22.578,70.048,2.725,ordinary,open_water,Jamnagar (Sikka) marine terminal,37.5,False,False,2,,False
419956398,M V RAMESHWAR,IND,jamnagar_vadinar_may2026,2026-05-16 20:00:00+00:00,2026-05-17 05:00:00+00:00,9.0,10,1.0,22.58,70.05,0.0,ordinary,open_water,Jamnagar (Sikka) marine terminal,37.78,False,False,2,,False
419956398,M V RAMESHWAR,IND,jamnagar_vadinar_may2026,2026-05-21 06:00:00+00:00,2026-05-21 15:00:00+00:00,9.0,10,1.0,22.657,70.039,3.004,ordinary,open_water,Jamnagar (Sikka) marine terminal,41.36,False,False,2,,False
419956398,M V RAMESHWAR,IND,jamnagar_vadinar_may2026,2026-05-23 09:00:00+00:00,2026-05-23 18:00:00+00:00,9.0,10,1.0,22.574,70.044,3.325,ordinary,open_water,Jamnagar (Sikka) marine terminal,36.94,False,False,2,,False
419956689,MV SHRI LAXMI,IND,jamnagar_vadinar_may2026,2026-05-18 04:00:00+00:00,2026-05-18 13:00:00+00:00,9.0,10,1.0,22.576,70.045,4.919,ordinary,open_water,Jamnagar (Sikka) marine terminal,37.12,False,False,2,,False
419956848,M V KARISMA IV,IND,jamnagar_vadinar_may2026,2026-05-16 07:00:00+00:00,2026-05-16 16:00:00+00:00,9.0,10,1.0,22.654,70.037,3.563,ordinary,open_water,Jamnagar (Sikka) marine terminal,40.99,False,False,2,,False
419956848,M V KARISMA IV,IND,jamnagar_vadinar_may2026,2026-05-17 10:00:00+00:00,2026-05-17 19:00:00+00:00,9.0,10,1.0,22.576,70.047,3.377,ordinary,open_water,Jamnagar (Sikka) marine terminal,37.31,False,False,2,,False
419991639,MT. SHIVANI II,IND,jamnagar_vadinar_may2026,2026-05-15 08:00:00+00:00,2026-05-15 17:00:00+00:00,9.0,10,1.0,22.582,70.057,2.025,ordinary,open_water,Jamnagar (Sikka) marine terminal,38.52,False,False,2,,False
419991639,MT. SHIVANI II,IND,jamnagar_vadinar_may2026,2026-05-18 18:00:00+00:00,2026-05-19 03:00:00+00:00,9.0,10,1.0,22.566,70.036,4.91,ordinary,open_water,Jamnagar (Sikka) marine terminal,35.81,False,False,2,,False
636014250,TATAKI,LBR,jamnagar_vadinar_may2026,2026-05-05 20:00:00+00:00,2026-05-06 05:00:00+00:00,9.0,10,1.0,22.653,69.894,3.883,ordinary,open_water,Vadinar terminal / Nayara refinery (EU+UK sanctioned),27.54,False,False,2,,False
249946000,IOLCOS LEGACY,MLT,jamnagar_vadinar_may2026,2026-05-15 05:00:00+00:00,2026-05-15 13:00:00+00:00,8.0,9,1.0,22.69889,69.87778,1.27,ordinary,open_water,Vadinar terminal / Nayara refinery (EU+UK sanctioned),28.65,False,False,2,,False
352005775,SAEHAN OLIVIA,PAN,jamnagar_vadinar_may2026,2026-05-08 01:00:00+00:00,2026-05-08 09:00:00+00:00,8.0,9,1.0,22.62222,69.89445,4.972,ordinary,open_water,Vadinar terminal / Nayara refinery (EU+UK sanctioned),26.35,False,False,2,,False
419000510,CANARA PROGRESS,IND,jamnagar_vadinar_may2026,2026-05-12 01:00:00+00:00,2026-05-12 09:00:00+00:00,8.0,9,1.0,22.66333,70.03445,4.787,ordinary,open_water,Jamnagar (Sikka) marine terminal,41.42,False,False,2,,False
419000510,CANARA PROGRESS,IND,jamnagar_vadinar_may2026,2026-05-12 17:00:00+00:00,2026-05-13 01:00:00+00:00,8.0,9,1.0,22.57222,70.04111,2.177,ordinary,open_water,Jamnagar (Sikka) marine terminal,36.58,False,False,2,,False
419000912,VAILANKANNI,IND,jamnagar_vadinar_may2026,2026-05-10 10:00:00+00:00,2026-05-10 18:00:00+00:00,8.0,9,1.0,22.63111,69.93,0.988,ordinary,open_water,Vadinar terminal / Nayara refinery (EU+UK sanctioned),30.13,False,False,2,,False
419018700,GULMOHAR 3,IND,jamnagar_vadinar_may2026,2026-05-17 23:00:00+00:00,2026-05-18 07:00:00+00:00,8.0,7,0.778,22.65,70.02,0.0,ordinary,open_water,Jamnagar (Sikka) marine terminal,39.34,False,False,2,,False
419826328,MT GAUTAM  PAWAN,IND,jamnagar_vadinar_may2026,2026-05-19 06:00:00+00:00,2026-05-19 14:00:00+00:00,8.0,9,1.0,22.57333,70.04667,3.812,ordinary,open_water,Jamnagar (Sikka) marine terminal,37.15,False,False,2,,False
419900765,MV JIT SAGAR,IND,jamnagar_vadinar_may2026,2026-05-17 09:00:00+00:00,2026-05-17 17:00:00+00:00,8.0,9,1.0,22.65444,70.04222,3.912,ordinary,open_water,Jamnagar (Sikka) marine terminal,41.45,False,False,2,,False
419900765,MV JIT SAGAR,IND,jamnagar_vadinar_may2026,2026-05-18 23:00:00+00:00,2026-05-19 07:00:00+00:00,8.0,9,1.0,22.64,70.02889,3.978,ordinary,open_water,Jamnagar (Sikka) marine terminal,39.39,False,False,2,,False
419956398,M V RAMESHWAR,IND,jamnagar_vadinar_may2026,2026-05-08 02:00:00+00:00,2026-05-08 10:00:00+00:00,8.0,9,1.0,22.59,70.05,0.0,ordinary,open_water,Jamnagar (Sikka) marine terminal,38.28,False,False,2,,False
419956398,M V RAMESHWAR,IND,jamnagar_vadinar_may2026,2026-05-18 04:00:00+00:00,2026-05-18 12:00:00+00:00,8.0,9,1.0,22.52111,70.03,0.988,ordinary,open_water,Jamnagar (Sikka) marine terminal,33.42,False,False,2,,False
419956398,M V RAMESHWAR,IND,jamnagar_vadinar_may2026,2026-05-19 16:00:00+00:00,2026-05-20 00:00:00+00:00,8.0,9,1.0,22.57,70.04444,2.738,ordinary,open_water,Jamnagar (Sikka) marine terminal,36.79,False,False,2,,False
419956689,MV SHRI LAXMI,IND,jamnagar_vadinar_may2026,2026-05-19 04:00:00+00:00,2026-05-19 12:00:00+00:00,8.0,9,1.0,22.57778,70.04333,4.707,ordinary,open_water,Jamnagar (Sikka) marine terminal,37.06,False,False,2,,False
419956689,MV SHRI LAXMI,IND,jamnagar_vadinar_may2026,2026-05-19 13:00:00+00:00,2026-05-19 21:00:00+00:00,8.0,9,1.0,22.64444,70.02222,3.939,ordinary,open_water,Jamnagar (Sikka) marine terminal,39.14,False,False,2,,False
419956689,MV SHRI LAXMI,IND,jamnagar_vadinar_may2026,2026-05-24 17:00:00+00:00,2026-05-25 01:00:00+00:00,8.0,9,1.0,22.65222,70.04111,3.697,ordinary,open_water,Jamnagar (Sikka) marine terminal,41.21,False,False,2,,False
419956772,M V PRIYA,IND,jamnagar_vadinar_may2026,2026-05-19 00:00:00+00:00,2026-05-19 08:00:00+00:00,8.0,9,1.0,22.64778,70.02111,1.257,ordinary,open_water,Jamnagar (Sikka) marine terminal,39.28,False,False,2,,False
419991639,MT. SHIVANI II,IND,jamnagar_vadinar_may2026,2026-05-05 22:00:00+00:00,2026-05-06 06:00:00+00:00,8.0,9,1.0,22.57667,70.04889,3.543,ordinary,open_water,Jamnagar (Sikka) marine terminal,37.52,False,False,2,,False
419991639,MT. SHIVANI II,IND,jamnagar_vadinar_may2026,2026-05-07 06:00:00+00:00,2026-05-07 14:00:00+00:00,8.0,9,1.0,22.56444,70.04222,2.515,ordinary,open_water,Jamnagar (Sikka) marine terminal,36.32,False,False,2,,False
419991639,MT. SHIVANI II,IND,jamnagar_vadinar_may2026,2026-05-08 05:00:00+00:00,2026-05-08 13:00:00+00:00,8.0,9,1.0,22.56778,70.04222,2.342,ordinary,open_water,Jamnagar (Sikka) marine terminal,36.48,False,False,2,,False
419991639,MT. SHIVANI II,IND,jamnagar_vadinar_may2026,2026-05-09 16:00:00+00:00,2026-05-10 00:00:00+00:00,8.0,9,1.0,22.58556,70.06,4.942,ordinary,open_water,Jamnagar (Sikka) marine terminal,38.98,False,False,2,,False
419991639,MT. SHIVANI II,IND,jamnagar_vadinar_may2026,2026-05-15 18:00:00+00:00,2026-05-16 02:00:00+00:00,8.0,9,1.0,22.64667,70.03889,4.234,ordinary,open_water,Jamnagar (Sikka) marine terminal,40.66,False,False,2,,False
419991639,MT. SHIVANI II,IND,jamnagar_vadinar_may2026,2026-05-18 00:00:00+00:00,2026-05-18 08:00:00+00:00,8.0,9,1.0,22.58222,70.04778,4.207,ordinary,open_water,Jamnagar (Sikka) marine terminal,37.69,False,False,2,,False
419991639,MT. SHIVANI II,IND,jamnagar_vadinar_may2026,2026-05-18 09:00:00+00:00,2026-05-18 17:00:00+00:00,8.0,9,1.0,22.66,70.04,0.0,ordinary,open_water,Jamnagar (Sikka) marine terminal,41.64,False,False,2,,False
636019927,NORD VALKYRIE,LBR,jamnagar_vadinar_may2026,2026-05-13 02:00:00+00:00,2026-05-13 10:00:00+00:00,8.0,9,1.0,22.62,69.92,0.0,ordinary,open_water,Vadinar terminal / Nayara refinery (EU+UK sanctioned),28.79,False,False,2,,False
419000912,VAILANKANNI,IND,jamnagar_vadinar_may2026,2026-05-12 17:00:00+00:00,2026-05-13 00:00:00+00:00,7.0,8,1.0,22.6725,69.95,2.2,ordinary,open_water,Vadinar terminal / Nayara refinery (EU+UK sanctioned),33.67,False,False,2,,False
419001454,M.T. KB-21,IND,jamnagar_vadinar_may2026,2026-05-16 15:00:00+00:00,2026-05-16 22:00:00+00:00,7.0,8,1.0,22.58625,70.04875,4.947,ordinary,open_water,Jamnagar (Sikka) marine terminal,37.98,False,False,2,,False
419001455,M.T. RADHA,IND,jamnagar_vadinar_may2026,2026-05-20 23:00:00+00:00,2026-05-21 06:00:00+00:00,7.0,8,1.0,22.56875,70.05,4.773,ordinary,open_water,Jamnagar (Sikka) marine terminal,37.25,False,False,2,,False
419001726,MAHA TANAYA,IND,jamnagar_vadinar_may2026,2026-05-23 14:00:00+00:00,2026-05-23 21:00:00+00:00,7.0,8,1.0,22.7,69.9,0.0,ordinary,open_water,Vadinar terminal / Nayara refinery (EU+UK sanctioned),30.6,False,False,2,,False
419002032,SEA  PRESTIGE,IND,jamnagar_vadinar_may2026,2026-05-05 18:00:00+00:00,2026-05-06 01:00:00+00:00,7.0,8,1.0,22.67375,69.865,4.02,ordinary,open_water,Vadinar terminal / Nayara refinery (EU+UK sanctioned),26.01,False,False,2,,False
419003400,ROSE,IND,jamnagar_vadinar_may2026,2026-05-07 19:00:00+00:00,2026-05-08 02:00:00+00:00,7.0,5,0.625,22.558,70.036,4.328,ordinary,open_water,Jamnagar (Sikka) marine terminal,35.45,False,False,2,,False
419011700,ANANT,IND,jamnagar_vadinar_may2026,2026-05-15 12:00:00+00:00,2026-05-15 19:00:00+00:00,7.0,6,0.75,22.62,70.06,0.0,ordinary,open_water,Jamnagar (Sikka) marine terminal,40.82,False,False,2,,False
419018700,GULMOHAR 3,IND,jamnagar_vadinar_may2026,2026-05-21 01:00:00+00:00,2026-05-21 08:00:00+00:00,7.0,8,1.0,22.63625,70.02625,1.658,ordinary,open_water,Jamnagar (Sikka) marine terminal,38.93,False,False,2,,False
419030000,M V NEERJA,IND,jamnagar_vadinar_may2026,2026-05-07 02:00:00+00:00,2026-05-07 09:00:00+00:00,7.0,8,1.0,22.59625,70.07,0.695,ordinary,open_water,Jamnagar (Sikka) marine terminal,40.43,False,False,2,,False
419826328,MT GAUTAM  PAWAN,IND,jamnagar_vadinar_may2026,2026-05-06 20:00:00+00:00,2026-05-07 03:00:00+00:00,7.0,8,1.0,22.61625,70.05875,4.217,ordinary,open_water,Jamnagar (Sikka) marine terminal,40.49,False,False,2,,False
419826328,MT GAUTAM  PAWAN,IND,jamnagar_vadinar_may2026,2026-05-09 23:00:00+00:00,2026-05-10 06:00:00+00:00,7.0,8,1.0,22.57,70.0375,2.568,ordinary,open_water,Jamnagar (Sikka) marine terminal,36.14,False,False,2,,False
419826328,MT GAUTAM  PAWAN,IND,jamnagar_vadinar_may2026,2026-05-17 18:00:00+00:00,2026-05-18 01:00:00+00:00,7.0,6,0.75,22.58667,70.05333,2.304,ordinary,open_water,Jamnagar (Sikka) marine terminal,38.42,False,False,2,,False
419900765,MV JIT SAGAR,IND,jamnagar_vadinar_may2026,2026-05-20 05:00:00+00:00,2026-05-20 12:00:00+00:00,7.0,8,1.0,22.57,70.04,2.45,ordinary,open_water,Jamnagar (Sikka) marine terminal,36.37,False,False,2,,False
419900765,MV JIT SAGAR,IND,jamnagar_vadinar_may2026,2026-05-21 15:00:00+00:00,2026-05-21 22:00:00+00:00,7.0,7,0.875,22.65143,70.04286,2.493,ordinary,open_water,Jamnagar (Sikka) marine terminal,41.3,False,False,2,,False
419956398,M V RAMESHWAR,IND,jamnagar_vadinar_may2026,2026-05-07 02:00:00+00:00,2026-05-07 09:00:00+00:00,7.0,8,1.0,22.65125,70.04375,4.88,ordinary,open_water,Jamnagar (Sikka) marine terminal,41.36,False,False,2,,False
419956398,M V RAMESHWAR,IND,jamnagar_vadinar_may2026,2026-05-12 10:00:00+00:00,2026-05-12 17:00:00+00:00,7.0,8,1.0,22.65625,70.04125,3.054,ordinary,open_water,Jamnagar (Sikka) marine terminal,41.49,False,False,2,,False
419956398,M V RAMESHWAR,IND,jamnagar_vadinar_may2026,2026-05-16 12:00:00+00:00,2026-05-16 19:00:00+00:00,7.0,8,1.0,22.65625,70.04125,3.054,ordinary,open_water,Jamnagar (Sikka) marine terminal,41.49,False,False,2,,False
419956398,M V RAMESHWAR,IND,jamnagar_vadinar_may2026,2026-05-17 10:00:00+00:00,2026-05-17 17:00:00+00:00,7.0,8,1.0,22.65375,70.04125,4.947,ordinary,open_water,Jamnagar (Sikka) marine terminal,41.32,False,False,2,,False
419956398,M V RAMESHWAR,IND,jamnagar_vadinar_may2026,2026-05-17 20:00:00+00:00,2026-05-18 03:00:00+00:00,7.0,8,1.0,22.52625,70.03125,4.947,ordinary,open_water,Jamnagar (Sikka) marine terminal,33.72,False,False,2,,False
419956398,M V RAMESHWAR,IND,jamnagar_vadinar_may2026,2026-05-22 08:00:00+00:00,2026-05-22 15:00:00+00:00,7.0,8,1.0,22.56625,70.04125,2.79,ordinary,open_water,Jamnagar (Sikka) marine terminal,36.31,False,False,2,,False
419956411,MT KB IV,IND,jamnagar_vadinar_may2026,2026-05-21 12:00:00+00:00,2026-05-21 19:00:00+00:00,7.0,8,1.0,22.7,69.9525,1.282,ordinary,open_water,Vadinar terminal / Nayara refinery (EU+UK sanctioned),35.24,False,False,2,,False
419956414,MV BALDEV SAGAR,IND,jamnagar_vadinar_may2026,2026-05-11 18:00:00+00:00,2026-05-12 01:00:00+00:00,7.0,8,1.0,22.6375,70.05,1.946,ordinary,open_water,Jamnagar (Sikka) marine terminal,41.0,False,False,2,,False
419956582,GAUTAM  VARUN,IND,jamnagar_vadinar_may2026,2026-05-13 17:00:00+00:00,2026-05-14 00:00:00+00:00,7.0,8,1.0,22.69,70.04,0.0,ordinary,open_water,Vadinar terminal / Nayara refinery (EU+UK sanctioned),42.95,False,False,2,,False
419956689,MV SHRI LAXMI,IND,jamnagar_vadinar_may2026,2026-05-20 11:00:00+00:00,2026-05-20 18:00:00+00:00,7.0,7,0.875,22.65,70.02143,0.88,ordinary,open_water,Jamnagar (Sikka) marine terminal,39.46,False,False,2,,False
419956689,MV SHRI LAXMI,IND,jamnagar_vadinar_may2026,2026-05-25 05:00:00+00:00,2026-05-25 12:00:00+00:00,7.0,8,1.0,22.655,70.04375,1.787,ordinary,open_water,Jamnagar (Sikka) marine terminal,41.61,False,False,2,,False
419956772,M V PRIYA,IND,jamnagar_vadinar_may2026,2026-05-18 16:00:00+00:00,2026-05-18 23:00:00+00:00,7.0,8,1.0,22.57875,70.04625,3.606,ordinary,open_water,Jamnagar (Sikka) marine terminal,37.37,False,False,2,,False
419956772,M V PRIYA,IND,jamnagar_vadinar_may2026,2026-05-19 14:00:00+00:00,2026-05-19 21:00:00+00:00,7.0,8,1.0,22.63875,70.03625,4.951,ordinary,open_water,Jamnagar (Sikka) marine terminal,39.92,False,False,2,,False
419956772,M V PRIYA,IND,jamnagar_vadinar_may2026,2026-05-19 22:00:00+00:00,2026-05-20 05:00:00+00:00,7.0,8,1.0,22.645,70.02375,4.734,ordinary,open_water,Jamnagar (Sikka) marine terminal,39.3,False,False,2,,False
419956827,PRASIDDHI,IND,jamnagar_vadinar_may2026,2026-05-22 05:00:00+00:00,2026-05-22 12:00:00+00:00,7.0,3,0.375,22.59,70.07,0.0,ordinary,open_water,Jamnagar (Sikka) marine terminal,40.11,False,False,2,,False
419956956,GAUTAM SHLOK,IND,jamnagar_vadinar_may2026,2026-05-22 14:00:00+00:00,2026-05-22 21:00:00+00:00,7.0,8,1.0,22.68,69.89625,1.668,ordinary,open_water,Vadinar terminal / Nayara refinery (EU+UK sanctioned),29.12,False,False,2,,False
538011332,MAYFAIR,MHL,jamnagar_vadinar_may2026,2026-05-05 18:00:00+00:00,2026-05-06 01:00:00+00:00,7.0,8,1.0,22.62,69.9,0.0,ordinary,open_water,Vadinar terminal / Nayara refinery (EU+UK sanctioned),26.82,False,False,2,,False
563238800,JAL KALASH,SGP,jamnagar_vadinar_may2026,2026-05-20 11:00:00+00:00,2026-05-20 18:00:00+00:00,7.0,8,1.0,22.665,70.02875,4.883,ordinary,open_water,Vadinar terminal / Nayara refinery (EU+UK sanctioned),40.93,False,False,2,,False
576621000,COMPACT DRILLER,VUT,jamnagar_vadinar_may2026,2026-05-05 18:00:00+00:00,2026-05-06 01:00:00+00:00,7.0,8,1.0,22.67375,69.86625,3.906,ordinary,open_water,Vadinar terminal / Nayara refinery (EU+UK sanctioned),26.12,False,False,2,,False
636023423,METRO VENETIAN,LBR,jamnagar_vadinar_may2026,2026-05-24 02:00:00+00:00,2026-05-24 09:00:00+00:00,7.0,8,1.0,22.63875,69.89625,2.697,ordinary,open_water,Vadinar terminal / Nayara refinery (EU+UK sanctioned),27.14,False,False,2,,False
352005116,LING HONG,PAN,jamnagar_vadinar_may2026,2026-05-23 16:00:00+00:00,2026-05-23 22:00:00+00:00,6.0,7,1.0,22.67857,69.93714,4.93,ordinary,open_water,Vadinar terminal / Nayara refinery (EU+UK sanctioned),32.76,False,False,2,,False
419000510,CANARA PROGRESS,IND,jamnagar_vadinar_may2026,2026-05-12 10:00:00+00:00,2026-05-12 16:00:00+00:00,6.0,7,1.0,22.64857,70.04572,1.4,ordinary,open_water,Jamnagar (Sikka) marine terminal,41.35,False,False,2,,False
419000912,VAILANKANNI,IND,jamnagar_vadinar_may2026,2026-05-05 00:00:00+00:00,2026-05-05 06:00:00+00:00,6.0,7,1.0,22.65,69.97,0.0,ordinary,open_water,Vadinar terminal / Nayara refinery (EU+UK sanctioned),34.68,False,False,2,,False
419001454,M.T. KB-21,IND,jamnagar_vadinar_may2026,2026-05-17 23:00:00+00:00,2026-05-18 05:00:00+00:00,6.0,6,0.857,22.58833,70.04667,4.939,ordinary,open_water,Jamnagar (Sikka) marine terminal,37.89,False,False,2,,False
419001726,MAHA TANAYA,IND,jamnagar_vadinar_may2026,2026-05-17 23:00:00+00:00,2026-05-18 05:00:00+00:00,6.0,7,1.0,22.7,69.9,0.0,ordinary,open_water,Vadinar terminal / Nayara refinery (EU+UK sanctioned),30.6,False,False,2,,False
419001726,MAHA TANAYA,IND,jamnagar_vadinar_may2026,2026-05-19 11:00:00+00:00,2026-05-19 17:00:00+00:00,6.0,7,1.0,22.7,69.9,0.0,ordinary,open_water,Vadinar terminal / Nayara refinery (EU+UK sanctioned),30.6,False,False,2,,False
419001726,MAHA TANAYA,IND,jamnagar_vadinar_may2026,2026-05-25 05:00:00+00:00,2026-05-25 11:00:00+00:00,6.0,7,1.0,22.7,69.9,0.0,ordinary,open_water,Vadinar terminal / Nayara refinery (EU+UK sanctioned),30.6,False,False,2,,False
419001805,VRAJ SAGAR,IND,jamnagar_vadinar_may2026,2026-05-16 10:00:00+00:00,2026-05-16 16:00:00+00:00,6.0,7,1.0,22.6,70.06714,4.508,ordinary,open_water,Jamnagar (Sikka) marine terminal,40.36,False,False,2,,False
419001898,M.V.KALKI,IND,jamnagar_vadinar_may2026,2026-05-16 00:00:00+00:00,2026-05-16 06:00:00+00:00,6.0,7,1.0,22.62571,70.04,3.948,ordinary,open_water,Jamnagar (Sikka) marine terminal,39.42,False,False,2,,False
419002021,BAYWAY1,IND,jamnagar_vadinar_may2026,2026-05-25 05:00:00+00:00,2026-05-25 11:00:00+00:00,6.0,7,1.0,22.7,69.9,0.0,ordinary,open_water,Vadinar terminal / Nayara refinery (EU+UK sanctioned),30.6,False,False,2,,False
419003400,ROSE,IND,jamnagar_vadinar_may2026,2026-05-06 20:00:00+00:00,2026-05-07 02:00:00+00:00,6.0,7,1.0,22.55,70.03,0.0,ordinary,open_water,Jamnagar (Sikka) marine terminal,34.53,False,False,2,,False
419003400,ROSE,IND,jamnagar_vadinar_may2026,2026-05-15 11:00:00+00:00,2026-05-15 17:00:00+00:00,6.0,7,1.0,22.65571,70.04143,2.992,ordinary,open_water,Jamnagar (Sikka) marine terminal,41.47,False,False,2,,False
419003400,ROSE,IND,jamnagar_vadinar_may2026,2026-05-17 05:00:00+00:00,2026-05-17 11:00:00+00:00,6.0,5,0.714,22.562,70.036,2.464,ordinary,open_water,Jamnagar (Sikka) marine terminal,35.63,False,False,2,,False
419018700,GULMOHAR 3,IND,jamnagar_vadinar_may2026,2026-05-24 17:00:00+00:00,2026-05-24 23:00:00+00:00,6.0,6,0.857,22.64833,70.04167,3.265,ordinary,open_water,Jamnagar (Sikka) marine terminal,41.0,False,False,2,,False
419055150,M.T. BLUE BELL,IND,jamnagar_vadinar_may2026,2026-05-24 08:00:00+00:00,2026-05-24 14:00:00+00:00,6.0,7,1.0,22.64857,69.93571,4.207,ordinary,open_water,Vadinar terminal / Nayara refinery (EU+UK sanctioned),31.31,False,False,2,,False
419056200,M.T.IRIS,IND,jamnagar_vadinar_may2026,2026-05-18 05:00:00+00:00,2026-05-18 11:00:00+00:00,6.0,6,0.857,22.625,69.92167,4.817,ordinary,open_water,Vadinar terminal / Nayara refinery (EU+UK sanctioned),29.11,False,False,2,,False
419826328,MT GAUTAM  PAWAN,IND,jamnagar_vadinar_may2026,2026-05-15 18:00:00+00:00,2026-05-16 00:00:00+00:00,6.0,7,1.0,22.63,70.04714,4.639,ordinary,open_water,Jamnagar (Sikka) marine terminal,40.29,False,False,2,,False
419900765,MV JIT SAGAR,IND,jamnagar_vadinar_may2026,2026-05-16 00:00:00+00:00,2026-05-16 06:00:00+00:00,6.0,7,1.0,22.58429,70.05,2.027,ordinary,open_water,Jamnagar (Sikka) marine terminal,37.99,False,False,2,,False
419900765,MV JIT SAGAR,IND,jamnagar_vadinar_may2026,2026-05-22 05:00:00+00:00,2026-05-22 11:00:00+00:00,6.0,7,1.0,22.65286,70.04,3.795,ordinary,open_water,Jamnagar (Sikka) marine terminal,41.16,False,False,2,,False
419956398,M V RAMESHWAR,IND,jamnagar_vadinar_may2026,2026-05-09 15:00:00+00:00,2026-05-09 21:00:00+00:00,6.0,7,1.0,22.65286,70.04572,2.934,ordinary,open_water,Jamnagar (Sikka) marine terminal,41.63,False,False,2,,False
419956398,M V RAMESHWAR,IND,jamnagar_vadinar_may2026,2026-05-09 22:00:00+00:00,2026-05-10 04:00:00+00:00,6.0,7,1.0,22.55571,70.03571,4.085,ordinary,open_water,Jamnagar (Sikka) marine terminal,35.32,False,False,2,,False
419956398,M V RAMESHWAR,IND,jamnagar_vadinar_may2026,2026-05-18 13:00:00+00:00,2026-05-18 19:00:00+00:00,6.0,7,1.0,22.64857,70.02143,1.297,ordinary,open_water,Jamnagar (Sikka) marine terminal,39.36,False,False,2,,False
419956398,M V RAMESHWAR,IND,jamnagar_vadinar_may2026,2026-05-22 16:00:00+00:00,2026-05-22 22:00:00+00:00,6.0,7,1.0,22.65571,70.03857,2.105,ordinary,open_water,Jamnagar (Sikka) marine terminal,41.23,False,False,2,,False
419956414,MV BALDEV SAGAR,IND,jamnagar_vadinar_may2026,2026-05-15 11:00:00+00:00,2026-05-15 17:00:00+00:00,6.0,7,1.0,22.57571,70.04715,3.358,ordinary,open_water,Jamnagar (Sikka) marine terminal,37.31,False,False,2,,False
419956414,MV BALDEV SAGAR,IND,jamnagar_vadinar_may2026,2026-05-21 05:00:00+00:00,2026-05-21 11:00:00+00:00,6.0,7,1.0,22.66,70.03857,0.88,ordinary,open_water,Jamnagar (Sikka) marine terminal,41.53,False,False,2,,False
419956653,M.L.AZHARI II,IND,jamnagar_vadinar_may2026,2026-05-07 02:00:00+00:00,2026-05-07 08:00:00+00:00,6.0,6,0.857,22.57667,70.05167,2.896,ordinary,open_water,Jamnagar (Sikka) marine terminal,37.77,False,False,2,,False
419956689,MV SHRI LAXMI,IND,jamnagar_vadinar_may2026,2026-05-16 05:00:00+00:00,2026-05-16 11:00:00+00:00,6.0,7,1.0,22.65571,70.04,1.747,ordinary,open_water,Jamnagar (Sikka) marine terminal,41.35,False,False,2,,False
419956689,MV SHRI LAXMI,IND,jamnagar_vadinar_may2026,2026-05-16 12:00:00+00:00,2026-05-16 18:00:00+00:00,6.0,7,1.0,22.57714,70.04572,4.902,ordinary,open_water,Jamnagar (Sikka) marine terminal,37.25,False,False,2,,False
419956689,MV SHRI LAXMI,IND,jamnagar_vadinar_may2026,2026-05-20 04:00:00+00:00,2026-05-20 10:00:00+00:00,6.0,7,1.0,22.56143,70.03429,4.582,ordinary,open_water,Jamnagar (Sikka) marine terminal,35.44,False,False,2,,False
419956772,M V PRIYA,IND,jamnagar_vadinar_may2026,2026-05-20 06:00:00+00:00,2026-05-20 12:00:00+00:00,6.0,7,1.0,22.57857,70.04286,3.571,ordinary,open_water,Jamnagar (Sikka) marine terminal,37.05,False,False,2,,False
419956772,M V PRIYA,IND,jamnagar_vadinar_may2026,2026-05-20 13:00:00+00:00,2026-05-20 19:00:00+00:00,6.0,7,1.0,22.64429,70.02428,4.637,ordinary,open_water,Jamnagar (Sikka) marine terminal,39.3,False,False,2,,False
419991639,MT. SHIVANI II,IND,jamnagar_vadinar_may2026,2026-05-21 07:00:00+00:00,2026-05-21 13:00:00+00:00,6.0,7,1.0,22.56429,70.04143,1.975,ordinary,open_water,Jamnagar (Sikka) marine terminal,36.24,False,False,2,,False
563154900,GREAT MANTA,SGP,jamnagar_vadinar_may2026,2026-05-05 00:00:00+00:00,2026-05-05 06:00:00+00:00,6.0,7,1.0,22.63,69.91714,1.759,ordinary,open_water,Vadinar terminal / Nayara refinery (EU+UK sanctioned),28.83,False,False,2,,False
636013375,ATHINA,LBR,jamnagar_vadinar_may2026,2026-05-23 16:00:00+00:00,2026-05-23 22:00:00+00:00,6.0,7,1.0,22.63286,69.91571,2.756,ordinary,open_water,Vadinar terminal / Nayara refinery (EU+UK sanctioned),28.79,False,False,2,,False
636020754,HILI,LBR,jamnagar_vadinar_may2026,2026-05-23 13:00:00+00:00,2026-05-23 19:00:00+00:00,6.0,7,1.0,22.65143,69.88714,4.931,ordinary,open_water,Vadinar terminal / Nayara refinery (EU+UK sanctioned),26.83,False,False,2,,False
