mmsi,ship_name,flag,window,episode_start,episode_end,duration_h,n_bins,continuity,centroid_lat,centroid_lon,radius_km,dwell_tier,location_class,nearest_facility,nearest_facility_km,resident_fixture,domestic_flag,dwell_score,trigger_category,escalate
636023585,NAV LAXMI,LBR,jamnagar_vadinar_sep_oct2025,2025-09-01 00:00:00+00:00,2025-10-04 12:00:00+00:00,804.0,805,1.0,22.65996,69.72885,1.114,prolonged,flagged_facility,Vadinar terminal / Nayara refinery (EU+UK sanctioned),14.66,False,False,6,prolonged_dwell_at_flagged_facility,True
1651,,,jamnagar_vadinar_sep_oct2025,2025-09-01 00:00:00+00:00,2025-09-25 15:00:00+00:00,591.0,558,0.943,22.56211,69.76084,1.417,prolonged,flagged_facility,Vadinar terminal / Nayara refinery (EU+UK sanctioned),11.46,False,False,6,prolonged_dwell_at_flagged_facility,True
668116306,MAVERICK,STP,jamnagar_vadinar_sep_oct2025,2025-09-18 22:00:00+00:00,2025-10-11 23:00:00+00:00,553.0,554,1.0,22.51016,69.61475,1.22,prolonged,flagged_facility,Vadinar terminal / Nayara refinery (EU+UK sanctioned),5.72,False,False,6,prolonged_dwell_at_flagged_facility,True
341075002,SWISSCO PEARL,KNA,jamnagar_vadinar_sep_oct2025,2025-09-20 18:00:00+00:00,2025-10-11 23:00:00+00:00,509.0,510,1.0,22.48,69.69,0.0,prolonged,flagged_facility,Jamnagar (Sikka) marine terminal,6.36,False,False,6,prolonged_dwell_at_flagged_facility,True
305776000,BBC OPAL,ATG,jamnagar_vadinar_sep_oct2025,2025-09-12 07:00:00+00:00,2025-09-25 11:00:00+00:00,316.0,317,1.0,22.66,69.74492,1.531,prolonged,flagged_facility,Vadinar terminal / Nayara refinery (EU+UK sanctioned),15.64,False,False,6,prolonged_dwell_at_flagged_facility,True
538002459,YASA NESLIHAN,MHL,jamnagar_vadinar_sep_oct2025,2025-09-26 18:00:00+00:00,2025-10-09 15:00:00+00:00,309.0,310,1.0,22.65013,69.70387,2.297,prolonged,flagged_facility,Vadinar terminal / Nayara refinery (EU+UK sanctioned),12.43,False,False,6,prolonged_dwell_at_flagged_facility,True
538007314,NAGUAL,MHL,jamnagar_vadinar_sep_oct2025,2025-09-10 07:00:00+00:00,2025-09-22 20:00:00+00:00,301.0,302,1.0,22.66815,69.755,1.041,prolonged,flagged_facility,Vadinar terminal / Nayara refinery (EU+UK sanctioned),16.99,False,False,6,prolonged_dwell_at_flagged_facility,True
538005303,SEA PLUTO,MHL,jamnagar_vadinar_sep_oct2025,2025-09-13 11:00:00+00:00,2025-09-25 15:00:00+00:00,292.0,293,1.0,22.65795,69.70508,1.027,prolonged,flagged_facility,Vadinar terminal / Nayara refinery (EU+UK sanctioned),13.27,False,False,6,prolonged_dwell_at_flagged_facility,True
563270800,THERESA DUA,SGP,jamnagar_vadinar_sep_oct2025,2025-09-25 04:00:00+00:00,2025-10-06 23:00:00+00:00,283.0,284,1.0,22.64697,69.73,3.673,prolonged,flagged_facility,Vadinar terminal / Nayara refinery (EU+UK sanctioned),13.55,False,False,6,prolonged_dwell_at_flagged_facility,True
621819112,CHONGCHON,DJI,jamnagar_vadinar_sep_oct2025,2025-09-08 18:00:00+00:00,2025-09-20 11:00:00+00:00,281.0,282,1.0,22.55007,69.64,2.216,prolonged,flagged_facility,Vadinar terminal / Nayara refinery (EU+UK sanctioned),1.03,False,False,6,prolonged_dwell_at_flagged_facility,True
564232000,KWK PROVIDENCE,SGP,jamnagar_vadinar_sep_oct2025,2025-09-01 10:00:00+00:00,2025-09-11 09:00:00+00:00,239.0,240,1.0,22.51575,69.54804,2.963,prolonged,flagged_facility,Vadinar terminal / Nayara refinery (EU+UK sanctioned),11.14,False,False,6,prolonged_dwell_at_flagged_facility,True
566207000,GREAT 61,SGP,jamnagar_vadinar_sep_oct2025,2025-09-30 12:00:00+00:00,2025-10-10 05:00:00+00:00,233.0,234,1.0,22.64,69.71876,0.899,prolonged,flagged_facility,Vadinar terminal / Nayara refinery (EU+UK sanctioned),12.25,False,False,6,prolonged_dwell_at_flagged_facility,True
610107082,RUNA,BEN,jamnagar_vadinar_sep_oct2025,2025-09-03 01:00:00+00:00,2025-09-12 00:00:00+00:00,215.0,216,1.0,22.55019,69.60866,3.514,prolonged,flagged_facility,Vadinar terminal / Nayara refinery (EU+UK sanctioned),4.25,False,False,6,prolonged_dwell_at_flagged_facility,True
636021630,MANTA SENA,LBR,jamnagar_vadinar_sep_oct2025,2025-09-22 23:00:00+00:00,2025-10-01 17:00:00+00:00,210.0,211,1.0,22.67009,69.74981,4.646,prolonged,flagged_facility,Vadinar terminal / Nayara refinery (EU+UK sanctioned),16.83,False,False,6,prolonged_dwell_at_flagged_facility,True
374960000,NESREENA,PAN,jamnagar_vadinar_sep_oct2025,2025-10-03 06:00:00+00:00,2025-10-11 23:00:00+00:00,209.0,210,1.0,22.67981,69.726,4.721,prolonged,flagged_facility,Vadinar terminal / Nayara refinery (EU+UK sanctioned),16.41,False,False,6,prolonged_dwell_at_flagged_facility,True
548766000,EVA FUKUOKA,PHL,jamnagar_vadinar_sep_oct2025,2025-09-02 09:00:00+00:00,2025-09-10 22:00:00+00:00,205.0,206,1.0,22.66015,69.5599,3.32,prolonged,flagged_facility,Vadinar terminal / Nayara refinery (EU+UK sanctioned),15.35,False,False,6,prolonged_dwell_at_flagged_facility,True
241485000,PRUDENT WARRIOR,GRC,jamnagar_vadinar_sep_oct2025,2025-09-14 16:00:00+00:00,2025-09-22 05:00:00+00:00,181.0,182,1.0,22.64516,69.62956,3.996,prolonged,flagged_facility,Vadinar terminal / Nayara refinery (EU+UK sanctioned),10.79,False,False,6,prolonged_dwell_at_flagged_facility,True
373565000,V BRAVO,PAN,jamnagar_vadinar_sep_oct2025,2025-09-01 06:00:00+00:00,2025-09-08 12:00:00+00:00,174.0,175,1.0,22.69971,69.75834,1.378,prolonged,flagged_facility,Vadinar terminal / Nayara refinery (EU+UK sanctioned),20.02,False,False,6,prolonged_dwell_at_flagged_facility,True
419001947,COASTAL ANUGRAH,IND,jamnagar_vadinar_sep_oct2025,2025-09-09 02:00:00+00:00,2025-10-11 23:00:00+00:00,789.0,790,1.0,22.56961,69.75996,2.411,prolonged,flagged_facility,Vadinar terminal / Nayara refinery (EU+UK sanctioned),11.5,False,True,5,,False
419000607,OCEAN CITRINE,IND,jamnagar_vadinar_sep_oct2025,2025-09-11 17:00:00+00:00,2025-10-11 23:00:00+00:00,726.0,727,1.0,22.69959,69.62644,2.276,prolonged,flagged_facility,Vadinar terminal / Nayara refinery (EU+UK sanctioned),16.81,False,True,5,,False
419001130,VIHAAN,IND,jamnagar_vadinar_sep_oct2025,2025-09-01 00:00:00+00:00,2025-09-27 15:00:00+00:00,639.0,640,1.0,22.44017,69.67,3.317,prolonged,flagged_facility,Jamnagar (Sikka) marine terminal,5.26,False,True,5,,False
419957016,KB 47,IND,jamnagar_vadinar_sep_oct2025,2025-09-19 14:00:00+00:00,2025-10-11 23:00:00+00:00,537.0,521,0.968,22.68432,69.66217,2.023,prolonged,flagged_facility,Vadinar terminal / Nayara refinery (EU+UK sanctioned),14.99,False,True,5,,False
419956957,MV PAWANSUTH,IND,jamnagar_vadinar_sep_oct2025,2025-09-18 19:00:00+00:00,2025-10-10 08:00:00+00:00,517.0,518,1.0,22.48272,69.83716,4.855,prolonged,flagged_facility,Jamnagar (Sikka) marine terminal,13.39,False,True,5,,False
419093600,KAIVAN,IND,jamnagar_vadinar_sep_oct2025,2025-09-01 00:00:00+00:00,2025-09-21 01:00:00+00:00,481.0,449,0.932,22.4769,69.68871,4.794,prolonged,flagged_facility,Jamnagar (Sikka) marine terminal,6.13,False,True,5,,False
419292000,RELTUG SIX,IND,jamnagar_vadinar_sep_oct2025,2025-09-04 01:00:00+00:00,2025-09-22 07:00:00+00:00,438.0,434,0.989,22.48,69.83,0.0,prolonged,flagged_facility,Jamnagar (Sikka) marine terminal,12.6,False,True,5,,False
419991279,DARIYA JYOT,IND,jamnagar_vadinar_sep_oct2025,2025-09-01 00:00:00+00:00,2025-09-17 02:00:00+00:00,386.0,384,0.992,22.43013,69.67,3.321,prolonged,flagged_facility,Jamnagar (Sikka) marine terminal,5.14,False,True,5,,False
419001517,SHARAN,IND,jamnagar_vadinar_sep_oct2025,2025-09-05 06:00:00+00:00,2025-09-21 06:00:00+00:00,384.0,385,1.0,22.39013,69.60984,3.781,prolonged,flagged_facility,Jamnagar (Sikka) marine terminal,12.16,False,True,5,,False
419000893,OCEAN     CORAL,IND,jamnagar_vadinar_sep_oct2025,2025-09-26 08:00:00+00:00,2025-10-11 23:00:00+00:00,375.0,376,1.0,22.47965,69.68141,4.563,prolonged,flagged_facility,Jamnagar (Sikka) marine terminal,6.8,False,True,5,,False
419001488,RELTUG NINETEEN,IND,jamnagar_vadinar_sep_oct2025,2025-09-09 14:00:00+00:00,2025-09-25 05:00:00+00:00,375.0,376,1.0,22.50234,69.83316,4.849,prolonged,flagged_facility,Jamnagar (Sikka) marine terminal,14.14,False,True,5,,False
419957016,KB 47,IND,jamnagar_vadinar_sep_oct2025,2025-09-03 16:00:00+00:00,2025-09-19 04:00:00+00:00,372.0,365,0.979,22.68422,69.6623,2.525,prolonged,flagged_facility,Vadinar terminal / Nayara refinery (EU+UK sanctioned),14.98,False,True,5,,False
419001517,SHARAN,IND,jamnagar_vadinar_sep_oct2025,2025-09-22 00:00:00+00:00,2025-10-06 15:00:00+00:00,351.0,352,1.0,22.39009,69.60989,3.787,prolonged,flagged_facility,Jamnagar (Sikka) marine terminal,12.16,False,True,5,,False
419067700,MV PERSISTENCE,IND,jamnagar_vadinar_sep_oct2025,2025-09-01 00:00:00+00:00,2025-09-15 03:00:00+00:00,339.0,340,1.0,22.39024,69.60971,3.762,prolonged,flagged_facility,Jamnagar (Sikka) marine terminal,12.17,False,True,5,,False
419000392,TRITON ENERGY,IND,jamnagar_vadinar_sep_oct2025,2025-09-29 05:00:00+00:00,2025-10-11 23:00:00+00:00,306.0,307,1.0,22.43316,69.81596,2.489,prolonged,flagged_facility,Jamnagar (Sikka) marine terminal,9.87,False,True,5,,False
419093700,OCEAN TANZANITE,IND,jamnagar_vadinar_sep_oct2025,2025-09-01 09:00:00+00:00,2025-09-14 00:00:00+00:00,303.0,300,0.987,22.48,69.69,0.0,prolonged,flagged_facility,Jamnagar (Sikka) marine terminal,6.36,False,True,5,,False
419956803,KANAIYA,IND,jamnagar_vadinar_sep_oct2025,2025-09-04 09:00:00+00:00,2025-09-16 15:00:00+00:00,294.0,290,0.983,22.48176,69.8382,3.655,prolonged,flagged_facility,Jamnagar (Sikka) marine terminal,13.44,False,True,5,,False
419957006,RAJAVEER  -5,IND,jamnagar_vadinar_sep_oct2025,2025-09-01 00:00:00+00:00,2025-09-13 03:00:00+00:00,291.0,282,0.966,22.45706,69.79678,4.048,prolonged,flagged_facility,Jamnagar (Sikka) marine terminal,8.45,False,True,5,,False
419067700,MV PERSISTENCE,IND,jamnagar_vadinar_sep_oct2025,2025-09-27 21:00:00+00:00,2025-10-09 07:00:00+00:00,274.0,275,1.0,22.39,69.61,0.0,prolonged,flagged_facility,Jamnagar (Sikka) marine terminal,12.15,False,True,5,,False
419001358,PRABHAT SHOBHA,IND,jamnagar_vadinar_sep_oct2025,2025-09-01 00:00:00+00:00,2025-09-12 07:00:00+00:00,271.0,272,1.0,22.45,69.79,0.0,prolonged,flagged_facility,Jamnagar (Sikka) marine terminal,7.53,False,True,5,,False
419001613,M.T. OCEAN BIRD,IND,jamnagar_vadinar_sep_oct2025,2025-10-01 02:00:00+00:00,2025-10-11 23:00:00+00:00,261.0,256,0.977,22.56434,69.75793,3.644,prolonged,flagged_facility,Vadinar terminal / Nayara refinery (EU+UK sanctioned),11.2,False,True,5,,False
419957006,RAJAVEER  -5,IND,jamnagar_vadinar_sep_oct2025,2025-09-27 18:00:00+00:00,2025-10-08 11:00:00+00:00,257.0,258,1.0,22.45934,69.79938,1.417,prolonged,flagged_facility,Jamnagar (Sikka) marine terminal,8.79,False,True,5,,False
419000607,OCEAN CITRINE,IND,jamnagar_vadinar_sep_oct2025,2025-09-01 00:00:00+00:00,2025-09-11 08:00:00+00:00,248.0,249,1.0,22.7,69.62859,0.881,prolonged,flagged_facility,Vadinar terminal / Nayara refinery (EU+UK sanctioned),16.82,False,True,5,,False
419024600,ESSAR TUG XI,IND,jamnagar_vadinar_sep_oct2025,2025-09-26 20:00:00+00:00,2025-10-06 14:00:00+00:00,234.0,192,0.817,22.3901,69.6099,3.013,prolonged,flagged_facility,Jamnagar (Sikka) marine terminal,12.16,False,True,5,,False
419957006,RAJAVEER  -5,IND,jamnagar_vadinar_sep_oct2025,2025-09-18 02:00:00+00:00,2025-09-27 10:00:00+00:00,224.0,225,1.0,22.458,69.79787,1.56,prolonged,flagged_facility,Jamnagar (Sikka) marine terminal,8.59,False,True,5,,False
419077800,REL DARSHAN,IND,jamnagar_vadinar_sep_oct2025,2025-09-19 00:00:00+00:00,2025-09-28 01:00:00+00:00,217.0,218,1.0,22.56266,69.85055,3.637,prolonged,flagged_facility,Jamnagar (Sikka) marine terminal,19.94,False,True,5,,False
419024600,ESSAR TUG XI,IND,jamnagar_vadinar_sep_oct2025,2025-09-14 09:00:00+00:00,2025-09-23 06:00:00+00:00,213.0,186,0.869,22.39016,69.60984,3.005,prolonged,flagged_facility,Jamnagar (Sikka) marine terminal,12.16,False,True,5,,False
419704000,COASTAL SATTHWA,IND,jamnagar_vadinar_sep_oct2025,2025-09-29 07:00:00+00:00,2025-10-08 01:00:00+00:00,210.0,211,1.0,22.44019,69.67,4.427,prolonged,flagged_facility,Jamnagar (Sikka) marine terminal,5.26,False,True,5,,False
419066400,M V CHETAK,IND,jamnagar_vadinar_sep_oct2025,2025-09-01 00:00:00+00:00,2025-09-09 13:00:00+00:00,205.0,206,1.0,22.5,69.83995,3.796,prolonged,flagged_facility,Jamnagar (Sikka) marine terminal,14.58,False,True,5,,False
419001182,JAG POOJA,IND,jamnagar_vadinar_sep_oct2025,2025-10-03 17:00:00+00:00,2025-10-11 23:00:00+00:00,198.0,199,1.0,22.69005,69.75995,1.505,prolonged,flagged_facility,Vadinar terminal / Nayara refinery (EU+UK sanctioned),19.23,False,True,5,,False
419001055,SAVYA,IND,jamnagar_vadinar_sep_oct2025,2025-09-30 06:00:00+00:00,2025-10-08 11:00:00+00:00,197.0,183,0.924,22.44574,69.79803,4.237,prolonged,flagged_facility,Jamnagar (Sikka) marine terminal,8.21,False,True,5,,False
419001182,JAG POOJA,IND,jamnagar_vadinar_sep_oct2025,2025-09-17 07:00:00+00:00,2025-09-25 04:00:00+00:00,189.0,190,1.0,22.66753,69.71,0.837,prolonged,flagged_facility,Vadinar terminal / Nayara refinery (EU+UK sanctioned),14.45,False,True,5,,False
419082300,DOLPHIN NO.11,IND,jamnagar_vadinar_sep_oct2025,2025-09-12 13:00:00+00:00,2025-09-20 03:00:00+00:00,182.0,183,1.0,22.68831,69.66754,2.312,prolonged,flagged_facility,Vadinar terminal / Nayara refinery (EU+UK sanctioned),15.48,False,True,5,,False
419957028,KB 48,IND,jamnagar_vadinar_sep_oct2025,2025-09-02 19:00:00+00:00,2025-09-10 06:00:00+00:00,179.0,136,0.756,22.68309,69.66125,3.048,prolonged,flagged_facility,Vadinar terminal / Nayara refinery (EU+UK sanctioned),14.84,False,True,5,,False
419902339,MT MAHADEV,IND,jamnagar_vadinar_sep_oct2025,2025-09-09 18:00:00+00:00,2025-09-17 01:00:00+00:00,175.0,176,1.0,22.43028,69.67,3.304,prolonged,flagged_facility,Jamnagar (Sikka) marine terminal,5.14,False,True,5,,False
419001286,TUG KB XI,IND,jamnagar_vadinar_sep_oct2025,2025-10-04 17:00:00+00:00,2025-10-11 23:00:00+00:00,174.0,175,1.0,22.43,69.82,0.0,prolonged,flagged_facility,Jamnagar (Sikka) marine terminal,10.28,False,True,5,,False
419001488,RELTUG NINETEEN,IND,jamnagar_vadinar_sep_oct2025,2025-09-25 08:00:00+00:00,2025-10-02 09:00:00+00:00,169.0,170,1.0,22.50059,69.83847,4.502,prolonged,flagged_facility,Jamnagar (Sikka) marine terminal,14.48,False,True,5,,False
419033600,RELTUG ELEVEN,IND,jamnagar_vadinar_sep_oct2025,2025-09-16 13:00:00+00:00,2025-09-23 14:00:00+00:00,169.0,170,1.0,22.49129,69.84829,3.574,prolonged,flagged_facility,Jamnagar (Sikka) marine terminal,14.84,False,True,5,,False
419077600,NIVARAK,IND,jamnagar_vadinar_sep_oct2025,2025-10-02 04:00:00+00:00,2025-10-09 05:00:00+00:00,169.0,117,0.688,22.39,69.61,0.0,prolonged,flagged_facility,Jamnagar (Sikka) marine terminal,12.15,False,True,5,,False
636093348,TERVEL,LBR,jamnagar_vadinar_sep_oct2025,2025-09-06 02:00:00+00:00,2025-09-12 19:00:00+00:00,161.0,162,1.0,22.64247,69.71481,1.583,extended,flagged_facility,Vadinar terminal / Nayara refinery (EU+UK sanctioned),12.25,False,False,5,,False
372480000,DAIWAN GLORY,PAN,jamnagar_vadinar_sep_oct2025,2025-09-20 05:00:00+00:00,2025-09-26 16:00:00+00:00,155.0,156,1.0,22.68006,69.75442,1.847,extended,flagged_facility,Vadinar terminal / Nayara refinery (EU+UK sanctioned),18.0,False,False,5,,False
352898749,LUCKY HONG,PAN,jamnagar_vadinar_sep_oct2025,2025-09-25 22:00:00+00:00,2025-10-02 06:00:00+00:00,152.0,153,1.0,22.68007,69.73275,1.712,extended,flagged_facility,Vadinar terminal / Nayara refinery (EU+UK sanctioned),16.77,False,False,5,,False
1651,,,jamnagar_vadinar_sep_oct2025,2025-10-03 13:00:00+00:00,2025-10-09 17:00:00+00:00,148.0,140,0.94,22.56293,69.75971,1.316,extended,flagged_facility,Vadinar terminal / Nayara refinery (EU+UK sanctioned),11.36,False,False,5,,False
219025000,ARCTIC GAS,DNK,jamnagar_vadinar_sep_oct2025,2025-09-23 21:00:00+00:00,2025-09-30 01:00:00+00:00,148.0,149,1.0,22.66007,69.76007,1.514,extended,flagged_facility,Vadinar terminal / Nayara refinery (EU+UK sanctioned),16.66,False,False,5,,False
636022406,URSUS MARITIMUS,LBR,jamnagar_vadinar_sep_oct2025,2025-09-17 01:00:00+00:00,2025-09-23 03:00:00+00:00,146.0,147,1.0,22.63966,69.60565,3.668,extended,flagged_facility,Vadinar terminal / Nayara refinery (EU+UK sanctioned),10.96,False,False,5,,False
305472000,BBC EDGE,ATG,jamnagar_vadinar_sep_oct2025,2025-09-15 12:00:00+00:00,2025-09-21 12:00:00+00:00,144.0,145,1.0,22.67193,69.77,0.897,extended,flagged_facility,Vadinar terminal / Nayara refinery (EU+UK sanctioned),18.32,False,False,5,,False
311001329,TRINIDAD PEARL,BHS,jamnagar_vadinar_sep_oct2025,2025-10-06 03:00:00+00:00,2025-10-11 23:00:00+00:00,140.0,141,1.0,22.67,69.72,0.0,extended,flagged_facility,Vadinar terminal / Nayara refinery (EU+UK sanctioned),15.16,False,False,5,,False
440270000,YOUNG GLORY,KOR,jamnagar_vadinar_sep_oct2025,2025-09-30 10:00:00+00:00,2025-10-06 01:00:00+00:00,135.0,136,1.0,22.66022,69.75375,4.111,extended,flagged_facility,Vadinar terminal / Nayara refinery (EU+UK sanctioned),16.24,False,False,5,,False
610000053,PEACE,BEN,jamnagar_vadinar_sep_oct2025,2025-09-27 17:00:00+00:00,2025-10-03 06:00:00+00:00,133.0,134,1.0,22.55567,69.64493,4.001,extended,flagged_facility,Vadinar terminal / Nayara refinery (EU+UK sanctioned),0.82,False,False,5,,False
538008482,MARILITA,MHL,jamnagar_vadinar_sep_oct2025,2025-10-05 05:00:00+00:00,2025-10-10 17:00:00+00:00,132.0,133,1.0,22.66038,69.72985,3.761,extended,flagged_facility,Vadinar terminal / Nayara refinery (EU+UK sanctioned),14.76,False,False,5,,False
636016973,MSC OLIA,LBR,jamnagar_vadinar_sep_oct2025,2025-09-06 07:00:00+00:00,2025-09-11 19:00:00+00:00,132.0,133,1.0,22.67632,69.73519,1.611,extended,flagged_facility,Vadinar terminal / Nayara refinery (EU+UK sanctioned),16.55,False,False,5,,False
636022117,TRADER,LBR,jamnagar_vadinar_sep_oct2025,2025-09-19 23:00:00+00:00,2025-09-25 08:00:00+00:00,129.0,130,1.0,22.64,69.70584,0.6,extended,flagged_facility,Vadinar terminal / Nayara refinery (EU+UK sanctioned),11.53,False,False,5,,False
636022008,SUPREME VALOR,LBR,jamnagar_vadinar_sep_oct2025,2025-10-01 23:00:00+00:00,2025-10-07 04:00:00+00:00,125.0,126,1.0,22.65008,69.71698,1.146,extended,flagged_facility,Vadinar terminal / Nayara refinery (EU+UK sanctioned),13.08,False,False,5,,False
636023213,MSC LYSE V,LBR,jamnagar_vadinar_sep_oct2025,2025-09-08 14:00:00+00:00,2025-09-13 16:00:00+00:00,122.0,123,1.0,22.68593,69.73496,0.838,extended,flagged_facility,Vadinar terminal / Nayara refinery (EU+UK sanctioned),17.45,False,False,5,,False
305043000,LOVE,ATG,jamnagar_vadinar_sep_oct2025,2025-09-06 07:00:00+00:00,2025-09-11 07:00:00+00:00,120.0,121,1.0,22.66025,69.70504,3.647,extended,flagged_facility,Vadinar terminal / Nayara refinery (EU+UK sanctioned),13.5,False,False,5,,False
341075002,SWISSCO PEARL,KNA,jamnagar_vadinar_sep_oct2025,2025-09-04 02:00:00+00:00,2025-09-09 01:00:00+00:00,119.0,120,1.0,22.4915,69.69034,4.281,extended,flagged_facility,Jamnagar (Sikka) marine terminal,7.49,False,False,5,,False
538009321,NISSOS KEA,MHL,jamnagar_vadinar_sep_oct2025,2025-10-07 04:00:00+00:00,2025-10-11 23:00:00+00:00,115.0,116,1.0,22.57009,69.68992,1.501,extended,flagged_facility,Vadinar terminal / Nayara refinery (EU+UK sanctioned),4.67,False,False,5,,False
352004385,NEWTHINKER,PAN,jamnagar_vadinar_sep_oct2025,2025-09-17 19:00:00+00:00,2025-09-22 13:00:00+00:00,114.0,115,1.0,22.7,69.74548,0.562,extended,flagged_facility,Vadinar terminal / Nayara refinery (EU+UK sanctioned),19.35,False,False,5,,False
538008918,NISSOS KOUFONISSI,MHL,jamnagar_vadinar_sep_oct2025,2025-09-01 00:00:00+00:00,2025-09-05 12:00:00+00:00,108.0,109,1.0,22.64963,69.61073,4.716,extended,flagged_facility,Vadinar terminal / Nayara refinery (EU+UK sanctioned),11.79,False,False,5,,False
630001159,GARUDA,GNB,jamnagar_vadinar_sep_oct2025,2025-09-05 05:00:00+00:00,2025-09-09 16:00:00+00:00,107.0,108,1.0,22.45046,69.66991,4.513,extended,flagged_facility,Jamnagar (Sikka) marine terminal,5.63,False,False,5,,False
255805661,MSC ODESSA V,PRT,jamnagar_vadinar_sep_oct2025,2025-09-20 00:00:00+00:00,2025-09-24 09:00:00+00:00,105.0,106,1.0,22.68,69.73557,0.571,extended,flagged_facility,Vadinar terminal / Nayara refinery (EU+UK sanctioned),16.91,False,False,5,,False
461000285,SIRAJ,OMN,jamnagar_vadinar_sep_oct2025,2025-09-30 02:00:00+00:00,2025-10-04 11:00:00+00:00,105.0,106,1.0,22.55,69.65953,4.554,extended,flagged_facility,Vadinar terminal / Nayara refinery (EU+UK sanctioned),0.98,False,False,5,,False
273298570,FESCO YANINA,RUS,jamnagar_vadinar_sep_oct2025,2025-09-14 14:00:00+00:00,2025-09-18 22:00:00+00:00,104.0,105,1.0,22.65,69.70638,2.707,extended,flagged_facility,Vadinar terminal / Nayara refinery (EU+UK sanctioned),12.54,False,False,5,,False
477413200,ASIA SPIRIT,HKG,jamnagar_vadinar_sep_oct2025,2025-09-12 20:00:00+00:00,2025-09-17 04:00:00+00:00,104.0,105,1.0,22.66,69.71248,0.772,extended,flagged_facility,Vadinar terminal / Nayara refinery (EU+UK sanctioned),13.81,False,False,5,,False
538008003,XI HU,MHL,jamnagar_vadinar_sep_oct2025,2025-10-07 15:00:00+00:00,2025-10-11 23:00:00+00:00,104.0,105,1.0,22.65,69.73172,0.85,extended,flagged_facility,Vadinar terminal / Nayara refinery (EU+UK sanctioned),13.93,False,False,5,,False
563901000,ACCORD,SGP,jamnagar_vadinar_sep_oct2025,2025-09-13 01:00:00+00:00,2025-09-17 09:00:00+00:00,104.0,105,1.0,22.63038,69.70047,4.535,extended,flagged_facility,Vadinar terminal / Nayara refinery (EU+UK sanctioned),10.33,False,False,5,,False
636021090,ARACHTHOS I,LBR,jamnagar_vadinar_sep_oct2025,2025-09-28 23:00:00+00:00,2025-10-03 07:00:00+00:00,104.0,105,1.0,22.65029,69.61343,4.106,extended,flagged_facility,Vadinar terminal / Nayara refinery (EU+UK sanctioned),11.77,False,False,5,,False
538009353,SSI-INTERCEPTOR,MHL,jamnagar_vadinar_sep_oct2025,2025-09-12 01:00:00+00:00,2025-09-16 07:00:00+00:00,102.0,103,1.0,22.67,69.74194,0.827,extended,flagged_facility,Vadinar terminal / Nayara refinery (EU+UK sanctioned),16.34,False,False,5,,False
352002809,KIRA K,PAN,jamnagar_vadinar_sep_oct2025,2025-09-07 12:00:00+00:00,2025-09-11 17:00:00+00:00,101.0,102,1.0,22.53539,69.60186,4.275,extended,flagged_facility,Vadinar terminal / Nayara refinery (EU+UK sanctioned),5.2,False,False,5,,False
357002000,CLOVER,PAN,jamnagar_vadinar_sep_oct2025,2025-09-22 19:00:00+00:00,2025-09-27 00:00:00+00:00,101.0,102,1.0,22.6901,69.78539,1.232,extended,flagged_facility,Vadinar terminal / Nayara refinery (EU+UK sanctioned),20.88,False,False,5,,False
655881000,RIGEL,MWI,jamnagar_vadinar_sep_oct2025,2025-09-26 14:00:00+00:00,2025-09-30 19:00:00+00:00,101.0,102,1.0,22.55912,69.61,1.014,extended,flagged_facility,Vadinar terminal / Nayara refinery (EU+UK sanctioned),4.23,False,False,5,,False
371959000,TOYA,PAN,jamnagar_vadinar_sep_oct2025,2025-09-16 03:00:00+00:00,2025-09-20 04:00:00+00:00,97.0,98,1.0,22.57061,69.78551,3.635,extended,flagged_facility,Vadinar terminal / Nayara refinery (EU+UK sanctioned),14.1,False,False,5,,False
538004825,CARAVOS HARMONY,MHL,jamnagar_vadinar_sep_oct2025,2025-10-07 09:00:00+00:00,2025-10-11 10:00:00+00:00,97.0,98,1.0,22.67327,69.73969,3.137,extended,flagged_facility,Vadinar terminal / Nayara refinery (EU+UK sanctioned),16.51,False,False,5,,False
319054200,SUN VIL II,CYM,jamnagar_vadinar_sep_oct2025,2025-09-17 00:00:00+00:00,2025-09-20 23:00:00+00:00,95.0,96,1.0,22.65042,69.72563,4.684,extended,flagged_facility,Vadinar terminal / Nayara refinery (EU+UK sanctioned),13.6,False,False,5,,False
577396000,HATTI,VUT,jamnagar_vadinar_sep_oct2025,2025-09-24 10:00:00+00:00,2025-09-28 09:00:00+00:00,95.0,96,1.0,22.55937,69.66521,4.406,extended,flagged_facility,Vadinar terminal / Nayara refinery (EU+UK sanctioned),1.88,False,False,5,,False
370258000,KOUSHUN,PAN,jamnagar_vadinar_sep_oct2025,2025-10-05 00:00:00+00:00,2025-10-08 22:00:00+00:00,94.0,95,1.0,22.66,69.55568,1.609,extended,flagged_facility,Vadinar terminal / Nayara refinery (EU+UK sanctioned),15.6,False,False,5,,False
620999960,THRON,COM,jamnagar_vadinar_sep_oct2025,2025-10-01 07:00:00+00:00,2025-10-05 04:00:00+00:00,93.0,94,1.0,22.57021,69.66,3.36,extended,flagged_facility,Vadinar terminal / Nayara refinery (EU+UK sanctioned),2.47,False,False,5,,False
655891000,NIGHT GLORY,MWI,jamnagar_vadinar_sep_oct2025,2025-09-07 07:00:00+00:00,2025-09-11 03:00:00+00:00,92.0,93,1.0,22.53097,69.60538,3.297,extended,flagged_facility,Vadinar terminal / Nayara refinery (EU+UK sanctioned),5.05,False,False,5,,False
241456000,THOMAS ZAFIRAS,GRC,jamnagar_vadinar_sep_oct2025,2025-09-22 10:00:00+00:00,2025-09-26 04:00:00+00:00,90.0,91,1.0,22.5,69.84,0.0,extended,flagged_facility,Jamnagar (Sikka) marine terminal,14.58,False,False,5,,False
564232000,KWK PROVIDENCE,SGP,jamnagar_vadinar_sep_oct2025,2025-09-11 10:00:00+00:00,2025-09-15 02:00:00+00:00,88.0,89,1.0,22.39045,69.60944,3.726,extended,flagged_facility,Jamnagar (Sikka) marine terminal,12.19,False,False,5,,False
311018700,JASMIN JOY,BHS,jamnagar_vadinar_sep_oct2025,2025-09-26 11:00:00+00:00,2025-09-30 01:00:00+00:00,86.0,87,1.0,22.50011,69.83977,2.309,extended,flagged_facility,Jamnagar (Sikka) marine terminal,14.57,False,False,5,,False
626443000,URIEL,GAB,jamnagar_vadinar_sep_oct2025,2025-09-06 11:00:00+00:00,2025-09-10 01:00:00+00:00,86.0,87,1.0,22.51023,69.6077,2.557,extended,flagged_facility,Vadinar terminal / Nayara refinery (EU+UK sanctioned),6.2,False,False,5,,False
352005437,BALU 6,PAN,jamnagar_vadinar_sep_oct2025,2025-09-02 15:00:00+00:00,2025-09-06 03:00:00+00:00,84.0,85,1.0,22.57,69.78682,0.701,extended,flagged_facility,Vadinar terminal / Nayara refinery (EU+UK sanctioned),14.22,False,False,5,,False
212350000,HYUNDAI BUSAN,CYP,jamnagar_vadinar_sep_oct2025,2025-10-02 03:00:00+00:00,2025-10-05 14:00:00+00:00,83.0,84,1.0,22.67024,69.7425,3.187,extended,flagged_facility,Vadinar terminal / Nayara refinery (EU+UK sanctioned),16.4,False,False,5,,False
229397000,SEAUNITY,MLT,jamnagar_vadinar_sep_oct2025,2025-09-15 08:00:00+00:00,2025-09-18 17:00:00+00:00,81.0,82,1.0,22.65988,69.55098,2.153,extended,flagged_facility,Vadinar terminal / Nayara refinery (EU+UK sanctioned),15.89,False,False,5,,False
621819112,CHONGCHON,DJI,jamnagar_vadinar_sep_oct2025,2025-09-20 12:00:00+00:00,2025-09-23 21:00:00+00:00,81.0,82,1.0,22.45098,69.66951,4.78,extended,flagged_facility,Jamnagar (Sikka) marine terminal,5.69,False,False,5,,False
341075002,SWISSCO PEARL,KNA,jamnagar_vadinar_sep_oct2025,2025-09-12 05:00:00+00:00,2025-09-15 13:00:00+00:00,80.0,81,1.0,22.48827,69.6921,4.991,extended,flagged_facility,Jamnagar (Sikka) marine terminal,7.09,False,False,5,,False
405000414,ABDULLAH,BGD,jamnagar_vadinar_sep_oct2025,2025-10-05 08:00:00+00:00,2025-10-08 16:00:00+00:00,80.0,81,1.0,22.63593,69.70617,2.706,extended,flagged_facility,Vadinar terminal / Nayara refinery (EU+UK sanctioned),11.16,False,False,5,,False
248884000,MINERVA NOUNOU,MLT,jamnagar_vadinar_sep_oct2025,2025-09-01 05:00:00+00:00,2025-09-04 11:00:00+00:00,78.0,79,1.0,22.5,69.84,0.0,extended,flagged_facility,Jamnagar (Sikka) marine terminal,14.58,False,False,5,,False
630001159,GARUDA,GNB,jamnagar_vadinar_sep_oct2025,2025-09-01 22:00:00+00:00,2025-09-05 04:00:00+00:00,78.0,79,1.0,22.51063,69.61025,2.28,extended,flagged_facility,Vadinar terminal / Nayara refinery (EU+UK sanctioned),5.99,False,False,5,,False
566829000,HUPEH,SGP,jamnagar_vadinar_sep_oct2025,2025-10-06 07:00:00+00:00,2025-10-09 12:00:00+00:00,77.0,78,1.0,22.65295,69.5759,4.99,extended,flagged_facility,Vadinar terminal / Nayara refinery (EU+UK sanctioned),13.74,False,False,5,,False
667002210,OCEAN EMBRACE,SLE,jamnagar_vadinar_sep_oct2025,2025-09-26 12:00:00+00:00,2025-09-29 17:00:00+00:00,77.0,78,1.0,22.53,69.62,0.0,extended,flagged_facility,Vadinar terminal / Nayara refinery (EU+UK sanctioned),3.8,False,False,5,,False
667002337,ODUNE,SLE,jamnagar_vadinar_sep_oct2025,2025-09-08 17:00:00+00:00,2025-09-11 22:00:00+00:00,77.0,78,1.0,22.54949,69.69756,3.37,extended,flagged_facility,Vadinar terminal / Nayara refinery (EU+UK sanctioned),4.88,False,False,5,,False
352003587,QUEEN CORAL,PAN,jamnagar_vadinar_sep_oct2025,2025-09-20 19:00:00+00:00,2025-09-23 23:00:00+00:00,76.0,77,1.0,22.67987,69.72039,3.23,extended,flagged_facility,Vadinar terminal / Nayara refinery (EU+UK sanctioned),16.15,False,False,5,,False
477271100,KSL SAPPORO,HKG,jamnagar_vadinar_sep_oct2025,2025-09-01 00:00:00+00:00,2025-09-04 04:00:00+00:00,76.0,77,1.0,22.50701,69.5465,1.026,extended,flagged_facility,Vadinar terminal / Nayara refinery (EU+UK sanctioned),11.66,False,False,5,,False
241786000,SEA ONYX,GRC,jamnagar_vadinar_sep_oct2025,2025-09-06 10:00:00+00:00,2025-09-09 13:00:00+00:00,75.0,76,1.0,22.55132,69.71039,3.682,extended,flagged_facility,Vadinar terminal / Nayara refinery (EU+UK sanctioned),6.2,False,False,5,,False
477332000,MARITIME ROSEMARY,HKG,jamnagar_vadinar_sep_oct2025,2025-09-10 05:00:00+00:00,2025-09-13 07:00:00+00:00,74.0,75,1.0,22.49,69.84,0.0,extended,flagged_facility,Jamnagar (Sikka) marine terminal,14.02,False,False,5,,False
566737000,MARITIME EQUATOR,SGP,jamnagar_vadinar_sep_oct2025,2025-09-05 00:00:00+00:00,2025-09-08 02:00:00+00:00,74.0,75,1.0,22.49013,69.84386,1.798,extended,flagged_facility,Jamnagar (Sikka) marine terminal,14.38,False,False,5,,False
341075002,SWISSCO PEARL,KNA,jamnagar_vadinar_sep_oct2025,2025-09-01 00:00:00+00:00,2025-09-04 01:00:00+00:00,73.0,74,1.0,22.47176,69.68568,3.881,extended,flagged_facility,Jamnagar (Sikka) marine terminal,5.83,False,False,5,,False
626443000,URIEL,GAB,jamnagar_vadinar_sep_oct2025,2025-09-10 02:00:00+00:00,2025-09-13 03:00:00+00:00,73.0,74,1.0,22.45027,69.66986,2.416,extended,flagged_facility,Jamnagar (Sikka) marine terminal,5.62,False,False,5,,False
477277000,MARITIME JINGAN,HKG,jamnagar_vadinar_sep_oct2025,2025-09-22 03:00:00+00:00,2025-09-25 03:00:00+00:00,72.0,73,1.0,22.49507,69.84,0.564,extended,flagged_facility,Jamnagar (Sikka) marine terminal,14.3,False,False,5,,False
538009607,SUNNY LIGER,MHL,jamnagar_vadinar_sep_oct2025,2025-09-02 14:00:00+00:00,2025-09-05 13:00:00+00:00,71.0,72,1.0,22.50042,69.83916,4.574,extended,flagged_facility,Jamnagar (Sikka) marine terminal,14.53,False,False,5,,False
620800044,DALVA,COM,jamnagar_vadinar_sep_oct2025,2025-10-02 08:00:00+00:00,2025-10-05 07:00:00+00:00,71.0,72,1.0,22.57125,69.78514,4.167,extended,flagged_facility,Vadinar terminal / Nayara refinery (EU+UK sanctioned),14.08,False,False,5,,False
636018071,MSC ADITI,LBR,jamnagar_vadinar_sep_oct2025,2025-09-06 08:00:00+00:00,2025-09-09 07:00:00+00:00,71.0,72,1.0,22.66014,69.75,1.097,extended,flagged_facility,Vadinar terminal / Nayara refinery (EU+UK sanctioned),15.98,False,False,5,,False
374946000,MSC ULSAN III,PAN,jamnagar_vadinar_sep_oct2025,2025-09-14 09:00:00+00:00,2025-09-17 07:00:00+00:00,70.0,71,1.0,22.63986,69.71676,1.146,extended,flagged_facility,Vadinar terminal / Nayara refinery (EU+UK sanctioned),12.12,False,False,5,,False
461000285,SIRAJ,OMN,jamnagar_vadinar_sep_oct2025,2025-10-05 05:00:00+00:00,2025-10-08 03:00:00+00:00,70.0,71,1.0,22.54958,69.66972,2.395,extended,flagged_facility,Vadinar terminal / Nayara refinery (EU+UK sanctioned),2.03,False,False,5,,False
538010680,LAYLA,MHL,jamnagar_vadinar_sep_oct2025,2025-10-09 02:00:00+00:00,2025-10-11 23:00:00+00:00,69.0,70,1.0,22.634,69.70514,0.851,extended,flagged_facility,Vadinar terminal / Nayara refinery (EU+UK sanctioned),10.92,False,False,5,,False
577143000,OPAL,VUT,jamnagar_vadinar_sep_oct2025,2025-10-04 16:00:00+00:00,2025-10-07 13:00:00+00:00,69.0,70,1.0,22.53114,69.60657,4.877,extended,flagged_facility,Vadinar terminal / Nayara refinery (EU+UK sanctioned),4.93,False,False,5,,False
620999956,BLUE TALU,COM,jamnagar_vadinar_sep_oct2025,2025-09-06 20:00:00+00:00,2025-09-09 17:00:00+00:00,69.0,70,1.0,22.56071,69.626,2.701,extended,flagged_facility,Vadinar terminal / Nayara refinery (EU+UK sanctioned),2.74,False,False,5,,False
232057630,ENERGY DIONE,GBR,jamnagar_vadinar_sep_oct2025,2025-10-07 15:00:00+00:00,2025-10-10 11:00:00+00:00,68.0,69,1.0,22.57014,69.78638,1.157,extended,flagged_facility,Vadinar terminal / Nayara refinery (EU+UK sanctioned),14.18,False,False,5,,False
241905000,SKOPELOS,GRC,jamnagar_vadinar_sep_oct2025,2025-09-15 00:00:00+00:00,2025-09-17 20:00:00+00:00,68.0,69,1.0,22.53319,69.68725,4.16,extended,flagged_facility,Vadinar terminal / Nayara refinery (EU+UK sanctioned),4.26,False,False,5,,False
620999956,BLUE TALU,COM,jamnagar_vadinar_sep_oct2025,2025-09-02 10:00:00+00:00,2025-09-05 06:00:00+00:00,68.0,69,1.0,22.53725,69.63014,3.03,extended,flagged_facility,Vadinar terminal / Nayara refinery (EU+UK sanctioned),2.48,False,False,5,,False
636024579,LOLITA,LBR,jamnagar_vadinar_sep_oct2025,2025-09-10 00:00:00+00:00,2025-09-12 20:00:00+00:00,68.0,69,1.0,22.63,69.70536,0.55,extended,flagged_facility,Vadinar terminal / Nayara refinery (EU+UK sanctioned),10.56,False,False,5,,False
256584000,SEAWIND,MLT,jamnagar_vadinar_sep_oct2025,2025-09-21 08:00:00+00:00,2025-09-24 03:00:00+00:00,67.0,68,1.0,22.39029,69.60956,3.746,extended,flagged_facility,Jamnagar (Sikka) marine terminal,12.18,False,False,5,,False
655881000,RIGEL,MWI,jamnagar_vadinar_sep_oct2025,2025-09-22 10:00:00+00:00,2025-09-25 05:00:00+00:00,67.0,68,1.0,22.56971,69.64735,4.602,extended,flagged_facility,Vadinar terminal / Nayara refinery (EU+UK sanctioned),2.21,False,False,5,,False
235101105,BERGE KINABALU,GBR,jamnagar_vadinar_sep_oct2025,2025-10-09 03:00:00+00:00,2025-10-11 21:00:00+00:00,66.0,67,1.0,22.66015,69.5412,2.932,extended,flagged_facility,Vadinar terminal / Nayara refinery (EU+UK sanctioned),16.58,False,False,5,,False
256710000,IOS,MLT,jamnagar_vadinar_sep_oct2025,2025-10-01 05:00:00+00:00,2025-10-03 23:00:00+00:00,66.0,67,1.0,22.65284,69.73985,4.254,extended,flagged_facility,Vadinar terminal / Nayara refinery (EU+UK sanctioned),14.69,False,False,5,,False
271051022,NARA,TUR,jamnagar_vadinar_sep_oct2025,2025-09-13 00:00:00+00:00,2025-09-15 18:00:00+00:00,66.0,67,1.0,22.67716,69.72,0.797,extended,flagged_facility,Vadinar terminal / Nayara refinery (EU+UK sanctioned),15.86,False,False,5,,False
311047600,OAK,BHS,jamnagar_vadinar_sep_oct2025,2025-09-08 01:00:00+00:00,2025-09-10 19:00:00+00:00,66.0,67,1.0,22.67045,69.71731,3.535,extended,flagged_facility,Vadinar terminal / Nayara refinery (EU+UK sanctioned),15.07,False,False,5,,False
352003342,CRYSTAL,PAN,jamnagar_vadinar_sep_oct2025,2025-09-19 13:00:00+00:00,2025-09-22 07:00:00+00:00,66.0,67,1.0,22.50045,69.83925,3.709,extended,flagged_facility,Jamnagar (Sikka) marine terminal,14.54,False,False,5,,False
636015457,FPMC P IDEAL,LBR,jamnagar_vadinar_sep_oct2025,2025-09-07 03:00:00+00:00,2025-09-09 20:00:00+00:00,65.0,66,1.0,22.5,69.84,0.0,extended,flagged_facility,Jamnagar (Sikka) marine terminal,14.58,False,False,5,,False
477149400,SEADAR,HKG,jamnagar_vadinar_sep_oct2025,2025-09-11 16:00:00+00:00,2025-09-14 07:00:00+00:00,63.0,64,1.0,22.50047,69.83687,1.273,extended,flagged_facility,Jamnagar (Sikka) marine terminal,14.34,False,False,5,,False
538004854,FLAGSHIP IVY,MHL,jamnagar_vadinar_sep_oct2025,2025-10-07 02:00:00+00:00,2025-10-09 17:00:00+00:00,63.0,64,1.0,22.5,69.83984,1.011,extended,flagged_facility,Jamnagar (Sikka) marine terminal,14.57,False,False,5,,False
538008449,GUSTAVIA S,MHL,jamnagar_vadinar_sep_oct2025,2025-10-07 05:00:00+00:00,2025-10-09 20:00:00+00:00,63.0,64,1.0,22.52938,69.70672,3.814,extended,flagged_facility,Vadinar terminal / Nayara refinery (EU+UK sanctioned),6.26,False,False,5,,False
441293000,KMTC COLOMBO,KOR,jamnagar_vadinar_sep_oct2025,2025-09-17 02:00:00+00:00,2025-09-19 16:00:00+00:00,62.0,63,1.0,22.68857,69.73571,1.62,extended,flagged_facility,Vadinar terminal / Nayara refinery (EU+UK sanctioned),17.74,False,False,5,,False
477271100,KSL SAPPORO,HKG,jamnagar_vadinar_sep_oct2025,2025-09-04 05:00:00+00:00,2025-09-06 19:00:00+00:00,62.0,63,1.0,22.39048,69.60937,3.718,extended,flagged_facility,Jamnagar (Sikka) marine terminal,12.19,False,False,5,,False
563153800,HAFNIA EXPERIENCE,SGP,jamnagar_vadinar_sep_oct2025,2025-09-09 15:00:00+00:00,2025-09-12 05:00:00+00:00,62.0,63,1.0,22.5,69.84,0.0,extended,flagged_facility,Jamnagar (Sikka) marine terminal,14.58,False,False,5,,False
311001416,CMA CGM BUTTERFLY,BHS,jamnagar_vadinar_sep_oct2025,2025-09-30 02:00:00+00:00,2025-10-02 15:00:00+00:00,61.0,62,1.0,22.64016,69.69935,3.755,extended,flagged_facility,Vadinar terminal / Nayara refinery (EU+UK sanctioned),11.23,False,False,5,,False
636023585,NAV LAXMI,LBR,jamnagar_vadinar_sep_oct2025,2025-10-09 10:00:00+00:00,2025-10-11 23:00:00+00:00,61.0,59,0.952,22.69797,69.77034,1.017,extended,flagged_facility,Vadinar terminal / Nayara refinery (EU+UK sanctioned),20.57,False,False,5,,False
667001248,FURIA,SLE,jamnagar_vadinar_sep_oct2025,2025-09-15 02:00:00+00:00,2025-09-17 15:00:00+00:00,61.0,62,1.0,22.50065,69.66,3.264,extended,flagged_facility,Vadinar terminal / Nayara refinery (EU+UK sanctioned),5.58,False,False,5,,False
341075002,SWISSCO PEARL,KNA,jamnagar_vadinar_sep_oct2025,2025-09-15 14:00:00+00:00,2025-09-18 02:00:00+00:00,60.0,61,1.0,22.48033,69.69017,2.409,extended,flagged_facility,Jamnagar (Sikka) marine terminal,6.38,False,False,5,,False
357002000,CLOVER,PAN,jamnagar_vadinar_sep_oct2025,2025-09-16 07:00:00+00:00,2025-09-18 19:00:00+00:00,60.0,61,1.0,22.67033,69.73967,1.463,extended,flagged_facility,Vadinar terminal / Nayara refinery (EU+UK sanctioned),16.24,False,False,5,,False
403766060,FOLK JUBAIL,SAU,jamnagar_vadinar_sep_oct2025,2025-09-02 02:00:00+00:00,2025-09-04 14:00:00+00:00,60.0,61,1.0,22.67016,69.74967,2.018,extended,flagged_facility,Vadinar terminal / Nayara refinery (EU+UK sanctioned),16.83,False,False,5,,False
538007145,UNION EXPLORER,MHL,jamnagar_vadinar_sep_oct2025,2025-09-28 12:00:00+00:00,2025-10-01 00:00:00+00:00,60.0,61,1.0,22.67984,69.72,1.13,extended,flagged_facility,Vadinar terminal / Nayara refinery (EU+UK sanctioned),16.13,False,False,5,,False
563016200,HAFNIA SHANNON,SGP,jamnagar_vadinar_sep_oct2025,2025-09-19 01:00:00+00:00,2025-09-21 13:00:00+00:00,60.0,61,1.0,22.5,69.84,0.0,extended,flagged_facility,Jamnagar (Sikka) marine terminal,14.58,False,False,5,,False
629009592,JEWEL 1,GMB,jamnagar_vadinar_sep_oct2025,2025-09-04 03:00:00+00:00,2025-09-06 15:00:00+00:00,60.0,61,1.0,22.61098,69.83606,3.286,extended,flagged_facility,Vadinar terminal / Nayara refinery (EU+UK sanctioned),20.27,False,False,5,,False
636025209,TIANLONG,LBR,jamnagar_vadinar_sep_oct2025,2025-10-07 08:00:00+00:00,2025-10-09 20:00:00+00:00,60.0,61,1.0,22.59033,69.80934,3.851,extended,flagged_facility,Vadinar terminal / Nayara refinery (EU+UK sanctioned),16.96,False,False,5,,False
355400000,SAN FRANCISCO BRIDGE,PAN,jamnagar_vadinar_sep_oct2025,2025-09-17 11:00:00+00:00,2025-09-19 22:00:00+00:00,59.0,60,1.0,22.64033,69.71567,4.433,extended,flagged_facility,Vadinar terminal / Nayara refinery (EU+UK sanctioned),12.1,False,False,5,,False
538004722,MAGIC VICTORIA,MHL,jamnagar_vadinar_sep_oct2025,2025-09-26 06:00:00+00:00,2025-09-28 17:00:00+00:00,59.0,60,1.0,22.5,69.84,0.0,extended,flagged_facility,Jamnagar (Sikka) marine terminal,14.58,False,False,5,,False
626443000,URIEL,GAB,jamnagar_vadinar_sep_oct2025,2025-09-01 00:00:00+00:00,2025-09-03 11:00:00+00:00,59.0,60,1.0,22.64033,69.71,2.187,extended,flagged_facility,Vadinar terminal / Nayara refinery (EU+UK sanctioned),11.78,False,False,5,,False
1560,M V MEET SAGAR,,jamnagar_vadinar_sep_oct2025,2025-09-01 00:00:00+00:00,2025-09-03 10:00:00+00:00,58.0,55,0.932,22.44109,69.80346,2.1,extended,flagged_facility,Jamnagar (Sikka) marine terminal,8.67,False,False,5,,False
538008449,GUSTAVIA S,MHL,jamnagar_vadinar_sep_oct2025,2025-10-04 19:00:00+00:00,2025-10-07 04:00:00+00:00,57.0,58,1.0,22.57,69.68983,3.785,extended,flagged_facility,Vadinar terminal / Nayara refinery (EU+UK sanctioned),4.66,False,False,5,,False
215127000,CMA CGM CENDRILLON,MLT,jamnagar_vadinar_sep_oct2025,2025-09-14 11:00:00+00:00,2025-09-16 19:00:00+00:00,56.0,57,1.0,22.65,69.73684,0.702,extended,flagged_facility,Vadinar terminal / Nayara refinery (EU+UK sanctioned),14.25,False,False,5,,False
352003605,KONYA,PAN,jamnagar_vadinar_sep_oct2025,2025-09-20 04:00:00+00:00,2025-09-22 12:00:00+00:00,56.0,57,1.0,22.57105,69.78632,4.955,extended,flagged_facility,Vadinar terminal / Nayara refinery (EU+UK sanctioned),14.19,False,False,5,,False
636022207,RAIATEA,LBR,jamnagar_vadinar_sep_oct2025,2025-10-07 00:00:00+00:00,2025-10-09 07:00:00+00:00,55.0,56,1.0,22.50036,69.555,1.189,extended,flagged_facility,Vadinar terminal / Nayara refinery (EU+UK sanctioned),11.21,False,False,5,,False
538011532,NINEMIA,MHL,jamnagar_vadinar_sep_oct2025,2025-09-24 01:00:00+00:00,2025-09-26 07:00:00+00:00,54.0,55,1.0,22.58018,69.83509,2.683,extended,flagged_facility,Vadinar terminal / Nayara refinery (EU+UK sanctioned),19.3,False,False,5,,False
563163100,PROTEUS STEPHANIE,SGP,jamnagar_vadinar_sep_oct2025,2025-10-01 04:00:00+00:00,2025-10-03 10:00:00+00:00,54.0,55,1.0,22.59,69.86109,3.192,extended,flagged_facility,Vadinar terminal / Nayara refinery (EU+UK sanctioned),22.13,False,False,5,,False
626443000,URIEL,GAB,jamnagar_vadinar_sep_oct2025,2025-10-03 12:00:00+00:00,2025-10-05 18:00:00+00:00,54.0,55,1.0,22.45055,69.66982,3.427,extended,flagged_facility,Jamnagar (Sikka) marine terminal,5.64,False,False,5,,False
667022351,FESCO ASKOLD,SLE,jamnagar_vadinar_sep_oct2025,2025-10-04 17:00:00+00:00,2025-10-06 23:00:00+00:00,54.0,55,1.0,22.68273,69.744,1.016,extended,flagged_facility,Vadinar terminal / Nayara refinery (EU+UK sanctioned),17.63,False,False,5,,False
215089000,APANEMO,MLT,jamnagar_vadinar_sep_oct2025,2025-09-22 15:00:00+00:00,2025-09-24 20:00:00+00:00,53.0,54,1.0,22.5,69.84,0.0,extended,flagged_facility,Jamnagar (Sikka) marine terminal,14.58,False,False,5,,False
215254000,POLYMNIA I,MLT,jamnagar_vadinar_sep_oct2025,2025-09-25 04:00:00+00:00,2025-09-27 09:00:00+00:00,53.0,54,1.0,22.5287,69.70759,4.934,extended,flagged_facility,Vadinar terminal / Nayara refinery (EU+UK sanctioned),6.37,False,False,5,,False
229134000,HOUSTON,MLT,jamnagar_vadinar_sep_oct2025,2025-09-14 22:00:00+00:00,2025-09-17 03:00:00+00:00,53.0,54,1.0,22.52722,69.71037,4.165,extended,flagged_facility,Vadinar terminal / Nayara refinery (EU+UK sanctioned),6.7,False,False,5,,False
373590000,CAPE PEONY,PAN,jamnagar_vadinar_sep_oct2025,2025-09-18 13:00:00+00:00,2025-09-20 18:00:00+00:00,53.0,54,1.0,22.66037,69.57074,3.922,extended,flagged_facility,Vadinar terminal / Nayara refinery (EU+UK sanctioned),14.72,False,False,5,,False
447275000,GAS AL AHMADIAH,KWT,jamnagar_vadinar_sep_oct2025,2025-09-22 02:00:00+00:00,2025-09-24 07:00:00+00:00,53.0,54,1.0,22.64556,69.72019,3.96,extended,flagged_facility,Vadinar terminal / Nayara refinery (EU+UK sanctioned),12.84,False,False,5,,False
538011264,CAPE TAINARON,MHL,jamnagar_vadinar_sep_oct2025,2025-10-09 06:00:00+00:00,2025-10-11 11:00:00+00:00,53.0,54,1.0,22.5,69.84,0.0,extended,flagged_facility,Jamnagar (Sikka) marine terminal,14.58,False,False,5,,False
352004353,SUNNY 72,PAN,jamnagar_vadinar_sep_oct2025,2025-09-13 22:00:00+00:00,2025-09-16 02:00:00+00:00,52.0,53,1.0,22.68774,69.73585,2.664,extended,flagged_facility,Vadinar terminal / Nayara refinery (EU+UK sanctioned),17.67,False,False,5,,False
255915680,EAGLE TRADER,PRT,jamnagar_vadinar_sep_oct2025,2025-09-10 07:00:00+00:00,2025-09-12 10:00:00+00:00,51.0,52,1.0,22.64,69.6998,1.006,extended,flagged_facility,Vadinar terminal / Nayara refinery (EU+UK sanctioned),11.24,False,False,5,,False
352003035,FRONTIER SPIRIT,PAN,jamnagar_vadinar_sep_oct2025,2025-09-07 17:00:00+00:00,2025-09-09 20:00:00+00:00,51.0,52,1.0,22.65115,69.55154,4.406,extended,flagged_facility,Vadinar terminal / Nayara refinery (EU+UK sanctioned),15.12,False,False,5,,False
352005806,GATTACA,PAN,jamnagar_vadinar_sep_oct2025,2025-10-02 07:00:00+00:00,2025-10-04 09:00:00+00:00,50.0,51,1.0,22.59059,69.80902,2.348,extended,flagged_facility,Vadinar terminal / Nayara refinery (EU+UK sanctioned),16.94,False,False,5,,False
371959000,TOYA,PAN,jamnagar_vadinar_sep_oct2025,2025-10-05 08:00:00+00:00,2025-10-07 10:00:00+00:00,50.0,51,1.0,22.5698,69.78569,1.237,extended,flagged_facility,Vadinar terminal / Nayara refinery (EU+UK sanctioned),14.11,False,False,5,,False
414474000,YUAN GUI YANG,CHN,jamnagar_vadinar_sep_oct2025,2025-09-28 09:00:00+00:00,2025-09-30 11:00:00+00:00,50.0,51,1.0,22.61078,69.83177,3.074,extended,flagged_facility,Vadinar terminal / Nayara refinery (EU+UK sanctioned),19.85,False,False,5,,False
461000232,SPARTAN,OMN,jamnagar_vadinar_sep_oct2025,2025-09-13 21:00:00+00:00,2025-09-15 23:00:00+00:00,50.0,51,1.0,22.67627,69.62569,4.293,extended,flagged_facility,Vadinar terminal / Nayara refinery (EU+UK sanctioned),14.26,False,False,5,,False
538009910,NO.2 OCEAN PIONEER,MHL,jamnagar_vadinar_sep_oct2025,2025-09-22 03:00:00+00:00,2025-09-24 05:00:00+00:00,50.0,51,1.0,22.4902,69.8498,1.484,extended,flagged_facility,Jamnagar (Sikka) marine terminal,14.92,False,False,5,,False
563157800,SINAR MALAHAYATI,SGP,jamnagar_vadinar_sep_oct2025,2025-09-05 19:00:00+00:00,2025-09-07 21:00:00+00:00,50.0,51,1.0,22.50039,69.8396,2.968,extended,flagged_facility,Jamnagar (Sikka) marine terminal,14.57,False,False,5,,False
636015722,T RIGEL,LBR,jamnagar_vadinar_sep_oct2025,2025-09-29 08:00:00+00:00,2025-10-01 10:00:00+00:00,50.0,51,1.0,22.49,69.8498,1.007,extended,flagged_facility,Jamnagar (Sikka) marine terminal,14.91,False,False,5,,False
636020781,MSC LANGSAR,LBR,jamnagar_vadinar_sep_oct2025,2025-09-04 06:00:00+00:00,2025-09-06 08:00:00+00:00,50.0,51,1.0,22.66941,69.71569,4.405,extended,flagged_facility,Vadinar terminal / Nayara refinery (EU+UK sanctioned),14.89,False,False,5,,False
314001139,AVERO,BRB,jamnagar_vadinar_sep_oct2025,2025-10-04 08:00:00+00:00,2025-10-06 09:00:00+00:00,49.0,50,1.0,22.5916,69.8078,4.256,extended,flagged_facility,Vadinar terminal / Nayara refinery (EU+UK sanctioned),16.85,False,False,5,,False
371959000,TOYA,PAN,jamnagar_vadinar_sep_oct2025,2025-09-01 09:00:00+00:00,2025-09-03 10:00:00+00:00,49.0,50,1.0,22.6108,69.8368,4.022,extended,flagged_facility,Vadinar terminal / Nayara refinery (EU+UK sanctioned),20.34,False,False,5,,False
538007305,SAMJOHN ARGONAUT,MHL,jamnagar_vadinar_sep_oct2025,2025-09-04 04:00:00+00:00,2025-09-06 05:00:00+00:00,49.0,50,1.0,22.6506,69.5764,3.554,extended,flagged_facility,Vadinar terminal / Nayara refinery (EU+UK sanctioned),13.5,False,False,5,,False
636020298,KK MARLIN,LBR,jamnagar_vadinar_sep_oct2025,2025-10-02 11:00:00+00:00,2025-10-04 12:00:00+00:00,49.0,50,1.0,22.5,69.8398,1.006,extended,flagged_facility,Jamnagar (Sikka) marine terminal,14.56,False,False,5,,False
419001256,MV COASTAL COMMANDER,IND,jamnagar_vadinar_sep_oct2025,2025-09-01 00:00:00+00:00,2025-10-11 23:00:00+00:00,983.0,984,1.0,22.56496,69.75137,1.993,prolonged,flagged_facility,Vadinar terminal / Nayara refinery (EU+UK sanctioned),10.54,True,True,4,,False
241501000,RELIABLE WARRIOR,GRC,jamnagar_vadinar_sep_oct2025,2025-09-15 02:00:00+00:00,2025-10-11 23:00:00+00:00,645.0,646,1.0,22.69714,69.99509,0.95,prolonged,open_water,Vadinar terminal / Nayara refinery (EU+UK sanctioned),39.02,False,False,4,prolonged_dwell_open_water,False
419001543,M.T.ANJANI,IND,jamnagar_vadinar_sep_oct2025,2025-09-03 23:00:00+00:00,2025-09-30 05:00:00+00:00,630.0,600,0.951,22.68138,70.06918,3.779,prolonged,open_water,Vadinar terminal / Nayara refinery (EU+UK sanctioned),45.44,False,False,4,prolonged_dwell_open_water,False
419956689,,IND,jamnagar_vadinar_sep_oct2025,2025-09-15 12:00:00+00:00,2025-10-09 21:00:00+00:00,585.0,582,0.993,22.5518,70.03089,2.229,prolonged,open_water,Jamnagar (Sikka) marine terminal,34.69,False,False,4,prolonged_dwell_open_water,False
249611000,ANTIGUA I,MLT,jamnagar_vadinar_sep_oct2025,2025-09-01 00:00:00+00:00,2025-09-17 08:00:00+00:00,392.0,393,1.0,22.68751,69.96499,0.98,prolonged,open_water,Vadinar terminal / Nayara refinery (EU+UK sanctioned),35.76,False,False,4,prolonged_dwell_open_water,False
636018308,TILOS I,LBR,jamnagar_vadinar_sep_oct2025,2025-09-12 14:00:00+00:00,2025-09-27 06:00:00+00:00,352.0,353,1.0,22.67099,69.96456,3.685,prolonged,open_water,Vadinar terminal / Nayara refinery (EU+UK sanctioned),34.98,False,False,4,prolonged_dwell_open_water,False
419991649,,IND,jamnagar_vadinar_sep_oct2025,2025-09-15 11:00:00+00:00,2025-09-29 02:00:00+00:00,327.0,326,0.994,22.57764,70.05592,4.066,prolonged,open_water,Jamnagar (Sikka) marine terminal,38.21,False,False,4,prolonged_dwell_open_water,False
357478000,ELINA II,PAN,jamnagar_vadinar_sep_oct2025,2025-09-28 21:00:00+00:00,2025-10-11 23:00:00+00:00,314.0,315,1.0,22.66933,70.04,1.038,prolonged,open_water,Vadinar terminal / Nayara refinery (EU+UK sanctioned),42.17,False,False,4,prolonged_dwell_open_water,False
419001455,M.T. RADHA,IND,jamnagar_vadinar_sep_oct2025,2025-09-25 21:00:00+00:00,2025-10-08 14:00:00+00:00,305.0,306,1.0,22.56729,70.04127,4.683,prolonged,open_water,Jamnagar (Sikka) marine terminal,36.36,False,False,4,prolonged_dwell_open_water,False
419003400,ROSE,IND,jamnagar_vadinar_sep_oct2025,2025-09-29 10:00:00+00:00,2025-10-11 23:00:00+00:00,301.0,266,0.881,22.57985,70.04993,3.899,prolonged,open_water,Jamnagar (Sikka) marine terminal,37.77,False,False,4,prolonged_dwell_open_water,False
240706000,MARAN HAPPINESS,GRC,jamnagar_vadinar_sep_oct2025,2025-09-30 03:00:00+00:00,2025-10-11 23:00:00+00:00,284.0,272,0.954,22.7,70.04,0.0,prolonged,open_water,Vadinar terminal / Nayara refinery (EU+UK sanctioned),43.36,False,False,4,prolonged_dwell_open_water,False
419991649,,IND,jamnagar_vadinar_sep_oct2025,2025-09-29 07:00:00+00:00,2025-10-10 02:00:00+00:00,259.0,254,0.977,22.5787,70.04914,3.748,prolonged,open_water,Jamnagar (Sikka) marine terminal,37.64,False,False,4,prolonged_dwell_open_water,False
419003400,ROSE,IND,jamnagar_vadinar_sep_oct2025,2025-09-18 00:00:00+00:00,2025-09-27 03:00:00+00:00,219.0,209,0.95,22.57799,70.05713,4.177,prolonged,open_water,Jamnagar (Sikka) marine terminal,38.34,False,False,4,prolonged_dwell_open_water,False
419826328,MT GAUTAM  PAWAN,IND,jamnagar_vadinar_sep_oct2025,2025-09-21 05:00:00+00:00,2025-09-29 19:00:00+00:00,206.0,206,0.995,22.59422,70.06408,4.024,prolonged,open_water,Jamnagar (Sikka) marine terminal,39.78,False,False,4,prolonged_dwell_open_water,False
636022832,PHILIPPOS,LBR,jamnagar_vadinar_sep_oct2025,2025-09-07 00:00:00+00:00,2025-09-15 04:00:00+00:00,196.0,197,1.0,22.6499,70.06619,2.913,prolonged,open_water,Jamnagar (Sikka) marine terminal,43.15,False,False,4,prolonged_dwell_open_water,False
511101771,SELVA,PLW,jamnagar_vadinar_sep_oct2025,2025-09-22 08:00:00+00:00,2025-09-30 08:00:00+00:00,192.0,193,1.0,22.67,69.93441,1.478,prolonged,open_water,Vadinar terminal / Nayara refinery (EU+UK sanctioned),32.1,False,False,4,prolonged_dwell_open_water,False
636018294,NEW FRIENDSHIP,LBR,jamnagar_vadinar_sep_oct2025,2025-09-01 20:00:00+00:00,2025-09-09 19:00:00+00:00,191.0,192,1.0,22.65182,69.935,4.622,prolonged,open_water,Vadinar terminal / Nayara refinery (EU+UK sanctioned),31.37,False,False,4,prolonged_dwell_open_water,False
356861000,SINGAPORE BULKER,PAN,jamnagar_vadinar_sep_oct2025,2025-09-07 13:00:00+00:00,2025-09-15 11:00:00+00:00,190.0,191,1.0,22.65,70.02633,0.65,prolonged,open_water,Jamnagar (Sikka) marine terminal,39.85,False,False,4,prolonged_dwell_open_water,False
636025209,TIANLONG,LBR,jamnagar_vadinar_sep_oct2025,2025-09-29 17:00:00+00:00,2025-10-07 07:00:00+00:00,182.0,183,1.0,22.67995,69.94628,3.883,prolonged,open_water,Vadinar terminal / Nayara refinery (EU+UK sanctioned),33.67,False,False,4,prolonged_dwell_open_water,False
636022800,JACOB OLDENDORFF,LBR,jamnagar_vadinar_sep_oct2025,2025-09-03 16:00:00+00:00,2025-09-10 17:00:00+00:00,169.0,170,1.0,22.65318,70.03988,1.267,prolonged,open_water,Jamnagar (Sikka) marine terminal,41.17,False,False,4,prolonged_dwell_open_water,False
419001488,RELTUG NINETEEN,IND,jamnagar_vadinar_sep_oct2025,2025-09-01 06:00:00+00:00,2025-09-08 02:00:00+00:00,164.0,165,1.0,22.50424,69.82733,4.01,extended,flagged_facility,Jamnagar (Sikka) marine terminal,13.78,False,True,4,,False
419057400,RELTUG TWELVE,IND,jamnagar_vadinar_sep_oct2025,2025-10-02 20:00:00+00:00,2025-10-09 14:00:00+00:00,162.0,163,1.0,22.4916,69.84822,4.287,extended,flagged_facility,Jamnagar (Sikka) marine terminal,14.85,False,True,4,,False
419093600,KAIVAN,IND,jamnagar_vadinar_sep_oct2025,2025-10-05 05:00:00+00:00,2025-10-11 23:00:00+00:00,162.0,163,1.0,22.46853,69.68319,3.45,extended,flagged_facility,Jamnagar (Sikka) marine terminal,5.72,False,True,4,,False
419001613,M.T. OCEAN BIRD,IND,jamnagar_vadinar_sep_oct2025,2025-09-18 02:00:00+00:00,2025-09-24 15:00:00+00:00,157.0,153,0.968,22.56359,69.7581,1.835,extended,flagged_facility,Vadinar terminal / Nayara refinery (EU+UK sanctioned),11.2,False,True,4,,False
419082300,DOLPHIN NO.11,IND,jamnagar_vadinar_sep_oct2025,2025-09-05 17:00:00+00:00,2025-09-12 05:00:00+00:00,156.0,157,1.0,22.68917,69.66904,2.204,extended,flagged_facility,Vadinar terminal / Nayara refinery (EU+UK sanctioned),15.6,False,True,4,,False
419911119,DCB UNIPRIDE,IND,jamnagar_vadinar_sep_oct2025,2025-10-02 06:00:00+00:00,2025-10-08 11:00:00+00:00,149.0,146,0.973,22.45021,69.78993,3.467,extended,flagged_facility,Jamnagar (Sikka) marine terminal,7.53,False,True,4,,False
419001947,COASTAL ANUGRAH,IND,jamnagar_vadinar_sep_oct2025,2025-09-01 00:00:00+00:00,2025-09-07 04:00:00+00:00,148.0,149,1.0,22.56973,69.76014,4.866,extended,flagged_facility,Vadinar terminal / Nayara refinery (EU+UK sanctioned),11.52,False,True,4,,False
419082300,DOLPHIN NO.11,IND,jamnagar_vadinar_sep_oct2025,2025-09-20 14:00:00+00:00,2025-09-26 05:00:00+00:00,135.0,136,1.0,22.68838,69.66809,2.076,extended,flagged_facility,Vadinar terminal / Nayara refinery (EU+UK sanctioned),15.5,False,True,4,,False
419001613,M.T. OCEAN BIRD,IND,jamnagar_vadinar_sep_oct2025,2025-09-01 00:00:00+00:00,2025-09-06 13:00:00+00:00,133.0,134,1.0,22.56127,69.75925,2.549,extended,flagged_facility,Vadinar terminal / Nayara refinery (EU+UK sanctioned),11.29,False,True,4,,False
419079400,MV APSARA,IND,jamnagar_vadinar_sep_oct2025,2025-09-01 00:00:00+00:00,2025-09-06 11:00:00+00:00,131.0,132,1.0,22.5,69.83553,4.944,extended,flagged_facility,Jamnagar (Sikka) marine terminal,14.2,False,True,4,,False
419093700,OCEAN TANZANITE,IND,jamnagar_vadinar_sep_oct2025,2025-09-15 14:00:00+00:00,2025-09-21 01:00:00+00:00,131.0,132,1.0,22.48,69.69,0.0,extended,flagged_facility,Jamnagar (Sikka) marine terminal,6.36,False,True,4,,False
419001358,PRABHAT SHOBHA,IND,jamnagar_vadinar_sep_oct2025,2025-09-18 20:00:00+00:00,2025-09-24 06:00:00+00:00,130.0,131,1.0,22.45008,69.79,1.103,extended,flagged_facility,Jamnagar (Sikka) marine terminal,7.53,False,True,4,,False
419067700,MV PERSISTENCE,IND,jamnagar_vadinar_sep_oct2025,2025-09-21 13:00:00+00:00,2025-09-26 21:00:00+00:00,128.0,129,1.0,22.39008,69.61,1.103,extended,flagged_facility,Jamnagar (Sikka) marine terminal,12.15,False,True,4,,False
419956787,DAWN II,IND,jamnagar_vadinar_sep_oct2025,2025-09-17 07:00:00+00:00,2025-09-22 13:00:00+00:00,126.0,127,1.0,22.58236,69.84126,3.78,extended,flagged_facility,Vadinar terminal / Nayara refinery (EU+UK sanctioned),19.97,False,True,4,,False
419001613,M.T. OCEAN BIRD,IND,jamnagar_vadinar_sep_oct2025,2025-09-25 01:00:00+00:00,2025-09-30 06:00:00+00:00,125.0,125,0.992,22.5644,69.7544,2.361,extended,flagged_facility,Vadinar terminal / Nayara refinery (EU+UK sanctioned),10.84,False,True,4,,False
419001487,RELTUG EIGHTEEN,IND,jamnagar_vadinar_sep_oct2025,2025-09-22 19:00:00+00:00,2025-09-27 23:00:00+00:00,124.0,125,1.0,22.48208,69.83064,3.156,extended,flagged_facility,Jamnagar (Sikka) marine terminal,12.76,False,True,4,,False
419072700,RELTUG 14,IND,jamnagar_vadinar_sep_oct2025,2025-10-06 19:00:00+00:00,2025-10-11 23:00:00+00:00,124.0,125,1.0,22.48,69.82992,1.019,extended,flagged_facility,Jamnagar (Sikka) marine terminal,12.59,False,True,4,,False
419079600,IVY,IND,jamnagar_vadinar_sep_oct2025,2025-09-17 04:00:00+00:00,2025-09-22 08:00:00+00:00,124.0,125,1.0,22.43152,69.67,0.943,extended,flagged_facility,Jamnagar (Sikka) marine terminal,5.14,False,True,4,,False
419956787,DAWN II,IND,jamnagar_vadinar_sep_oct2025,2025-09-11 06:00:00+00:00,2025-09-16 10:00:00+00:00,124.0,125,1.0,22.57272,69.8404,4.869,extended,flagged_facility,Vadinar terminal / Nayara refinery (EU+UK sanctioned),19.71,False,True,4,,False
419077800,REL DARSHAN,IND,jamnagar_vadinar_sep_oct2025,2025-09-29 08:00:00+00:00,2025-10-04 10:00:00+00:00,122.0,120,0.976,22.565,69.84783,3.048,extended,flagged_facility,Jamnagar (Sikka) marine terminal,19.94,False,True,4,,False
419001487,RELTUG EIGHTEEN,IND,jamnagar_vadinar_sep_oct2025,2025-09-16 02:00:00+00:00,2025-09-21 03:00:00+00:00,121.0,122,1.0,22.50172,69.83442,4.995,extended,flagged_facility,Jamnagar (Sikka) marine terminal,14.21,False,True,4,,False
419033600,RELTUG ELEVEN,IND,jamnagar_vadinar_sep_oct2025,2025-09-10 14:00:00+00:00,2025-09-15 14:00:00+00:00,120.0,121,1.0,22.49174,69.84785,5.0,extended,flagged_facility,Jamnagar (Sikka) marine terminal,14.82,False,True,4,,False
419001358,PRABHAT SHOBHA,IND,jamnagar_vadinar_sep_oct2025,2025-10-02 05:00:00+00:00,2025-10-07 04:00:00+00:00,119.0,120,1.0,22.45017,69.79,2.205,extended,flagged_facility,Jamnagar (Sikka) marine terminal,7.54,False,True,4,,False
419001487,RELTUG EIGHTEEN,IND,jamnagar_vadinar_sep_oct2025,2025-09-09 07:00:00+00:00,2025-09-14 05:00:00+00:00,118.0,119,1.0,22.50378,69.82949,4.996,extended,flagged_facility,Jamnagar (Sikka) marine terminal,13.92,False,True,4,,False
419001286,TUG KB XI,IND,jamnagar_vadinar_sep_oct2025,2025-09-24 09:00:00+00:00,2025-09-29 06:00:00+00:00,117.0,117,0.992,22.45538,69.67641,4.095,extended,flagged_facility,Jamnagar (Sikka) marine terminal,5.29,False,True,4,,False
419001600,RELTUG NINE,IND,jamnagar_vadinar_sep_oct2025,2025-09-02 09:00:00+00:00,2025-09-07 05:00:00+00:00,116.0,111,0.949,22.45586,69.79586,0.887,extended,flagged_facility,Jamnagar (Sikka) marine terminal,8.31,False,True,4,,False
419956442,M.T.KB VI,IND,jamnagar_vadinar_sep_oct2025,2025-09-13 12:00:00+00:00,2025-09-18 07:00:00+00:00,115.0,105,0.905,22.576,69.846,4.122,extended,flagged_facility,Vadinar terminal / Nayara refinery (EU+UK sanctioned),20.33,False,True,4,,False
419001208,DIPPER,IND,jamnagar_vadinar_sep_oct2025,2025-09-23 14:00:00+00:00,2025-09-28 08:00:00+00:00,114.0,115,1.0,22.52122,69.69313,4.594,extended,flagged_facility,Vadinar terminal / Nayara refinery (EU+UK sanctioned),5.46,False,True,4,,False
419082300,DOLPHIN NO.11,IND,jamnagar_vadinar_sep_oct2025,2025-09-26 14:00:00+00:00,2025-10-01 03:00:00+00:00,109.0,109,0.991,22.68917,69.66853,2.157,extended,flagged_facility,Vadinar terminal / Nayara refinery (EU+UK sanctioned),15.59,False,True,4,,False
419001488,RELTUG NINETEEN,IND,jamnagar_vadinar_sep_oct2025,2025-10-07 11:00:00+00:00,2025-10-11 23:00:00+00:00,108.0,109,1.0,22.50037,69.83926,2.946,extended,flagged_facility,Jamnagar (Sikka) marine terminal,14.54,False,True,4,,False
419001613,M.T. OCEAN BIRD,IND,jamnagar_vadinar_sep_oct2025,2025-09-13 04:00:00+00:00,2025-09-17 16:00:00+00:00,108.0,97,0.89,22.56062,69.75814,1.337,extended,flagged_facility,Vadinar terminal / Nayara refinery (EU+UK sanctioned),11.17,False,True,4,,False
419024600,ESSAR TUG XI,IND,jamnagar_vadinar_sep_oct2025,2025-09-04 01:00:00+00:00,2025-09-08 12:00:00+00:00,107.0,69,0.639,22.39043,69.60942,4.6,extended,flagged_facility,Jamnagar (Sikka) marine terminal,12.19,False,True,4,,False
419704000,COASTAL SATTHWA,IND,jamnagar_vadinar_sep_oct2025,2025-09-01 04:00:00+00:00,2025-09-05 15:00:00+00:00,107.0,108,1.0,22.45898,69.67305,4.754,extended,flagged_facility,Jamnagar (Sikka) marine terminal,5.8,False,True,4,,False
419093600,KAIVAN,IND,jamnagar_vadinar_sep_oct2025,2025-09-22 23:00:00+00:00,2025-09-27 09:00:00+00:00,106.0,106,0.991,22.47358,69.68595,4.078,extended,flagged_facility,Jamnagar (Sikka) marine terminal,5.98,False,True,4,,False
419956957,MV PAWANSUTH,IND,jamnagar_vadinar_sep_oct2025,2025-09-13 00:00:00+00:00,2025-09-17 09:00:00+00:00,105.0,105,0.991,22.48105,69.83295,4.996,extended,flagged_facility,Jamnagar (Sikka) marine terminal,12.92,False,True,4,,False
419033600,RELTUG ELEVEN,IND,jamnagar_vadinar_sep_oct2025,2025-10-05 06:00:00+00:00,2025-10-09 14:00:00+00:00,104.0,105,1.0,22.4919,69.848,2.732,extended,flagged_facility,Jamnagar (Sikka) marine terminal,14.85,False,True,4,,False
419000914,SSL MUMBAI,IND,jamnagar_vadinar_sep_oct2025,2025-09-15 16:00:00+00:00,2025-09-19 22:00:00+00:00,102.0,103,1.0,22.68,69.78,0.0,extended,flagged_facility,Vadinar terminal / Nayara refinery (EU+UK sanctioned),19.67,False,True,4,,False
419077800,REL DARSHAN,IND,jamnagar_vadinar_sep_oct2025,2025-10-05 02:00:00+00:00,2025-10-09 06:00:00+00:00,100.0,101,1.0,22.56337,69.8499,3.138,extended,flagged_facility,Jamnagar (Sikka) marine terminal,19.95,False,True,4,,False
419082300,DOLPHIN NO.11,IND,jamnagar_vadinar_sep_oct2025,2025-09-01 00:00:00+00:00,2025-09-05 03:00:00+00:00,99.0,98,0.98,22.68837,69.66837,2.101,extended,flagged_facility,Vadinar terminal / Nayara refinery (EU+UK sanctioned),15.5,False,True,4,,False
419956787,DAWN II,IND,jamnagar_vadinar_sep_oct2025,2025-10-05 03:00:00+00:00,2025-10-09 05:00:00+00:00,98.0,99,1.0,22.57566,69.8498,4.326,extended,flagged_facility,Vadinar terminal / Nayara refinery (EU+UK sanctioned),20.71,False,True,4,,False
419093600,KAIVAN,IND,jamnagar_vadinar_sep_oct2025,2025-09-29 06:00:00+00:00,2025-10-03 04:00:00+00:00,94.0,95,1.0,22.47189,69.68537,3.882,extended,flagged_facility,Jamnagar (Sikka) marine terminal,5.86,False,True,4,,False
419001058,,IND,jamnagar_vadinar_sep_oct2025,2025-09-11 15:00:00+00:00,2025-09-15 11:00:00+00:00,92.0,84,0.903,22.57738,69.84416,3.908,extended,flagged_facility,Vadinar terminal / Nayara refinery (EU+UK sanctioned),20.17,False,True,4,,False
419001358,PRABHAT SHOBHA,IND,jamnagar_vadinar_sep_oct2025,2025-09-13 16:00:00+00:00,2025-09-17 09:00:00+00:00,89.0,90,1.0,22.45044,69.78989,4.514,extended,flagged_facility,Jamnagar (Sikka) marine terminal,7.53,False,True,4,,False
419956442,M.T.KB VI,IND,jamnagar_vadinar_sep_oct2025,2025-10-01 13:00:00+00:00,2025-10-05 05:00:00+00:00,88.0,73,0.82,22.57575,69.83589,4.011,extended,flagged_facility,Vadinar terminal / Nayara refinery (EU+UK sanctioned),19.3,False,True,4,,False
419001208,DIPPER,IND,jamnagar_vadinar_sep_oct2025,2025-09-01 00:00:00+00:00,2025-09-04 15:00:00+00:00,87.0,88,1.0,22.52636,69.70205,4.228,extended,flagged_facility,Vadinar terminal / Nayara refinery (EU+UK sanctioned),5.96,False,True,4,,False
419001358,PRABHAT SHOBHA,IND,jamnagar_vadinar_sep_oct2025,2025-10-08 08:00:00+00:00,2025-10-11 23:00:00+00:00,87.0,88,1.0,22.45,69.79,0.0,extended,flagged_facility,Jamnagar (Sikka) marine terminal,7.53,False,True,4,,False
419014400,M V POONAM,IND,jamnagar_vadinar_sep_oct2025,2025-09-30 10:00:00+00:00,2025-10-04 01:00:00+00:00,87.0,88,1.0,22.50068,69.8375,3.549,extended,flagged_facility,Jamnagar (Sikka) marine terminal,14.41,False,True,4,,False
419001651,KNK NAYRA,IND,jamnagar_vadinar_sep_oct2025,2025-10-06 01:00:00+00:00,2025-10-09 15:00:00+00:00,86.0,87,1.0,22.61,69.83575,4.16,extended,flagged_facility,Vadinar terminal / Nayara refinery (EU+UK sanctioned),20.2,False,True,4,,False
419067700,MV PERSISTENCE,IND,jamnagar_vadinar_sep_oct2025,2025-09-15 14:00:00+00:00,2025-09-19 04:00:00+00:00,86.0,87,1.0,22.39,69.61,0.0,extended,flagged_facility,Jamnagar (Sikka) marine terminal,12.15,False,True,4,,False
419082300,DOLPHIN NO.11,IND,jamnagar_vadinar_sep_oct2025,2025-10-03 14:00:00+00:00,2025-10-07 04:00:00+00:00,86.0,87,1.0,22.68874,69.66873,2.153,extended,flagged_facility,Vadinar terminal / Nayara refinery (EU+UK sanctioned),15.55,False,True,4,,False
419000348,MAHA ANOSHA,IND,jamnagar_vadinar_sep_oct2025,2025-09-23 08:00:00+00:00,2025-09-26 21:00:00+00:00,85.0,86,1.0,22.50174,69.54512,1.058,extended,flagged_facility,Vadinar terminal / Nayara refinery (EU+UK sanctioned),12.04,False,True,4,,False
419001487,RELTUG EIGHTEEN,IND,jamnagar_vadinar_sep_oct2025,2025-09-02 14:00:00+00:00,2025-09-06 03:00:00+00:00,85.0,86,1.0,22.57035,69.78674,1.124,extended,flagged_facility,Vadinar terminal / Nayara refinery (EU+UK sanctioned),14.22,False,True,4,,False
419001208,DIPPER,IND,jamnagar_vadinar_sep_oct2025,2025-09-11 15:00:00+00:00,2025-09-15 03:00:00+00:00,84.0,85,1.0,22.52494,69.69859,2.777,extended,flagged_facility,Vadinar terminal / Nayara refinery (EU+UK sanctioned),5.72,False,True,4,,False
419072700,RELTUG 14,IND,jamnagar_vadinar_sep_oct2025,2025-09-11 07:00:00+00:00,2025-09-14 19:00:00+00:00,84.0,85,1.0,22.59929,69.81871,2.578,extended,flagged_facility,Vadinar terminal / Nayara refinery (EU+UK sanctioned),18.17,False,True,4,,False
419082300,DOLPHIN NO.11,IND,jamnagar_vadinar_sep_oct2025,2025-10-08 11:00:00+00:00,2025-10-11 23:00:00+00:00,84.0,85,1.0,22.68847,69.66753,2.03,extended,flagged_facility,Vadinar terminal / Nayara refinery (EU+UK sanctioned),15.5,False,True,4,,False
419032300,AQUA SUN,IND,jamnagar_vadinar_sep_oct2025,2025-09-29 15:00:00+00:00,2025-10-03 02:00:00+00:00,83.0,82,0.976,22.57646,69.84402,3.997,extended,flagged_facility,Vadinar terminal / Nayara refinery (EU+UK sanctioned),20.14,False,True,4,,False
419033600,RELTUG ELEVEN,IND,jamnagar_vadinar_sep_oct2025,2025-09-01 00:00:00+00:00,2025-09-04 11:00:00+00:00,83.0,82,0.976,22.4928,69.84658,4.824,extended,flagged_facility,Jamnagar (Sikka) marine terminal,14.76,False,True,4,,False
419057400,RELTUG TWELVE,IND,jamnagar_vadinar_sep_oct2025,2025-09-01 00:00:00+00:00,2025-09-04 11:00:00+00:00,83.0,84,1.0,22.49238,69.84726,4.156,extended,flagged_facility,Jamnagar (Sikka) marine terminal,14.8,False,True,4,,False
419057400,RELTUG TWELVE,IND,jamnagar_vadinar_sep_oct2025,2025-09-16 05:00:00+00:00,2025-09-19 16:00:00+00:00,83.0,84,1.0,22.49131,69.84857,2.821,extended,flagged_facility,Jamnagar (Sikka) marine terminal,14.87,False,True,4,,False
419066400,M V CHETAK,IND,jamnagar_vadinar_sep_oct2025,2025-09-13 15:00:00+00:00,2025-09-17 02:00:00+00:00,83.0,84,1.0,22.49845,69.84155,4.03,extended,flagged_facility,Jamnagar (Sikka) marine terminal,14.63,False,True,4,,False
419001208,DIPPER,IND,jamnagar_vadinar_sep_oct2025,2025-10-01 18:00:00+00:00,2025-10-05 04:00:00+00:00,82.0,83,1.0,22.52952,69.69964,1.501,extended,flagged_facility,Vadinar terminal / Nayara refinery (EU+UK sanctioned),5.58,False,True,4,,False
419001481,M.T.PATRIOT,IND,jamnagar_vadinar_sep_oct2025,2025-09-10 19:00:00+00:00,2025-09-14 05:00:00+00:00,82.0,83,1.0,22.65,69.72964,3.042,extended,flagged_facility,Vadinar terminal / Nayara refinery (EU+UK sanctioned),13.8,False,True,4,,False
419066400,M V CHETAK,IND,jamnagar_vadinar_sep_oct2025,2025-10-05 03:00:00+00:00,2025-10-08 13:00:00+00:00,82.0,83,1.0,22.50181,69.83518,4.064,extended,flagged_facility,Jamnagar (Sikka) marine terminal,14.28,False,True,4,,False
419001651,KNK NAYRA,IND,jamnagar_vadinar_sep_oct2025,2025-09-28 07:00:00+00:00,2025-10-01 16:00:00+00:00,81.0,82,1.0,22.60976,69.83378,2.922,extended,flagged_facility,Vadinar terminal / Nayara refinery (EU+UK sanctioned),20.0,False,True,4,,False
419057400,RELTUG TWELVE,IND,jamnagar_vadinar_sep_oct2025,2025-09-10 11:00:00+00:00,2025-09-13 20:00:00+00:00,81.0,82,1.0,22.49171,69.8478,4.998,extended,flagged_facility,Jamnagar (Sikka) marine terminal,14.82,False,True,4,,False
419077800,REL DARSHAN,IND,jamnagar_vadinar_sep_oct2025,2025-09-05 15:00:00+00:00,2025-09-09 00:00:00+00:00,81.0,82,1.0,22.56171,69.84963,4.371,extended,flagged_facility,Jamnagar (Sikka) marine terminal,19.8,False,True,4,,False
419057400,RELTUG TWELVE,IND,jamnagar_vadinar_sep_oct2025,2025-09-29 06:00:00+00:00,2025-10-02 14:00:00+00:00,80.0,81,1.0,22.49235,69.84704,4.892,extended,flagged_facility,Jamnagar (Sikka) marine terminal,14.78,False,True,4,,False
419066400,M V CHETAK,IND,jamnagar_vadinar_sep_oct2025,2025-09-26 16:00:00+00:00,2025-09-30 00:00:00+00:00,80.0,81,1.0,22.4942,69.84815,4.857,extended,flagged_facility,Jamnagar (Sikka) marine terminal,14.98,False,True,4,,False
419072500,RELTUG 16,IND,jamnagar_vadinar_sep_oct2025,2025-09-10 07:00:00+00:00,2025-09-13 15:00:00+00:00,80.0,81,1.0,22.57037,69.78568,1.292,extended,flagged_facility,Vadinar terminal / Nayara refinery (EU+UK sanctioned),14.12,False,True,4,,False
419956564,M.T.KB-XVII,IND,jamnagar_vadinar_sep_oct2025,2025-10-08 15:00:00+00:00,2025-10-11 23:00:00+00:00,80.0,81,1.0,22.69753,69.62617,4.221,extended,flagged_facility,Vadinar terminal / Nayara refinery (EU+UK sanctioned),16.59,False,True,4,,False
419957002,M V ANTILLIA  2,IND,jamnagar_vadinar_sep_oct2025,2025-09-26 18:00:00+00:00,2025-09-30 02:00:00+00:00,80.0,75,0.926,22.39,69.61,0.0,extended,flagged_facility,Jamnagar (Sikka) marine terminal,12.15,False,True,4,,False
419001286,TUG KB XI,IND,jamnagar_vadinar_sep_oct2025,2025-09-03 02:00:00+00:00,2025-09-06 09:00:00+00:00,79.0,79,0.988,22.50861,69.69608,3.584,extended,flagged_facility,Vadinar terminal / Nayara refinery (EU+UK sanctioned),6.6,False,True,4,,False
419033900,REL SAGAR,IND,jamnagar_vadinar_sep_oct2025,2025-10-06 12:00:00+00:00,2025-10-09 19:00:00+00:00,79.0,80,1.0,22.507,69.80775,3.814,extended,flagged_facility,Jamnagar (Sikka) marine terminal,12.43,False,True,4,,False
419057400,RELTUG TWELVE,IND,jamnagar_vadinar_sep_oct2025,2025-09-04 18:00:00+00:00,2025-09-08 01:00:00+00:00,79.0,80,1.0,22.49188,69.8475,3.47,extended,flagged_facility,Jamnagar (Sikka) marine terminal,14.8,False,True,4,,False
419001715,ZINNIA STAR,IND,jamnagar_vadinar_sep_oct2025,2025-09-11 04:00:00+00:00,2025-09-14 09:00:00+00:00,77.0,78,1.0,22.44128,69.66987,3.35,extended,flagged_facility,Jamnagar (Sikka) marine terminal,5.3,False,True,4,,False
419956564,M.T.KB-XVII,IND,jamnagar_vadinar_sep_oct2025,2025-10-05 03:00:00+00:00,2025-10-08 07:00:00+00:00,76.0,77,1.0,22.69662,69.62701,4.135,extended,flagged_facility,Vadinar terminal / Nayara refinery (EU+UK sanctioned),16.47,False,True,4,,False
419001441,MT SANMAR SRUTHI,IND,jamnagar_vadinar_sep_oct2025,2025-09-20 06:00:00+00:00,2025-09-23 09:00:00+00:00,75.0,76,1.0,22.68987,69.76,1.097,extended,flagged_facility,Vadinar terminal / Nayara refinery (EU+UK sanctioned),19.22,False,True,4,,False
419000348,MAHA ANOSHA,IND,jamnagar_vadinar_sep_oct2025,2025-09-26 22:00:00+00:00,2025-09-30 00:00:00+00:00,74.0,75,1.0,22.39027,69.6096,3.752,extended,flagged_facility,Jamnagar (Sikka) marine terminal,12.18,False,True,4,,False
419000638,OCEAN     EMPIRE,IND,jamnagar_vadinar_sep_oct2025,2025-09-01 00:00:00+00:00,2025-09-04 02:00:00+00:00,74.0,75,1.0,22.44133,69.66973,4.754,extended,flagged_facility,Jamnagar (Sikka) marine terminal,5.32,False,True,4,,False
419001085,RELTUG SEVENTEEN,IND,jamnagar_vadinar_sep_oct2025,2025-09-11 04:00:00+00:00,2025-09-14 06:00:00+00:00,74.0,75,1.0,22.4928,69.8476,4.906,extended,flagged_facility,Jamnagar (Sikka) marine terminal,14.86,False,True,4,,False
419001208,DIPPER,IND,jamnagar_vadinar_sep_oct2025,2025-10-05 05:00:00+00:00,2025-10-08 07:00:00+00:00,74.0,75,1.0,22.50427,69.6948,3.26,extended,flagged_facility,Vadinar terminal / Nayara refinery (EU+UK sanctioned),6.86,False,True,4,,False
419024600,ESSAR TUG XI,IND,jamnagar_vadinar_sep_oct2025,2025-09-10 23:00:00+00:00,2025-09-14 01:00:00+00:00,74.0,69,0.92,22.39029,69.60986,3.771,extended,flagged_facility,Jamnagar (Sikka) marine terminal,12.15,False,True,4,,False
419032300,AQUA SUN,IND,jamnagar_vadinar_sep_oct2025,2025-09-13 01:00:00+00:00,2025-09-16 03:00:00+00:00,74.0,68,0.907,22.57294,69.84456,4.383,extended,flagged_facility,Vadinar terminal / Nayara refinery (EU+UK sanctioned),20.14,False,True,4,,False
419066300,SB EAGLE,IND,jamnagar_vadinar_sep_oct2025,2025-09-06 05:00:00+00:00,2025-09-09 07:00:00+00:00,74.0,75,1.0,22.4928,69.8504,3.662,extended,flagged_facility,Jamnagar (Sikka) marine terminal,15.11,False,True,4,,False
419077600,NIVARAK,IND,jamnagar_vadinar_sep_oct2025,2025-09-26 22:00:00+00:00,2025-09-30 00:00:00+00:00,74.0,71,0.947,22.39056,69.6093,3.707,extended,flagged_facility,Jamnagar (Sikka) marine terminal,12.2,False,True,4,,False
419956442,M.T.KB VI,IND,jamnagar_vadinar_sep_oct2025,2025-10-05 08:00:00+00:00,2025-10-08 10:00:00+00:00,74.0,74,0.987,22.5827,69.83973,3.212,extended,flagged_facility,Vadinar terminal / Nayara refinery (EU+UK sanctioned),19.82,False,True,4,,False
419032300,AQUA SUN,IND,jamnagar_vadinar_sep_oct2025,2025-09-03 12:00:00+00:00,2025-09-06 13:00:00+00:00,73.0,70,0.946,22.56429,69.841,4.129,extended,flagged_facility,Jamnagar (Sikka) marine terminal,19.43,False,True,4,,False
419292000,RELTUG SIX,IND,jamnagar_vadinar_sep_oct2025,2025-10-07 10:00:00+00:00,2025-10-10 11:00:00+00:00,73.0,74,1.0,22.56986,69.78568,1.61,extended,flagged_facility,Vadinar terminal / Nayara refinery (EU+UK sanctioned),14.11,False,True,4,,False
419753000,SWARNA BRAHMAPUTRA,IND,jamnagar_vadinar_sep_oct2025,2025-09-06 14:00:00+00:00,2025-09-09 15:00:00+00:00,73.0,74,1.0,22.54892,69.68852,4.142,extended,flagged_facility,Vadinar terminal / Nayara refinery (EU+UK sanctioned),3.96,False,True,4,,False
419991279,DARIYA JYOT,IND,jamnagar_vadinar_sep_oct2025,2025-10-01 22:00:00+00:00,2025-10-04 23:00:00+00:00,73.0,73,0.986,22.43041,69.66863,3.407,extended,flagged_facility,Jamnagar (Sikka) marine terminal,5.28,False,True,4,,False
419001182,JAG POOJA,IND,jamnagar_vadinar_sep_oct2025,2025-09-29 10:00:00+00:00,2025-10-02 10:00:00+00:00,72.0,73,1.0,22.69014,69.74959,3.227,extended,flagged_facility,Vadinar terminal / Nayara refinery (EU+UK sanctioned),18.64,False,True,4,,False
419902339,MT MAHADEV,IND,jamnagar_vadinar_sep_oct2025,2025-09-17 08:00:00+00:00,2025-09-20 08:00:00+00:00,72.0,73,1.0,22.43274,69.67,0.807,extended,flagged_facility,Jamnagar (Sikka) marine terminal,5.15,False,True,4,,False
419956787,DAWN II,IND,jamnagar_vadinar_sep_oct2025,2025-09-26 03:00:00+00:00,2025-09-29 03:00:00+00:00,72.0,73,1.0,22.57452,69.84055,4.091,extended,flagged_facility,Vadinar terminal / Nayara refinery (EU+UK sanctioned),19.76,False,True,4,,False
419001058,,IND,jamnagar_vadinar_sep_oct2025,2025-09-27 02:00:00+00:00,2025-09-30 01:00:00+00:00,71.0,45,0.625,22.56756,69.84066,3.189,extended,flagged_facility,Vadinar terminal / Nayara refinery (EU+UK sanctioned),19.68,False,True,4,,False
419001456,MEERA,IND,jamnagar_vadinar_sep_oct2025,2025-09-09 05:00:00+00:00,2025-09-12 03:00:00+00:00,70.0,71,1.0,22.48479,69.66845,4.983,extended,flagged_facility,Vadinar terminal / Nayara refinery (EU+UK sanctioned),7.49,False,True,4,,False
419001487,RELTUG EIGHTEEN,IND,jamnagar_vadinar_sep_oct2025,2025-09-06 04:00:00+00:00,2025-09-09 02:00:00+00:00,70.0,71,1.0,22.50113,69.83802,3.563,extended,flagged_facility,Jamnagar (Sikka) marine terminal,14.48,False,True,4,,False
419001487,RELTUG EIGHTEEN,IND,jamnagar_vadinar_sep_oct2025,2025-10-03 14:00:00+00:00,2025-10-06 12:00:00+00:00,70.0,71,1.0,22.50085,69.83873,4.512,extended,flagged_facility,Jamnagar (Sikka) marine terminal,14.52,False,True,4,,False
419014400,M V POONAM,IND,jamnagar_vadinar_sep_oct2025,2025-09-04 19:00:00+00:00,2025-09-07 17:00:00+00:00,70.0,71,1.0,22.50014,69.84014,4.891,extended,flagged_facility,Jamnagar (Sikka) marine terminal,14.6,False,True,4,,False
419901161,M.T TORQUE,IND,jamnagar_vadinar_sep_oct2025,2025-10-05 12:00:00+00:00,2025-10-08 10:00:00+00:00,70.0,71,1.0,22.48606,69.83183,4.39,extended,flagged_facility,Jamnagar (Sikka) marine terminal,13.07,False,True,4,,False
419957006,RAJAVEER  -5,IND,jamnagar_vadinar_sep_oct2025,2025-10-09 01:00:00+00:00,2025-10-11 23:00:00+00:00,70.0,71,1.0,22.46,69.8,0.0,extended,flagged_facility,Jamnagar (Sikka) marine terminal,8.87,False,True,4,,False
419001456,MEERA,IND,jamnagar_vadinar_sep_oct2025,2025-09-02 08:00:00+00:00,2025-09-05 05:00:00+00:00,69.0,70,1.0,22.456,69.67,4.999,extended,flagged_facility,Jamnagar (Sikka) marine terminal,5.9,False,True,4,,False
419001794,RIVER PEARL 10,IND,jamnagar_vadinar_sep_oct2025,2025-09-10 09:00:00+00:00,2025-09-13 06:00:00+00:00,69.0,70,1.0,22.44086,69.67,2.129,extended,flagged_facility,Jamnagar (Sikka) marine terminal,5.28,False,True,4,,False
419001651,KNK NAYRA,IND,jamnagar_vadinar_sep_oct2025,2025-09-23 08:00:00+00:00,2025-09-26 04:00:00+00:00,68.0,69,1.0,22.57058,69.78507,1.17,extended,flagged_facility,Vadinar terminal / Nayara refinery (EU+UK sanctioned),14.06,False,True,4,,False
419066300,SB EAGLE,IND,jamnagar_vadinar_sep_oct2025,2025-09-18 20:00:00+00:00,2025-09-21 16:00:00+00:00,68.0,69,1.0,22.50406,69.83348,4.805,extended,flagged_facility,Jamnagar (Sikka) marine terminal,14.28,False,True,4,,False
419902339,MT MAHADEV,IND,jamnagar_vadinar_sep_oct2025,2025-09-06 13:00:00+00:00,2025-09-09 09:00:00+00:00,68.0,61,0.884,22.43016,69.67,1.094,extended,flagged_facility,Jamnagar (Sikka) marine terminal,5.14,False,True,4,,False
419991279,DARIYA JYOT,IND,jamnagar_vadinar_sep_oct2025,2025-09-19 12:00:00+00:00,2025-09-22 08:00:00+00:00,68.0,69,1.0,22.4329,69.67217,3.022,extended,flagged_facility,Jamnagar (Sikka) marine terminal,4.93,False,True,4,,False
419024600,ESSAR TUG XI,IND,jamnagar_vadinar_sep_oct2025,2025-10-09 04:00:00+00:00,2025-10-11 23:00:00+00:00,67.0,68,1.0,22.39,69.61,0.0,extended,flagged_facility,Jamnagar (Sikka) marine terminal,12.15,False,True,4,,False
419032300,AQUA SUN,IND,jamnagar_vadinar_sep_oct2025,2025-09-21 09:00:00+00:00,2025-09-24 04:00:00+00:00,67.0,67,0.985,22.56866,69.84328,3.628,extended,flagged_facility,Jamnagar (Sikka) marine terminal,19.95,False,True,4,,False
419066300,SB EAGLE,IND,jamnagar_vadinar_sep_oct2025,2025-10-08 06:00:00+00:00,2025-10-11 01:00:00+00:00,67.0,68,1.0,22.49368,69.84765,1.944,extended,flagged_facility,Jamnagar (Sikka) marine terminal,14.91,False,True,4,,False
419293000,RELTUG 7,IND,jamnagar_vadinar_sep_oct2025,2025-09-02 08:00:00+00:00,2025-09-05 03:00:00+00:00,67.0,67,0.985,22.49299,69.84746,4.121,extended,flagged_facility,Jamnagar (Sikka) marine terminal,14.85,False,True,4,,False
419956787,DAWN II,IND,jamnagar_vadinar_sep_oct2025,2025-09-23 05:00:00+00:00,2025-09-26 00:00:00+00:00,67.0,68,1.0,22.56897,69.84191,4.723,extended,flagged_facility,Vadinar terminal / Nayara refinery (EU+UK sanctioned),19.82,False,True,4,,False
419001058,,IND,jamnagar_vadinar_sep_oct2025,2025-09-17 18:00:00+00:00,2025-09-20 12:00:00+00:00,66.0,58,0.866,22.57931,69.85034,4.001,extended,flagged_facility,Vadinar terminal / Nayara refinery (EU+UK sanctioned),20.83,False,True,4,,False
419077800,REL DARSHAN,IND,jamnagar_vadinar_sep_oct2025,2025-09-12 09:00:00+00:00,2025-09-15 03:00:00+00:00,66.0,64,0.955,22.56328,69.85015,3.138,extended,flagged_facility,Jamnagar (Sikka) marine terminal,19.96,False,True,4,,False
419001208,DIPPER,IND,jamnagar_vadinar_sep_oct2025,2025-09-28 15:00:00+00:00,2025-10-01 08:00:00+00:00,65.0,66,1.0,22.52758,69.70439,2.643,extended,flagged_facility,Vadinar terminal / Nayara refinery (EU+UK sanctioned),6.12,False,True,4,,False
419001715,ZINNIA STAR,IND,jamnagar_vadinar_sep_oct2025,2025-09-14 10:00:00+00:00,2025-09-17 03:00:00+00:00,65.0,66,1.0,22.52682,69.70773,3.697,extended,flagged_facility,Vadinar terminal / Nayara refinery (EU+UK sanctioned),6.47,False,True,4,,False
419292000,RELTUG SIX,IND,jamnagar_vadinar_sep_oct2025,2025-09-29 12:00:00+00:00,2025-10-02 05:00:00+00:00,65.0,59,0.894,22.49797,69.83339,4.297,extended,flagged_facility,Jamnagar (Sikka) marine terminal,13.89,False,True,4,,False
419000638,OCEAN     EMPIRE,IND,jamnagar_vadinar_sep_oct2025,2025-10-07 04:00:00+00:00,2025-10-09 20:00:00+00:00,64.0,65,1.0,22.52723,69.70492,3.965,extended,flagged_facility,Vadinar terminal / Nayara refinery (EU+UK sanctioned),6.18,False,True,4,,False
419001715,ZINNIA STAR,IND,jamnagar_vadinar_sep_oct2025,2025-10-07 08:00:00+00:00,2025-10-10 00:00:00+00:00,64.0,65,1.0,22.44062,69.67,1.044,extended,flagged_facility,Jamnagar (Sikka) marine terminal,5.27,False,True,4,,False
419001794,RIVER PEARL 10,IND,jamnagar_vadinar_sep_oct2025,2025-09-20 11:00:00+00:00,2025-09-23 03:00:00+00:00,64.0,65,1.0,22.44431,69.66969,4.092,extended,flagged_facility,Jamnagar (Sikka) marine terminal,5.41,False,True,4,,False
419001472,OCEAN PRIDE,IND,jamnagar_vadinar_sep_oct2025,2025-09-11 22:00:00+00:00,2025-09-14 13:00:00+00:00,63.0,59,0.922,22.44169,69.66983,4.377,extended,flagged_facility,Jamnagar (Sikka) marine terminal,5.32,False,True,4,,False
419014300,M V APURVA,IND,jamnagar_vadinar_sep_oct2025,2025-09-24 21:00:00+00:00,2025-09-27 12:00:00+00:00,63.0,64,1.0,22.50078,69.83781,4.433,extended,flagged_facility,Jamnagar (Sikka) marine terminal,14.44,False,True,4,,False
419014400,M V POONAM,IND,jamnagar_vadinar_sep_oct2025,2025-09-10 13:00:00+00:00,2025-09-13 04:00:00+00:00,63.0,64,1.0,22.50016,69.83984,1.49,extended,flagged_facility,Jamnagar (Sikka) marine terminal,14.58,False,True,4,,False
419066300,SB EAGLE,IND,jamnagar_vadinar_sep_oct2025,2025-09-26 23:00:00+00:00,2025-09-29 14:00:00+00:00,63.0,64,1.0,22.50125,69.83687,4.956,extended,flagged_facility,Jamnagar (Sikka) marine terminal,14.39,False,True,4,,False
419001390,KNK ASHIMA,IND,jamnagar_vadinar_sep_oct2025,2025-09-15 01:00:00+00:00,2025-09-17 15:00:00+00:00,62.0,63,1.0,22.50175,69.66032,4.368,extended,flagged_facility,Vadinar terminal / Nayara refinery (EU+UK sanctioned),5.47,False,True,4,,False
419001390,KNK ASHIMA,IND,jamnagar_vadinar_sep_oct2025,2025-09-17 16:00:00+00:00,2025-09-20 06:00:00+00:00,62.0,63,1.0,22.44016,69.67,1.094,extended,flagged_facility,Jamnagar (Sikka) marine terminal,5.26,False,True,4,,False
419001472,OCEAN PRIDE,IND,jamnagar_vadinar_sep_oct2025,2025-09-17 20:00:00+00:00,2025-09-20 10:00:00+00:00,62.0,59,0.937,22.44,69.67,0.0,extended,flagged_facility,Jamnagar (Sikka) marine terminal,5.26,False,True,4,,False
419014300,M V APURVA,IND,jamnagar_vadinar_sep_oct2025,2025-09-16 07:00:00+00:00,2025-09-18 21:00:00+00:00,62.0,63,1.0,22.50063,69.83857,4.509,extended,flagged_facility,Jamnagar (Sikka) marine terminal,14.5,False,True,4,,False
419057400,RELTUG TWELVE,IND,jamnagar_vadinar_sep_oct2025,2025-09-21 00:00:00+00:00,2025-09-23 14:00:00+00:00,62.0,63,1.0,22.4919,69.84762,3.478,extended,flagged_facility,Jamnagar (Sikka) marine terminal,14.81,False,True,4,,False
419001651,KNK NAYRA,IND,jamnagar_vadinar_sep_oct2025,2025-09-17 14:00:00+00:00,2025-09-20 03:00:00+00:00,61.0,62,1.0,22.57,69.78548,1.94,extended,flagged_facility,Vadinar terminal / Nayara refinery (EU+UK sanctioned),14.09,False,True,4,,False
419072600,REL TUG FIFTEEN,IND,jamnagar_vadinar_sep_oct2025,2025-09-16 10:00:00+00:00,2025-09-18 23:00:00+00:00,61.0,58,0.935,22.4931,69.84638,4.787,extended,flagged_facility,Jamnagar (Sikka) marine terminal,14.76,False,True,4,,False
419292000,RELTUG SIX,IND,jamnagar_vadinar_sep_oct2025,2025-09-01 00:00:00+00:00,2025-09-03 13:00:00+00:00,61.0,62,1.0,22.48,69.83,0.0,extended,flagged_facility,Jamnagar (Sikka) marine terminal,12.6,False,True,4,,False
419902339,MT MAHADEV,IND,jamnagar_vadinar_sep_oct2025,2025-10-09 10:00:00+00:00,2025-10-11 23:00:00+00:00,61.0,62,1.0,22.43,69.66903,0.928,extended,flagged_facility,Jamnagar (Sikka) marine terminal,5.24,False,True,4,,False
419956564,M.T.KB-XVII,IND,jamnagar_vadinar_sep_oct2025,2025-09-05 11:00:00+00:00,2025-09-08 00:00:00+00:00,61.0,55,0.887,22.69891,69.62727,2.231,extended,flagged_facility,Vadinar terminal / Nayara refinery (EU+UK sanctioned),16.72,False,True,4,,False
419956787,DAWN II,IND,jamnagar_vadinar_sep_oct2025,2025-10-01 15:00:00+00:00,2025-10-04 04:00:00+00:00,61.0,62,1.0,22.57613,69.84226,3.971,extended,flagged_facility,Vadinar terminal / Nayara refinery (EU+UK sanctioned),19.95,False,True,4,,False
419077600,NIVARAK,IND,jamnagar_vadinar_sep_oct2025,2025-09-24 07:00:00+00:00,2025-09-26 19:00:00+00:00,60.0,53,0.869,22.39,69.61,0.0,extended,flagged_facility,Jamnagar (Sikka) marine terminal,12.15,False,True,4,,False
419001286,TUG KB XI,IND,jamnagar_vadinar_sep_oct2025,2025-09-14 14:00:00+00:00,2025-09-17 01:00:00+00:00,59.0,60,1.0,22.495,69.69283,3.903,extended,flagged_facility,Vadinar terminal / Nayara refinery (EU+UK sanctioned),7.53,False,True,4,,False
419001358,PRABHAT SHOBHA,IND,jamnagar_vadinar_sep_oct2025,2025-09-28 19:00:00+00:00,2025-10-01 06:00:00+00:00,59.0,60,1.0,22.45,69.79,0.0,extended,flagged_facility,Jamnagar (Sikka) marine terminal,7.53,False,True,4,,False
419001487,RELTUG EIGHTEEN,IND,jamnagar_vadinar_sep_oct2025,2025-10-08 12:00:00+00:00,2025-10-10 23:00:00+00:00,59.0,60,1.0,22.5005,69.83916,2.234,extended,flagged_facility,Jamnagar (Sikka) marine terminal,14.54,False,True,4,,False
419001651,KNK NAYRA,IND,jamnagar_vadinar_sep_oct2025,2025-09-04 02:00:00+00:00,2025-09-06 13:00:00+00:00,59.0,60,1.0,22.6095,69.83683,4.806,extended,flagged_facility,Vadinar terminal / Nayara refinery (EU+UK sanctioned),20.29,False,True,4,,False
419057400,RELTUG TWELVE,IND,jamnagar_vadinar_sep_oct2025,2025-09-23 21:00:00+00:00,2025-09-26 08:00:00+00:00,59.0,60,1.0,22.49233,69.847,4.89,extended,flagged_facility,Jamnagar (Sikka) marine terminal,14.78,False,True,4,,False
419066400,M V CHETAK,IND,jamnagar_vadinar_sep_oct2025,2025-09-17 15:00:00+00:00,2025-09-20 02:00:00+00:00,59.0,56,0.933,22.49446,69.8475,4.005,extended,flagged_facility,Jamnagar (Sikka) marine terminal,14.93,False,True,4,,False
419077600,NIVARAK,IND,jamnagar_vadinar_sep_oct2025,2025-09-15 11:00:00+00:00,2025-09-17 22:00:00+00:00,59.0,33,0.55,22.39,69.61,0.0,extended,flagged_facility,Jamnagar (Sikka) marine terminal,12.15,False,True,4,,False
419079300,MV ANJALI,IND,jamnagar_vadinar_sep_oct2025,2025-09-16 12:00:00+00:00,2025-09-18 23:00:00+00:00,59.0,60,1.0,22.5005,69.83933,3.712,extended,flagged_facility,Jamnagar (Sikka) marine terminal,14.55,False,True,4,,False
419902339,MT MAHADEV,IND,jamnagar_vadinar_sep_oct2025,2025-09-03 18:00:00+00:00,2025-09-06 05:00:00+00:00,59.0,57,0.95,22.43053,69.67,2.165,extended,flagged_facility,Jamnagar (Sikka) marine terminal,5.14,False,True,4,,False
419000056,SUCCESS NETRAVATI,IND,jamnagar_vadinar_sep_oct2025,2025-09-24 04:00:00+00:00,2025-09-26 14:00:00+00:00,58.0,57,0.966,22.4393,69.67895,1.384,extended,flagged_facility,Jamnagar (Sikka) marine terminal,4.34,False,True,4,,False
419000638,OCEAN     EMPIRE,IND,jamnagar_vadinar_sep_oct2025,2025-09-15 15:00:00+00:00,2025-09-18 01:00:00+00:00,58.0,59,1.0,22.44034,69.67,1.074,extended,flagged_facility,Jamnagar (Sikka) marine terminal,5.27,False,True,4,,False
419001488,RELTUG NINETEEN,IND,jamnagar_vadinar_sep_oct2025,2025-10-02 21:00:00+00:00,2025-10-05 07:00:00+00:00,58.0,59,1.0,22.50068,69.83915,3.686,extended,flagged_facility,Jamnagar (Sikka) marine terminal,14.55,False,True,4,,False
419077600,NIVARAK,IND,jamnagar_vadinar_sep_oct2025,2025-09-08 18:00:00+00:00,2025-09-11 04:00:00+00:00,58.0,37,0.627,22.39,69.61,0.0,extended,flagged_facility,Jamnagar (Sikka) marine terminal,12.15,False,True,4,,False
419077800,REL DARSHAN,IND,jamnagar_vadinar_sep_oct2025,2025-09-03 00:00:00+00:00,2025-09-05 10:00:00+00:00,58.0,55,0.932,22.55982,69.84927,3.198,extended,flagged_facility,Jamnagar (Sikka) marine terminal,19.62,False,True,4,,False
419001058,,IND,jamnagar_vadinar_sep_oct2025,2025-09-03 00:00:00+00:00,2025-09-05 09:00:00+00:00,57.0,50,0.862,22.5928,69.8464,3.706,extended,flagged_facility,Vadinar terminal / Nayara refinery (EU+UK sanctioned),20.72,False,True,4,,False
419001517,SHARAN,IND,jamnagar_vadinar_sep_oct2025,2025-10-06 22:00:00+00:00,2025-10-09 07:00:00+00:00,57.0,58,1.0,22.39,69.61,0.0,extended,flagged_facility,Jamnagar (Sikka) marine terminal,12.15,False,True,4,,False
419002048,CMA CGM DIAMOND,IND,jamnagar_vadinar_sep_oct2025,2025-09-14 15:00:00+00:00,2025-09-17 00:00:00+00:00,57.0,58,1.0,22.69828,69.77931,4.136,extended,flagged_facility,Vadinar terminal / Nayara refinery (EU+UK sanctioned),21.17,False,True,4,,False
419033600,RELTUG ELEVEN,IND,jamnagar_vadinar_sep_oct2025,2025-09-23 23:00:00+00:00,2025-09-26 08:00:00+00:00,57.0,58,1.0,22.49276,69.84638,4.811,extended,flagged_facility,Jamnagar (Sikka) marine terminal,14.74,False,True,4,,False
419033600,RELTUG ELEVEN,IND,jamnagar_vadinar_sep_oct2025,2025-09-26 21:00:00+00:00,2025-09-29 06:00:00+00:00,57.0,58,1.0,22.49069,69.84896,2.899,extended,flagged_facility,Jamnagar (Sikka) marine terminal,14.87,False,True,4,,False
419072600,REL TUG FIFTEEN,IND,jamnagar_vadinar_sep_oct2025,2025-09-19 00:00:00+00:00,2025-09-21 09:00:00+00:00,57.0,58,1.0,22.59017,69.86552,1.932,extended,flagged_facility,Vadinar terminal / Nayara refinery (EU+UK sanctioned),22.58,False,True,4,,False
419072600,REL TUG FIFTEEN,IND,jamnagar_vadinar_sep_oct2025,2025-10-01 00:00:00+00:00,2025-10-03 09:00:00+00:00,57.0,58,1.0,22.59086,69.86207,3.341,extended,flagged_facility,Vadinar terminal / Nayara refinery (EU+UK sanctioned),22.24,False,True,4,,False
419077600,NIVARAK,IND,jamnagar_vadinar_sep_oct2025,2025-10-09 14:00:00+00:00,2025-10-11 23:00:00+00:00,57.0,52,0.897,22.39,69.61,0.0,extended,flagged_facility,Jamnagar (Sikka) marine terminal,12.15,False,True,4,,False
419956442,M.T.KB VI,IND,jamnagar_vadinar_sep_oct2025,2025-09-04 23:00:00+00:00,2025-09-07 08:00:00+00:00,57.0,45,0.776,22.578,69.844,3.837,extended,flagged_facility,Vadinar terminal / Nayara refinery (EU+UK sanctioned),20.16,False,True,4,,False
419956442,M.T.KB VI,IND,jamnagar_vadinar_sep_oct2025,2025-09-23 01:00:00+00:00,2025-09-25 10:00:00+00:00,57.0,58,1.0,22.58259,69.83638,4.963,extended,flagged_facility,Vadinar terminal / Nayara refinery (EU+UK sanctioned),19.48,False,True,4,,False
419001085,RELTUG SEVENTEEN,IND,jamnagar_vadinar_sep_oct2025,2025-10-04 04:00:00+00:00,2025-10-06 12:00:00+00:00,56.0,57,1.0,22.49404,69.84579,4.675,extended,flagged_facility,Jamnagar (Sikka) marine terminal,14.76,False,True,4,,False
419001208,DIPPER,IND,jamnagar_vadinar_sep_oct2025,2025-09-06 20:00:00+00:00,2025-09-09 04:00:00+00:00,56.0,57,1.0,22.51421,69.70088,2.915,extended,flagged_facility,Vadinar terminal / Nayara refinery (EU+UK sanctioned),6.57,False,True,4,,False
419001715,ZINNIA STAR,IND,jamnagar_vadinar_sep_oct2025,2025-09-04 17:00:00+00:00,2025-09-07 01:00:00+00:00,56.0,57,1.0,22.44193,69.66965,3.275,extended,flagged_facility,Jamnagar (Sikka) marine terminal,5.34,False,True,4,,False
419032300,AQUA SUN,IND,jamnagar_vadinar_sep_oct2025,2025-09-07 01:00:00+00:00,2025-09-09 09:00:00+00:00,56.0,52,0.912,22.57346,69.83711,4.128,extended,flagged_facility,Vadinar terminal / Nayara refinery (EU+UK sanctioned),19.39,False,True,4,,False
419000638,OCEAN     EMPIRE,IND,jamnagar_vadinar_sep_oct2025,2025-09-25 01:00:00+00:00,2025-09-27 08:00:00+00:00,55.0,56,1.0,22.52607,69.705,2.184,extended,flagged_facility,Vadinar terminal / Nayara refinery (EU+UK sanctioned),6.24,False,True,4,,False
419000765,CALYPSO FORTUNE,IND,jamnagar_vadinar_sep_oct2025,2025-09-05 07:00:00+00:00,2025-09-07 14:00:00+00:00,55.0,56,1.0,22.5775,69.81339,4.391,extended,flagged_facility,Vadinar terminal / Nayara refinery (EU+UK sanctioned),17.05,False,True,4,,False
419001085,RELTUG SEVENTEEN,IND,jamnagar_vadinar_sep_oct2025,2025-09-25 16:00:00+00:00,2025-09-27 22:00:00+00:00,54.0,55,1.0,22.49236,69.84836,4.998,extended,flagged_facility,Jamnagar (Sikka) marine terminal,14.9,False,True,4,,False
419001517,SHARAN,IND,jamnagar_vadinar_sep_oct2025,2025-09-01 22:00:00+00:00,2025-09-04 04:00:00+00:00,54.0,55,1.0,22.39,69.61,0.0,extended,flagged_facility,Jamnagar (Sikka) marine terminal,12.15,False,True,4,,False
419033600,RELTUG ELEVEN,IND,jamnagar_vadinar_sep_oct2025,2025-09-05 19:00:00+00:00,2025-09-08 01:00:00+00:00,54.0,55,1.0,22.49164,69.84782,4.256,extended,flagged_facility,Jamnagar (Sikka) marine terminal,14.82,False,True,4,,False
419033600,RELTUG ELEVEN,IND,jamnagar_vadinar_sep_oct2025,2025-09-30 03:00:00+00:00,2025-10-02 09:00:00+00:00,54.0,55,1.0,22.49218,69.84745,4.937,extended,flagged_facility,Jamnagar (Sikka) marine terminal,14.81,False,True,4,,False
419014400,M V POONAM,IND,jamnagar_vadinar_sep_oct2025,2025-09-14 21:00:00+00:00,2025-09-17 02:00:00+00:00,53.0,54,1.0,22.50093,69.83926,3.679,extended,flagged_facility,Jamnagar (Sikka) marine terminal,14.57,False,True,4,,False
419072600,REL TUG FIFTEEN,IND,jamnagar_vadinar_sep_oct2025,2025-09-24 02:00:00+00:00,2025-09-26 07:00:00+00:00,53.0,54,1.0,22.58,69.835,0.513,extended,flagged_facility,Vadinar terminal / Nayara refinery (EU+UK sanctioned),19.29,False,True,4,,False
419293000,RELTUG 7,IND,jamnagar_vadinar_sep_oct2025,2025-09-16 16:00:00+00:00,2025-09-18 21:00:00+00:00,53.0,54,1.0,22.58,69.835,4.209,extended,flagged_facility,Vadinar terminal / Nayara refinery (EU+UK sanctioned),19.29,False,True,4,,False
419956663,M.V. MANGAL MURTI,IND,jamnagar_vadinar_sep_oct2025,2025-10-09 18:00:00+00:00,2025-10-11 23:00:00+00:00,53.0,53,0.981,22.43189,69.66943,2.015,extended,flagged_facility,Jamnagar (Sikka) marine terminal,5.2,False,True,4,,False
419956786,MSV FAZLERABBI 2192,IND,jamnagar_vadinar_sep_oct2025,2025-10-05 21:00:00+00:00,2025-10-08 02:00:00+00:00,53.0,45,0.833,22.69444,69.74933,3.948,extended,flagged_facility,Vadinar terminal / Nayara refinery (EU+UK sanctioned),19.02,False,True,4,,False
419957016,KB 47,IND,jamnagar_vadinar_sep_oct2025,2025-09-01 00:00:00+00:00,2025-09-03 05:00:00+00:00,53.0,49,0.907,22.68898,69.66898,1.667,extended,flagged_facility,Vadinar terminal / Nayara refinery (EU+UK sanctioned),15.58,False,True,4,,False
419958545,,IND,jamnagar_vadinar_sep_oct2025,2025-10-05 12:00:00+00:00,2025-10-07 17:00:00+00:00,53.0,18,0.333,22.46611,69.67056,3.921,extended,flagged_facility,Jamnagar (Sikka) marine terminal,6.48,False,True,4,,False
419001208,DIPPER,IND,jamnagar_vadinar_sep_oct2025,2025-09-18 07:00:00+00:00,2025-09-20 11:00:00+00:00,52.0,53,1.0,22.52528,69.69925,2.062,extended,flagged_facility,Vadinar terminal / Nayara refinery (EU+UK sanctioned),5.76,False,True,4,,False
419001613,M.T. OCEAN BIRD,IND,jamnagar_vadinar_sep_oct2025,2025-09-10 14:00:00+00:00,2025-09-12 18:00:00+00:00,52.0,53,1.0,22.56434,69.75679,3.159,extended,flagged_facility,Vadinar terminal / Nayara refinery (EU+UK sanctioned),11.08,False,True,4,,False
419001715,ZINNIA STAR,IND,jamnagar_vadinar_sep_oct2025,2025-09-18 04:00:00+00:00,2025-09-20 08:00:00+00:00,52.0,53,1.0,22.44,69.67,0.0,extended,flagged_facility,Jamnagar (Sikka) marine terminal,5.26,False,True,4,,False
419001794,RIVER PEARL 10,IND,jamnagar_vadinar_sep_oct2025,2025-09-18 03:00:00+00:00,2025-09-20 07:00:00+00:00,52.0,53,1.0,22.44113,69.67,3.21,extended,flagged_facility,Jamnagar (Sikka) marine terminal,5.29,False,True,4,,False
419066300,SB EAGLE,IND,jamnagar_vadinar_sep_oct2025,2025-09-14 11:00:00+00:00,2025-09-16 15:00:00+00:00,52.0,53,1.0,22.49453,69.84849,4.073,extended,flagged_facility,Jamnagar (Sikka) marine terminal,15.03,False,True,4,,False
419072500,RELTUG 16,IND,jamnagar_vadinar_sep_oct2025,2025-09-13 16:00:00+00:00,2025-09-15 20:00:00+00:00,52.0,53,1.0,22.49302,69.8449,4.984,extended,flagged_facility,Jamnagar (Sikka) marine terminal,14.62,False,True,4,,False
419902339,MT MAHADEV,IND,jamnagar_vadinar_sep_oct2025,2025-10-02 00:00:00+00:00,2025-10-04 04:00:00+00:00,52.0,47,0.887,22.43106,69.67,0.994,extended,flagged_facility,Jamnagar (Sikka) marine terminal,5.14,False,True,4,,False
419000638,OCEAN     EMPIRE,IND,jamnagar_vadinar_sep_oct2025,2025-09-20 23:00:00+00:00,2025-09-23 02:00:00+00:00,51.0,52,1.0,22.44019,69.67,1.091,extended,flagged_facility,Jamnagar (Sikka) marine terminal,5.26,False,True,4,,False
419001286,TUG KB XI,IND,jamnagar_vadinar_sep_oct2025,2025-09-09 12:00:00+00:00,2025-09-11 15:00:00+00:00,51.0,52,1.0,22.50058,69.69058,3.832,extended,flagged_facility,Vadinar terminal / Nayara refinery (EU+UK sanctioned),6.9,False,True,4,,False
419032300,AQUA SUN,IND,jamnagar_vadinar_sep_oct2025,2025-10-07 20:00:00+00:00,2025-10-09 23:00:00+00:00,51.0,52,1.0,22.57115,69.83904,4.418,extended,flagged_facility,Vadinar terminal / Nayara refinery (EU+UK sanctioned),19.55,False,True,4,,False
419072500,RELTUG 16,IND,jamnagar_vadinar_sep_oct2025,2025-09-03 01:00:00+00:00,2025-09-05 04:00:00+00:00,51.0,52,1.0,22.59096,69.81,4.62,extended,flagged_facility,Vadinar terminal / Nayara refinery (EU+UK sanctioned),17.05,False,True,4,,False
419079400,MV APSARA,IND,jamnagar_vadinar_sep_oct2025,2025-10-01 17:00:00+00:00,2025-10-03 20:00:00+00:00,51.0,52,1.0,22.50019,69.83807,2.881,extended,flagged_facility,Jamnagar (Sikka) marine terminal,14.43,False,True,4,,False
419292000,RELTUG SIX,IND,jamnagar_vadinar_sep_oct2025,2025-10-02 06:00:00+00:00,2025-10-04 09:00:00+00:00,51.0,52,1.0,22.5925,69.80404,2.605,extended,flagged_facility,Vadinar terminal / Nayara refinery (EU+UK sanctioned),16.51,False,True,4,,False
419000101,BAITARANI,IND,jamnagar_vadinar_sep_oct2025,2025-09-16 02:00:00+00:00,2025-09-18 04:00:00+00:00,50.0,51,1.0,22.67941,69.65569,3.299,extended,flagged_facility,Vadinar terminal / Nayara refinery (EU+UK sanctioned),14.4,False,True,4,,False
419000638,OCEAN     EMPIRE,IND,jamnagar_vadinar_sep_oct2025,2025-09-11 04:00:00+00:00,2025-09-13 06:00:00+00:00,50.0,51,1.0,22.44118,69.6698,2.323,extended,flagged_facility,Jamnagar (Sikka) marine terminal,5.31,False,True,4,,False
419001488,RELTUG NINETEEN,IND,jamnagar_vadinar_sep_oct2025,2025-10-05 08:00:00+00:00,2025-10-07 10:00:00+00:00,50.0,51,1.0,22.57098,69.78549,2.646,extended,flagged_facility,Vadinar terminal / Nayara refinery (EU+UK sanctioned),14.11,False,True,4,,False
419057400,RELTUG TWELVE,IND,jamnagar_vadinar_sep_oct2025,2025-09-27 03:00:00+00:00,2025-09-29 05:00:00+00:00,50.0,51,1.0,22.49039,69.84941,1.441,extended,flagged_facility,Jamnagar (Sikka) marine terminal,14.9,False,True,4,,False
419057400,RELTUG TWELVE,IND,jamnagar_vadinar_sep_oct2025,2025-10-09 21:00:00+00:00,2025-10-11 23:00:00+00:00,50.0,51,1.0,22.49196,69.84765,4.217,extended,flagged_facility,Jamnagar (Sikka) marine terminal,14.82,False,True,4,,False
419072700,RELTUG 14,IND,jamnagar_vadinar_sep_oct2025,2025-09-02 00:00:00+00:00,2025-09-04 02:00:00+00:00,50.0,51,1.0,22.49078,69.84706,4.981,extended,flagged_facility,Jamnagar (Sikka) marine terminal,14.7,False,True,4,,False
419672000,JAG PUSHPA,IND,jamnagar_vadinar_sep_oct2025,2025-10-01 02:00:00+00:00,2025-10-03 04:00:00+00:00,50.0,51,1.0,22.50059,69.83902,3.68,extended,flagged_facility,Jamnagar (Sikka) marine terminal,14.53,False,True,4,,False
419956442,M.T.KB VI,IND,jamnagar_vadinar_sep_oct2025,2025-09-20 11:00:00+00:00,2025-09-22 13:00:00+00:00,50.0,51,1.0,22.59,69.84019,3.336,extended,flagged_facility,Vadinar terminal / Nayara refinery (EU+UK sanctioned),20.03,False,True,4,,False
419956787,DAWN II,IND,jamnagar_vadinar_sep_oct2025,2025-09-03 01:00:00+00:00,2025-09-05 03:00:00+00:00,50.0,51,1.0,22.56392,69.84313,4.002,extended,flagged_facility,Jamnagar (Sikka) marine terminal,19.54,False,True,4,,False
419001085,RELTUG SEVENTEEN,IND,jamnagar_vadinar_sep_oct2025,2025-09-06 05:00:00+00:00,2025-09-08 06:00:00+00:00,49.0,50,1.0,22.4928,69.849,3.54,extended,flagged_facility,Jamnagar (Sikka) marine terminal,14.98,False,True,4,,False
419014300,M V APURVA,IND,jamnagar_vadinar_sep_oct2025,2025-09-27 15:00:00+00:00,2025-09-29 16:00:00+00:00,49.0,50,1.0,22.5004,69.8386,4.524,extended,flagged_facility,Jamnagar (Sikka) marine terminal,14.48,False,True,4,,False
419014400,M V POONAM,IND,jamnagar_vadinar_sep_oct2025,2025-09-02 15:00:00+00:00,2025-09-04 16:00:00+00:00,49.0,50,1.0,22.4998,69.8402,1.484,extended,flagged_facility,Jamnagar (Sikka) marine terminal,14.59,False,True,4,,False
419033900,REL SAGAR,IND,jamnagar_vadinar_sep_oct2025,2025-09-24 03:00:00+00:00,2025-09-26 04:00:00+00:00,49.0,50,1.0,22.51,69.8,0.0,extended,flagged_facility,Jamnagar (Sikka) marine terminal,12.11,False,True,4,,False
419473000,DESH GAURAV,IND,jamnagar_vadinar_sep_oct2025,2025-10-09 12:00:00+00:00,2025-10-11 13:00:00+00:00,49.0,50,1.0,22.5436,69.7076,3.038,extended,flagged_facility,Vadinar terminal / Nayara refinery (EU+UK sanctioned),5.96,False,True,4,,False
440728000,KMTC MANILA,KOR,jamnagar_vadinar_sep_oct2025,2025-09-15 20:00:00+00:00,2025-09-17 20:00:00+00:00,48.0,49,1.0,22.68,69.72,0.0,ordinary,flagged_facility,Vadinar terminal / Nayara refinery (EU+UK sanctioned),16.14,False,False,4,,False
477117500,WEALTHY BAY,HKG,jamnagar_vadinar_sep_oct2025,2025-09-18 07:00:00+00:00,2025-09-20 07:00:00+00:00,48.0,49,1.0,22.4602,69.7998,1.483,ordinary,flagged_facility,Jamnagar (Sikka) marine terminal,8.86,False,False,4,,False
613914210,EDERRA,CMR,jamnagar_vadinar_sep_oct2025,2025-10-06 02:00:00+00:00,2025-10-08 02:00:00+00:00,48.0,49,1.0,22.58,69.63428,3.644,ordinary,flagged_facility,Vadinar terminal / Nayara refinery (EU+UK sanctioned),3.71,False,False,4,,False
629009592,JEWEL 1,GMB,jamnagar_vadinar_sep_oct2025,2025-10-06 02:00:00+00:00,2025-10-08 02:00:00+00:00,48.0,49,1.0,22.6102,69.8351,1.877,ordinary,flagged_facility,Vadinar terminal / Nayara refinery (EU+UK sanctioned),20.15,False,False,4,,False
636022033,GAS AMMON,LBR,jamnagar_vadinar_sep_oct2025,2025-09-10 11:00:00+00:00,2025-09-12 11:00:00+00:00,48.0,49,1.0,22.46061,69.79959,3.838,ordinary,flagged_facility,Jamnagar (Sikka) marine terminal,8.86,False,False,4,,False
311001100,KOKKARI,BHS,jamnagar_vadinar_sep_oct2025,2025-09-11 06:00:00+00:00,2025-09-13 05:00:00+00:00,47.0,48,1.0,22.61042,69.83479,4.219,ordinary,flagged_facility,Vadinar terminal / Nayara refinery (EU+UK sanctioned),20.13,False,False,4,,False
341790000,CHEM STAR,KNA,jamnagar_vadinar_sep_oct2025,2025-09-04 07:00:00+00:00,2025-09-06 06:00:00+00:00,47.0,48,1.0,22.46063,69.79938,4.448,ordinary,flagged_facility,Jamnagar (Sikka) marine terminal,8.84,False,False,4,,False
667002320,LERUO,SLE,jamnagar_vadinar_sep_oct2025,2025-09-07 19:00:00+00:00,2025-09-09 18:00:00+00:00,47.0,48,1.0,22.45,69.67,0.0,ordinary,flagged_facility,Jamnagar (Sikka) marine terminal,5.6,False,False,4,,False
249075000,CMA CGM TITUS,MLT,jamnagar_vadinar_sep_oct2025,2025-09-01 06:00:00+00:00,2025-09-03 04:00:00+00:00,46.0,47,1.0,22.65021,69.71894,4.484,ordinary,flagged_facility,Vadinar terminal / Nayara refinery (EU+UK sanctioned),13.2,False,False,4,,False
255805928,NORDMARLIN,PRT,jamnagar_vadinar_sep_oct2025,2025-09-30 11:00:00+00:00,2025-10-02 09:00:00+00:00,46.0,47,1.0,22.5,69.84,0.0,ordinary,flagged_facility,Jamnagar (Sikka) marine terminal,14.58,False,False,4,,False
613914210,EDERRA,CMR,jamnagar_vadinar_sep_oct2025,2025-10-02 14:00:00+00:00,2025-10-04 12:00:00+00:00,46.0,47,1.0,22.55021,69.60255,2.838,ordinary,flagged_facility,Vadinar terminal / Nayara refinery (EU+UK sanctioned),4.87,False,False,4,,False
626443000,URIEL,GAB,jamnagar_vadinar_sep_oct2025,2025-09-26 04:00:00+00:00,2025-09-28 02:00:00+00:00,46.0,47,1.0,22.45085,69.66957,4.795,ordinary,flagged_facility,Jamnagar (Sikka) marine terminal,5.68,False,False,4,,False
629009634,SIERRA,GMB,jamnagar_vadinar_sep_oct2025,2025-09-03 06:00:00+00:00,2025-09-05 04:00:00+00:00,46.0,47,1.0,22.59,69.81,0.0,ordinary,flagged_facility,Vadinar terminal / Nayara refinery (EU+UK sanctioned),17.02,False,False,4,,False
636015722,T RIGEL,LBR,jamnagar_vadinar_sep_oct2025,2025-09-21 09:00:00+00:00,2025-09-23 07:00:00+00:00,46.0,47,1.0,22.46,69.8,0.0,ordinary,flagged_facility,Jamnagar (Sikka) marine terminal,8.87,False,False,4,,False
1651,,,jamnagar_vadinar_sep_oct2025,2025-10-10 02:00:00+00:00,2025-10-11 23:00:00+00:00,45.0,46,1.0,22.56022,69.75935,1.451,ordinary,flagged_facility,Vadinar terminal / Nayara refinery (EU+UK sanctioned),11.29,False,False,4,,False
249182000,NORTHERNLIGHT,MLT,jamnagar_vadinar_sep_oct2025,2025-09-14 00:00:00+00:00,2025-09-15 21:00:00+00:00,45.0,46,1.0,22.50022,69.83978,1.481,ordinary,flagged_facility,Jamnagar (Sikka) marine terminal,14.58,False,False,4,,False
538006130,ARDMORE SEAFOX,MHL,jamnagar_vadinar_sep_oct2025,2025-10-02 16:00:00+00:00,2025-10-04 13:00:00+00:00,45.0,46,1.0,22.49043,69.83978,2.396,ordinary,flagged_facility,Jamnagar (Sikka) marine terminal,14.02,False,False,4,,False
577143000,OPAL,VUT,jamnagar_vadinar_sep_oct2025,2025-10-09 10:00:00+00:00,2025-10-11 07:00:00+00:00,45.0,46,1.0,22.55913,69.61022,4.466,ordinary,flagged_facility,Vadinar terminal / Nayara refinery (EU+UK sanctioned),4.21,False,False,4,,False
357711000,ATLANTIC PIONEER,PAN,jamnagar_vadinar_sep_oct2025,2025-10-02 02:00:00+00:00,2025-10-03 22:00:00+00:00,44.0,45,1.0,22.61044,69.82978,3.236,ordinary,flagged_facility,Vadinar terminal / Nayara refinery (EU+UK sanctioned),19.64,False,False,4,,False
538005225,STI DUCHESSA,MHL,jamnagar_vadinar_sep_oct2025,2025-09-17 04:00:00+00:00,2025-09-19 00:00:00+00:00,44.0,45,1.0,22.50044,69.83911,4.568,ordinary,flagged_facility,Jamnagar (Sikka) marine terminal,14.53,False,False,4,,False
563399000,TORM ALICE,SGP,jamnagar_vadinar_sep_oct2025,2025-09-26 22:00:00+00:00,2025-09-28 18:00:00+00:00,44.0,45,1.0,22.49022,69.84,1.087,ordinary,flagged_facility,Jamnagar (Sikka) marine terminal,14.03,False,False,4,,False
636014394,UNITED VENTURE,LBR,jamnagar_vadinar_sep_oct2025,2025-09-16 10:00:00+00:00,2025-09-18 06:00:00+00:00,44.0,45,1.0,22.59022,69.81044,2.283,ordinary,flagged_facility,Vadinar terminal / Nayara refinery (EU+UK sanctioned),17.07,False,False,4,,False
636025397,SHIRAYUKI,LBR,jamnagar_vadinar_sep_oct2025,2025-09-15 11:00:00+00:00,2025-09-17 07:00:00+00:00,44.0,45,1.0,22.61044,69.836,3.286,ordinary,flagged_facility,Vadinar terminal / Nayara refinery (EU+UK sanctioned),20.24,False,False,4,,False
352004997,PELAGOS,PAN,jamnagar_vadinar_sep_oct2025,2025-10-05 01:00:00+00:00,2025-10-06 20:00:00+00:00,43.0,44,1.0,22.53068,69.71023,3.425,ordinary,flagged_facility,Vadinar terminal / Nayara refinery (EU+UK sanctioned),6.55,False,False,4,,False
610000036,BLUE,BEN,jamnagar_vadinar_sep_oct2025,2025-09-01 09:00:00+00:00,2025-09-03 04:00:00+00:00,43.0,44,1.0,22.67886,69.65796,3.439,ordinary,flagged_facility,Vadinar terminal / Nayara refinery (EU+UK sanctioned),14.35,False,False,4,,False
636015337,HIGH TIDE,LBR,jamnagar_vadinar_sep_oct2025,2025-09-12 06:00:00+00:00,2025-09-14 01:00:00+00:00,43.0,44,1.0,22.5,69.83977,1.003,ordinary,flagged_facility,Jamnagar (Sikka) marine terminal,14.56,False,False,4,,False
636018294,NEW FRIENDSHIP,LBR,jamnagar_vadinar_sep_oct2025,2025-09-16 10:00:00+00:00,2025-09-18 05:00:00+00:00,43.0,44,1.0,22.50091,69.83863,4.5,ordinary,flagged_facility,Jamnagar (Sikka) marine terminal,14.52,False,False,4,,False
636021994,MSC MICHIGAN VII,LBR,jamnagar_vadinar_sep_oct2025,2025-09-24 08:00:00+00:00,2025-09-26 03:00:00+00:00,43.0,44,1.0,22.69023,69.76841,1.189,ordinary,flagged_facility,Vadinar terminal / Nayara refinery (EU+UK sanctioned),19.77,False,False,4,,False
667002320,LERUO,SLE,jamnagar_vadinar_sep_oct2025,2025-09-28 06:00:00+00:00,2025-09-30 01:00:00+00:00,43.0,44,1.0,22.45045,69.67,1.061,ordinary,flagged_facility,Jamnagar (Sikka) marine terminal,5.62,False,False,4,,False
538011161,ADVANTAGE SOLO,MHL,jamnagar_vadinar_sep_oct2025,2025-09-17 04:00:00+00:00,2025-09-18 22:00:00+00:00,42.0,43,1.0,22.58023,69.83372,4.618,ordinary,flagged_facility,Vadinar terminal / Nayara refinery (EU+UK sanctioned),19.16,False,False,4,,False
566737000,MARITIME EQUATOR,SGP,jamnagar_vadinar_sep_oct2025,2025-09-25 05:00:00+00:00,2025-09-26 23:00:00+00:00,42.0,43,1.0,22.49093,69.8393,4.417,ordinary,flagged_facility,Jamnagar (Sikka) marine terminal,14.01,False,False,4,,False
566737000,MARITIME EQUATOR,SGP,jamnagar_vadinar_sep_oct2025,2025-10-05 00:00:00+00:00,2025-10-06 18:00:00+00:00,42.0,43,1.0,22.49093,69.84884,4.384,ordinary,flagged_facility,Jamnagar (Sikka) marine terminal,14.87,False,False,4,,False
620999956,BLUE TALU,COM,jamnagar_vadinar_sep_oct2025,2025-10-05 00:00:00+00:00,2025-10-06 18:00:00+00:00,42.0,43,1.0,22.55047,69.60302,2.194,ordinary,flagged_facility,Vadinar terminal / Nayara refinery (EU+UK sanctioned),4.82,False,False,4,,False
636024677,MUGELLO,LBR,jamnagar_vadinar_sep_oct2025,2025-09-28 06:00:00+00:00,2025-09-30 00:00:00+00:00,42.0,43,1.0,22.50023,69.83953,2.282,ordinary,flagged_facility,Jamnagar (Sikka) marine terminal,14.55,False,False,4,,False
354658000,KARIMATA,PAN,jamnagar_vadinar_sep_oct2025,2025-09-12 08:00:00+00:00,2025-09-14 01:00:00+00:00,41.0,42,1.0,22.59095,69.86643,2.535,ordinary,flagged_facility,Vadinar terminal / Nayara refinery (EU+UK sanctioned),22.68,False,False,4,,False
477108200,BAI LU ZUO,HKG,jamnagar_vadinar_sep_oct2025,2025-09-05 14:00:00+00:00,2025-09-07 07:00:00+00:00,41.0,42,1.0,22.5,69.83976,1.002,ordinary,flagged_facility,Jamnagar (Sikka) marine terminal,14.56,False,False,4,,False
215736000,M/T MADEIRO,MLT,jamnagar_vadinar_sep_oct2025,2025-09-14 12:00:00+00:00,2025-09-16 04:00:00+00:00,40.0,41,1.0,22.49,69.84975,1.003,ordinary,flagged_facility,Jamnagar (Sikka) marine terminal,14.91,False,False,4,,False
311001329,TRINIDAD PEARL,BHS,jamnagar_vadinar_sep_oct2025,2025-09-28 04:00:00+00:00,2025-09-29 20:00:00+00:00,40.0,41,1.0,22.66,69.70488,0.526,ordinary,flagged_facility,Vadinar terminal / Nayara refinery (EU+UK sanctioned),13.47,False,False,4,,False
538002459,YASA NESLIHAN,MHL,jamnagar_vadinar_sep_oct2025,2025-10-10 07:00:00+00:00,2025-10-11 23:00:00+00:00,40.0,41,1.0,22.67,69.76,0.0,ordinary,flagged_facility,Vadinar terminal / Nayara refinery (EU+UK sanctioned),17.48,False,False,4,,False
538006666,SILVER VENUS,MHL,jamnagar_vadinar_sep_oct2025,2025-09-05 09:00:00+00:00,2025-09-07 01:00:00+00:00,40.0,41,1.0,22.50049,69.83926,3.708,ordinary,flagged_facility,Jamnagar (Sikka) marine terminal,14.55,False,False,4,,False
630001159,GARUDA,GNB,jamnagar_vadinar_sep_oct2025,2025-10-05 21:00:00+00:00,2025-10-07 13:00:00+00:00,40.0,41,1.0,22.45,69.67,0.0,ordinary,flagged_facility,Jamnagar (Sikka) marine terminal,5.6,False,False,4,,False
636017970,ALMI TITAN,LBR,jamnagar_vadinar_sep_oct2025,2025-10-10 07:00:00+00:00,2025-10-11 23:00:00+00:00,40.0,41,1.0,22.61,69.83488,0.525,ordinary,flagged_facility,Vadinar terminal / Nayara refinery (EU+UK sanctioned),20.12,False,False,4,,False
636022406,URSUS MARITIMUS,LBR,jamnagar_vadinar_sep_oct2025,2025-09-23 04:00:00+00:00,2025-09-24 20:00:00+00:00,40.0,41,1.0,22.68,69.62683,1.351,ordinary,flagged_facility,Vadinar terminal / Nayara refinery (EU+UK sanctioned),14.65,False,False,4,,False
210257000,CAPE MARY M,CYP,jamnagar_vadinar_sep_oct2025,2025-10-09 17:00:00+00:00,2025-10-11 08:00:00+00:00,39.0,40,1.0,22.66675,69.56575,0.868,ordinary,flagged_facility,Vadinar terminal / Nayara refinery (EU+UK sanctioned),15.6,False,False,4,,False
319287300,BETELGEUSE,CYM,jamnagar_vadinar_sep_oct2025,2025-09-14 18:00:00+00:00,2025-09-16 09:00:00+00:00,39.0,40,1.0,22.602,69.879,2.942,ordinary,flagged_facility,Vadinar terminal / Nayara refinery (EU+UK sanctioned),24.21,False,False,4,,False
352004669,AFRICAN HAMMERKOP,PAN,jamnagar_vadinar_sep_oct2025,2025-10-02 05:00:00+00:00,2025-10-03 20:00:00+00:00,39.0,40,1.0,22.66075,69.55975,3.403,ordinary,flagged_facility,Vadinar terminal / Nayara refinery (EU+UK sanctioned),15.41,False,False,4,,False
414842000,ZHONG GU CHANG SHA,CHN,jamnagar_vadinar_sep_oct2025,2025-09-17 16:00:00+00:00,2025-09-19 07:00:00+00:00,39.0,40,1.0,22.63025,69.70325,1.134,ordinary,flagged_facility,Vadinar terminal / Nayara refinery (EU+UK sanctioned),10.46,False,False,4,,False
563230400,HEMMA BHUM,SGP,jamnagar_vadinar_sep_oct2025,2025-09-13 15:00:00+00:00,2025-09-15 06:00:00+00:00,39.0,40,1.0,22.6765,69.76625,2.479,ordinary,flagged_facility,Vadinar terminal / Nayara refinery (EU+UK sanctioned),18.45,False,False,4,,False
563485000,WAN HAI 311,SGP,jamnagar_vadinar_sep_oct2025,2025-09-01 00:00:00+00:00,2025-09-02 15:00:00+00:00,39.0,40,1.0,22.65525,69.75,0.584,ordinary,flagged_facility,Vadinar terminal / Nayara refinery (EU+UK sanctioned),15.57,False,False,4,,False
563485000,WAN HAI 311,SGP,jamnagar_vadinar_sep_oct2025,2025-09-29 23:00:00+00:00,2025-10-01 14:00:00+00:00,39.0,40,1.0,22.66375,69.71,0.695,ordinary,flagged_facility,Vadinar terminal / Nayara refinery (EU+UK sanctioned),14.07,False,False,4,,False
636013026,BLOOM,LBR,jamnagar_vadinar_sep_oct2025,2025-09-14 13:00:00+00:00,2025-09-16 04:00:00+00:00,39.0,40,1.0,22.5,69.84,0.0,ordinary,flagged_facility,Jamnagar (Sikka) marine terminal,14.58,False,False,4,,False
352002851,EASTERN QUINCE,PAN,jamnagar_vadinar_sep_oct2025,2025-10-04 13:00:00+00:00,2025-10-06 03:00:00+00:00,38.0,39,1.0,22.5,69.84,0.0,ordinary,flagged_facility,Jamnagar (Sikka) marine terminal,14.58,False,False,4,,False
357711000,ATLANTIC PIONEER,PAN,jamnagar_vadinar_sep_oct2025,2025-09-14 11:00:00+00:00,2025-09-16 01:00:00+00:00,38.0,39,1.0,22.57,69.78692,1.343,ordinary,flagged_facility,Vadinar terminal / Nayara refinery (EU+UK sanctioned),14.23,False,False,4,,False
370307000,HELEN M,PAN,jamnagar_vadinar_sep_oct2025,2025-09-09 04:00:00+00:00,2025-09-10 18:00:00+00:00,38.0,39,1.0,22.50051,69.83948,2.95,ordinary,flagged_facility,Jamnagar (Sikka) marine terminal,14.57,False,False,4,,False
447276000,AL ADAILIAH,KWT,jamnagar_vadinar_sep_oct2025,2025-09-14 07:00:00+00:00,2025-09-15 21:00:00+00:00,38.0,39,1.0,22.50128,69.83795,3.546,ordinary,flagged_facility,Jamnagar (Sikka) marine terminal,14.48,False,False,4,,False
610107082,RUNA,BEN,jamnagar_vadinar_sep_oct2025,2025-09-12 01:00:00+00:00,2025-09-13 15:00:00+00:00,38.0,39,1.0,22.45077,69.66949,3.817,ordinary,flagged_facility,Jamnagar (Sikka) marine terminal,5.68,False,False,4,,False
636022207,RAIATEA,LBR,jamnagar_vadinar_sep_oct2025,2025-10-10 09:00:00+00:00,2025-10-11 23:00:00+00:00,38.0,39,1.0,22.39,69.61,0.0,ordinary,flagged_facility,Jamnagar (Sikka) marine terminal,12.15,False,False,4,,False
352001906,ANAYA,PAN,jamnagar_vadinar_sep_oct2025,2025-09-14 22:00:00+00:00,2025-09-16 11:00:00+00:00,37.0,30,0.789,22.45033,69.67,1.075,ordinary,flagged_facility,Jamnagar (Sikka) marine terminal,5.61,False,False,4,,False
352003258,GRAND MARINER,PAN,jamnagar_vadinar_sep_oct2025,2025-10-10 10:00:00+00:00,2025-10-11 23:00:00+00:00,37.0,38,1.0,22.64211,69.72,0.878,ordinary,flagged_facility,Vadinar terminal / Nayara refinery (EU+UK sanctioned),12.51,False,False,4,,False
413179000,HAI TUN ZUO,CHN,jamnagar_vadinar_sep_oct2025,2025-10-04 05:00:00+00:00,2025-10-05 18:00:00+00:00,37.0,38,1.0,22.50053,69.83921,3.7,ordinary,flagged_facility,Jamnagar (Sikka) marine terminal,14.55,False,False,4,,False
511101759,VARG,PLW,jamnagar_vadinar_sep_oct2025,2025-09-13 04:00:00+00:00,2025-09-14 17:00:00+00:00,37.0,38,1.0,22.45053,69.66974,2.385,ordinary,flagged_facility,Jamnagar (Sikka) marine terminal,5.65,False,False,4,,False
538009474,MARLIN HESTIA,MHL,jamnagar_vadinar_sep_oct2025,2025-09-12 10:00:00+00:00,2025-09-13 23:00:00+00:00,37.0,38,1.0,22.50026,69.83947,2.274,ordinary,flagged_facility,Jamnagar (Sikka) marine terminal,14.55,False,False,4,,False
577143000,OPAL,VUT,jamnagar_vadinar_sep_oct2025,2025-10-07 20:00:00+00:00,2025-10-09 09:00:00+00:00,37.0,38,1.0,22.45,69.67,0.0,ordinary,flagged_facility,Jamnagar (Sikka) marine terminal,5.6,False,False,4,,False
667001997,RYMO,SLE,jamnagar_vadinar_sep_oct2025,2025-09-13 06:00:00+00:00,2025-09-14 19:00:00+00:00,37.0,38,1.0,22.60974,69.83,1.083,ordinary,flagged_facility,Vadinar terminal / Nayara refinery (EU+UK sanctioned),19.64,False,False,4,,False
1651,,,jamnagar_vadinar_sep_oct2025,2025-09-30 00:00:00+00:00,2025-10-01 12:00:00+00:00,36.0,36,0.973,22.56028,69.76084,1.084,ordinary,flagged_facility,Vadinar terminal / Nayara refinery (EU+UK sanctioned),11.44,False,False,4,,False
235110641,INDIAN PARTNERSHIP,GBR,jamnagar_vadinar_sep_oct2025,2025-09-16 16:00:00+00:00,2025-09-18 04:00:00+00:00,36.0,37,1.0,22.64703,69.57432,3.95,ordinary,flagged_facility,Vadinar terminal / Nayara refinery (EU+UK sanctioned),13.3,False,False,4,,False
319297100,SAIPH,CYM,jamnagar_vadinar_sep_oct2025,2025-09-29 20:00:00+00:00,2025-10-01 08:00:00+00:00,36.0,37,1.0,22.5,69.84,0.0,ordinary,flagged_facility,Jamnagar (Sikka) marine terminal,14.58,False,False,4,,False
372040000,ELM GALAXY,PAN,jamnagar_vadinar_sep_oct2025,2025-09-28 06:00:00+00:00,2025-09-29 18:00:00+00:00,36.0,37,1.0,22.49054,69.83946,2.946,ordinary,flagged_facility,Jamnagar (Sikka) marine terminal,14.0,False,False,4,,False
377782000,LIBRA,VCT,jamnagar_vadinar_sep_oct2025,2025-10-06 11:00:00+00:00,2025-10-07 23:00:00+00:00,36.0,37,1.0,22.67189,69.76,0.902,ordinary,flagged_facility,Vadinar terminal / Nayara refinery (EU+UK sanctioned),17.64,False,False,4,,False
413172000,QI LIN ZUO,CHN,jamnagar_vadinar_sep_oct2025,2025-09-26 10:00:00+00:00,2025-09-27 22:00:00+00:00,36.0,37,1.0,22.5,69.84,0.0,ordinary,flagged_facility,Jamnagar (Sikka) marine terminal,14.58,False,False,4,,False
461000285,SIRAJ,OMN,jamnagar_vadinar_sep_oct2025,2025-10-08 04:00:00+00:00,2025-10-09 16:00:00+00:00,36.0,37,1.0,22.50081,69.66,3.246,ordinary,flagged_facility,Vadinar terminal / Nayara refinery (EU+UK sanctioned),5.57,False,False,4,,False
511101759,VARG,PLW,jamnagar_vadinar_sep_oct2025,2025-09-26 17:00:00+00:00,2025-09-28 05:00:00+00:00,36.0,37,1.0,22.45081,69.66973,3.396,ordinary,flagged_facility,Jamnagar (Sikka) marine terminal,5.66,False,False,4,,False
563243300,PM DUKE,SGP,jamnagar_vadinar_sep_oct2025,2025-09-08 08:00:00+00:00,2025-09-09 20:00:00+00:00,36.0,37,1.0,22.49054,69.84,1.052,ordinary,flagged_facility,Jamnagar (Sikka) marine terminal,14.05,False,False,4,,False
564956000,PM IMPERIAL,SGP,jamnagar_vadinar_sep_oct2025,2025-09-28 05:00:00+00:00,2025-09-29 17:00:00+00:00,36.0,37,1.0,22.59,69.86406,3.496,ordinary,flagged_facility,Vadinar terminal / Nayara refinery (EU+UK sanctioned),22.42,False,False,4,,False
613914210,EDERRA,CMR,jamnagar_vadinar_sep_oct2025,2025-10-04 13:00:00+00:00,2025-10-06 01:00:00+00:00,36.0,37,1.0,22.45108,69.66946,4.767,ordinary,flagged_facility,Jamnagar (Sikka) marine terminal,5.7,False,False,4,,False
620999956,BLUE TALU,COM,jamnagar_vadinar_sep_oct2025,2025-09-05 07:00:00+00:00,2025-09-06 19:00:00+00:00,36.0,37,1.0,22.45135,69.66946,2.29,ordinary,flagged_facility,Jamnagar (Sikka) marine terminal,5.71,False,False,4,,False
636013375,ATHINA,LBR,jamnagar_vadinar_sep_oct2025,2025-09-01 00:00:00+00:00,2025-09-02 12:00:00+00:00,36.0,37,1.0,22.50054,69.83946,2.946,ordinary,flagged_facility,Jamnagar (Sikka) marine terminal,14.57,False,False,4,,False
636014251,ZOUZOU N,LBR,jamnagar_vadinar_sep_oct2025,2025-09-10 06:00:00+00:00,2025-09-11 18:00:00+00:00,36.0,37,1.0,22.53027,69.71081,2.249,ordinary,flagged_facility,Vadinar terminal / Nayara refinery (EU+UK sanctioned),6.62,False,False,4,,False
636018294,NEW FRIENDSHIP,LBR,jamnagar_vadinar_sep_oct2025,2025-09-09 22:00:00+00:00,2025-09-11 10:00:00+00:00,36.0,37,1.0,22.5,69.84,0.0,ordinary,flagged_facility,Jamnagar (Sikka) marine terminal,14.58,False,False,4,,False
249452000,HELLAS APHRODITE,MLT,jamnagar_vadinar_sep_oct2025,2025-09-22 11:00:00+00:00,2025-09-23 22:00:00+00:00,35.0,36,1.0,22.59028,69.86472,3.744,ordinary,flagged_facility,Vadinar terminal / Nayara refinery (EU+UK sanctioned),22.5,False,False,4,,False
341075002,SWISSCO PEARL,KNA,jamnagar_vadinar_sep_oct2025,2025-09-10 17:00:00+00:00,2025-09-12 04:00:00+00:00,35.0,36,1.0,22.48111,69.68972,4.438,ordinary,flagged_facility,Jamnagar (Sikka) marine terminal,6.48,False,False,4,,False
341075002,SWISSCO PEARL,KNA,jamnagar_vadinar_sep_oct2025,2025-09-19 06:00:00+00:00,2025-09-20 17:00:00+00:00,35.0,36,1.0,22.48833,69.69195,4.99,ordinary,flagged_facility,Jamnagar (Sikka) marine terminal,7.1,False,False,4,,False
372040000,ELM GALAXY,PAN,jamnagar_vadinar_sep_oct2025,2025-09-04 13:00:00+00:00,2025-09-06 00:00:00+00:00,35.0,36,1.0,22.49,69.84,0.0,ordinary,flagged_facility,Jamnagar (Sikka) marine terminal,14.02,False,False,4,,False
538011162,ADVANTAGE SMART,MHL,jamnagar_vadinar_sep_oct2025,2025-09-22 07:00:00+00:00,2025-09-23 18:00:00+00:00,35.0,36,1.0,22.58083,69.835,4.136,ordinary,flagged_facility,Vadinar terminal / Nayara refinery (EU+UK sanctioned),19.3,False,False,4,,False
566762000,MARITIME POLARIS,SGP,jamnagar_vadinar_sep_oct2025,2025-10-01 03:00:00+00:00,2025-10-02 14:00:00+00:00,35.0,36,1.0,22.49,69.84,0.0,ordinary,flagged_facility,Jamnagar (Sikka) marine terminal,14.02,False,False,4,,False
620999960,THRON,COM,jamnagar_vadinar_sep_oct2025,2025-10-05 05:00:00+00:00,2025-10-06 16:00:00+00:00,35.0,36,1.0,22.50194,69.66084,4.335,ordinary,flagged_facility,Vadinar terminal / Nayara refinery (EU+UK sanctioned),5.46,False,False,4,,False
629009662,ECHO,GMB,jamnagar_vadinar_sep_oct2025,2025-09-28 02:00:00+00:00,2025-09-29 13:00:00+00:00,35.0,36,1.0,22.45056,69.66972,2.382,ordinary,flagged_facility,Jamnagar (Sikka) marine terminal,5.65,False,False,4,,False
655890000,SARD,MWI,jamnagar_vadinar_sep_oct2025,2025-09-16 05:00:00+00:00,2025-09-17 16:00:00+00:00,35.0,36,1.0,22.56056,69.60583,2.204,ordinary,flagged_facility,Vadinar terminal / Nayara refinery (EU+UK sanctioned),4.69,False,False,4,,False
667002071,STARLIT,SLE,jamnagar_vadinar_sep_oct2025,2025-09-28 07:00:00+00:00,2025-09-29 18:00:00+00:00,35.0,36,1.0,22.59194,69.81194,4.312,ordinary,flagged_facility,Vadinar terminal / Nayara refinery (EU+UK sanctioned),17.27,False,False,4,,False
667002210,OCEAN EMBRACE,SLE,jamnagar_vadinar_sep_oct2025,2025-09-29 18:00:00+00:00,2025-10-01 05:00:00+00:00,35.0,36,1.0,22.45111,69.66972,3.364,ordinary,flagged_facility,Jamnagar (Sikka) marine terminal,5.68,False,False,4,,False
667002428,SAMADHA,SLE,jamnagar_vadinar_sep_oct2025,2025-09-17 08:00:00+00:00,2025-09-18 19:00:00+00:00,35.0,36,1.0,22.67833,69.62556,4.179,ordinary,flagged_facility,Vadinar terminal / Nayara refinery (EU+UK sanctioned),14.49,False,False,4,,False
241453000,FAITHFUL WARRIOR,GRC,jamnagar_vadinar_sep_oct2025,2025-09-20 01:00:00+00:00,2025-09-21 11:00:00+00:00,34.0,35,1.0,22.58257,69.83657,4.852,ordinary,flagged_facility,Vadinar terminal / Nayara refinery (EU+UK sanctioned),19.5,False,False,4,,False
636014251,ZOUZOU N,LBR,jamnagar_vadinar_sep_oct2025,2025-09-28 02:00:00+00:00,2025-09-29 12:00:00+00:00,34.0,35,1.0,22.67943,69.62343,4.054,ordinary,flagged_facility,Vadinar terminal / Nayara refinery (EU+UK sanctioned),14.65,False,False,4,,False
655890000,SARD,MWI,jamnagar_vadinar_sep_oct2025,2025-09-14 18:00:00+00:00,2025-09-16 04:00:00+00:00,34.0,28,0.8,22.45,69.67,0.0,ordinary,flagged_facility,Jamnagar (Sikka) marine terminal,5.6,False,False,4,,False
352003627,KAYSERI,PAN,jamnagar_vadinar_sep_oct2025,2025-09-07 02:00:00+00:00,2025-09-08 11:00:00+00:00,33.0,34,1.0,22.59088,69.81088,4.142,ordinary,flagged_facility,Vadinar terminal / Nayara refinery (EU+UK sanctioned),17.13,False,False,4,,False
353221000,SEA JEWEL,PAN,jamnagar_vadinar_sep_oct2025,2025-10-04 13:00:00+00:00,2025-10-05 22:00:00+00:00,33.0,34,1.0,22.66471,69.62794,4.976,ordinary,flagged_facility,Vadinar terminal / Nayara refinery (EU+UK sanctioned),12.95,False,False,4,,False
477332000,MARITIME ROSEMARY,HKG,jamnagar_vadinar_sep_oct2025,2025-09-18 05:00:00+00:00,2025-09-19 14:00:00+00:00,33.0,34,1.0,22.49059,69.84,1.047,ordinary,flagged_facility,Jamnagar (Sikka) marine terminal,14.05,False,False,4,,False
525121061,SAVIR LION,IDN,jamnagar_vadinar_sep_oct2025,2025-09-23 04:00:00+00:00,2025-09-24 13:00:00+00:00,33.0,34,1.0,22.52853,69.71,1.638,ordinary,flagged_facility,Vadinar terminal / Nayara refinery (EU+UK sanctioned),6.61,False,False,4,,False
538005225,STI DUCHESSA,MHL,jamnagar_vadinar_sep_oct2025,2025-09-01 20:00:00+00:00,2025-09-03 05:00:00+00:00,33.0,34,1.0,22.5,69.8397,0.997,ordinary,flagged_facility,Jamnagar (Sikka) marine terminal,14.56,False,False,4,,False
566762000,MARITIME POLARIS,SGP,jamnagar_vadinar_sep_oct2025,2025-09-19 18:00:00+00:00,2025-09-21 03:00:00+00:00,33.0,34,1.0,22.49029,69.84,1.079,ordinary,flagged_facility,Jamnagar (Sikka) marine terminal,14.04,False,False,4,,False
620999956,BLUE TALU,COM,jamnagar_vadinar_sep_oct2025,2025-10-07 00:00:00+00:00,2025-10-08 09:00:00+00:00,33.0,34,1.0,22.45088,69.66941,3.803,ordinary,flagged_facility,Jamnagar (Sikka) marine terminal,5.69,False,False,4,,False
620999986,DASHAN,COM,jamnagar_vadinar_sep_oct2025,2025-09-19 04:00:00+00:00,2025-09-20 13:00:00+00:00,33.0,34,1.0,22.61029,69.83088,2.239,ordinary,flagged_facility,Vadinar terminal / Nayara refinery (EU+UK sanctioned),19.74,False,False,4,,False
636017196,GLAFKOS,LBR,jamnagar_vadinar_sep_oct2025,2025-10-10 14:00:00+00:00,2025-10-11 23:00:00+00:00,33.0,34,1.0,22.68,69.76676,0.694,ordinary,flagged_facility,Vadinar terminal / Nayara refinery (EU+UK sanctioned),18.78,False,False,4,,False
636020815,NEW TRUST,LBR,jamnagar_vadinar_sep_oct2025,2025-10-05 08:00:00+00:00,2025-10-06 17:00:00+00:00,33.0,34,1.0,22.67706,69.655,4.854,ordinary,flagged_facility,Vadinar terminal / Nayara refinery (EU+UK sanctioned),14.14,False,False,4,,False
305803000,BBC UKRAINE,ATG,jamnagar_vadinar_sep_oct2025,2025-09-14 06:00:00+00:00,2025-09-15 14:00:00+00:00,32.0,33,1.0,22.65121,69.71697,4.651,ordinary,flagged_facility,Vadinar terminal / Nayara refinery (EU+UK sanctioned),13.19,False,False,4,,False
311001100,KOKKARI,BHS,jamnagar_vadinar_sep_oct2025,2025-09-26 06:00:00+00:00,2025-09-27 14:00:00+00:00,32.0,33,1.0,22.59,69.80939,0.964,ordinary,flagged_facility,Vadinar terminal / Nayara refinery (EU+UK sanctioned),16.96,False,False,4,,False
341075002,SWISSCO PEARL,KNA,jamnagar_vadinar_sep_oct2025,2025-09-09 08:00:00+00:00,2025-09-10 16:00:00+00:00,32.0,33,1.0,22.48364,69.69152,4.991,ordinary,flagged_facility,Jamnagar (Sikka) marine terminal,6.64,False,False,4,,False
538006817,YANGTZE HARMONY,MHL,jamnagar_vadinar_sep_oct2025,2025-09-15 22:00:00+00:00,2025-09-17 06:00:00+00:00,32.0,33,1.0,22.66091,69.56939,3.798,ordinary,flagged_facility,Vadinar terminal / Nayara refinery (EU+UK sanctioned),14.85,False,False,4,,False
538008329,CE-HAMILTON,MHL,jamnagar_vadinar_sep_oct2025,2025-09-12 09:00:00+00:00,2025-09-13 17:00:00+00:00,32.0,33,1.0,22.6797,69.62455,1.175,ordinary,flagged_facility,Vadinar terminal / Nayara refinery (EU+UK sanctioned),14.66,False,False,4,,False
636018308,TILOS I,LBR,jamnagar_vadinar_sep_oct2025,2025-09-27 09:00:00+00:00,2025-09-28 17:00:00+00:00,32.0,33,1.0,22.56091,69.76485,3.273,ordinary,flagged_facility,Vadinar terminal / Nayara refinery (EU+UK sanctioned),11.86,False,False,4,,False
636020468,MSC DAISY,LBR,jamnagar_vadinar_sep_oct2025,2025-09-23 09:00:00+00:00,2025-09-24 17:00:00+00:00,32.0,33,1.0,22.68,69.77272,0.746,ordinary,flagged_facility,Vadinar terminal / Nayara refinery (EU+UK sanctioned),19.17,False,False,4,,False
636021811,ECLIPSE I,LBR,jamnagar_vadinar_sep_oct2025,2025-10-05 10:00:00+00:00,2025-10-06 18:00:00+00:00,32.0,33,1.0,22.52727,69.68788,3.398,ordinary,flagged_facility,Vadinar terminal / Nayara refinery (EU+UK sanctioned),4.64,False,False,4,,False
352002466,EUPHORIA,PAN,jamnagar_vadinar_sep_oct2025,2025-09-29 12:00:00+00:00,2025-09-30 19:00:00+00:00,31.0,32,1.0,22.65906,69.74,1.008,ordinary,flagged_facility,Vadinar terminal / Nayara refinery (EU+UK sanctioned),15.25,False,False,4,,False
373834000,SEA SHELL,PAN,jamnagar_vadinar_sep_oct2025,2025-10-02 01:00:00+00:00,2025-10-03 08:00:00+00:00,31.0,32,1.0,22.58062,69.83344,3.433,ordinary,flagged_facility,Vadinar terminal / Nayara refinery (EU+UK sanctioned),19.14,False,False,4,,False
477798500,PAC CHRISTINA,HKG,jamnagar_vadinar_sep_oct2025,2025-09-01 00:00:00+00:00,2025-09-02 07:00:00+00:00,31.0,32,1.0,22.64094,69.72907,3.778,ordinary,flagged_facility,Vadinar terminal / Nayara refinery (EU+UK sanctioned),12.97,False,False,4,,False
511101827,BELA,PLW,jamnagar_vadinar_sep_oct2025,2025-09-01 00:00:00+00:00,2025-09-02 07:00:00+00:00,31.0,32,1.0,22.45,69.67,0.0,ordinary,flagged_facility,Jamnagar (Sikka) marine terminal,5.6,False,False,4,,False
564957000,PM REGALIA,SGP,jamnagar_vadinar_sep_oct2025,2025-09-03 11:00:00+00:00,2025-09-04 18:00:00+00:00,31.0,32,1.0,22.59156,69.86688,4.481,ordinary,flagged_facility,Vadinar terminal / Nayara refinery (EU+UK sanctioned),22.74,False,False,4,,False
564977000,PM CROWN,SGP,jamnagar_vadinar_sep_oct2025,2025-10-04 00:00:00+00:00,2025-10-05 07:00:00+00:00,31.0,32,1.0,22.59188,69.86594,3.188,ordinary,flagged_facility,Vadinar terminal / Nayara refinery (EU+UK sanctioned),22.66,False,False,4,,False
566762000,MARITIME POLARIS,SGP,jamnagar_vadinar_sep_oct2025,2025-09-09 03:00:00+00:00,2025-09-10 10:00:00+00:00,31.0,32,1.0,22.49063,69.83968,1.441,ordinary,flagged_facility,Jamnagar (Sikka) marine terminal,14.03,False,False,4,,False
636014251,ZOUZOU N,LBR,jamnagar_vadinar_sep_oct2025,2025-09-08 22:00:00+00:00,2025-09-10 05:00:00+00:00,31.0,32,1.0,22.57,69.68094,2.984,ordinary,flagged_facility,Vadinar terminal / Nayara refinery (EU+UK sanctioned),3.88,False,False,4,,False
636024903,MINERVA SYMPHONY,LBR,jamnagar_vadinar_sep_oct2025,2025-09-17 10:00:00+00:00,2025-09-18 17:00:00+00:00,31.0,32,1.0,22.55063,69.70656,4.976,ordinary,flagged_facility,Vadinar terminal / Nayara refinery (EU+UK sanctioned),5.81,False,False,4,,False
655881000,RIGEL,MWI,jamnagar_vadinar_sep_oct2025,2025-09-25 06:00:00+00:00,2025-09-26 13:00:00+00:00,31.0,32,1.0,22.50094,69.65938,2.328,ordinary,flagged_facility,Vadinar terminal / Nayara refinery (EU+UK sanctioned),5.54,False,False,4,,False
667001235,THORIN,SLE,jamnagar_vadinar_sep_oct2025,2025-09-08 04:00:00+00:00,2025-09-09 11:00:00+00:00,31.0,32,1.0,22.57031,69.78594,1.238,ordinary,flagged_facility,Vadinar terminal / Nayara refinery (EU+UK sanctioned),14.14,False,False,4,,False
667002428,SAMADHA,SLE,jamnagar_vadinar_sep_oct2025,2025-09-01 06:00:00+00:00,2025-09-02 13:00:00+00:00,31.0,32,1.0,22.68,69.62687,0.705,ordinary,flagged_facility,Vadinar terminal / Nayara refinery (EU+UK sanctioned),14.65,False,False,4,,False
247284500,ELECTA,ITA,jamnagar_vadinar_sep_oct2025,2025-09-23 16:00:00+00:00,2025-09-24 22:00:00+00:00,30.0,31,1.0,22.50097,69.83903,2.881,ordinary,flagged_facility,Jamnagar (Sikka) marine terminal,14.56,False,False,4,,False
352004264,VENDAVEL,PAN,jamnagar_vadinar_sep_oct2025,2025-09-28 06:00:00+00:00,2025-09-29 12:00:00+00:00,30.0,31,1.0,22.57097,69.78806,4.798,ordinary,flagged_facility,Vadinar terminal / Nayara refinery (EU+UK sanctioned),14.37,False,False,4,,False
353815000,ON PHOENIX,PAN,jamnagar_vadinar_sep_oct2025,2025-09-27 09:00:00+00:00,2025-09-28 15:00:00+00:00,30.0,31,1.0,22.58097,69.83645,4.033,ordinary,flagged_facility,Vadinar terminal / Nayara refinery (EU+UK sanctioned),19.45,False,False,4,,False
511101759,VARG,PLW,jamnagar_vadinar_sep_oct2025,2025-09-25 10:00:00+00:00,2025-09-26 16:00:00+00:00,30.0,31,1.0,22.52194,69.60258,1.177,ordinary,flagged_facility,Vadinar terminal / Nayara refinery (EU+UK sanctioned),5.78,False,False,4,,False
511101771,SELVA,PLW,jamnagar_vadinar_sep_oct2025,2025-09-30 12:00:00+00:00,2025-10-01 18:00:00+00:00,30.0,31,1.0,22.59,69.80968,0.993,ordinary,flagged_facility,Vadinar terminal / Nayara refinery (EU+UK sanctioned),16.99,False,False,4,,False
538010455,AL HIYAR,MHL,jamnagar_vadinar_sep_oct2025,2025-10-08 12:00:00+00:00,2025-10-09 18:00:00+00:00,30.0,31,1.0,22.58,69.83194,4.305,ordinary,flagged_facility,Vadinar terminal / Nayara refinery (EU+UK sanctioned),18.98,False,False,4,,False
566304000,MARITIME NORDIC,SGP,jamnagar_vadinar_sep_oct2025,2025-09-22 08:00:00+00:00,2025-09-23 14:00:00+00:00,30.0,31,1.0,22.49065,69.83935,2.93,ordinary,flagged_facility,Jamnagar (Sikka) marine terminal,14.0,False,False,4,,False
566737000,MARITIME EQUATOR,SGP,jamnagar_vadinar_sep_oct2025,2025-09-14 14:00:00+00:00,2025-09-15 20:00:00+00:00,30.0,31,1.0,22.49032,69.83967,1.465,ordinary,flagged_facility,Jamnagar (Sikka) marine terminal,14.01,False,False,4,,False
219278000,HULDA MAERSK,DNK,jamnagar_vadinar_sep_oct2025,2025-10-10 18:00:00+00:00,2025-10-11 23:00:00+00:00,29.0,30,1.0,22.66,69.71,0.0,ordinary,flagged_facility,Vadinar terminal / Nayara refinery (EU+UK sanctioned),13.69,False,False,4,,False
319287300,BETELGEUSE,CYM,jamnagar_vadinar_sep_oct2025,2025-09-13 06:00:00+00:00,2025-09-14 11:00:00+00:00,29.0,30,1.0,22.49133,69.839,3.738,ordinary,flagged_facility,Jamnagar (Sikka) marine terminal,14.0,False,False,4,,False
352002809,KIRA K,PAN,jamnagar_vadinar_sep_oct2025,2025-09-13 09:00:00+00:00,2025-09-14 14:00:00+00:00,29.0,30,1.0,22.593,69.811,4.427,ordinary,flagged_facility,Vadinar terminal / Nayara refinery (EU+UK sanctioned),17.21,False,False,4,,False
352004649,MAISTROS,PAN,jamnagar_vadinar_sep_oct2025,2025-09-09 06:00:00+00:00,2025-09-10 11:00:00+00:00,29.0,30,1.0,22.61233,69.83234,4.941,ordinary,flagged_facility,Vadinar terminal / Nayara refinery (EU+UK sanctioned),19.96,False,False,4,,False
371563000,ORCA ACE,PAN,jamnagar_vadinar_sep_oct2025,2025-09-30 04:00:00+00:00,2025-10-01 09:00:00+00:00,29.0,22,0.733,22.69955,69.74864,4.103,ordinary,flagged_facility,Vadinar terminal / Nayara refinery (EU+UK sanctioned),19.47,False,False,4,,False
563271500,DRACO,SGP,jamnagar_vadinar_sep_oct2025,2025-09-05 04:00:00+00:00,2025-09-06 09:00:00+00:00,29.0,30,1.0,22.59033,69.86567,4.689,ordinary,flagged_facility,Vadinar terminal / Nayara refinery (EU+UK sanctioned),22.59,False,False,4,,False
577399000,LIETO,VUT,jamnagar_vadinar_sep_oct2025,2025-10-06 08:00:00+00:00,2025-10-07 13:00:00+00:00,29.0,27,0.9,22.5,69.84,0.0,ordinary,flagged_facility,Jamnagar (Sikka) marine terminal,14.58,False,False,4,,False
629009662,ECHO,GMB,jamnagar_vadinar_sep_oct2025,2025-09-26 20:00:00+00:00,2025-09-28 01:00:00+00:00,29.0,30,1.0,22.53933,69.60133,4.516,ordinary,flagged_facility,Vadinar terminal / Nayara refinery (EU+UK sanctioned),5.14,False,False,4,,False
636018827,SERIFOS,LBR,jamnagar_vadinar_sep_oct2025,2025-09-29 01:00:00+00:00,2025-09-30 06:00:00+00:00,29.0,30,1.0,22.68,69.653,1.334,ordinary,flagged_facility,Vadinar terminal / Nayara refinery (EU+UK sanctioned),14.46,False,False,4,,False
667002023,JUMBO,SLE,jamnagar_vadinar_sep_oct2025,2025-10-04 02:00:00+00:00,2025-10-05 07:00:00+00:00,29.0,30,1.0,22.61033,69.831,1.417,ordinary,flagged_facility,Vadinar terminal / Nayara refinery (EU+UK sanctioned),19.76,False,False,4,,False
667002359,NACHOS,SLE,jamnagar_vadinar_sep_oct2025,2025-09-30 11:00:00+00:00,2025-10-01 16:00:00+00:00,29.0,30,1.0,22.61067,69.82967,2.27,ordinary,flagged_facility,Vadinar terminal / Nayara refinery (EU+UK sanctioned),19.64,False,False,4,,False
235010450,EVER SMART,GBR,jamnagar_vadinar_sep_oct2025,2025-09-06 19:00:00+00:00,2025-09-07 23:00:00+00:00,28.0,29,1.0,22.67241,69.71724,1.96,ordinary,flagged_facility,Vadinar terminal / Nayara refinery (EU+UK sanctioned),15.26,False,False,4,,False
352002809,KIRA K,PAN,jamnagar_vadinar_sep_oct2025,2025-09-06 05:00:00+00:00,2025-09-07 09:00:00+00:00,28.0,29,1.0,22.57,69.78793,0.815,ordinary,flagged_facility,Vadinar terminal / Nayara refinery (EU+UK sanctioned),14.34,False,False,4,,False
461000284,BARQ,OMN,jamnagar_vadinar_sep_oct2025,2025-09-08 03:00:00+00:00,2025-09-09 07:00:00+00:00,28.0,29,1.0,22.61069,69.83104,2.205,ordinary,flagged_facility,Vadinar terminal / Nayara refinery (EU+UK sanctioned),19.77,False,False,4,,False
511101759,VARG,PLW,jamnagar_vadinar_sep_oct2025,2025-09-28 06:00:00+00:00,2025-09-29 10:00:00+00:00,28.0,29,1.0,22.5631,69.63034,3.812,ordinary,flagged_facility,Vadinar terminal / Nayara refinery (EU+UK sanctioned),2.49,False,False,4,,False
563382000,WAN HAI 501,SGP,jamnagar_vadinar_sep_oct2025,2025-10-04 06:00:00+00:00,2025-10-05 10:00:00+00:00,28.0,29,1.0,22.66,69.71,0.0,ordinary,flagged_facility,Vadinar terminal / Nayara refinery (EU+UK sanctioned),13.69,False,False,4,,False
667002327,FULGER,SLE,jamnagar_vadinar_sep_oct2025,2025-09-05 20:00:00+00:00,2025-09-07 00:00:00+00:00,28.0,29,1.0,22.51517,69.66035,4.985,ordinary,flagged_facility,Vadinar terminal / Nayara refinery (EU+UK sanctioned),4.02,False,False,4,,False
314001144,BOLU,BRB,jamnagar_vadinar_sep_oct2025,2025-10-08 13:00:00+00:00,2025-10-09 16:00:00+00:00,27.0,28,1.0,22.61,69.83,0.0,ordinary,flagged_facility,Vadinar terminal / Nayara refinery (EU+UK sanctioned),19.65,False,False,4,,False
538007305,SAMJOHN ARGONAUT,MHL,jamnagar_vadinar_sep_oct2025,2025-09-03 00:00:00+00:00,2025-09-04 03:00:00+00:00,27.0,28,1.0,22.64929,69.57393,4.992,ordinary,flagged_facility,Vadinar terminal / Nayara refinery (EU+UK sanctioned),13.52,False,False,4,,False
538010650,ADVANTAGE PORTOCERVO,MHL,jamnagar_vadinar_sep_oct2025,2025-09-10 10:00:00+00:00,2025-09-11 13:00:00+00:00,27.0,28,1.0,22.59,69.86429,0.587,ordinary,flagged_facility,Vadinar terminal / Nayara refinery (EU+UK sanctioned),22.45,False,False,4,,False
563191700,TORM BEATRICE,SGP,jamnagar_vadinar_sep_oct2025,2025-09-01 01:00:00+00:00,2025-09-02 04:00:00+00:00,27.0,28,1.0,22.49214,69.83821,4.242,ordinary,flagged_facility,Jamnagar (Sikka) marine terminal,13.97,False,False,4,,False
566245000,HAFNIA AUSTRALIA,SGP,jamnagar_vadinar_sep_oct2025,2025-09-07 06:00:00+00:00,2025-09-08 09:00:00+00:00,27.0,28,1.0,22.59,69.86822,0.843,ordinary,flagged_facility,Vadinar terminal / Nayara refinery (EU+UK sanctioned),22.84,False,False,4,,False
626443000,URIEL,GAB,jamnagar_vadinar_sep_oct2025,2025-09-28 03:00:00+00:00,2025-09-29 06:00:00+00:00,27.0,28,1.0,22.67929,69.76393,4.088,ordinary,flagged_facility,Vadinar terminal / Nayara refinery (EU+UK sanctioned),18.53,False,False,4,,False
636018827,SERIFOS,LBR,jamnagar_vadinar_sep_oct2025,2025-09-27 06:00:00+00:00,2025-09-28 09:00:00+00:00,27.0,28,1.0,22.52607,69.68893,2.893,ordinary,flagged_facility,Vadinar terminal / Nayara refinery (EU+UK sanctioned),4.8,False,False,4,,False
636091959,MSC SAVONA,LBR,jamnagar_vadinar_sep_oct2025,2025-09-04 06:00:00+00:00,2025-09-05 09:00:00+00:00,27.0,28,1.0,22.65179,69.70786,4.325,ordinary,flagged_facility,Vadinar terminal / Nayara refinery (EU+UK sanctioned),12.78,False,False,4,,False
667001242,LEBRE,SLE,jamnagar_vadinar_sep_oct2025,2025-09-18 02:00:00+00:00,2025-09-19 05:00:00+00:00,27.0,28,1.0,22.61107,69.83,3.217,ordinary,flagged_facility,Vadinar terminal / Nayara refinery (EU+UK sanctioned),19.69,False,False,4,,False
311476000,LIMERICK SPIRIT,BHS,jamnagar_vadinar_sep_oct2025,2025-09-25 04:00:00+00:00,2025-09-26 06:00:00+00:00,26.0,27,1.0,22.61296,69.83037,4.254,ordinary,flagged_facility,Vadinar terminal / Nayara refinery (EU+UK sanctioned),19.8,False,False,4,,False
477332000,MARITIME ROSEMARY,HKG,jamnagar_vadinar_sep_oct2025,2025-09-03 04:00:00+00:00,2025-09-04 06:00:00+00:00,26.0,27,1.0,22.49074,69.83963,1.427,ordinary,flagged_facility,Jamnagar (Sikka) marine terminal,14.03,False,False,4,,False
538005391,STI CONNAUGHT,MHL,jamnagar_vadinar_sep_oct2025,2025-09-07 07:00:00+00:00,2025-09-08 09:00:00+00:00,26.0,27,1.0,22.57963,69.83592,4.835,ordinary,flagged_facility,Vadinar terminal / Nayara refinery (EU+UK sanctioned),19.37,False,False,4,,False
566304000,MARITIME NORDIC,SGP,jamnagar_vadinar_sep_oct2025,2025-09-15 21:00:00+00:00,2025-09-16 23:00:00+00:00,26.0,27,1.0,22.49037,69.83963,1.457,ordinary,flagged_facility,Jamnagar (Sikka) marine terminal,14.01,False,False,4,,False
566304000,MARITIME NORDIC,SGP,jamnagar_vadinar_sep_oct2025,2025-09-29 19:00:00+00:00,2025-09-30 21:00:00+00:00,26.0,27,1.0,22.49037,69.84,1.071,ordinary,flagged_facility,Jamnagar (Sikka) marine terminal,14.04,False,False,4,,False
566304000,MARITIME NORDIC,SGP,jamnagar_vadinar_sep_oct2025,2025-10-06 19:00:00+00:00,2025-10-07 21:00:00+00:00,26.0,27,1.0,22.49148,69.84815,3.55,ordinary,flagged_facility,Jamnagar (Sikka) marine terminal,14.84,False,False,4,,False
566829000,HUPEH,SGP,jamnagar_vadinar_sep_oct2025,2025-10-09 13:00:00+00:00,2025-10-10 15:00:00+00:00,26.0,27,1.0,22.65889,69.57482,1.123,ordinary,flagged_facility,Vadinar terminal / Nayara refinery (EU+UK sanctioned),14.36,False,False,4,,False
610000053,PEACE,BEN,jamnagar_vadinar_sep_oct2025,2025-10-03 07:00:00+00:00,2025-10-04 09:00:00+00:00,26.0,27,1.0,22.50704,69.66,0.782,ordinary,flagged_facility,Vadinar terminal / Nayara refinery (EU+UK sanctioned),4.89,False,False,4,,False
636019764,HUMBLE WARRIOR,LBR,jamnagar_vadinar_sep_oct2025,2025-09-05 07:00:00+00:00,2025-09-06 09:00:00+00:00,26.0,27,1.0,22.58,69.83518,4.639,ordinary,flagged_facility,Vadinar terminal / Nayara refinery (EU+UK sanctioned),19.31,False,False,4,,False
440842000,KTS BROWN,KOR,jamnagar_vadinar_sep_oct2025,2025-09-26 16:00:00+00:00,2025-09-27 17:00:00+00:00,25.0,26,1.0,22.49231,69.84769,4.192,ordinary,flagged_facility,Jamnagar (Sikka) marine terminal,14.84,False,False,4,,False
447275000,GAS AL AHMADIAH,KWT,jamnagar_vadinar_sep_oct2025,2025-10-06 09:00:00+00:00,2025-10-07 10:00:00+00:00,25.0,26,1.0,22.66885,69.74615,1.169,ordinary,flagged_facility,Vadinar terminal / Nayara refinery (EU+UK sanctioned),16.49,False,False,4,,False
477913400,SEAODYSSEY,HKG,jamnagar_vadinar_sep_oct2025,2025-10-10 05:00:00+00:00,2025-10-11 06:00:00+00:00,25.0,26,1.0,22.58,69.83615,0.631,ordinary,flagged_facility,Vadinar terminal / Nayara refinery (EU+UK sanctioned),19.4,False,False,4,,False
636019926,CLEAROCEAN MUSTANG,LBR,jamnagar_vadinar_sep_oct2025,2025-09-10 22:00:00+00:00,2025-09-11 23:00:00+00:00,25.0,26,1.0,22.5,69.84,0.0,ordinary,flagged_facility,Jamnagar (Sikka) marine terminal,14.58,False,False,4,,False
636023685,ENJOY GLORY,LBR,jamnagar_vadinar_sep_oct2025,2025-09-09 19:00:00+00:00,2025-09-10 20:00:00+00:00,25.0,26,1.0,22.64115,69.57423,2.647,ordinary,flagged_facility,Vadinar terminal / Nayara refinery (EU+UK sanctioned),12.78,False,False,4,,False
636024789,ROBOLA,LBR,jamnagar_vadinar_sep_oct2025,2025-09-03 02:00:00+00:00,2025-09-04 03:00:00+00:00,25.0,26,1.0,22.58192,69.83423,4.048,ordinary,flagged_facility,Vadinar terminal / Nayara refinery (EU+UK sanctioned),19.25,False,False,4,,False
667002362,VERNAL,SLE,jamnagar_vadinar_sep_oct2025,2025-09-02 05:00:00+00:00,2025-09-03 06:00:00+00:00,25.0,26,1.0,22.51538,69.66,4.961,ordinary,flagged_facility,Vadinar terminal / Nayara refinery (EU+UK sanctioned),3.98,False,False,4,,False
209716000,MSC AQUARIUS VII,CYP,jamnagar_vadinar_sep_oct2025,2025-09-18 08:00:00+00:00,2025-09-19 08:00:00+00:00,24.0,25,1.0,22.6608,69.7148,4.387,ordinary,flagged_facility,Vadinar terminal / Nayara refinery (EU+UK sanctioned),14.0,False,False,4,,False
219496000,TORM INTEGRITY,DNK,jamnagar_vadinar_sep_oct2025,2025-10-10 11:00:00+00:00,2025-10-11 11:00:00+00:00,24.0,25,1.0,22.5892,69.8636,4.057,ordinary,flagged_facility,Vadinar terminal / Nayara refinery (EU+UK sanctioned),22.36,False,False,4,,False
241501000,RELIABLE WARRIOR,GRC,jamnagar_vadinar_sep_oct2025,2025-09-01 00:00:00+00:00,2025-09-02 00:00:00+00:00,24.0,25,1.0,22.572,69.7884,4.629,ordinary,flagged_facility,Vadinar terminal / Nayara refinery (EU+UK sanctioned),14.42,False,False,4,,False
256862000,KOURION,MLT,jamnagar_vadinar_sep_oct2025,2025-09-26 12:00:00+00:00,2025-09-27 12:00:00+00:00,24.0,25,1.0,22.59,69.864,0.616,ordinary,flagged_facility,Vadinar terminal / Nayara refinery (EU+UK sanctioned),22.42,False,False,4,,False
311000222,EMERALD SPIRIT,BHS,jamnagar_vadinar_sep_oct2025,2025-09-01 14:00:00+00:00,2025-09-02 14:00:00+00:00,24.0,25,1.0,22.59,69.81,0.0,ordinary,flagged_facility,Vadinar terminal / Nayara refinery (EU+UK sanctioned),17.02,False,False,4,,False
477332000,MARITIME ROSEMARY,HKG,jamnagar_vadinar_sep_oct2025,2025-09-27 05:00:00+00:00,2025-09-28 05:00:00+00:00,24.0,25,1.0,22.4908,69.8396,2.934,ordinary,flagged_facility,Jamnagar (Sikka) marine terminal,14.03,False,False,4,,False
477332000,MARITIME ROSEMARY,HKG,jamnagar_vadinar_sep_oct2025,2025-10-10 09:00:00+00:00,2025-10-11 09:00:00+00:00,24.0,25,1.0,22.4908,69.8492,2.906,ordinary,flagged_facility,Jamnagar (Sikka) marine terminal,14.9,False,False,4,,False
563285100,PM EARL,SGP,jamnagar_vadinar_sep_oct2025,2025-10-06 04:00:00+00:00,2025-10-07 04:00:00+00:00,24.0,25,1.0,22.5808,69.8372,2.507,ordinary,flagged_facility,Vadinar terminal / Nayara refinery (EU+UK sanctioned),19.52,False,False,4,,False
566304000,MARITIME NORDIC,SGP,jamnagar_vadinar_sep_oct2025,2025-09-01 09:00:00+00:00,2025-09-02 09:00:00+00:00,24.0,25,1.0,22.49,69.8404,0.986,ordinary,flagged_facility,Jamnagar (Sikka) marine terminal,14.06,False,False,4,,False
636019233,HIGH VOYAGER,LBR,jamnagar_vadinar_sep_oct2025,2025-10-05 07:00:00+00:00,2025-10-06 07:00:00+00:00,24.0,25,1.0,22.49,69.84,0.0,ordinary,flagged_facility,Jamnagar (Sikka) marine terminal,14.02,False,False,4,,False
636022207,RAIATEA,LBR,jamnagar_vadinar_sep_oct2025,2025-10-09 08:00:00+00:00,2025-10-10 08:00:00+00:00,24.0,25,1.0,22.3916,69.6076,4.991,ordinary,flagged_facility,Jamnagar (Sikka) marine terminal,12.32,False,False,4,,False
667002347,KAPITAN ABONOSIMOV,SLE,jamnagar_vadinar_sep_oct2025,2025-10-08 15:00:00+00:00,2025-10-09 15:00:00+00:00,24.0,25,1.0,22.66,69.75,0.0,ordinary,flagged_facility,Vadinar terminal / Nayara refinery (EU+UK sanctioned),15.97,False,False,4,,False
247484800,JOLLY VERDE,ITA,jamnagar_vadinar_sep_oct2025,2025-09-24 06:00:00+00:00,2025-09-25 05:00:00+00:00,23.0,24,1.0,22.67167,69.72542,3.778,ordinary,flagged_facility,Vadinar terminal / Nayara refinery (EU+UK sanctioned),15.59,False,False,4,,False
256001000,DOVER,MLT,jamnagar_vadinar_sep_oct2025,2025-09-28 01:00:00+00:00,2025-09-29 00:00:00+00:00,23.0,24,1.0,22.66042,69.55042,1.45,ordinary,flagged_facility,Vadinar terminal / Nayara refinery (EU+UK sanctioned),15.98,False,False,4,,False
256001000,DOVER,MLT,jamnagar_vadinar_sep_oct2025,2025-09-30 10:00:00+00:00,2025-10-01 09:00:00+00:00,23.0,24,1.0,22.64792,69.56875,3.079,ordinary,flagged_facility,Vadinar terminal / Nayara refinery (EU+UK sanctioned),13.72,False,False,4,,False
319287200,BELLATRIX,CYM,jamnagar_vadinar_sep_oct2025,2025-09-16 11:00:00+00:00,2025-09-17 10:00:00+00:00,23.0,24,1.0,22.59,69.86625,0.642,ordinary,flagged_facility,Vadinar terminal / Nayara refinery (EU+UK sanctioned),22.65,False,False,4,,False
352003587,QUEEN CORAL,PAN,jamnagar_vadinar_sep_oct2025,2025-09-24 21:00:00+00:00,2025-09-25 20:00:00+00:00,23.0,24,1.0,22.68,69.77,0.0,ordinary,flagged_facility,Vadinar terminal / Nayara refinery (EU+UK sanctioned),18.99,False,False,4,,False
440163000,DAEHO SUNNY,KOR,jamnagar_vadinar_sep_oct2025,2025-09-27 12:00:00+00:00,2025-09-28 11:00:00+00:00,23.0,24,1.0,22.46,69.8,0.0,ordinary,flagged_facility,Jamnagar (Sikka) marine terminal,8.87,False,False,4,,False
447278000,SHEGARDIAH,KWT,jamnagar_vadinar_sep_oct2025,2025-09-20 11:00:00+00:00,2025-09-21 10:00:00+00:00,23.0,24,1.0,22.58958,69.86542,1.202,ordinary,flagged_facility,Vadinar terminal / Nayara refinery (EU+UK sanctioned),22.55,False,False,4,,False
477015700,YINGHAO CONFIDENCE,HKG,jamnagar_vadinar_sep_oct2025,2025-09-02 03:00:00+00:00,2025-09-03 02:00:00+00:00,23.0,24,1.0,22.58,69.835,2.567,ordinary,flagged_facility,Vadinar terminal / Nayara refinery (EU+UK sanctioned),19.29,False,False,4,,False
477149400,SEADAR,HKG,jamnagar_vadinar_sep_oct2025,2025-09-09 04:00:00+00:00,2025-09-10 03:00:00+00:00,23.0,24,1.0,22.59042,69.80958,3.299,ordinary,flagged_facility,Vadinar terminal / Nayara refinery (EU+UK sanctioned),16.99,False,False,4,,False
511101825,CHONGCHON,PLW,jamnagar_vadinar_sep_oct2025,2025-10-11 00:00:00+00:00,2025-10-11 23:00:00+00:00,23.0,24,1.0,22.45,69.67,0.0,ordinary,flagged_facility,Jamnagar (Sikka) marine terminal,5.6,False,False,4,,False
538011075,TS HONGKONG,MHL,jamnagar_vadinar_sep_oct2025,2025-09-24 17:00:00+00:00,2025-09-25 16:00:00+00:00,23.0,24,1.0,22.68125,69.73583,1.063,ordinary,flagged_facility,Vadinar terminal / Nayara refinery (EU+UK sanctioned),17.05,False,False,4,,False
564957000,PM REGALIA,SGP,jamnagar_vadinar_sep_oct2025,2025-09-14 07:00:00+00:00,2025-09-15 06:00:00+00:00,23.0,24,1.0,22.59125,69.86625,3.22,ordinary,flagged_facility,Vadinar terminal / Nayara refinery (EU+UK sanctioned),22.67,False,False,4,,False
577396000,HATTI,VUT,jamnagar_vadinar_sep_oct2025,2025-09-28 10:00:00+00:00,2025-09-29 09:00:00+00:00,23.0,24,1.0,22.5,69.66,0.0,ordinary,flagged_facility,Vadinar terminal / Nayara refinery (EU+UK sanctioned),5.65,False,False,4,,False
620999999,AQUA TITAN,COM,jamnagar_vadinar_sep_oct2025,2025-09-30 10:00:00+00:00,2025-10-01 09:00:00+00:00,23.0,24,1.0,22.57208,69.78375,3.947,ordinary,flagged_facility,Vadinar terminal / Nayara refinery (EU+UK sanctioned),13.95,False,False,4,,False
626443000,URIEL,GAB,jamnagar_vadinar_sep_oct2025,2025-10-02 12:00:00+00:00,2025-10-03 11:00:00+00:00,23.0,24,1.0,22.53,69.61,0.0,ordinary,flagged_facility,Vadinar terminal / Nayara refinery (EU+UK sanctioned),4.67,False,False,4,,False
626443000,URIEL,GAB,jamnagar_vadinar_sep_oct2025,2025-10-11 00:00:00+00:00,2025-10-11 23:00:00+00:00,23.0,24,1.0,22.45083,69.66958,2.348,ordinary,flagged_facility,Jamnagar (Sikka) marine terminal,5.68,False,False,4,,False
636018964,MSC YORK VII,LBR,jamnagar_vadinar_sep_oct2025,2025-09-01 10:00:00+00:00,2025-09-02 09:00:00+00:00,23.0,24,1.0,22.67083,69.73,3.305,ordinary,flagged_facility,Vadinar terminal / Nayara refinery (EU+UK sanctioned),15.75,False,False,4,,False
636019190,PEAK HAKU,LBR,jamnagar_vadinar_sep_oct2025,2025-09-11 06:00:00+00:00,2025-09-12 05:00:00+00:00,23.0,24,1.0,22.65708,69.56917,1.993,ordinary,flagged_facility,Vadinar terminal / Nayara refinery (EU+UK sanctioned),14.51,False,False,4,,False
636019355,TAMPA I,LBR,jamnagar_vadinar_sep_oct2025,2025-09-04 13:00:00+00:00,2025-09-05 12:00:00+00:00,23.0,24,1.0,22.65083,69.7225,3.142,ordinary,flagged_facility,Vadinar terminal / Nayara refinery (EU+UK sanctioned),13.46,False,False,4,,False
273611080,CRYSTAL STPETERSBURG,RUS,jamnagar_vadinar_sep_oct2025,2025-09-27 00:00:00+00:00,2025-09-27 22:00:00+00:00,22.0,23,1.0,22.65957,69.72,1.064,ordinary,flagged_facility,Vadinar terminal / Nayara refinery (EU+UK sanctioned),14.14,False,False,4,,False
352004385,NEWTHINKER,PAN,jamnagar_vadinar_sep_oct2025,2025-10-04 15:00:00+00:00,2025-10-05 13:00:00+00:00,22.0,23,1.0,22.66,69.74261,0.759,ordinary,flagged_facility,Vadinar terminal / Nayara refinery (EU+UK sanctioned),15.49,False,False,4,,False
440325000,SKY WINNER,KOR,jamnagar_vadinar_sep_oct2025,2025-09-08 04:00:00+00:00,2025-09-09 02:00:00+00:00,22.0,23,1.0,22.4913,69.84869,4.344,ordinary,flagged_facility,Jamnagar (Sikka) marine terminal,14.88,False,False,4,,False
477332000,MARITIME ROSEMARY,HKG,jamnagar_vadinar_sep_oct2025,2025-09-24 17:00:00+00:00,2025-09-25 15:00:00+00:00,22.0,23,1.0,22.49,69.84,0.0,ordinary,flagged_facility,Jamnagar (Sikka) marine terminal,14.02,False,False,4,,False
636020891,AL BATEEN,LBR,jamnagar_vadinar_sep_oct2025,2025-09-16 05:00:00+00:00,2025-09-17 03:00:00+00:00,22.0,23,1.0,22.58,69.83348,2.411,ordinary,flagged_facility,Vadinar terminal / Nayara refinery (EU+UK sanctioned),19.13,False,False,4,,False
636023475,ELANDRA FIRTH,LBR,jamnagar_vadinar_sep_oct2025,2025-10-07 11:00:00+00:00,2025-10-08 09:00:00+00:00,22.0,23,1.0,22.58087,69.83304,3.541,ordinary,flagged_facility,Vadinar terminal / Nayara refinery (EU+UK sanctioned),19.11,False,False,4,,False
636024785,ZUMA,LBR,jamnagar_vadinar_sep_oct2025,2025-09-09 12:00:00+00:00,2025-09-10 10:00:00+00:00,22.0,23,1.0,22.58,69.83435,1.473,ordinary,flagged_facility,Vadinar terminal / Nayara refinery (EU+UK sanctioned),19.22,False,False,4,,False
636025481,ASHOKA,LBR,jamnagar_vadinar_sep_oct2025,2025-10-11 01:00:00+00:00,2025-10-11 23:00:00+00:00,22.0,23,1.0,22.57087,69.78565,2.666,ordinary,flagged_facility,Vadinar terminal / Nayara refinery (EU+UK sanctioned),14.12,False,False,4,,False
667002320,LERUO,SLE,jamnagar_vadinar_sep_oct2025,2025-09-27 07:00:00+00:00,2025-09-28 05:00:00+00:00,22.0,23,1.0,22.5,69.61,0.0,ordinary,flagged_facility,Vadinar terminal / Nayara refinery (EU+UK sanctioned),6.91,False,False,4,,False
357201000,SG PEGASUS,PAN,jamnagar_vadinar_sep_oct2025,2025-09-17 23:00:00+00:00,2025-09-18 20:00:00+00:00,21.0,22,1.0,22.67,69.72,0.0,ordinary,flagged_facility,Vadinar terminal / Nayara refinery (EU+UK sanctioned),15.16,False,False,4,,False
370455000,HAIMA,PAN,jamnagar_vadinar_sep_oct2025,2025-09-26 08:00:00+00:00,2025-09-27 05:00:00+00:00,21.0,22,1.0,22.58045,69.83545,1.832,ordinary,flagged_facility,Vadinar terminal / Nayara refinery (EU+UK sanctioned),19.34,False,False,4,,False
538009987,DIMITRI,MHL,jamnagar_vadinar_sep_oct2025,2025-09-13 16:00:00+00:00,2025-09-14 13:00:00+00:00,21.0,22,1.0,22.58,69.83591,0.606,ordinary,flagged_facility,Vadinar terminal / Nayara refinery (EU+UK sanctioned),19.38,False,False,4,,False
563191700,TORM BEATRICE,SGP,jamnagar_vadinar_sep_oct2025,2025-09-02 06:00:00+00:00,2025-09-03 03:00:00+00:00,21.0,22,1.0,22.59773,69.87818,4.956,ordinary,flagged_facility,Vadinar terminal / Nayara refinery (EU+UK sanctioned),24.02,False,False,4,,False
621819112,CHONGCHON,DJI,jamnagar_vadinar_sep_oct2025,2025-10-10 03:00:00+00:00,2025-10-11 00:00:00+00:00,21.0,22,1.0,22.45091,69.66954,2.338,ordinary,flagged_facility,Jamnagar (Sikka) marine terminal,5.68,False,False,4,,False
626443000,URIEL,GAB,jamnagar_vadinar_sep_oct2025,2025-10-05 19:00:00+00:00,2025-10-06 16:00:00+00:00,21.0,22,1.0,22.56,69.62046,0.98,ordinary,flagged_facility,Vadinar terminal / Nayara refinery (EU+UK sanctioned),3.23,False,False,4,,False
636019926,CLEAROCEAN MUSTANG,LBR,jamnagar_vadinar_sep_oct2025,2025-09-09 05:00:00+00:00,2025-09-10 02:00:00+00:00,21.0,22,1.0,22.59,69.865,0.513,ordinary,flagged_facility,Vadinar terminal / Nayara refinery (EU+UK sanctioned),22.52,False,False,4,,False
636024046,MINERAL VOLOS,LBR,jamnagar_vadinar_sep_oct2025,2025-09-06 21:00:00+00:00,2025-09-07 18:00:00+00:00,21.0,22,1.0,22.65773,69.55454,2.539,ordinary,flagged_facility,Vadinar terminal / Nayara refinery (EU+UK sanctioned),15.48,False,False,4,,False
209270000,CAPTAIN ANTONIS,CYP,jamnagar_vadinar_sep_oct2025,2025-09-07 04:00:00+00:00,2025-09-08 00:00:00+00:00,20.0,21,1.0,22.66143,69.57524,4.164,ordinary,flagged_facility,Vadinar terminal / Nayara refinery (EU+UK sanctioned),14.57,False,False,4,,False
249611000,ANTIGUA I,MLT,jamnagar_vadinar_sep_oct2025,2025-09-18 00:00:00+00:00,2025-09-18 20:00:00+00:00,20.0,21,1.0,22.5619,69.76524,4.966,ordinary,flagged_facility,Vadinar terminal / Nayara refinery (EU+UK sanctioned),11.91,False,False,4,,False
255797000,MSC VERACRUZ V,PRT,jamnagar_vadinar_sep_oct2025,2025-09-16 03:00:00+00:00,2025-09-16 23:00:00+00:00,20.0,21,1.0,22.67952,69.73333,4.051,ordinary,flagged_facility,Vadinar terminal / Nayara refinery (EU+UK sanctioned),16.75,False,False,4,,False
319297100,SAIPH,CYM,jamnagar_vadinar_sep_oct2025,2025-09-01 11:00:00+00:00,2025-09-02 07:00:00+00:00,20.0,21,1.0,22.59,69.86619,1.663,ordinary,flagged_facility,Vadinar terminal / Nayara refinery (EU+UK sanctioned),22.64,False,False,4,,False
338078000,MAERSK ATLANTA,USA,jamnagar_vadinar_sep_oct2025,2025-09-07 05:00:00+00:00,2025-09-08 01:00:00+00:00,20.0,21,1.0,22.68952,69.77333,1.711,ordinary,flagged_facility,Vadinar terminal / Nayara refinery (EU+UK sanctioned),20.02,False,False,4,,False
352005752,OCEAN ENDEAVOR,PAN,jamnagar_vadinar_sep_oct2025,2025-09-07 12:00:00+00:00,2025-09-08 08:00:00+00:00,20.0,20,0.952,22.69,69.749,3.18,ordinary,flagged_facility,Vadinar terminal / Nayara refinery (EU+UK sanctioned),18.59,False,False,4,,False
564957000,PM REGALIA,SGP,jamnagar_vadinar_sep_oct2025,2025-09-24 05:00:00+00:00,2025-09-25 01:00:00+00:00,20.0,21,1.0,22.59,69.86619,0.636,ordinary,flagged_facility,Vadinar terminal / Nayara refinery (EU+UK sanctioned),22.64,False,False,4,,False
564957000,PM REGALIA,SGP,jamnagar_vadinar_sep_oct2025,2025-10-08 09:00:00+00:00,2025-10-09 05:00:00+00:00,20.0,21,1.0,22.59,69.86381,0.636,ordinary,flagged_facility,Vadinar terminal / Nayara refinery (EU+UK sanctioned),22.4,False,False,4,,False
341075002,SWISSCO PEARL,KNA,jamnagar_vadinar_sep_oct2025,2025-09-18 10:00:00+00:00,2025-09-19 05:00:00+00:00,19.0,20,1.0,22.476,69.6865,4.347,ordinary,flagged_facility,Jamnagar (Sikka) marine terminal,6.17,False,False,4,,False
413584750,HONG LI YUAN YANG,CHN,jamnagar_vadinar_sep_oct2025,2025-09-01 00:00:00+00:00,2025-09-01 19:00:00+00:00,19.0,20,1.0,22.69,69.7695,0.974,ordinary,flagged_facility,Vadinar terminal / Nayara refinery (EU+UK sanctioned),19.82,False,False,4,,False
577399000,LIETO,VUT,jamnagar_vadinar_sep_oct2025,2025-10-01 13:00:00+00:00,2025-10-02 08:00:00+00:00,19.0,20,1.0,22.57,69.785,1.225,ordinary,flagged_facility,Vadinar terminal / Nayara refinery (EU+UK sanctioned),14.04,False,False,4,,False
354884000,SPIL KARTIKA,PAN,jamnagar_vadinar_sep_oct2025,2025-09-30 13:00:00+00:00,2025-10-01 07:00:00+00:00,18.0,19,1.0,22.69,69.76053,3.131,ordinary,flagged_facility,Vadinar terminal / Nayara refinery (EU+UK sanctioned),19.26,False,False,4,,False
371687000,NEW ANDROS,PAN,jamnagar_vadinar_sep_oct2025,2025-09-01 00:00:00+00:00,2025-09-01 18:00:00+00:00,18.0,19,1.0,22.52895,69.69105,4.962,ordinary,flagged_facility,Vadinar terminal / Nayara refinery (EU+UK sanctioned),4.82,False,False,4,,False
371687000,NEW ANDROS,PAN,jamnagar_vadinar_sep_oct2025,2025-09-01 19:00:00+00:00,2025-09-02 13:00:00+00:00,18.0,19,1.0,22.52737,69.69,2.517,ordinary,flagged_facility,Vadinar terminal / Nayara refinery (EU+UK sanctioned),4.82,False,False,4,,False
372480000,DAIWAN GLORY,PAN,jamnagar_vadinar_sep_oct2025,2025-09-28 12:00:00+00:00,2025-09-29 06:00:00+00:00,18.0,19,1.0,22.68,69.75,0.0,ordinary,flagged_facility,Vadinar terminal / Nayara refinery (EU+UK sanctioned),17.73,False,False,4,,False
538005330,GENCO LION,MHL,jamnagar_vadinar_sep_oct2025,2025-09-30 03:00:00+00:00,2025-09-30 21:00:00+00:00,18.0,19,1.0,22.65,69.55842,4.969,ordinary,flagged_facility,Vadinar terminal / Nayara refinery (EU+UK sanctioned),14.56,False,False,4,,False
636014501,GIANNIS,LBR,jamnagar_vadinar_sep_oct2025,2025-10-11 05:00:00+00:00,2025-10-11 23:00:00+00:00,18.0,19,1.0,22.67789,69.65948,3.749,ordinary,flagged_facility,Vadinar terminal / Nayara refinery (EU+UK sanctioned),14.25,False,False,4,,False
655890000,SARD,MWI,jamnagar_vadinar_sep_oct2025,2025-09-13 23:00:00+00:00,2025-09-14 17:00:00+00:00,18.0,19,1.0,22.51053,69.61158,2.332,ordinary,flagged_facility,Vadinar terminal / Nayara refinery (EU+UK sanctioned),5.9,False,False,4,,False
440163000,DAEHO SUNNY,KOR,jamnagar_vadinar_sep_oct2025,2025-09-26 18:00:00+00:00,2025-09-27 11:00:00+00:00,17.0,18,1.0,22.53056,69.74833,4.492,ordinary,flagged_facility,Vadinar terminal / Nayara refinery (EU+UK sanctioned),10.33,False,False,4,,False
567461000,MAYUREE NAREE,THA,jamnagar_vadinar_sep_oct2025,2025-09-25 19:00:00+00:00,2025-09-26 12:00:00+00:00,17.0,18,1.0,22.63111,69.70944,2.313,ordinary,flagged_facility,Vadinar terminal / Nayara refinery (EU+UK sanctioned),10.89,False,False,4,,False
636020364,SOLAR ROMA,LBR,jamnagar_vadinar_sep_oct2025,2025-09-12 08:00:00+00:00,2025-09-13 01:00:00+00:00,17.0,18,1.0,22.69944,69.74833,2.154,ordinary,flagged_facility,Vadinar terminal / Nayara refinery (EU+UK sanctioned),19.44,False,False,4,,False
636024354,DP WORLD JEBEL ALI,LBR,jamnagar_vadinar_sep_oct2025,2025-09-23 14:00:00+00:00,2025-09-24 07:00:00+00:00,17.0,18,1.0,22.7,69.75,0.0,ordinary,flagged_facility,Vadinar terminal / Nayara refinery (EU+UK sanctioned),19.58,False,False,4,,False
667002362,VERNAL,SLE,jamnagar_vadinar_sep_oct2025,2025-09-03 07:00:00+00:00,2025-09-04 00:00:00+00:00,17.0,18,1.0,22.50056,69.66056,1.429,ordinary,flagged_facility,Vadinar terminal / Nayara refinery (EU+UK sanctioned),5.6,False,False,4,,False
215254000,POLYMNIA I,MLT,jamnagar_vadinar_sep_oct2025,2025-09-24 11:00:00+00:00,2025-09-25 03:00:00+00:00,16.0,17,1.0,22.56765,69.6853,4.45,ordinary,flagged_facility,Vadinar terminal / Nayara refinery (EU+UK sanctioned),4.12,False,False,4,,False
352001906,ANAYA,PAN,jamnagar_vadinar_sep_oct2025,2025-09-16 12:00:00+00:00,2025-09-17 04:00:00+00:00,16.0,17,1.0,22.54,69.60588,0.604,ordinary,flagged_facility,Vadinar terminal / Nayara refinery (EU+UK sanctioned),4.67,False,False,4,,False
357147000,SUPREME ACE,PAN,jamnagar_vadinar_sep_oct2025,2025-09-01 07:00:00+00:00,2025-09-01 23:00:00+00:00,16.0,17,1.0,22.67176,69.71882,3.686,ordinary,flagged_facility,Vadinar terminal / Nayara refinery (EU+UK sanctioned),15.27,False,False,4,,False
461000285,SIRAJ,OMN,jamnagar_vadinar_sep_oct2025,2025-10-04 12:00:00+00:00,2025-10-05 04:00:00+00:00,16.0,17,1.0,22.54118,69.66823,4.947,ordinary,flagged_facility,Vadinar terminal / Nayara refinery (EU+UK sanctioned),2.11,False,False,4,,False
630001159,GARUDA,GNB,jamnagar_vadinar_sep_oct2025,2025-10-10 00:00:00+00:00,2025-10-10 16:00:00+00:00,16.0,17,1.0,22.66,69.71,1.112,ordinary,flagged_facility,Vadinar terminal / Nayara refinery (EU+UK sanctioned),13.69,False,False,4,,False
636018911,OCEAN LEO,LBR,jamnagar_vadinar_sep_oct2025,2025-09-01 00:00:00+00:00,2025-09-01 16:00:00+00:00,16.0,17,1.0,22.39059,69.60941,1.425,ordinary,flagged_facility,Jamnagar (Sikka) marine terminal,12.18,False,False,4,,False
636024903,MINERVA SYMPHONY,LBR,jamnagar_vadinar_sep_oct2025,2025-09-18 18:00:00+00:00,2025-09-19 10:00:00+00:00,16.0,17,1.0,22.52647,69.70941,1.043,ordinary,flagged_facility,Vadinar terminal / Nayara refinery (EU+UK sanctioned),6.64,False,False,4,,False
667001248,FURIA,SLE,jamnagar_vadinar_sep_oct2025,2025-09-14 09:00:00+00:00,2025-09-15 01:00:00+00:00,16.0,17,1.0,22.56118,69.66,3.366,ordinary,flagged_facility,Vadinar terminal / Nayara refinery (EU+UK sanctioned),1.61,False,False,4,,False
229134000,HOUSTON,MLT,jamnagar_vadinar_sep_oct2025,2025-09-14 06:00:00+00:00,2025-09-14 21:00:00+00:00,15.0,16,1.0,22.54062,69.70625,4.952,ordinary,flagged_facility,Vadinar terminal / Nayara refinery (EU+UK sanctioned),5.87,False,False,4,,False
352003480,MSC TIA V,PAN,jamnagar_vadinar_sep_oct2025,2025-09-26 06:00:00+00:00,2025-09-26 21:00:00+00:00,15.0,16,1.0,22.67,69.71875,0.898,ordinary,flagged_facility,Vadinar terminal / Nayara refinery (EU+UK sanctioned),15.09,False,False,4,,False
356093000,MSC JUDITH,PAN,jamnagar_vadinar_sep_oct2025,2025-09-29 05:00:00+00:00,2025-09-29 20:00:00+00:00,15.0,16,1.0,22.64,69.71062,0.962,ordinary,flagged_facility,Vadinar terminal / Nayara refinery (EU+UK sanctioned),11.78,False,False,4,,False
413556780,ZHUCHENGXINZHOU,CHN,jamnagar_vadinar_sep_oct2025,2025-09-01 07:00:00+00:00,2025-09-01 22:00:00+00:00,15.0,16,1.0,22.68,69.74813,3.092,ordinary,flagged_facility,Vadinar terminal / Nayara refinery (EU+UK sanctioned),17.62,False,False,4,,False
636022102,MSC TESSA,LBR,jamnagar_vadinar_sep_oct2025,2025-09-22 10:00:00+00:00,2025-09-23 01:00:00+00:00,15.0,16,1.0,22.67938,69.76937,4.208,ordinary,flagged_facility,Vadinar terminal / Nayara refinery (EU+UK sanctioned),18.9,False,False,4,,False
636022984,MSC UNIFIC VI,LBR,jamnagar_vadinar_sep_oct2025,2025-09-07 21:00:00+00:00,2025-09-08 12:00:00+00:00,15.0,16,1.0,22.64937,69.73063,1.418,ordinary,flagged_facility,Vadinar terminal / Nayara refinery (EU+UK sanctioned),13.81,False,False,4,,False
413381290,ZHONG GU BEI JING,CHN,jamnagar_vadinar_sep_oct2025,2025-09-13 07:00:00+00:00,2025-09-13 21:00:00+00:00,14.0,15,1.0,22.64067,69.71,1.038,ordinary,flagged_facility,Vadinar terminal / Nayara refinery (EU+UK sanctioned),11.81,False,False,4,,False
636018827,SERIFOS,LBR,jamnagar_vadinar_sep_oct2025,2025-09-28 10:00:00+00:00,2025-09-29 00:00:00+00:00,14.0,15,1.0,22.63,69.62867,3.91,ordinary,flagged_facility,Vadinar terminal / Nayara refinery (EU+UK sanctioned),9.16,False,False,4,,False
636023409,WAN HAI 611,LBR,jamnagar_vadinar_sep_oct2025,2025-10-02 11:00:00+00:00,2025-10-03 01:00:00+00:00,14.0,15,1.0,22.67333,69.76,0.741,ordinary,flagged_facility,Vadinar terminal / Nayara refinery (EU+UK sanctioned),17.76,False,False,4,,False
249611000,ANTIGUA I,MLT,jamnagar_vadinar_sep_oct2025,2025-09-17 10:00:00+00:00,2025-09-17 23:00:00+00:00,13.0,14,1.0,22.56571,69.76357,4.968,ordinary,flagged_facility,Vadinar terminal / Nayara refinery (EU+UK sanctioned),11.79,False,False,4,,False
256292000,CMACGM VILA DO CONDE,MLT,jamnagar_vadinar_sep_oct2025,2025-10-01 09:00:00+00:00,2025-10-01 22:00:00+00:00,13.0,14,1.0,22.67071,69.71143,1.356,ordinary,flagged_facility,Vadinar terminal / Nayara refinery (EU+UK sanctioned),14.83,False,False,4,,False
355777000,NYMPH,PAN,jamnagar_vadinar_sep_oct2025,2025-09-20 17:00:00+00:00,2025-09-21 06:00:00+00:00,13.0,14,1.0,22.69,69.77428,1.465,ordinary,flagged_facility,Vadinar terminal / Nayara refinery (EU+UK sanctioned),20.13,False,False,4,,False
405000256,MEGHNA ADVENTURE,BGD,jamnagar_vadinar_sep_oct2025,2025-09-16 02:00:00+00:00,2025-09-16 15:00:00+00:00,13.0,14,1.0,22.65786,69.72429,0.978,ordinary,flagged_facility,Vadinar terminal / Nayara refinery (EU+UK sanctioned),14.21,False,False,4,,False
525121061,SAVIR LION,IDN,jamnagar_vadinar_sep_oct2025,2025-09-24 14:00:00+00:00,2025-09-25 03:00:00+00:00,13.0,14,1.0,22.55,69.61143,1.907,ordinary,flagged_facility,Vadinar terminal / Nayara refinery (EU+UK sanctioned),3.96,False,False,4,,False
610107082,RUNA,BEN,jamnagar_vadinar_sep_oct2025,2025-09-13 16:00:00+00:00,2025-09-14 05:00:00+00:00,13.0,14,1.0,22.54857,69.61,2.065,ordinary,flagged_facility,Vadinar terminal / Nayara refinery (EU+UK sanctioned),4.11,False,False,4,,False
620999956,BLUE TALU,COM,jamnagar_vadinar_sep_oct2025,2025-09-01 20:00:00+00:00,2025-09-02 09:00:00+00:00,13.0,14,1.0,22.45071,69.66928,1.406,ordinary,flagged_facility,Jamnagar (Sikka) marine terminal,5.7,False,False,4,,False
667002327,FULGER,SLE,jamnagar_vadinar_sep_oct2025,2025-09-07 01:00:00+00:00,2025-09-07 14:00:00+00:00,13.0,14,1.0,22.50429,69.66,2.859,ordinary,flagged_facility,Vadinar terminal / Nayara refinery (EU+UK sanctioned),5.19,False,False,4,,False
1651,,,jamnagar_vadinar_sep_oct2025,2025-10-01 20:00:00+00:00,2025-10-02 08:00:00+00:00,12.0,8,0.615,22.56625,69.755,0.864,ordinary,flagged_facility,Vadinar terminal / Nayara refinery (EU+UK sanctioned),10.93,False,False,4,,False
352002554,NAVIOS SAKURA,PAN,jamnagar_vadinar_sep_oct2025,2025-10-08 07:00:00+00:00,2025-10-08 19:00:00+00:00,12.0,13,1.0,22.65154,69.55461,4.755,ordinary,flagged_facility,Vadinar terminal / Nayara refinery (EU+UK sanctioned),14.95,False,False,4,,False
629009662,ECHO,GMB,jamnagar_vadinar_sep_oct2025,2025-09-26 07:00:00+00:00,2025-09-26 19:00:00+00:00,12.0,13,1.0,22.54308,69.60231,4.994,ordinary,flagged_facility,Vadinar terminal / Nayara refinery (EU+UK sanctioned),4.96,False,False,4,,False
636018079,MSC LISBON,LBR,jamnagar_vadinar_sep_oct2025,2025-09-05 18:00:00+00:00,2025-09-06 06:00:00+00:00,12.0,13,1.0,22.66538,69.72077,4.226,ordinary,flagged_facility,Vadinar terminal / Nayara refinery (EU+UK sanctioned),14.74,False,False,4,,False
636019233,HIGH VOYAGER,LBR,jamnagar_vadinar_sep_oct2025,2025-10-06 08:00:00+00:00,2025-10-06 20:00:00+00:00,12.0,13,1.0,22.58538,69.86,4.984,ordinary,flagged_facility,Vadinar terminal / Nayara refinery (EU+UK sanctioned),21.92,False,False,4,,False
667002420,AEPCO,SLE,jamnagar_vadinar_sep_oct2025,2025-10-10 12:00:00+00:00,2025-10-11 00:00:00+00:00,12.0,13,1.0,22.65462,69.77077,3.059,ordinary,flagged_facility,Vadinar terminal / Nayara refinery (EU+UK sanctioned),17.0,False,False,4,,False
210257000,CAPE MARY M,CYP,jamnagar_vadinar_sep_oct2025,2025-10-09 05:00:00+00:00,2025-10-09 16:00:00+00:00,11.0,12,1.0,22.65917,69.55666,4.968,ordinary,flagged_facility,Vadinar terminal / Nayara refinery (EU+UK sanctioned),15.47,False,False,4,,False
229557000,MARATHOPOLIS,MLT,jamnagar_vadinar_sep_oct2025,2025-09-10 11:00:00+00:00,2025-09-10 22:00:00+00:00,11.0,7,0.583,22.69857,69.73429,1.62,ordinary,flagged_facility,Vadinar terminal / Nayara refinery (EU+UK sanctioned),18.65,False,False,4,,False
538007314,NAGUAL,MHL,jamnagar_vadinar_sep_oct2025,2025-09-09 19:00:00+00:00,2025-09-10 06:00:00+00:00,11.0,12,1.0,22.66333,69.75083,4.929,ordinary,flagged_facility,Vadinar terminal / Nayara refinery (EU+UK sanctioned),16.31,False,False,4,,False
538010338,SAI FORTUNE,MHL,jamnagar_vadinar_sep_oct2025,2025-10-11 12:00:00+00:00,2025-10-11 23:00:00+00:00,11.0,12,1.0,22.66917,69.74,1.019,ordinary,flagged_facility,Vadinar terminal / Nayara refinery (EU+UK sanctioned),16.15,False,False,4,,False
563011000,KOTA NANHAI,SGP,jamnagar_vadinar_sep_oct2025,2025-09-08 07:00:00+00:00,2025-09-08 18:00:00+00:00,11.0,12,1.0,22.68083,69.77666,4.553,ordinary,flagged_facility,Vadinar terminal / Nayara refinery (EU+UK sanctioned),19.51,False,False,4,,False
566492000,MAERSK COLOMBO,SGP,jamnagar_vadinar_sep_oct2025,2025-09-07 05:00:00+00:00,2025-09-07 16:00:00+00:00,11.0,12,1.0,22.63833,69.67667,3.028,ordinary,flagged_facility,Vadinar terminal / Nayara refinery (EU+UK sanctioned),10.2,False,False,4,,False
636019233,HIGH VOYAGER,LBR,jamnagar_vadinar_sep_oct2025,2025-10-06 21:00:00+00:00,2025-10-07 08:00:00+00:00,11.0,12,1.0,22.58917,69.86167,3.407,ordinary,flagged_facility,Vadinar terminal / Nayara refinery (EU+UK sanctioned),22.17,False,False,4,,False
1651,,,jamnagar_vadinar_sep_oct2025,2025-10-02 15:00:00+00:00,2025-10-03 01:00:00+00:00,10.0,7,0.636,22.56,69.76143,0.88,ordinary,flagged_facility,Vadinar terminal / Nayara refinery (EU+UK sanctioned),11.5,False,False,4,,False
256856000,GREENLAND,MLT,jamnagar_vadinar_sep_oct2025,2025-10-10 22:00:00+00:00,2025-10-11 08:00:00+00:00,10.0,11,1.0,22.64909,69.69727,2.765,ordinary,flagged_facility,Vadinar terminal / Nayara refinery (EU+UK sanctioned),12.04,False,False,4,,False
441927000,WOOJIN FRANK,KOR,jamnagar_vadinar_sep_oct2025,2025-09-21 17:00:00+00:00,2025-09-22 03:00:00+00:00,10.0,11,1.0,22.65182,69.73545,2.075,ordinary,flagged_facility,Vadinar terminal / Nayara refinery (EU+UK sanctioned),14.32,False,False,4,,False
630001159,GARUDA,GNB,jamnagar_vadinar_sep_oct2025,2025-10-05 06:00:00+00:00,2025-10-05 16:00:00+00:00,10.0,11,1.0,22.56727,69.61727,4.048,ordinary,flagged_facility,Vadinar terminal / Nayara refinery (EU+UK sanctioned),3.87,False,False,4,,False
636022033,GAS AMMON,LBR,jamnagar_vadinar_sep_oct2025,2025-09-10 00:00:00+00:00,2025-09-10 10:00:00+00:00,10.0,11,1.0,22.52636,69.75273,4.919,ordinary,flagged_facility,Vadinar terminal / Nayara refinery (EU+UK sanctioned),10.87,False,False,4,,False
636022207,RAIATEA,LBR,jamnagar_vadinar_sep_oct2025,2025-10-06 13:00:00+00:00,2025-10-06 23:00:00+00:00,10.0,11,1.0,22.50636,69.55182,4.967,ordinary,flagged_facility,Vadinar terminal / Nayara refinery (EU+UK sanctioned),11.19,False,False,4,,False
636025301,VENUS 3,LBR,jamnagar_vadinar_sep_oct2025,2025-10-11 13:00:00+00:00,2025-10-11 23:00:00+00:00,10.0,11,1.0,22.67727,69.77909,3.173,ordinary,flagged_facility,Vadinar terminal / Nayara refinery (EU+UK sanctioned),19.39,False,False,4,,False
249245000,COSTAS P,MLT,jamnagar_vadinar_sep_oct2025,2025-09-01 00:00:00+00:00,2025-09-01 09:00:00+00:00,9.0,10,1.0,22.58,69.836,0.616,ordinary,flagged_facility,Vadinar terminal / Nayara refinery (EU+UK sanctioned),19.39,False,False,4,,False
255797000,MSC VERACRUZ V,PRT,jamnagar_vadinar_sep_oct2025,2025-10-04 17:00:00+00:00,2025-10-05 02:00:00+00:00,9.0,10,1.0,22.64,69.704,0.616,ordinary,flagged_facility,Vadinar terminal / Nayara refinery (EU+UK sanctioned),11.44,False,False,4,,False
255805930,MSC CLEA,PRT,jamnagar_vadinar_sep_oct2025,2025-09-07 01:00:00+00:00,2025-09-07 10:00:00+00:00,9.0,5,0.5,22.628,69.64,4.568,ordinary,flagged_facility,Vadinar terminal / Nayara refinery (EU+UK sanctioned),8.73,False,False,4,,False
314001144,BOLU,BRB,jamnagar_vadinar_sep_oct2025,2025-10-08 03:00:00+00:00,2025-10-08 12:00:00+00:00,9.0,10,1.0,22.616,69.84,4.896,ordinary,flagged_facility,Vadinar terminal / Nayara refinery (EU+UK sanctioned),20.84,False,False,4,,False
352004353,SUNNY 72,PAN,jamnagar_vadinar_sep_oct2025,2025-09-26 19:00:00+00:00,2025-09-27 04:00:00+00:00,9.0,10,1.0,22.633,69.71,0.778,ordinary,flagged_facility,Vadinar terminal / Nayara refinery (EU+UK sanctioned),11.1,False,False,4,,False
441441000,TONG YOUNG,KOR,jamnagar_vadinar_sep_oct2025,2025-10-04 15:00:00+00:00,2025-10-05 00:00:00+00:00,9.0,10,1.0,22.663,69.73,0.778,ordinary,flagged_facility,Vadinar terminal / Nayara refinery (EU+UK sanctioned),15.01,False,False,4,,False
477117500,WEALTHY BAY,HKG,jamnagar_vadinar_sep_oct2025,2025-09-17 21:00:00+00:00,2025-09-18 06:00:00+00:00,9.0,10,1.0,22.527,69.752,3.526,ordinary,flagged_facility,Vadinar terminal / Nayara refinery (EU+UK sanctioned),10.78,False,False,4,,False
563250900,INTERASIA TRIBUTE,SGP,jamnagar_vadinar_sep_oct2025,2025-09-08 16:00:00+00:00,2025-09-09 01:00:00+00:00,9.0,10,1.0,22.633,69.704,3.883,ordinary,flagged_facility,Vadinar terminal / Nayara refinery (EU+UK sanctioned),10.77,False,False,4,,False
620999956,BLUE TALU,COM,jamnagar_vadinar_sep_oct2025,2025-09-01 10:00:00+00:00,2025-09-01 19:00:00+00:00,9.0,10,1.0,22.51,69.61,0.0,ordinary,flagged_facility,Vadinar terminal / Nayara refinery (EU+UK sanctioned),6.05,False,False,4,,False
636015604,MSC ALTAIR,LBR,jamnagar_vadinar_sep_oct2025,2025-09-27 09:00:00+00:00,2025-09-27 18:00:00+00:00,9.0,10,1.0,22.63,69.7,0.0,ordinary,flagged_facility,Vadinar terminal / Nayara refinery (EU+UK sanctioned),10.27,False,False,4,,False
667002240,BULLAR,SLE,jamnagar_vadinar_sep_oct2025,2025-10-08 05:00:00+00:00,2025-10-08 14:00:00+00:00,9.0,10,1.0,22.5,69.84,0.0,ordinary,flagged_facility,Jamnagar (Sikka) marine terminal,14.58,False,False,4,,False
334144000,TROY,HND,jamnagar_vadinar_sep_oct2025,2025-09-01 00:00:00+00:00,2025-09-01 08:00:00+00:00,8.0,9,1.0,22.67,69.73667,0.684,ordinary,flagged_facility,Vadinar terminal / Nayara refinery (EU+UK sanctioned),16.04,False,False,4,,False
341790000,CHEM STAR,KNA,jamnagar_vadinar_sep_oct2025,2025-09-06 07:00:00+00:00,2025-09-06 15:00:00+00:00,8.0,9,1.0,22.52889,69.75,0.988,ordinary,flagged_facility,Vadinar terminal / Nayara refinery (EU+UK sanctioned),10.53,False,False,4,,False
351645000,ADVANCE,PAN,jamnagar_vadinar_sep_oct2025,2025-09-07 09:00:00+00:00,2025-09-07 17:00:00+00:00,8.0,9,1.0,22.67111,69.76222,1.014,ordinary,flagged_facility,Vadinar terminal / Nayara refinery (EU+UK sanctioned),17.72,False,False,4,,False
352001365,EVA DIAMOND,PAN,jamnagar_vadinar_sep_oct2025,2025-10-09 01:00:00+00:00,2025-10-09 09:00:00+00:00,8.0,9,1.0,22.68,69.77,0.0,ordinary,flagged_facility,Vadinar terminal / Nayara refinery (EU+UK sanctioned),18.99,False,False,4,,False
353221000,SEA JEWEL,PAN,jamnagar_vadinar_sep_oct2025,2025-10-05 23:00:00+00:00,2025-10-06 07:00:00+00:00,8.0,9,1.0,22.67889,69.62778,1.597,ordinary,flagged_facility,Vadinar terminal / Nayara refinery (EU+UK sanctioned),14.51,False,False,4,,False
403290000,FOLK DAMMAM,SAU,jamnagar_vadinar_sep_oct2025,2025-09-01 03:00:00+00:00,2025-09-01 11:00:00+00:00,8.0,9,1.0,22.65111,69.71222,4.922,ordinary,flagged_facility,Vadinar terminal / Nayara refinery (EU+UK sanctioned),12.93,False,False,4,,False
413380750,ZHONG GU ZHU HAI,CHN,jamnagar_vadinar_sep_oct2025,2025-09-02 11:00:00+00:00,2025-09-02 19:00:00+00:00,8.0,9,1.0,22.67778,69.72889,2.177,ordinary,flagged_facility,Vadinar terminal / Nayara refinery (EU+UK sanctioned),16.35,False,False,4,,False
413381290,ZHONG GU BEI JING,CHN,jamnagar_vadinar_sep_oct2025,2025-09-12 22:00:00+00:00,2025-09-13 06:00:00+00:00,8.0,9,1.0,22.63778,69.70444,4.971,ordinary,flagged_facility,Vadinar terminal / Nayara refinery (EU+UK sanctioned),11.25,False,False,4,,False
413381290,ZHONG GU BEI JING,CHN,jamnagar_vadinar_sep_oct2025,2025-09-14 12:00:00+00:00,2025-09-14 20:00:00+00:00,8.0,9,1.0,22.68889,69.74111,4.712,ordinary,flagged_facility,Vadinar terminal / Nayara refinery (EU+UK sanctioned),18.05,False,False,4,,False
414333000,REN JIAN 19,CHN,jamnagar_vadinar_sep_oct2025,2025-09-12 09:00:00+00:00,2025-09-12 17:00:00+00:00,8.0,9,1.0,22.68,69.77444,0.57,ordinary,flagged_facility,Vadinar terminal / Nayara refinery (EU+UK sanctioned),19.29,False,False,4,,False
414626000,HENG HUI 5,CHN,jamnagar_vadinar_sep_oct2025,2025-09-10 22:00:00+00:00,2025-09-11 06:00:00+00:00,8.0,9,1.0,22.67333,69.71667,2.985,ordinary,flagged_facility,Vadinar terminal / Nayara refinery (EU+UK sanctioned),15.33,False,False,4,,False
538009987,DIMITRI,MHL,jamnagar_vadinar_sep_oct2025,2025-09-13 07:00:00+00:00,2025-09-13 15:00:00+00:00,8.0,9,1.0,22.58444,69.84111,4.943,ordinary,flagged_facility,Vadinar terminal / Nayara refinery (EU+UK sanctioned),19.99,False,False,4,,False
538011199,CELSIUS EDINBURGH,MHL,jamnagar_vadinar_sep_oct2025,2025-10-02 16:00:00+00:00,2025-10-03 00:00:00+00:00,8.0,9,1.0,22.67667,69.71778,2.601,ordinary,flagged_facility,Vadinar terminal / Nayara refinery (EU+UK sanctioned),15.71,False,False,4,,False
566762000,MARITIME POLARIS,SGP,jamnagar_vadinar_sep_oct2025,2025-09-01 00:00:00+00:00,2025-09-01 08:00:00+00:00,8.0,9,1.0,22.49333,69.83666,4.037,ordinary,flagged_facility,Jamnagar (Sikka) marine terminal,13.9,False,False,4,,False
636018543,ELANDRA MAPLE,LBR,jamnagar_vadinar_sep_oct2025,2025-09-21 12:00:00+00:00,2025-09-21 20:00:00+00:00,8.0,9,1.0,22.65111,69.71889,2.103,ordinary,flagged_facility,Vadinar terminal / Nayara refinery (EU+UK sanctioned),13.28,False,False,4,,False
636024013,MSC FALCON III,LBR,jamnagar_vadinar_sep_oct2025,2025-09-15 02:00:00+00:00,2025-09-15 10:00:00+00:00,8.0,8,0.889,22.67375,69.78,4.972,ordinary,flagged_facility,Vadinar terminal / Nayara refinery (EU+UK sanctioned),19.17,False,False,4,,False
304831000,BBC KHERSON,ATG,jamnagar_vadinar_sep_oct2025,2025-09-23 13:00:00+00:00,2025-09-23 20:00:00+00:00,7.0,8,1.0,22.64875,69.7275,4.971,ordinary,flagged_facility,Vadinar terminal / Nayara refinery (EU+UK sanctioned),13.56,False,False,4,,False
304831000,BBC KHERSON,ATG,jamnagar_vadinar_sep_oct2025,2025-09-23 21:00:00+00:00,2025-09-24 04:00:00+00:00,7.0,8,1.0,22.655,69.73125,4.059,ordinary,flagged_facility,Vadinar terminal / Nayara refinery (EU+UK sanctioned),14.35,False,False,4,,False
370320000,MSC NAGOYA V,PAN,jamnagar_vadinar_sep_oct2025,2025-09-25 06:00:00+00:00,2025-09-25 13:00:00+00:00,7.0,8,1.0,22.68,69.79,0.0,ordinary,flagged_facility,Vadinar terminal / Nayara refinery (EU+UK sanctioned),20.38,False,False,4,,False
370341000,MSC VALERIA,PAN,jamnagar_vadinar_sep_oct2025,2025-09-12 02:00:00+00:00,2025-09-12 09:00:00+00:00,7.0,8,1.0,22.67125,69.715,2.147,ordinary,flagged_facility,Vadinar terminal / Nayara refinery (EU+UK sanctioned),15.04,False,False,4,,False
374946000,MSC ULSAN III,PAN,jamnagar_vadinar_sep_oct2025,2025-09-14 01:00:00+00:00,2025-09-14 08:00:00+00:00,7.0,8,1.0,22.63625,69.70875,4.934,ordinary,flagged_facility,Vadinar terminal / Nayara refinery (EU+UK sanctioned),11.33,False,False,4,,False
636015722,T RIGEL,LBR,jamnagar_vadinar_sep_oct2025,2025-09-23 08:00:00+00:00,2025-09-23 15:00:00+00:00,7.0,8,1.0,22.52,69.75,0.0,ordinary,flagged_facility,Jamnagar (Sikka) marine terminal,10.47,False,False,4,,False
636022728,DING HENG 38,LBR,jamnagar_vadinar_sep_oct2025,2025-09-10 03:00:00+00:00,2025-09-10 10:00:00+00:00,7.0,8,1.0,22.6575,69.73625,4.507,ordinary,flagged_facility,Vadinar terminal / Nayara refinery (EU+UK sanctioned),14.88,False,False,4,,False
209550000,AMERICA,CYP,jamnagar_vadinar_sep_oct2025,2025-10-08 23:00:00+00:00,2025-10-09 05:00:00+00:00,6.0,7,1.0,22.66571,69.70143,3.913,ordinary,flagged_facility,Vadinar terminal / Nayara refinery (EU+UK sanctioned),13.91,False,False,4,,False
255806338,MSC AURIGA,PRT,jamnagar_vadinar_sep_oct2025,2025-09-07 12:00:00+00:00,2025-09-07 18:00:00+00:00,6.0,3,0.429,22.61667,69.59,3.594,ordinary,flagged_facility,Vadinar terminal / Nayara refinery (EU+UK sanctioned),9.64,False,False,4,,False
341075002,SWISSCO PEARL,KNA,jamnagar_vadinar_sep_oct2025,2025-09-18 03:00:00+00:00,2025-09-18 09:00:00+00:00,6.0,7,1.0,22.53,69.69,0.0,ordinary,flagged_facility,Vadinar terminal / Nayara refinery (EU+UK sanctioned),4.67,False,False,4,,False
352001236,PVT ESTELLA,PAN,jamnagar_vadinar_sep_oct2025,2025-09-19 06:00:00+00:00,2025-09-19 12:00:00+00:00,6.0,7,1.0,22.67143,69.72,4.053,ordinary,flagged_facility,Vadinar terminal / Nayara refinery (EU+UK sanctioned),15.3,False,False,4,,False
352001906,ANAYA,PAN,jamnagar_vadinar_sep_oct2025,2025-09-14 13:00:00+00:00,2025-09-14 19:00:00+00:00,6.0,6,0.857,22.45833,69.66667,4.939,ordinary,flagged_facility,Jamnagar (Sikka) marine terminal,6.32,False,False,4,,False
403766060,FOLK JUBAIL,SAU,jamnagar_vadinar_sep_oct2025,2025-09-30 12:00:00+00:00,2025-09-30 18:00:00+00:00,6.0,7,1.0,22.68,69.75714,1.759,ordinary,flagged_facility,Vadinar terminal / Nayara refinery (EU+UK sanctioned),18.16,False,False,4,,False
538003882,DUBAI ANGEL,MHL,jamnagar_vadinar_sep_oct2025,2025-09-05 00:00:00+00:00,2025-09-05 06:00:00+00:00,6.0,7,1.0,22.66429,69.74857,3.913,ordinary,flagged_facility,Vadinar terminal / Nayara refinery (EU+UK sanctioned),16.24,False,False,4,,False
538009353,SSI-INTERCEPTOR,MHL,jamnagar_vadinar_sep_oct2025,2025-09-11 18:00:00+00:00,2025-09-12 00:00:00+00:00,6.0,7,1.0,22.66429,69.75,4.924,ordinary,flagged_facility,Vadinar terminal / Nayara refinery (EU+UK sanctioned),16.34,False,False,4,,False
629009662,ECHO,GMB,jamnagar_vadinar_sep_oct2025,2025-09-29 14:00:00+00:00,2025-09-29 20:00:00+00:00,6.0,7,1.0,22.56857,69.62,0.953,ordinary,flagged_facility,Vadinar terminal / Nayara refinery (EU+UK sanctioned),3.71,False,False,4,,False
636016458,MSC CAPRI,LBR,jamnagar_vadinar_sep_oct2025,2025-09-18 09:00:00+00:00,2025-09-18 15:00:00+00:00,6.0,4,0.571,22.6275,69.5475,3.348,ordinary,flagged_facility,Vadinar terminal / Nayara refinery (EU+UK sanctioned),13.6,False,False,4,,False
636017434,MSC INGY,LBR,jamnagar_vadinar_sep_oct2025,2025-10-06 17:00:00+00:00,2025-10-06 23:00:00+00:00,6.0,3,0.429,22.62333,69.55667,1.864,ordinary,flagged_facility,Vadinar terminal / Nayara refinery (EU+UK sanctioned),12.58,False,False,4,,False
636017970,ALMI TITAN,LBR,jamnagar_vadinar_sep_oct2025,2025-10-10 00:00:00+00:00,2025-10-10 06:00:00+00:00,6.0,7,1.0,22.61,69.81571,4.693,ordinary,flagged_facility,Vadinar terminal / Nayara refinery (EU+UK sanctioned),18.28,False,False,4,,False
636024785,ZUMA,LBR,jamnagar_vadinar_sep_oct2025,2025-09-09 05:00:00+00:00,2025-09-09 11:00:00+00:00,6.0,7,1.0,22.59143,69.84714,4.889,ordinary,flagged_facility,Vadinar terminal / Nayara refinery (EU+UK sanctioned),20.76,False,False,4,,False
668116306,MAVERICK,STP,jamnagar_vadinar_sep_oct2025,2025-09-18 15:00:00+00:00,2025-09-18 21:00:00+00:00,6.0,7,1.0,22.51714,69.62,4.875,ordinary,flagged_facility,Vadinar terminal / Nayara refinery (EU+UK sanctioned),4.78,False,False,4,,False
352001740,ELVITA R,PAN,jamnagar_vadinar_sep_oct2025,2025-09-01 00:00:00+00:00,2025-10-11 23:00:00+00:00,983.0,984,1.0,22.66,70.05725,0.743,prolonged,open_water,Jamnagar (Sikka) marine terminal,43.05,True,False,3,,False
419001755,SANMAR SAROD,IND,jamnagar_vadinar_sep_oct2025,2025-09-12 02:00:00+00:00,2025-09-18 22:00:00+00:00,164.0,165,1.0,22.65,69.96988,2.04,extended,open_water,Vadinar terminal / Nayara refinery (EU+UK sanctioned),34.67,False,False,3,,False
311476000,LIMERICK SPIRIT,BHS,jamnagar_vadinar_sep_oct2025,2025-09-18 11:00:00+00:00,2025-09-25 03:00:00+00:00,160.0,161,1.0,22.67994,69.94578,2.866,extended,open_water,Vadinar terminal / Nayara refinery (EU+UK sanctioned),33.62,False,False,3,,False
311018700,JASMIN JOY,BHS,jamnagar_vadinar_sep_oct2025,2025-09-20 04:00:00+00:00,2025-09-26 08:00:00+00:00,148.0,149,1.0,22.65933,69.93013,4.119,extended,open_water,Vadinar terminal / Nayara refinery (EU+UK sanctioned),31.22,False,False,3,,False
440325000,SKY WINNER,KOR,jamnagar_vadinar_sep_oct2025,2025-09-02 01:00:00+00:00,2025-09-08 00:00:00+00:00,143.0,144,1.0,22.64104,69.93986,2.933,extended,open_water,Vadinar terminal / Nayara refinery (EU+UK sanctioned),31.43,False,False,3,,False
538006075,ADVANTAGE LIFE,MHL,jamnagar_vadinar_sep_oct2025,2025-10-06 04:00:00+00:00,2025-10-11 23:00:00+00:00,139.0,140,1.0,22.65007,69.956,1.178,extended,open_water,Vadinar terminal / Nayara refinery (EU+UK sanctioned),33.33,False,False,3,,False
636014394,UNITED VENTURE,LBR,jamnagar_vadinar_sep_oct2025,2025-09-10 17:00:00+00:00,2025-09-16 09:00:00+00:00,136.0,137,1.0,22.6354,69.90256,4.397,extended,open_water,Vadinar terminal / Nayara refinery (EU+UK sanctioned),27.61,False,False,3,,False
419956827,PRASIDDHI,IND,jamnagar_vadinar_sep_oct2025,2025-09-08 13:00:00+00:00,2025-09-14 04:00:00+00:00,135.0,133,0.978,22.68015,70.06015,3.003,extended,open_water,Vadinar terminal / Nayara refinery (EU+UK sanctioned),44.52,False,False,3,,False
241456000,THOMAS ZAFIRAS,GRC,jamnagar_vadinar_sep_oct2025,2025-09-16 22:00:00+00:00,2025-09-22 05:00:00+00:00,127.0,128,1.0,22.67,69.93,0.0,extended,open_water,Vadinar terminal / Nayara refinery (EU+UK sanctioned),31.69,False,False,3,,False
419956955,M.V.GAUTAM REHANSH,IND,jamnagar_vadinar_sep_oct2025,2025-10-01 01:00:00+00:00,2025-10-06 05:00:00+00:00,124.0,125,1.0,22.55536,70.03336,3.912,extended,open_water,Jamnagar (Sikka) marine terminal,35.08,False,False,3,,False
419001455,M.T. RADHA,IND,jamnagar_vadinar_sep_oct2025,2025-09-14 05:00:00+00:00,2025-09-19 07:00:00+00:00,122.0,123,1.0,22.55,70.03,0.0,extended,open_water,Jamnagar (Sikka) marine terminal,34.53,False,False,3,,False
620800044,DALVA,COM,jamnagar_vadinar_sep_oct2025,2025-09-27 05:00:00+00:00,2025-10-02 05:00:00+00:00,120.0,121,1.0,22.66041,69.94595,1.144,extended,open_water,Vadinar terminal / Nayara refinery (EU+UK sanctioned),32.77,False,False,3,,False
564957000,PM REGALIA,SGP,jamnagar_vadinar_sep_oct2025,2025-10-03 06:00:00+00:00,2025-10-08 05:00:00+00:00,119.0,120,1.0,22.66,69.971,1.129,extended,open_water,Vadinar terminal / Nayara refinery (EU+UK sanctioned),35.15,False,False,3,,False
413172000,QI LIN ZUO,CHN,jamnagar_vadinar_sep_oct2025,2025-09-21 09:00:00+00:00,2025-09-26 06:00:00+00:00,117.0,118,1.0,22.63,69.92,0.0,extended,open_water,Vadinar terminal / Nayara refinery (EU+UK sanctioned),29.11,False,False,3,,False
419001755,SANMAR SAROD,IND,jamnagar_vadinar_sep_oct2025,2025-10-04 08:00:00+00:00,2025-10-09 05:00:00+00:00,117.0,118,1.0,22.65017,69.96958,3.751,extended,open_water,Vadinar terminal / Nayara refinery (EU+UK sanctioned),34.65,False,False,3,,False
419001455,M.T. RADHA,IND,jamnagar_vadinar_sep_oct2025,2025-09-04 04:00:00+00:00,2025-09-08 23:00:00+00:00,115.0,116,1.0,22.57086,70.04465,3.603,extended,open_water,Jamnagar (Sikka) marine terminal,36.85,False,False,3,,False
419956827,PRASIDDHI,IND,jamnagar_vadinar_sep_oct2025,2025-09-14 17:00:00+00:00,2025-09-19 11:00:00+00:00,114.0,115,1.0,22.68,70.06,0.0,extended,open_water,Vadinar terminal / Nayara refinery (EU+UK sanctioned),44.5,False,False,3,,False
538004722,MAGIC VICTORIA,MHL,jamnagar_vadinar_sep_oct2025,2025-09-21 09:00:00+00:00,2025-09-26 01:00:00+00:00,112.0,113,1.0,22.65,69.96982,1.008,extended,open_water,Vadinar terminal / Nayara refinery (EU+UK sanctioned),34.66,False,False,3,,False
314001139,AVERO,BRB,jamnagar_vadinar_sep_oct2025,2025-09-29 14:00:00+00:00,2025-10-04 05:00:00+00:00,111.0,112,1.0,22.65018,69.92973,3.051,extended,open_water,Vadinar terminal / Nayara refinery (EU+UK sanctioned),30.8,False,False,3,,False
419001712,LILAC VICTORIA,IND,jamnagar_vadinar_sep_oct2025,2025-09-20 04:00:00+00:00,2025-09-24 18:00:00+00:00,110.0,111,1.0,22.65,69.94982,2.034,extended,open_water,Vadinar terminal / Nayara refinery (EU+UK sanctioned),32.73,False,False,3,,False
636018294,NEW FRIENDSHIP,LBR,jamnagar_vadinar_sep_oct2025,2025-09-11 16:00:00+00:00,2025-09-16 06:00:00+00:00,110.0,111,1.0,22.66,69.94784,0.804,extended,open_water,Vadinar terminal / Nayara refinery (EU+UK sanctioned),32.93,False,False,3,,False
319287300,BETELGEUSE,CYM,jamnagar_vadinar_sep_oct2025,2025-09-08 14:00:00+00:00,2025-09-13 03:00:00+00:00,109.0,110,1.0,22.64027,69.94982,3.881,extended,open_water,Vadinar terminal / Nayara refinery (EU+UK sanctioned),32.37,False,False,3,,False
538010650,ADVANTAGE PORTOCERVO,MHL,jamnagar_vadinar_sep_oct2025,2025-09-05 21:00:00+00:00,2025-09-10 09:00:00+00:00,108.0,109,1.0,22.61917,69.90129,4.565,extended,open_water,Vadinar terminal / Nayara refinery (EU+UK sanctioned),26.92,False,False,3,,False
419001455,M.T. RADHA,IND,jamnagar_vadinar_sep_oct2025,2025-09-09 02:00:00+00:00,2025-09-13 13:00:00+00:00,107.0,108,1.0,22.68981,70.06805,1.109,extended,open_water,Vadinar terminal / Nayara refinery (EU+UK sanctioned),45.64,False,False,3,,False
311001598,AFRICAN BLACKBIRD,BHS,jamnagar_vadinar_sep_oct2025,2025-09-01 00:00:00+00:00,2025-09-05 06:00:00+00:00,102.0,103,1.0,22.64951,70.07,1.058,extended,open_water,Jamnagar (Sikka) marine terminal,43.45,False,False,3,,False
352004264,VENDAVEL,PAN,jamnagar_vadinar_sep_oct2025,2025-09-24 00:00:00+00:00,2025-09-28 05:00:00+00:00,101.0,102,1.0,22.63971,69.89981,2.033,extended,open_water,Vadinar terminal / Nayara refinery (EU+UK sanctioned),27.52,False,False,3,,False
563271500,DRACO,SGP,jamnagar_vadinar_sep_oct2025,2025-09-01 00:00:00+00:00,2025-09-05 03:00:00+00:00,99.0,100,1.0,22.6402,69.9496,4.621,extended,open_water,Vadinar terminal / Nayara refinery (EU+UK sanctioned),32.35,False,False,3,,False
538005391,STI CONNAUGHT,MHL,jamnagar_vadinar_sep_oct2025,2025-09-03 03:00:00+00:00,2025-09-07 04:00:00+00:00,97.0,98,1.0,22.66133,69.94908,4.515,extended,open_water,Vadinar terminal / Nayara refinery (EU+UK sanctioned),33.1,False,False,3,,False
564956000,PM IMPERIAL,SGP,jamnagar_vadinar_sep_oct2025,2025-09-24 02:00:00+00:00,2025-09-28 00:00:00+00:00,94.0,95,1.0,22.64,69.94979,2.031,extended,open_water,Vadinar terminal / Nayara refinery (EU+UK sanctioned),32.36,False,False,3,,False
419001455,M.T. RADHA,IND,jamnagar_vadinar_sep_oct2025,2025-09-20 10:00:00+00:00,2025-09-24 07:00:00+00:00,93.0,94,1.0,22.55787,70.03394,1.485,extended,open_water,Jamnagar (Sikka) marine terminal,35.25,False,False,3,,False
419075900,M.T. EPSOM FREYA,IND,jamnagar_vadinar_sep_oct2025,2025-09-21 22:00:00+00:00,2025-09-25 14:00:00+00:00,88.0,84,0.944,22.68345,70.06202,4.836,extended,open_water,Vadinar terminal / Nayara refinery (EU+UK sanctioned),44.82,False,False,3,,False
577399000,LIETO,VUT,jamnagar_vadinar_sep_oct2025,2025-10-02 11:00:00+00:00,2025-10-06 03:00:00+00:00,88.0,89,1.0,22.66,69.94562,0.576,extended,open_water,Vadinar terminal / Nayara refinery (EU+UK sanctioned),32.72,False,False,3,,False
241485000,PRUDENT WARRIOR,GRC,jamnagar_vadinar_sep_oct2025,2025-10-08 09:00:00+00:00,2025-10-11 23:00:00+00:00,86.0,87,1.0,22.66011,69.97,1.099,extended,open_water,Vadinar terminal / Nayara refinery (EU+UK sanctioned),35.06,False,False,3,,False
461000284,BARQ,OMN,jamnagar_vadinar_sep_oct2025,2025-09-04 16:00:00+00:00,2025-09-08 02:00:00+00:00,82.0,83,1.0,22.63699,69.9,0.777,extended,open_water,Vadinar terminal / Nayara refinery (EU+UK sanctioned),27.43,False,False,3,,False
563163100,PROTEUS STEPHANIE,SGP,jamnagar_vadinar_sep_oct2025,2025-09-27 13:00:00+00:00,2025-09-30 23:00:00+00:00,82.0,83,1.0,22.65,69.95205,0.816,extended,open_water,Vadinar terminal / Nayara refinery (EU+UK sanctioned),32.94,False,False,3,,False
419826328,MT GAUTAM  PAWAN,IND,jamnagar_vadinar_sep_oct2025,2025-10-01 23:00:00+00:00,2025-10-05 07:00:00+00:00,80.0,81,1.0,22.55111,70.03049,2.316,extended,open_water,Jamnagar (Sikka) marine terminal,34.63,False,False,3,,False
247284500,ELECTA,ITA,jamnagar_vadinar_sep_oct2025,2025-09-20 06:00:00+00:00,2025-09-23 13:00:00+00:00,79.0,80,1.0,22.63025,69.93013,3.014,extended,open_water,Vadinar terminal / Nayara refinery (EU+UK sanctioned),30.11,False,False,3,,False
371959000,TOYA,PAN,jamnagar_vadinar_sep_oct2025,2025-10-01 22:00:00+00:00,2025-10-05 05:00:00+00:00,79.0,80,1.0,22.67,69.93,0.0,extended,open_water,Vadinar terminal / Nayara refinery (EU+UK sanctioned),31.69,False,False,3,,False
538009474,MARLIN HESTIA,MHL,jamnagar_vadinar_sep_oct2025,2025-09-09 01:00:00+00:00,2025-09-12 07:00:00+00:00,78.0,79,1.0,22.63,69.93,0.0,extended,open_water,Vadinar terminal / Nayara refinery (EU+UK sanctioned),30.09,False,False,3,,False
636017970,ALMI TITAN,LBR,jamnagar_vadinar_sep_oct2025,2025-10-06 17:00:00+00:00,2025-10-09 23:00:00+00:00,78.0,79,1.0,22.66051,69.91468,4.705,extended,open_water,Vadinar terminal / Nayara refinery (EU+UK sanctioned),29.82,False,False,3,,False
352003605,KONYA,PAN,jamnagar_vadinar_sep_oct2025,2025-09-16 22:00:00+00:00,2025-09-20 03:00:00+00:00,77.0,78,1.0,22.66013,69.94692,4.945,extended,open_water,Vadinar terminal / Nayara refinery (EU+UK sanctioned),32.85,False,False,3,,False
419956994,MT JENNIFER,IND,jamnagar_vadinar_sep_oct2025,2025-09-05 12:00:00+00:00,2025-09-08 17:00:00+00:00,77.0,61,0.782,22.67672,70.08279,1.918,extended,open_water,Jamnagar (Sikka) marine terminal,46.27,False,False,3,,False
636015337,HIGH TIDE,LBR,jamnagar_vadinar_sep_oct2025,2025-09-08 22:00:00+00:00,2025-09-12 02:00:00+00:00,76.0,77,1.0,22.64039,69.93766,4.347,extended,open_water,Vadinar terminal / Nayara refinery (EU+UK sanctioned),31.19,False,False,3,,False
419956678,UNIGLORY,IND,jamnagar_vadinar_sep_oct2025,2025-10-08 03:00:00+00:00,2025-10-11 06:00:00+00:00,75.0,76,1.0,22.7,70.04,0.0,extended,open_water,Vadinar terminal / Nayara refinery (EU+UK sanctioned),43.36,False,False,3,,False
419956827,PRASIDDHI,IND,jamnagar_vadinar_sep_oct2025,2025-09-20 05:00:00+00:00,2025-09-23 08:00:00+00:00,75.0,68,0.895,22.68015,70.07015,1.491,extended,open_water,Jamnagar (Sikka) marine terminal,45.46,False,False,3,,False
563243300,PM DUKE,SGP,jamnagar_vadinar_sep_oct2025,2025-09-05 03:00:00+00:00,2025-09-08 04:00:00+00:00,73.0,74,1.0,22.63392,69.94041,4.26,extended,open_water,Vadinar terminal / Nayara refinery (EU+UK sanctioned),31.24,False,False,3,,False
564977000,PM CROWN,SGP,jamnagar_vadinar_sep_oct2025,2025-10-01 01:00:00+00:00,2025-10-03 23:00:00+00:00,70.0,71,1.0,22.63986,69.94943,4.193,extended,open_water,Vadinar terminal / Nayara refinery (EU+UK sanctioned),32.32,False,False,3,,False
241453000,FAITHFUL WARRIOR,GRC,jamnagar_vadinar_sep_oct2025,2025-09-17 04:00:00+00:00,2025-09-20 00:00:00+00:00,68.0,69,1.0,22.63507,69.91985,1.158,extended,open_water,Vadinar terminal / Nayara refinery (EU+UK sanctioned),29.27,False,False,3,,False
419956678,UNIGLORY,IND,jamnagar_vadinar_sep_oct2025,2025-10-01 01:00:00+00:00,2025-10-03 21:00:00+00:00,68.0,67,0.971,22.7,70.04,0.0,extended,open_water,Vadinar terminal / Nayara refinery (EU+UK sanctioned),43.36,False,False,3,,False
566304000,MARITIME NORDIC,SGP,jamnagar_vadinar_sep_oct2025,2025-09-13 02:00:00+00:00,2025-09-15 18:00:00+00:00,64.0,65,1.0,22.63,69.92969,2.021,extended,open_water,Vadinar terminal / Nayara refinery (EU+UK sanctioned),30.06,False,False,3,,False
538009910,NO.2 OCEAN PIONEER,MHL,jamnagar_vadinar_sep_oct2025,2025-09-19 08:00:00+00:00,2025-09-21 23:00:00+00:00,63.0,64,1.0,22.64,69.94,0.0,extended,open_water,Vadinar terminal / Nayara refinery (EU+UK sanctioned),31.41,False,False,3,,False
419001543,M.T.ANJANI,IND,jamnagar_vadinar_sep_oct2025,2025-10-04 02:00:00+00:00,2025-10-06 16:00:00+00:00,62.0,48,0.762,22.69792,70.07458,3.555,extended,open_water,Vadinar terminal / Nayara refinery (EU+UK sanctioned),46.58,False,False,3,,False
538011162,ADVANTAGE SMART,MHL,jamnagar_vadinar_sep_oct2025,2025-09-19 13:00:00+00:00,2025-09-22 03:00:00+00:00,62.0,63,1.0,22.66,69.97095,0.929,extended,open_water,Vadinar terminal / Nayara refinery (EU+UK sanctioned),35.14,False,False,3,,False
636015722,T RIGEL,LBR,jamnagar_vadinar_sep_oct2025,2025-09-26 14:00:00+00:00,2025-09-29 04:00:00+00:00,62.0,63,1.0,22.65,69.97,0.0,extended,open_water,Vadinar terminal / Nayara refinery (EU+UK sanctioned),34.68,False,False,3,,False
354658000,KARIMATA,PAN,jamnagar_vadinar_sep_oct2025,2025-09-09 19:00:00+00:00,2025-09-12 07:00:00+00:00,60.0,61,1.0,22.65,69.95557,1.947,extended,open_water,Vadinar terminal / Nayara refinery (EU+UK sanctioned),33.28,False,False,3,,False
419956398,M V RAMESHWAR,IND,jamnagar_vadinar_sep_oct2025,2025-09-06 18:00:00+00:00,2025-09-09 05:00:00+00:00,59.0,60,1.0,22.5755,70.04883,3.432,extended,open_water,Jamnagar (Sikka) marine terminal,37.45,False,False,3,,False
564957000,PM REGALIA,SGP,jamnagar_vadinar_sep_oct2025,2025-09-01 00:00:00+00:00,2025-09-03 10:00:00+00:00,58.0,59,1.0,22.65085,69.95966,1.421,extended,open_water,Vadinar terminal / Nayara refinery (EU+UK sanctioned),33.71,False,False,3,,False
419956828,,IND,jamnagar_vadinar_sep_oct2025,2025-09-06 19:00:00+00:00,2025-09-09 04:00:00+00:00,57.0,56,0.966,22.57714,70.05232,3.79,extended,open_water,Jamnagar (Sikka) marine terminal,37.86,False,False,3,,False
419001543,M.T.ANJANI,IND,jamnagar_vadinar_sep_oct2025,2025-09-30 12:00:00+00:00,2025-10-02 20:00:00+00:00,56.0,48,0.842,22.69125,70.06042,2.309,extended,open_water,Vadinar terminal / Nayara refinery (EU+UK sanctioned),44.96,False,False,3,,False
419956827,PRASIDDHI,IND,jamnagar_vadinar_sep_oct2025,2025-10-05 13:00:00+00:00,2025-10-07 21:00:00+00:00,56.0,55,0.965,22.69945,70.04055,4.456,extended,open_water,Vadinar terminal / Nayara refinery (EU+UK sanctioned),43.39,False,False,3,,False
311001100,KOKKARI,BHS,jamnagar_vadinar_sep_oct2025,2025-09-08 22:00:00+00:00,2025-09-11 05:00:00+00:00,55.0,56,1.0,22.65964,69.91322,4.562,extended,open_water,Vadinar terminal / Nayara refinery (EU+UK sanctioned),29.64,False,False,3,,False
419956689,,IND,jamnagar_vadinar_sep_oct2025,2025-09-04 04:00:00+00:00,2025-09-06 11:00:00+00:00,55.0,24,0.429,22.57333,70.04333,2.522,extended,open_water,Jamnagar (Sikka) marine terminal,36.84,False,False,3,,False
419991649,,IND,jamnagar_vadinar_sep_oct2025,2025-09-06 18:00:00+00:00,2025-09-09 01:00:00+00:00,55.0,56,1.0,22.5575,70.03625,3.494,extended,open_water,Jamnagar (Sikka) marine terminal,35.45,False,False,3,,False
563157800,SINAR MALAHAYATI,SGP,jamnagar_vadinar_sep_oct2025,2025-09-03 08:00:00+00:00,2025-09-05 15:00:00+00:00,55.0,56,1.0,22.62,69.9025,0.77,extended,open_water,Vadinar terminal / Nayara refinery (EU+UK sanctioned),27.07,False,False,3,,False
314001144,BOLU,BRB,jamnagar_vadinar_sep_oct2025,2025-10-05 20:00:00+00:00,2025-10-08 02:00:00+00:00,54.0,55,1.0,22.65018,69.93146,1.102,extended,open_water,Vadinar terminal / Nayara refinery (EU+UK sanctioned),30.97,False,False,3,,False
372040000,ELM GALAXY,PAN,jamnagar_vadinar_sep_oct2025,2025-09-25 20:00:00+00:00,2025-09-28 02:00:00+00:00,54.0,55,1.0,22.64018,69.93982,1.486,extended,open_water,Vadinar terminal / Nayara refinery (EU+UK sanctioned),31.4,False,False,3,,False
620999999,AQUA TITAN,COM,jamnagar_vadinar_sep_oct2025,2025-09-28 01:00:00+00:00,2025-09-30 07:00:00+00:00,54.0,55,1.0,22.67036,69.95873,4.115,extended,open_water,Vadinar terminal / Nayara refinery (EU+UK sanctioned),34.4,False,False,3,,False
566304000,MARITIME NORDIC,SGP,jamnagar_vadinar_sep_oct2025,2025-09-27 11:00:00+00:00,2025-09-29 16:00:00+00:00,53.0,54,1.0,22.63,69.93,0.0,extended,open_water,Vadinar terminal / Nayara refinery (EU+UK sanctioned),30.09,False,False,3,,False
461000235,CAVALIER,OMN,jamnagar_vadinar_sep_oct2025,2025-10-09 19:00:00+00:00,2025-10-11 23:00:00+00:00,52.0,53,1.0,22.66038,69.94566,1.159,extended,open_water,Vadinar terminal / Nayara refinery (EU+UK sanctioned),32.74,False,False,3,,False
419002025,SANMAR SHEHNAI,IND,jamnagar_vadinar_sep_oct2025,2025-10-04 08:00:00+00:00,2025-10-06 11:00:00+00:00,51.0,52,1.0,22.63019,69.92981,1.484,extended,open_water,Vadinar terminal / Nayara refinery (EU+UK sanctioned),30.08,False,False,3,,False
667002071,STARLIT,SLE,jamnagar_vadinar_sep_oct2025,2025-09-26 03:00:00+00:00,2025-09-28 06:00:00+00:00,51.0,52,1.0,22.67865,69.94365,4.028,extended,open_water,Vadinar terminal / Nayara refinery (EU+UK sanctioned),33.36,False,False,3,,False
566737000,MARITIME EQUATOR,SGP,jamnagar_vadinar_sep_oct2025,2025-09-23 00:00:00+00:00,2025-09-25 02:00:00+00:00,50.0,51,1.0,22.6202,69.89941,3.209,extended,open_water,Vadinar terminal / Nayara refinery (EU+UK sanctioned),26.77,False,False,3,,False
636013026,BLOOM,LBR,jamnagar_vadinar_sep_oct2025,2025-09-12 08:00:00+00:00,2025-09-14 10:00:00+00:00,50.0,51,1.0,22.65,69.95412,0.604,extended,open_water,Vadinar terminal / Nayara refinery (EU+UK sanctioned),33.14,False,False,3,,False
419000182,JAG ADITI,IND,jamnagar_vadinar_sep_oct2025,2025-10-09 22:00:00+00:00,2025-10-11 23:00:00+00:00,49.0,50,1.0,22.65,70.04,0.0,extended,open_water,Jamnagar (Sikka) marine terminal,40.97,False,False,3,,False
419001055,SAVYA,IND,jamnagar_vadinar_sep_oct2025,2025-09-08 16:00:00+00:00,2025-09-10 17:00:00+00:00,49.0,50,1.0,22.68,70.0762,1.662,extended,open_water,Jamnagar (Sikka) marine terminal,45.94,False,False,3,,False
447278000,SHEGARDIAH,KWT,jamnagar_vadinar_sep_oct2025,2025-09-18 07:00:00+00:00,2025-09-20 08:00:00+00:00,49.0,50,1.0,22.6204,69.9164,2.912,extended,open_water,Vadinar terminal / Nayara refinery (EU+UK sanctioned),28.45,False,False,3,,False
566304000,MARITIME NORDIC,SGP,jamnagar_vadinar_sep_oct2025,2025-10-04 15:00:00+00:00,2025-10-06 16:00:00+00:00,49.0,50,1.0,22.6402,69.9498,1.482,extended,open_water,Vadinar terminal / Nayara refinery (EU+UK sanctioned),32.37,False,False,3,,False
419001085,RELTUG SEVENTEEN,IND,jamnagar_vadinar_sep_oct2025,2025-09-29 23:00:00+00:00,2025-10-01 23:00:00+00:00,48.0,49,1.0,22.49265,69.84694,4.111,ordinary,flagged_facility,Jamnagar (Sikka) marine terminal,14.79,False,True,3,,False
419001651,KNK NAYRA,IND,jamnagar_vadinar_sep_oct2025,2025-09-01 09:00:00+00:00,2025-09-03 09:00:00+00:00,48.0,49,1.0,22.60939,69.83755,4.043,ordinary,flagged_facility,Vadinar terminal / Nayara refinery (EU+UK sanctioned),20.36,False,True,3,,False
419014400,M V POONAM,IND,jamnagar_vadinar_sep_oct2025,2025-10-09 23:00:00+00:00,2025-10-11 23:00:00+00:00,48.0,49,1.0,22.50061,69.83898,2.906,ordinary,flagged_facility,Jamnagar (Sikka) marine terminal,14.53,False,True,3,,False
419024700,ESSAR TUG X,IND,jamnagar_vadinar_sep_oct2025,2025-10-04 14:00:00+00:00,2025-10-06 14:00:00+00:00,48.0,49,1.0,22.39,69.61,0.0,ordinary,flagged_facility,Jamnagar (Sikka) marine terminal,12.15,False,True,3,,False
419072700,RELTUG 14,IND,jamnagar_vadinar_sep_oct2025,2025-10-04 05:00:00+00:00,2025-10-06 05:00:00+00:00,48.0,49,1.0,22.49041,69.84959,1.452,ordinary,flagged_facility,Jamnagar (Sikka) marine terminal,14.91,False,True,3,,False
419292000,RELTUG SIX,IND,jamnagar_vadinar_sep_oct2025,2025-10-05 09:00:00+00:00,2025-10-07 09:00:00+00:00,48.0,49,1.0,22.50061,69.82694,2.957,ordinary,flagged_facility,Jamnagar (Sikka) marine terminal,13.51,False,True,3,,False
419293000,RELTUG 7,IND,jamnagar_vadinar_sep_oct2025,2025-10-04 09:00:00+00:00,2025-10-06 09:00:00+00:00,48.0,49,1.0,22.58939,69.80592,3.573,ordinary,flagged_facility,Vadinar terminal / Nayara refinery (EU+UK sanctioned),16.6,False,True,3,,False
419547000,JAG LOK,IND,jamnagar_vadinar_sep_oct2025,2025-10-06 00:00:00+00:00,2025-10-08 00:00:00+00:00,48.0,49,1.0,22.63714,69.62877,4.995,ordinary,flagged_facility,Vadinar terminal / Nayara refinery (EU+UK sanctioned),9.93,False,True,3,,False
419958525,GAUTAM ANTILLIA,IND,jamnagar_vadinar_sep_oct2025,2025-09-04 16:00:00+00:00,2025-09-06 16:00:00+00:00,48.0,35,0.714,22.39,69.62,0.0,ordinary,flagged_facility,Jamnagar (Sikka) marine terminal,11.2,False,True,3,,False
419000638,OCEAN     EMPIRE,IND,jamnagar_vadinar_sep_oct2025,2025-09-04 03:00:00+00:00,2025-09-06 02:00:00+00:00,47.0,48,1.0,22.50083,69.66021,1.432,ordinary,flagged_facility,Vadinar terminal / Nayara refinery (EU+UK sanctioned),5.57,False,True,3,,False
419001085,RELTUG SEVENTEEN,IND,jamnagar_vadinar_sep_oct2025,2025-09-19 00:00:00+00:00,2025-09-20 23:00:00+00:00,47.0,48,1.0,22.49187,69.84792,4.995,ordinary,flagged_facility,Jamnagar (Sikka) marine terminal,14.84,False,True,3,,False
419001085,RELTUG SEVENTEEN,IND,jamnagar_vadinar_sep_oct2025,2025-09-27 23:00:00+00:00,2025-09-29 22:00:00+00:00,47.0,48,1.0,22.49187,69.84792,4.995,ordinary,flagged_facility,Jamnagar (Sikka) marine terminal,14.84,False,True,3,,False
419001651,KNK NAYRA,IND,jamnagar_vadinar_sep_oct2025,2025-09-20 12:00:00+00:00,2025-09-22 11:00:00+00:00,47.0,48,1.0,22.56979,69.78583,1.243,ordinary,flagged_facility,Vadinar terminal / Nayara refinery (EU+UK sanctioned),14.12,False,True,3,,False
419001715,ZINNIA STAR,IND,jamnagar_vadinar_sep_oct2025,2025-09-21 12:00:00+00:00,2025-09-23 11:00:00+00:00,47.0,48,1.0,22.44187,69.67,3.127,ordinary,flagged_facility,Jamnagar (Sikka) marine terminal,5.31,False,True,3,,False
419033900,REL SAGAR,IND,jamnagar_vadinar_sep_oct2025,2025-09-05 05:00:00+00:00,2025-09-07 04:00:00+00:00,47.0,48,1.0,22.49833,69.84166,3.28,ordinary,flagged_facility,Jamnagar (Sikka) marine terminal,14.63,False,True,3,,False
419033900,REL SAGAR,IND,jamnagar_vadinar_sep_oct2025,2025-09-16 05:00:00+00:00,2025-09-18 04:00:00+00:00,47.0,48,1.0,22.50167,69.82625,2.851,ordinary,flagged_facility,Jamnagar (Sikka) marine terminal,13.52,False,True,3,,False
419057400,RELTUG TWELVE,IND,jamnagar_vadinar_sep_oct2025,2025-09-13 21:00:00+00:00,2025-09-15 20:00:00+00:00,47.0,48,1.0,22.49125,69.84812,2.795,ordinary,flagged_facility,Jamnagar (Sikka) marine terminal,14.82,False,True,3,,False
419957002,M V ANTILLIA  2,IND,jamnagar_vadinar_sep_oct2025,2025-10-10 00:00:00+00:00,2025-10-11 23:00:00+00:00,47.0,46,0.958,22.39,69.61,0.0,ordinary,flagged_facility,Jamnagar (Sikka) marine terminal,12.15,False,True,3,,False
419001286,TUG KB XI,IND,jamnagar_vadinar_sep_oct2025,2025-09-06 10:00:00+00:00,2025-09-08 08:00:00+00:00,46.0,46,0.979,22.49826,69.69435,4.936,ordinary,flagged_facility,Vadinar terminal / Nayara refinery (EU+UK sanctioned),7.34,False,True,3,,False
419001462,OCEAN PROMICE,IND,jamnagar_vadinar_sep_oct2025,2025-09-14 01:00:00+00:00,2025-09-15 23:00:00+00:00,46.0,47,1.0,22.68064,69.62553,1.486,ordinary,flagged_facility,Vadinar terminal / Nayara refinery (EU+UK sanctioned),14.74,False,True,3,,False
419014300,M V APURVA,IND,jamnagar_vadinar_sep_oct2025,2025-10-06 03:00:00+00:00,2025-10-08 01:00:00+00:00,46.0,47,1.0,22.5,69.84,0.0,ordinary,flagged_facility,Jamnagar (Sikka) marine terminal,14.58,False,True,3,,False
419033900,REL SAGAR,IND,jamnagar_vadinar_sep_oct2025,2025-09-03 04:00:00+00:00,2025-09-05 02:00:00+00:00,46.0,47,1.0,22.49809,69.8417,1.789,ordinary,flagged_facility,Jamnagar (Sikka) marine terminal,14.62,False,True,3,,False
419902339,MT MAHADEV,IND,jamnagar_vadinar_sep_oct2025,2025-09-28 10:00:00+00:00,2025-09-30 08:00:00+00:00,46.0,47,1.0,22.43085,69.66787,4.359,ordinary,flagged_facility,Jamnagar (Sikka) marine terminal,5.36,False,True,3,,False
419956787,DAWN II,IND,jamnagar_vadinar_sep_oct2025,2025-09-06 12:00:00+00:00,2025-09-08 10:00:00+00:00,46.0,47,1.0,22.58043,69.84787,3.766,ordinary,flagged_facility,Vadinar terminal / Nayara refinery (EU+UK sanctioned),20.6,False,True,3,,False
419957002,M V ANTILLIA  2,IND,jamnagar_vadinar_sep_oct2025,2025-09-21 04:00:00+00:00,2025-09-23 02:00:00+00:00,46.0,25,0.532,22.39,69.6192,0.946,ordinary,flagged_facility,Jamnagar (Sikka) marine terminal,11.28,False,True,3,,False
419000638,OCEAN     EMPIRE,IND,jamnagar_vadinar_sep_oct2025,2025-10-01 08:00:00+00:00,2025-10-03 05:00:00+00:00,45.0,46,1.0,22.44,69.67,0.0,ordinary,flagged_facility,Jamnagar (Sikka) marine terminal,5.26,False,True,3,,False
419001472,OCEAN PRIDE,IND,jamnagar_vadinar_sep_oct2025,2025-09-28 23:00:00+00:00,2025-09-30 20:00:00+00:00,45.0,32,0.696,22.44063,69.67,1.042,ordinary,flagged_facility,Jamnagar (Sikka) marine terminal,5.27,False,True,3,,False
419001651,KNK NAYRA,IND,jamnagar_vadinar_sep_oct2025,2025-09-15 10:00:00+00:00,2025-09-17 07:00:00+00:00,45.0,46,1.0,22.60935,69.83652,3.331,ordinary,flagged_facility,Vadinar terminal / Nayara refinery (EU+UK sanctioned),20.26,False,True,3,,False
419001794,RIVER PEARL 10,IND,jamnagar_vadinar_sep_oct2025,2025-10-01 08:00:00+00:00,2025-10-03 05:00:00+00:00,45.0,46,1.0,22.4413,69.67,2.079,ordinary,flagged_facility,Jamnagar (Sikka) marine terminal,5.29,False,True,3,,False
419033900,REL SAGAR,IND,jamnagar_vadinar_sep_oct2025,2025-10-02 07:00:00+00:00,2025-10-04 04:00:00+00:00,45.0,46,1.0,22.51022,69.79979,1.481,ordinary,flagged_facility,Jamnagar (Sikka) marine terminal,12.12,False,True,3,,False
419072500,RELTUG 16,IND,jamnagar_vadinar_sep_oct2025,2025-09-22 13:00:00+00:00,2025-09-24 10:00:00+00:00,45.0,46,1.0,22.60891,69.83543,1.137,ordinary,flagged_facility,Vadinar terminal / Nayara refinery (EU+UK sanctioned),20.13,False,True,3,,False
419072700,RELTUG 14,IND,jamnagar_vadinar_sep_oct2025,2025-10-02 07:00:00+00:00,2025-10-04 04:00:00+00:00,45.0,46,1.0,22.57326,69.78391,4.766,ordinary,flagged_facility,Vadinar terminal / Nayara refinery (EU+UK sanctioned),13.99,False,True,3,,False
419956787,DAWN II,IND,jamnagar_vadinar_sep_oct2025,2025-09-09 06:00:00+00:00,2025-09-11 03:00:00+00:00,45.0,46,1.0,22.57326,69.83522,3.189,ordinary,flagged_facility,Vadinar terminal / Nayara refinery (EU+UK sanctioned),19.19,False,True,3,,False
419001085,RELTUG SEVENTEEN,IND,jamnagar_vadinar_sep_oct2025,2025-10-09 06:00:00+00:00,2025-10-11 02:00:00+00:00,44.0,45,1.0,22.49267,69.84778,4.929,ordinary,flagged_facility,Jamnagar (Sikka) marine terminal,14.87,False,True,3,,False
419001208,DIPPER,IND,jamnagar_vadinar_sep_oct2025,2025-09-15 04:00:00+00:00,2025-09-17 00:00:00+00:00,44.0,45,1.0,22.47867,69.68844,4.699,ordinary,flagged_facility,Jamnagar (Sikka) marine terminal,6.31,False,True,3,,False
419001208,DIPPER,IND,jamnagar_vadinar_sep_oct2025,2025-09-21 08:00:00+00:00,2025-09-23 04:00:00+00:00,44.0,45,1.0,22.52533,69.69911,4.039,ordinary,flagged_facility,Vadinar terminal / Nayara refinery (EU+UK sanctioned),5.74,False,True,3,,False
419001358,PRABHAT SHOBHA,IND,jamnagar_vadinar_sep_oct2025,2025-09-25 12:00:00+00:00,2025-09-27 08:00:00+00:00,44.0,45,1.0,22.45067,69.78978,3.413,ordinary,flagged_facility,Jamnagar (Sikka) marine terminal,7.53,False,True,3,,False
419001386,VARADA,IND,jamnagar_vadinar_sep_oct2025,2025-09-03 14:00:00+00:00,2025-09-05 10:00:00+00:00,44.0,45,1.0,22.67933,69.72889,2.965,ordinary,flagged_facility,Vadinar terminal / Nayara refinery (EU+UK sanctioned),16.5,False,True,3,,False
419001456,MEERA,IND,jamnagar_vadinar_sep_oct2025,2025-10-05 02:00:00+00:00,2025-10-06 22:00:00+00:00,44.0,45,1.0,22.45578,69.66778,4.982,ordinary,flagged_facility,Jamnagar (Sikka) marine terminal,6.08,False,True,3,,False
419001577,M.T. AMARSUKH,IND,jamnagar_vadinar_sep_oct2025,2025-09-29 04:00:00+00:00,2025-10-01 00:00:00+00:00,44.0,45,1.0,22.44822,69.8,0.914,ordinary,flagged_facility,Jamnagar (Sikka) marine terminal,8.47,False,True,3,,False
419001947,COASTAL ANUGRAH,IND,jamnagar_vadinar_sep_oct2025,2025-09-07 05:00:00+00:00,2025-09-09 01:00:00+00:00,44.0,45,1.0,22.46044,69.79,2.174,ordinary,flagged_facility,Jamnagar (Sikka) marine terminal,7.95,False,True,3,,False
419014400,M V POONAM,IND,jamnagar_vadinar_sep_oct2025,2025-09-28 10:00:00+00:00,2025-09-30 06:00:00+00:00,44.0,45,1.0,22.50089,69.83822,3.594,ordinary,flagged_facility,Jamnagar (Sikka) marine terminal,14.48,False,True,3,,False
419077500,AGNI,IND,jamnagar_vadinar_sep_oct2025,2025-09-17 05:00:00+00:00,2025-09-19 01:00:00+00:00,44.0,45,1.0,22.506,69.80356,4.73,ordinary,flagged_facility,Jamnagar (Sikka) marine terminal,12.05,False,True,3,,False
419079600,IVY,IND,jamnagar_vadinar_sep_oct2025,2025-09-22 14:00:00+00:00,2025-09-24 10:00:00+00:00,44.0,45,1.0,22.44489,69.8,0.568,ordinary,flagged_facility,Jamnagar (Sikka) marine terminal,8.39,False,True,3,,False
419093600,KAIVAN,IND,jamnagar_vadinar_sep_oct2025,2025-09-21 02:00:00+00:00,2025-09-22 22:00:00+00:00,44.0,45,1.0,22.48778,69.69333,4.997,ordinary,flagged_facility,Jamnagar (Sikka) marine terminal,6.98,False,True,3,,False
419293000,RELTUG 7,IND,jamnagar_vadinar_sep_oct2025,2025-09-22 07:00:00+00:00,2025-09-24 03:00:00+00:00,44.0,45,1.0,22.49956,69.82978,3.948,ordinary,flagged_facility,Jamnagar (Sikka) marine terminal,13.68,False,True,3,,False
419001456,MEERA,IND,jamnagar_vadinar_sep_oct2025,2025-09-20 10:00:00+00:00,2025-09-22 05:00:00+00:00,43.0,44,1.0,22.5,69.66,0.0,ordinary,flagged_facility,Vadinar terminal / Nayara refinery (EU+UK sanctioned),5.65,False,True,3,,False
419001651,KNK NAYRA,IND,jamnagar_vadinar_sep_oct2025,2025-10-02 02:00:00+00:00,2025-10-03 21:00:00+00:00,43.0,44,1.0,22.61023,69.83386,1.981,ordinary,flagged_facility,Vadinar terminal / Nayara refinery (EU+UK sanctioned),20.03,False,True,3,,False
419001794,RIVER PEARL 10,IND,jamnagar_vadinar_sep_oct2025,2025-09-08 08:00:00+00:00,2025-09-10 03:00:00+00:00,43.0,44,1.0,22.44091,69.67,3.235,ordinary,flagged_facility,Jamnagar (Sikka) marine terminal,5.28,False,True,3,,False
419072600,REL TUG FIFTEEN,IND,jamnagar_vadinar_sep_oct2025,2025-10-07 11:00:00+00:00,2025-10-09 06:00:00+00:00,43.0,44,1.0,22.57818,69.83364,3.964,ordinary,flagged_facility,Vadinar terminal / Nayara refinery (EU+UK sanctioned),19.12,False,True,3,,False
419093700,OCEAN TANZANITE,IND,jamnagar_vadinar_sep_oct2025,2025-09-21 13:00:00+00:00,2025-09-23 08:00:00+00:00,43.0,41,0.932,22.48,69.69,0.0,ordinary,flagged_facility,Jamnagar (Sikka) marine terminal,6.36,False,True,3,,False
419958525,GAUTAM ANTILLIA,IND,jamnagar_vadinar_sep_oct2025,2025-09-07 02:00:00+00:00,2025-09-08 21:00:00+00:00,43.0,26,0.591,22.39038,69.61,1.483,ordinary,flagged_facility,Jamnagar (Sikka) marine terminal,12.14,False,True,3,,False
419000102,BRAHMANI,IND,jamnagar_vadinar_sep_oct2025,2025-09-01 10:00:00+00:00,2025-09-03 04:00:00+00:00,42.0,43,1.0,22.67953,69.65744,2.188,ordinary,flagged_facility,Vadinar terminal / Nayara refinery (EU+UK sanctioned),14.42,False,True,3,,False
419000638,OCEAN     EMPIRE,IND,jamnagar_vadinar_sep_oct2025,2025-09-23 06:00:00+00:00,2025-09-25 00:00:00+00:00,42.0,43,1.0,22.44256,69.66977,3.212,ordinary,flagged_facility,Jamnagar (Sikka) marine terminal,5.35,False,True,3,,False
419001058,,IND,jamnagar_vadinar_sep_oct2025,2025-09-05 14:00:00+00:00,2025-09-07 08:00:00+00:00,42.0,43,1.0,22.57233,69.83907,2.313,ordinary,flagged_facility,Vadinar terminal / Nayara refinery (EU+UK sanctioned),19.57,False,True,3,,False
419001390,KNK ASHIMA,IND,jamnagar_vadinar_sep_oct2025,2025-09-29 10:00:00+00:00,2025-10-01 04:00:00+00:00,42.0,43,1.0,22.44116,69.66977,4.433,ordinary,flagged_facility,Jamnagar (Sikka) marine terminal,5.31,False,True,3,,False
419001794,RIVER PEARL 10,IND,jamnagar_vadinar_sep_oct2025,2025-09-25 07:00:00+00:00,2025-09-27 01:00:00+00:00,42.0,43,1.0,22.44279,69.67,4.137,ordinary,flagged_facility,Jamnagar (Sikka) marine terminal,5.33,False,True,3,,False
419072600,REL TUG FIFTEEN,IND,jamnagar_vadinar_sep_oct2025,2025-09-26 08:00:00+00:00,2025-09-28 02:00:00+00:00,42.0,38,0.884,22.49895,69.83289,4.11,ordinary,flagged_facility,Jamnagar (Sikka) marine terminal,13.9,False,True,3,,False
419077500,AGNI,IND,jamnagar_vadinar_sep_oct2025,2025-09-08 12:00:00+00:00,2025-09-10 06:00:00+00:00,42.0,42,0.977,22.58095,69.79762,4.936,ordinary,flagged_facility,Vadinar terminal / Nayara refinery (EU+UK sanctioned),15.54,False,True,3,,False
419957002,M V ANTILLIA  2,IND,jamnagar_vadinar_sep_oct2025,2025-09-10 21:00:00+00:00,2025-09-12 15:00:00+00:00,42.0,38,0.884,22.39026,69.61658,2.02,ordinary,flagged_facility,Jamnagar (Sikka) marine terminal,11.51,False,True,3,,False
419001390,KNK ASHIMA,IND,jamnagar_vadinar_sep_oct2025,2025-09-23 10:00:00+00:00,2025-09-25 03:00:00+00:00,41.0,42,1.0,22.44071,69.67,1.033,ordinary,flagged_facility,Jamnagar (Sikka) marine terminal,5.28,False,True,3,,False
419001390,KNK ASHIMA,IND,jamnagar_vadinar_sep_oct2025,2025-10-01 12:00:00+00:00,2025-10-03 05:00:00+00:00,41.0,42,1.0,22.44,69.67,0.0,ordinary,flagged_facility,Jamnagar (Sikka) marine terminal,5.26,False,True,3,,False
419001390,KNK ASHIMA,IND,jamnagar_vadinar_sep_oct2025,2025-10-05 02:00:00+00:00,2025-10-06 19:00:00+00:00,41.0,42,1.0,22.52714,69.70786,2.831,ordinary,flagged_facility,Vadinar terminal / Nayara refinery (EU+UK sanctioned),6.46,False,True,3,,False
419001715,ZINNIA STAR,IND,jamnagar_vadinar_sep_oct2025,2025-09-02 16:00:00+00:00,2025-09-04 09:00:00+00:00,41.0,42,1.0,22.44071,69.67,3.256,ordinary,flagged_facility,Jamnagar (Sikka) marine terminal,5.28,False,True,3,,False
419001794,RIVER PEARL 10,IND,jamnagar_vadinar_sep_oct2025,2025-09-04 10:00:00+00:00,2025-09-06 03:00:00+00:00,41.0,42,1.0,22.4419,69.67,4.236,ordinary,flagged_facility,Jamnagar (Sikka) marine terminal,5.31,False,True,3,,False
419033600,RELTUG ELEVEN,IND,jamnagar_vadinar_sep_oct2025,2025-10-03 06:00:00+00:00,2025-10-04 23:00:00+00:00,41.0,42,1.0,22.49119,69.84881,2.847,ordinary,flagged_facility,Jamnagar (Sikka) marine terminal,14.88,False,True,3,,False
419033900,REL SAGAR,IND,jamnagar_vadinar_sep_oct2025,2025-09-30 08:00:00+00:00,2025-10-02 01:00:00+00:00,41.0,42,1.0,22.51095,69.80048,4.473,ordinary,flagged_facility,Jamnagar (Sikka) marine terminal,12.22,False,True,3,,False
419293000,RELTUG 7,IND,jamnagar_vadinar_sep_oct2025,2025-09-12 08:00:00+00:00,2025-09-14 01:00:00+00:00,41.0,42,1.0,22.59048,69.86619,2.206,ordinary,flagged_facility,Vadinar terminal / Nayara refinery (EU+UK sanctioned),22.65,False,True,3,,False
419902339,MT MAHADEV,IND,jamnagar_vadinar_sep_oct2025,2025-09-23 10:00:00+00:00,2025-09-25 03:00:00+00:00,41.0,42,1.0,22.43024,69.67,1.085,ordinary,flagged_facility,Jamnagar (Sikka) marine terminal,5.14,False,True,3,,False
419956663,M.V. MANGAL MURTI,IND,jamnagar_vadinar_sep_oct2025,2025-09-21 19:00:00+00:00,2025-09-23 12:00:00+00:00,41.0,40,0.952,22.432,69.66975,4.342,ordinary,flagged_facility,Jamnagar (Sikka) marine terminal,5.17,False,True,3,,False
419956725,UNICROWN,IND,jamnagar_vadinar_sep_oct2025,2025-10-07 21:00:00+00:00,2025-10-09 14:00:00+00:00,41.0,36,0.857,22.45056,69.79973,2.382,ordinary,flagged_facility,Jamnagar (Sikka) marine terminal,8.51,False,True,3,,False
419000101,BAITARANI,IND,jamnagar_vadinar_sep_oct2025,2025-09-23 04:00:00+00:00,2025-09-24 20:00:00+00:00,40.0,41,1.0,22.68098,69.62634,1.406,ordinary,flagged_facility,Vadinar terminal / Nayara refinery (EU+UK sanctioned),14.77,False,True,3,,False
419001058,,IND,jamnagar_vadinar_sep_oct2025,2025-09-15 16:00:00+00:00,2025-09-17 08:00:00+00:00,40.0,41,1.0,22.5678,69.84244,4.862,ordinary,flagged_facility,Jamnagar (Sikka) marine terminal,19.82,False,True,3,,False
419001472,OCEAN PRIDE,IND,jamnagar_vadinar_sep_oct2025,2025-09-10 05:00:00+00:00,2025-09-11 21:00:00+00:00,40.0,41,1.0,22.52976,69.68707,3.257,ordinary,flagged_facility,Vadinar terminal / Nayara refinery (EU+UK sanctioned),4.42,False,True,3,,False
419001472,OCEAN PRIDE,IND,jamnagar_vadinar_sep_oct2025,2025-10-01 06:00:00+00:00,2025-10-02 22:00:00+00:00,40.0,37,0.902,22.53027,69.68433,2.238,ordinary,flagged_facility,Vadinar terminal / Nayara refinery (EU+UK sanctioned),4.15,False,True,3,,False
419001715,ZINNIA STAR,IND,jamnagar_vadinar_sep_oct2025,2025-10-01 04:00:00+00:00,2025-10-02 20:00:00+00:00,40.0,41,1.0,22.50537,69.65952,2.74,ordinary,flagged_facility,Vadinar terminal / Nayara refinery (EU+UK sanctioned),5.06,False,True,3,,False
419002024,CMA CGM MANAUS,IND,jamnagar_vadinar_sep_oct2025,2025-09-01 00:00:00+00:00,2025-09-02 16:00:00+00:00,40.0,41,1.0,22.68805,69.73927,1.305,ordinary,flagged_facility,Vadinar terminal / Nayara refinery (EU+UK sanctioned),17.88,False,True,3,,False
419014400,M V POONAM,IND,jamnagar_vadinar_sep_oct2025,2025-09-20 12:00:00+00:00,2025-09-22 04:00:00+00:00,40.0,41,1.0,22.50098,69.83975,4.453,ordinary,flagged_facility,Jamnagar (Sikka) marine terminal,14.62,False,True,3,,False
419032300,AQUA SUN,IND,jamnagar_vadinar_sep_oct2025,2025-09-16 10:00:00+00:00,2025-09-18 02:00:00+00:00,40.0,41,1.0,22.56756,69.83878,4.804,ordinary,flagged_facility,Vadinar terminal / Nayara refinery (EU+UK sanctioned),19.48,False,True,3,,False
419033900,REL SAGAR,IND,jamnagar_vadinar_sep_oct2025,2025-09-28 07:00:00+00:00,2025-09-29 23:00:00+00:00,40.0,41,1.0,22.51,69.8,0.0,ordinary,flagged_facility,Jamnagar (Sikka) marine terminal,12.11,False,True,3,,False
419066400,M V CHETAK,IND,jamnagar_vadinar_sep_oct2025,2025-09-11 20:00:00+00:00,2025-09-13 12:00:00+00:00,40.0,41,1.0,22.50098,69.83878,4.377,ordinary,flagged_facility,Jamnagar (Sikka) marine terminal,14.53,False,True,3,,False
419066400,M V CHETAK,IND,jamnagar_vadinar_sep_oct2025,2025-10-01 19:00:00+00:00,2025-10-03 11:00:00+00:00,40.0,41,1.0,22.50244,69.83658,4.99,ordinary,flagged_facility,Jamnagar (Sikka) marine terminal,14.44,False,True,3,,False
419077600,NIVARAK,IND,jamnagar_vadinar_sep_oct2025,2025-09-12 09:00:00+00:00,2025-09-14 01:00:00+00:00,40.0,34,0.829,22.39,69.61,0.0,ordinary,flagged_facility,Jamnagar (Sikka) marine terminal,12.15,False,True,3,,False
419956442,M.T.KB VI,IND,jamnagar_vadinar_sep_oct2025,2025-10-09 06:00:00+00:00,2025-10-10 22:00:00+00:00,40.0,41,1.0,22.58439,69.85561,3.876,ordinary,flagged_facility,Vadinar terminal / Nayara refinery (EU+UK sanctioned),21.46,False,True,3,,False
419956663,M.V. MANGAL MURTI,IND,jamnagar_vadinar_sep_oct2025,2025-09-17 20:00:00+00:00,2025-09-19 12:00:00+00:00,40.0,39,0.951,22.43769,69.67615,2.56,ordinary,flagged_facility,Jamnagar (Sikka) marine terminal,4.59,False,True,3,,False
419000638,OCEAN     EMPIRE,IND,jamnagar_vadinar_sep_oct2025,2025-10-10 08:00:00+00:00,2025-10-11 23:00:00+00:00,39.0,40,1.0,22.441,69.66975,3.377,ordinary,flagged_facility,Jamnagar (Sikka) marine terminal,5.31,False,True,3,,False
419001390,KNK ASHIMA,IND,jamnagar_vadinar_sep_oct2025,2025-09-20 11:00:00+00:00,2025-09-22 02:00:00+00:00,39.0,40,1.0,22.44,69.67,0.0,ordinary,flagged_facility,Jamnagar (Sikka) marine terminal,5.26,False,True,3,,False
419001472,OCEAN PRIDE,IND,jamnagar_vadinar_sep_oct2025,2025-10-10 08:00:00+00:00,2025-10-11 23:00:00+00:00,39.0,36,0.9,22.44167,69.66972,3.305,ordinary,flagged_facility,Jamnagar (Sikka) marine terminal,5.33,False,True,3,,False
419001600,RELTUG NINE,IND,jamnagar_vadinar_sep_oct2025,2025-09-12 10:00:00+00:00,2025-09-14 01:00:00+00:00,39.0,40,1.0,22.46,69.8,0.0,ordinary,flagged_facility,Jamnagar (Sikka) marine terminal,8.87,False,True,3,,False
419001613,M.T. OCEAN BIRD,IND,jamnagar_vadinar_sep_oct2025,2025-09-06 21:00:00+00:00,2025-09-08 12:00:00+00:00,39.0,38,0.95,22.43,69.82,0.0,ordinary,flagged_facility,Jamnagar (Sikka) marine terminal,10.28,False,True,3,,False
419001651,KNK NAYRA,IND,jamnagar_vadinar_sep_oct2025,2025-09-11 13:00:00+00:00,2025-09-13 04:00:00+00:00,39.0,40,1.0,22.61,69.83475,0.539,ordinary,flagged_facility,Vadinar terminal / Nayara refinery (EU+UK sanctioned),20.11,False,True,3,,False
419001794,RIVER PEARL 10,IND,jamnagar_vadinar_sep_oct2025,2025-10-10 08:00:00+00:00,2025-10-11 23:00:00+00:00,39.0,40,1.0,22.44175,69.6695,3.289,ordinary,flagged_facility,Jamnagar (Sikka) marine terminal,5.35,False,True,3,,False
419001885,KB 49,IND,jamnagar_vadinar_sep_oct2025,2025-10-08 03:00:00+00:00,2025-10-09 18:00:00+00:00,39.0,40,1.0,22.49575,69.68525,3.84,ordinary,flagged_facility,Vadinar terminal / Nayara refinery (EU+UK sanctioned),7.04,False,True,3,,False
419014300,M V APURVA,IND,jamnagar_vadinar_sep_oct2025,2025-10-08 12:00:00+00:00,2025-10-10 03:00:00+00:00,39.0,40,1.0,22.5,69.8395,0.975,ordinary,flagged_facility,Jamnagar (Sikka) marine terminal,14.54,False,True,3,,False
419033900,REL SAGAR,IND,jamnagar_vadinar_sep_oct2025,2025-10-10 08:00:00+00:00,2025-10-11 23:00:00+00:00,39.0,40,1.0,22.50825,69.80875,3.338,ordinary,flagged_facility,Jamnagar (Sikka) marine terminal,12.6,False,True,3,,False
419072500,RELTUG 16,IND,jamnagar_vadinar_sep_oct2025,2025-09-24 11:00:00+00:00,2025-09-26 02:00:00+00:00,39.0,40,1.0,22.49125,69.84875,2.838,ordinary,flagged_facility,Jamnagar (Sikka) marine terminal,14.88,False,True,3,,False
419077800,REL DARSHAN,IND,jamnagar_vadinar_sep_oct2025,2025-09-09 12:00:00+00:00,2025-09-11 03:00:00+00:00,39.0,40,1.0,22.5635,69.84875,4.253,ordinary,flagged_facility,Jamnagar (Sikka) marine terminal,19.88,False,True,3,,False
419079300,MV ANJALI,IND,jamnagar_vadinar_sep_oct2025,2025-09-01 10:00:00+00:00,2025-09-03 01:00:00+00:00,39.0,40,1.0,22.50275,69.82875,4.238,ordinary,flagged_facility,Jamnagar (Sikka) marine terminal,13.8,False,True,3,,False
419472000,DESH RAKSHAK,IND,jamnagar_vadinar_sep_oct2025,2025-10-03 03:00:00+00:00,2025-10-04 18:00:00+00:00,39.0,40,1.0,22.5355,69.70925,3.837,ordinary,flagged_facility,Vadinar terminal / Nayara refinery (EU+UK sanctioned),6.29,False,True,3,,False
419991279,DARIYA JYOT,IND,jamnagar_vadinar_sep_oct2025,2025-09-29 18:00:00+00:00,2025-10-01 09:00:00+00:00,39.0,39,0.975,22.43256,69.66359,3.121,ordinary,flagged_facility,Jamnagar (Sikka) marine terminal,5.8,False,True,3,,False
419000638,OCEAN     EMPIRE,IND,jamnagar_vadinar_sep_oct2025,2025-10-05 13:00:00+00:00,2025-10-07 03:00:00+00:00,38.0,39,1.0,22.44308,69.66923,4.556,ordinary,flagged_facility,Jamnagar (Sikka) marine terminal,5.42,False,True,3,,False
419001208,DIPPER,IND,jamnagar_vadinar_sep_oct2025,2025-09-09 16:00:00+00:00,2025-09-11 06:00:00+00:00,38.0,39,1.0,22.50897,69.69103,3.224,ordinary,flagged_facility,Vadinar terminal / Nayara refinery (EU+UK sanctioned),6.21,False,True,3,,False
419001208,DIPPER,IND,jamnagar_vadinar_sep_oct2025,2025-10-10 09:00:00+00:00,2025-10-11 23:00:00+00:00,38.0,39,1.0,22.52231,69.69051,4.827,ordinary,flagged_facility,Vadinar terminal / Nayara refinery (EU+UK sanctioned),5.18,False,True,3,,False
419001487,RELTUG EIGHTEEN,IND,jamnagar_vadinar_sep_oct2025,2025-09-14 11:00:00+00:00,2025-09-16 01:00:00+00:00,38.0,39,1.0,22.57026,69.78615,1.788,ordinary,flagged_facility,Vadinar terminal / Nayara refinery (EU+UK sanctioned),14.16,False,True,3,,False
419001487,RELTUG EIGHTEEN,IND,jamnagar_vadinar_sep_oct2025,2025-09-28 03:00:00+00:00,2025-09-29 17:00:00+00:00,38.0,39,1.0,22.49974,69.84025,1.475,ordinary,flagged_facility,Jamnagar (Sikka) marine terminal,14.59,False,True,3,,False
419001517,SHARAN,IND,jamnagar_vadinar_sep_oct2025,2025-10-10 09:00:00+00:00,2025-10-11 23:00:00+00:00,38.0,39,1.0,22.39,69.61,0.0,ordinary,flagged_facility,Jamnagar (Sikka) marine terminal,12.15,False,True,3,,False
419001715,ZINNIA STAR,IND,jamnagar_vadinar_sep_oct2025,2025-09-29 13:00:00+00:00,2025-10-01 03:00:00+00:00,38.0,39,1.0,22.44051,69.67,1.055,ordinary,flagged_facility,Jamnagar (Sikka) marine terminal,5.27,False,True,3,,False
419001794,RIVER PEARL 10,IND,jamnagar_vadinar_sep_oct2025,2025-10-05 13:00:00+00:00,2025-10-07 03:00:00+00:00,38.0,39,1.0,22.44103,69.67,3.222,ordinary,flagged_facility,Jamnagar (Sikka) marine terminal,5.28,False,True,3,,False
419014300,M V APURVA,IND,jamnagar_vadinar_sep_oct2025,2025-09-06 11:00:00+00:00,2025-09-08 01:00:00+00:00,38.0,39,1.0,22.50103,69.83769,4.409,ordinary,flagged_facility,Jamnagar (Sikka) marine terminal,14.44,False,True,3,,False
419055150,M.T. BLUE BELL,IND,jamnagar_vadinar_sep_oct2025,2025-09-07 14:00:00+00:00,2025-09-09 04:00:00+00:00,38.0,36,0.923,22.49056,69.85833,2.157,ordinary,flagged_facility,Jamnagar (Sikka) marine terminal,15.73,False,True,3,,False
419066300,SB EAGLE,IND,jamnagar_vadinar_sep_oct2025,2025-10-06 11:00:00+00:00,2025-10-08 01:00:00+00:00,38.0,39,1.0,22.49308,69.84949,3.566,ordinary,flagged_facility,Jamnagar (Sikka) marine terminal,15.04,False,True,3,,False
419066400,M V CHETAK,IND,jamnagar_vadinar_sep_oct2025,2025-10-03 12:00:00+00:00,2025-10-05 02:00:00+00:00,38.0,39,1.0,22.50333,69.83513,4.992,ordinary,flagged_facility,Jamnagar (Sikka) marine terminal,14.37,False,True,3,,False
419067700,MV PERSISTENCE,IND,jamnagar_vadinar_sep_oct2025,2025-10-10 09:00:00+00:00,2025-10-11 23:00:00+00:00,38.0,39,1.0,22.39,69.61,0.0,ordinary,flagged_facility,Jamnagar (Sikka) marine terminal,12.15,False,True,3,,False
419072500,RELTUG 16,IND,jamnagar_vadinar_sep_oct2025,2025-09-16 16:00:00+00:00,2025-09-18 06:00:00+00:00,38.0,39,1.0,22.59026,69.80718,1.121,ordinary,flagged_facility,Vadinar terminal / Nayara refinery (EU+UK sanctioned),16.75,False,True,3,,False
419072500,RELTUG 16,IND,jamnagar_vadinar_sep_oct2025,2025-10-07 08:00:00+00:00,2025-10-08 22:00:00+00:00,38.0,39,1.0,22.59,69.80513,1.91,ordinary,flagged_facility,Vadinar terminal / Nayara refinery (EU+UK sanctioned),16.54,False,True,3,,False
419079400,MV APSARA,IND,jamnagar_vadinar_sep_oct2025,2025-10-08 02:00:00+00:00,2025-10-09 16:00:00+00:00,38.0,39,1.0,22.5,69.83974,1.0,ordinary,flagged_facility,Jamnagar (Sikka) marine terminal,14.56,False,True,3,,False
419079400,MV APSARA,IND,jamnagar_vadinar_sep_oct2025,2025-10-10 07:00:00+00:00,2025-10-11 21:00:00+00:00,38.0,39,1.0,22.50051,69.83948,2.95,ordinary,flagged_facility,Jamnagar (Sikka) marine terminal,14.57,False,True,3,,False
419901161,M.T TORQUE,IND,jamnagar_vadinar_sep_oct2025,2025-09-26 18:00:00+00:00,2025-09-28 08:00:00+00:00,38.0,39,1.0,22.57718,69.79461,2.128,ordinary,flagged_facility,Vadinar terminal / Nayara refinery (EU+UK sanctioned),15.15,False,True,3,,False
419902339,MT MAHADEV,IND,jamnagar_vadinar_sep_oct2025,2025-09-01 00:00:00+00:00,2025-09-02 14:00:00+00:00,38.0,39,1.0,22.43,69.67,0.0,ordinary,flagged_facility,Jamnagar (Sikka) marine terminal,5.14,False,True,3,,False
419956787,DAWN II,IND,jamnagar_vadinar_sep_oct2025,2025-09-01 00:00:00+00:00,2025-09-02 14:00:00+00:00,38.0,39,1.0,22.5741,69.84743,4.064,ordinary,flagged_facility,Vadinar terminal / Nayara refinery (EU+UK sanctioned),20.45,False,True,3,,False
419001390,KNK ASHIMA,IND,jamnagar_vadinar_sep_oct2025,2025-09-02 11:00:00+00:00,2025-09-04 00:00:00+00:00,37.0,38,1.0,22.50316,69.66079,4.204,ordinary,flagged_facility,Vadinar terminal / Nayara refinery (EU+UK sanctioned),5.32,False,True,3,,False
419001390,KNK ASHIMA,IND,jamnagar_vadinar_sep_oct2025,2025-09-10 05:00:00+00:00,2025-09-11 18:00:00+00:00,37.0,38,1.0,22.52921,69.70579,4.191,ordinary,flagged_facility,Vadinar terminal / Nayara refinery (EU+UK sanctioned),6.18,False,True,3,,False
419001405,COURAGE,IND,jamnagar_vadinar_sep_oct2025,2025-10-06 13:00:00+00:00,2025-10-08 02:00:00+00:00,37.0,38,1.0,22.49105,69.83973,2.332,ordinary,flagged_facility,Jamnagar (Sikka) marine terminal,14.05,False,True,3,,False
419001651,KNK NAYRA,IND,jamnagar_vadinar_sep_oct2025,2025-10-10 10:00:00+00:00,2025-10-11 23:00:00+00:00,37.0,38,1.0,22.60895,69.83526,1.132,ordinary,flagged_facility,Vadinar terminal / Nayara refinery (EU+UK sanctioned),20.12,False,True,3,,False
419072600,REL TUG FIFTEEN,IND,jamnagar_vadinar_sep_oct2025,2025-09-04 20:00:00+00:00,2025-09-06 09:00:00+00:00,37.0,34,0.895,22.58059,69.83823,4.619,ordinary,flagged_facility,Vadinar terminal / Nayara refinery (EU+UK sanctioned),19.62,False,True,3,,False
419072900,PARIJAT,IND,jamnagar_vadinar_sep_oct2025,2025-10-02 13:00:00+00:00,2025-10-04 02:00:00+00:00,37.0,34,0.895,22.49029,69.85882,2.215,ordinary,flagged_facility,Jamnagar (Sikka) marine terminal,15.76,False,True,3,,False
419077600,NIVARAK,IND,jamnagar_vadinar_sep_oct2025,2025-09-01 18:00:00+00:00,2025-09-03 07:00:00+00:00,37.0,27,0.711,22.39,69.61,0.0,ordinary,flagged_facility,Jamnagar (Sikka) marine terminal,12.15,False,True,3,,False
419077600,NIVARAK,IND,jamnagar_vadinar_sep_oct2025,2025-09-18 05:00:00+00:00,2025-09-19 18:00:00+00:00,37.0,21,0.553,22.39,69.61,0.0,ordinary,flagged_facility,Jamnagar (Sikka) marine terminal,12.15,False,True,3,,False
419082300,DOLPHIN NO.11,IND,jamnagar_vadinar_sep_oct2025,2025-10-01 15:00:00+00:00,2025-10-03 04:00:00+00:00,37.0,38,1.0,22.68895,69.66816,2.112,ordinary,flagged_facility,Vadinar terminal / Nayara refinery (EU+UK sanctioned),15.56,False,True,3,,False
419740000,DESH VIRAAT,IND,jamnagar_vadinar_sep_oct2025,2025-10-09 15:00:00+00:00,2025-10-11 04:00:00+00:00,37.0,38,1.0,22.66868,69.64658,3.876,ordinary,flagged_facility,Vadinar terminal / Nayara refinery (EU+UK sanctioned),13.2,False,True,3,,False
419001085,RELTUG SEVENTEEN,IND,jamnagar_vadinar_sep_oct2025,2025-09-17 11:00:00+00:00,2025-09-18 23:00:00+00:00,36.0,37,1.0,22.49108,69.85054,2.331,ordinary,flagged_facility,Jamnagar (Sikka) marine terminal,15.04,False,True,3,,False
419001208,DIPPER,IND,jamnagar_vadinar_sep_oct2025,2025-09-05 07:00:00+00:00,2025-09-06 19:00:00+00:00,36.0,37,1.0,22.50757,69.69595,4.956,ordinary,flagged_facility,Vadinar terminal / Nayara refinery (EU+UK sanctioned),6.67,False,True,3,,False
419001456,MEERA,IND,jamnagar_vadinar_sep_oct2025,2025-09-07 11:00:00+00:00,2025-09-08 23:00:00+00:00,36.0,37,1.0,22.46649,69.67216,4.997,ordinary,flagged_facility,Jamnagar (Sikka) marine terminal,6.37,False,True,3,,False
419001472,OCEAN PRIDE,IND,jamnagar_vadinar_sep_oct2025,2025-10-08 03:00:00+00:00,2025-10-09 15:00:00+00:00,36.0,31,0.838,22.50258,69.66065,3.197,ordinary,flagged_facility,Vadinar terminal / Nayara refinery (EU+UK sanctioned),5.39,False,True,3,,False
419001487,RELTUG EIGHTEEN,IND,jamnagar_vadinar_sep_oct2025,2025-09-30 22:00:00+00:00,2025-10-02 10:00:00+00:00,36.0,37,1.0,22.50081,69.83865,4.507,ordinary,flagged_facility,Jamnagar (Sikka) marine terminal,14.51,False,True,3,,False
419001715,ZINNIA STAR,IND,jamnagar_vadinar_sep_oct2025,2025-10-05 03:00:00+00:00,2025-10-06 15:00:00+00:00,36.0,37,1.0,22.50162,69.66108,2.239,ordinary,flagged_facility,Vadinar terminal / Nayara refinery (EU+UK sanctioned),5.5,False,True,3,,False
419001944,DOLPHIN NO.42,IND,jamnagar_vadinar_sep_oct2025,2025-10-10 07:00:00+00:00,2025-10-11 19:00:00+00:00,36.0,37,1.0,22.67946,69.62568,2.616,ordinary,flagged_facility,Vadinar terminal / Nayara refinery (EU+UK sanctioned),14.61,False,True,3,,False
419072700,RELTUG 14,IND,jamnagar_vadinar_sep_oct2025,2025-09-20 02:00:00+00:00,2025-09-21 14:00:00+00:00,36.0,37,1.0,22.58973,69.8073,4.929,ordinary,flagged_facility,Vadinar terminal / Nayara refinery (EU+UK sanctioned),16.74,False,True,3,,False
419077800,REL DARSHAN,IND,jamnagar_vadinar_sep_oct2025,2025-09-01 00:00:00+00:00,2025-09-02 12:00:00+00:00,36.0,37,1.0,22.56,69.84865,4.448,ordinary,flagged_facility,Jamnagar (Sikka) marine terminal,19.59,False,True,3,,False
419079400,MV APSARA,IND,jamnagar_vadinar_sep_oct2025,2025-09-11 16:00:00+00:00,2025-09-13 04:00:00+00:00,36.0,37,1.0,22.50054,69.83892,2.908,ordinary,flagged_facility,Jamnagar (Sikka) marine terminal,14.52,False,True,3,,False
419672000,JAG PUSHPA,IND,jamnagar_vadinar_sep_oct2025,2025-09-04 05:00:00+00:00,2025-09-05 17:00:00+00:00,36.0,37,1.0,22.49027,69.84,1.082,ordinary,flagged_facility,Jamnagar (Sikka) marine terminal,14.03,False,True,3,,False
419956442,M.T.KB VI,IND,jamnagar_vadinar_sep_oct2025,2025-09-27 05:00:00+00:00,2025-09-28 17:00:00+00:00,36.0,37,1.0,22.59324,69.83459,4.021,ordinary,flagged_facility,Vadinar terminal / Nayara refinery (EU+UK sanctioned),19.55,False,True,3,,False
419991279,DARIYA JYOT,IND,jamnagar_vadinar_sep_oct2025,2025-09-24 22:00:00+00:00,2025-09-26 10:00:00+00:00,36.0,37,1.0,22.43135,69.66892,4.299,ordinary,flagged_facility,Jamnagar (Sikka) marine terminal,5.25,False,True,3,,False
419000638,OCEAN     EMPIRE,IND,jamnagar_vadinar_sep_oct2025,2025-09-08 05:00:00+00:00,2025-09-09 16:00:00+00:00,35.0,36,1.0,22.51,69.66028,2.438,ordinary,flagged_facility,Vadinar terminal / Nayara refinery (EU+UK sanctioned),4.57,False,True,3,,False
419001472,OCEAN PRIDE,IND,jamnagar_vadinar_sep_oct2025,2025-09-01 02:00:00+00:00,2025-09-02 13:00:00+00:00,35.0,28,0.778,22.525,69.69,0.556,ordinary,flagged_facility,Vadinar terminal / Nayara refinery (EU+UK sanctioned),4.96,False,True,3,,False
419001472,OCEAN PRIDE,IND,jamnagar_vadinar_sep_oct2025,2025-09-15 09:00:00+00:00,2025-09-16 20:00:00+00:00,35.0,33,0.917,22.52727,69.68758,2.539,ordinary,flagged_facility,Vadinar terminal / Nayara refinery (EU+UK sanctioned),4.61,False,True,3,,False
419001649,KASAGISAN,IND,jamnagar_vadinar_sep_oct2025,2025-10-01 11:00:00+00:00,2025-10-02 22:00:00+00:00,35.0,36,1.0,22.53,69.68417,0.599,ordinary,flagged_facility,Vadinar terminal / Nayara refinery (EU+UK sanctioned),4.15,False,True,3,,False
419001715,ZINNIA STAR,IND,jamnagar_vadinar_sep_oct2025,2025-09-24 18:00:00+00:00,2025-09-26 05:00:00+00:00,35.0,36,1.0,22.44278,69.66944,4.251,ordinary,flagged_facility,Jamnagar (Sikka) marine terminal,5.39,False,True,3,,False
419001794,RIVER PEARL 10,IND,jamnagar_vadinar_sep_oct2025,2025-09-02 14:00:00+00:00,2025-09-04 01:00:00+00:00,35.0,36,1.0,22.44056,69.67,2.162,ordinary,flagged_facility,Jamnagar (Sikka) marine terminal,5.27,False,True,3,,False
419001794,RIVER PEARL 10,IND,jamnagar_vadinar_sep_oct2025,2025-09-29 16:00:00+00:00,2025-10-01 03:00:00+00:00,35.0,36,1.0,22.44111,69.66972,3.364,ordinary,flagged_facility,Jamnagar (Sikka) marine terminal,5.31,False,True,3,,False
419001944,DOLPHIN NO.42,IND,jamnagar_vadinar_sep_oct2025,2025-09-12 07:00:00+00:00,2025-09-13 18:00:00+00:00,35.0,36,1.0,22.68111,69.6275,4.471,ordinary,flagged_facility,Vadinar terminal / Nayara refinery (EU+UK sanctioned),14.76,False,True,3,,False
419014300,M V APURVA,IND,jamnagar_vadinar_sep_oct2025,2025-09-19 23:00:00+00:00,2025-09-21 10:00:00+00:00,35.0,36,1.0,22.5,69.84,0.0,ordinary,flagged_facility,Jamnagar (Sikka) marine terminal,14.58,False,True,3,,False
419072600,REL TUG FIFTEEN,IND,jamnagar_vadinar_sep_oct2025,2025-09-22 06:00:00+00:00,2025-09-23 17:00:00+00:00,35.0,36,1.0,22.57944,69.835,2.756,ordinary,flagged_facility,Vadinar terminal / Nayara refinery (EU+UK sanctioned),19.28,False,True,3,,False
419072700,RELTUG 14,IND,jamnagar_vadinar_sep_oct2025,2025-09-24 07:00:00+00:00,2025-09-25 18:00:00+00:00,35.0,36,1.0,22.58833,69.80528,3.188,ordinary,flagged_facility,Vadinar terminal / Nayara refinery (EU+UK sanctioned),16.5,False,True,3,,False
419072900,PARIJAT,IND,jamnagar_vadinar_sep_oct2025,2025-09-28 16:00:00+00:00,2025-09-30 03:00:00+00:00,35.0,32,0.889,22.49031,69.85875,3.144,ordinary,flagged_facility,Jamnagar (Sikka) marine terminal,15.76,False,True,3,,False
419079300,MV ANJALI,IND,jamnagar_vadinar_sep_oct2025,2025-09-29 21:00:00+00:00,2025-10-01 08:00:00+00:00,35.0,36,1.0,22.50028,69.8375,2.098,ordinary,flagged_facility,Jamnagar (Sikka) marine terminal,14.38,False,True,3,,False
419079400,MV APSARA,IND,jamnagar_vadinar_sep_oct2025,2025-09-14 12:00:00+00:00,2025-09-15 23:00:00+00:00,35.0,36,1.0,22.50222,69.83222,3.855,ordinary,flagged_facility,Jamnagar (Sikka) marine terminal,14.05,False,True,3,,False
419292000,RELTUG SIX,IND,jamnagar_vadinar_sep_oct2025,2025-10-10 12:00:00+00:00,2025-10-11 23:00:00+00:00,35.0,36,1.0,22.49389,69.84361,4.825,ordinary,flagged_facility,Jamnagar (Sikka) marine terminal,14.55,False,True,3,,False
419991279,DARIYA JYOT,IND,jamnagar_vadinar_sep_oct2025,2025-09-17 22:00:00+00:00,2025-09-19 09:00:00+00:00,35.0,36,1.0,22.43056,69.67,1.05,ordinary,flagged_facility,Jamnagar (Sikka) marine terminal,5.14,False,True,3,,False
419000638,OCEAN     EMPIRE,IND,jamnagar_vadinar_sep_oct2025,2025-09-29 11:00:00+00:00,2025-09-30 21:00:00+00:00,34.0,35,1.0,22.50743,69.65972,2.51,ordinary,flagged_facility,Vadinar terminal / Nayara refinery (EU+UK sanctioned),4.84,False,True,3,,False
419001085,RELTUG SEVENTEEN,IND,jamnagar_vadinar_sep_oct2025,2025-09-14 23:00:00+00:00,2025-09-16 09:00:00+00:00,34.0,35,1.0,22.49257,69.852,4.484,ordinary,flagged_facility,Jamnagar (Sikka) marine terminal,15.24,False,True,3,,False
419001085,RELTUG SEVENTEEN,IND,jamnagar_vadinar_sep_oct2025,2025-09-22 12:00:00+00:00,2025-09-23 22:00:00+00:00,34.0,35,1.0,22.59,69.866,0.616,ordinary,flagged_facility,Vadinar terminal / Nayara refinery (EU+UK sanctioned),22.62,False,True,3,,False
419001390,KNK ASHIMA,IND,jamnagar_vadinar_sep_oct2025,2025-09-08 04:00:00+00:00,2025-09-09 14:00:00+00:00,34.0,35,1.0,22.53,69.68572,1.467,ordinary,flagged_facility,Vadinar terminal / Nayara refinery (EU+UK sanctioned),4.29,False,True,3,,False
419001462,OCEAN PROMICE,IND,jamnagar_vadinar_sep_oct2025,2025-09-01 03:00:00+00:00,2025-09-02 13:00:00+00:00,34.0,35,1.0,22.68086,69.626,2.928,ordinary,flagged_facility,Vadinar terminal / Nayara refinery (EU+UK sanctioned),14.76,False,True,3,,False
419001472,OCEAN PRIDE,IND,jamnagar_vadinar_sep_oct2025,2025-10-05 10:00:00+00:00,2025-10-06 20:00:00+00:00,34.0,31,0.886,22.52258,69.68258,4.302,ordinary,flagged_facility,Vadinar terminal / Nayara refinery (EU+UK sanctioned),4.53,False,True,3,,False
419001715,ZINNIA STAR,IND,jamnagar_vadinar_sep_oct2025,2025-10-10 05:00:00+00:00,2025-10-11 15:00:00+00:00,34.0,35,1.0,22.50171,69.66,3.145,ordinary,flagged_facility,Vadinar terminal / Nayara refinery (EU+UK sanctioned),5.47,False,True,3,,False
419001944,DOLPHIN NO.42,IND,jamnagar_vadinar_sep_oct2025,2025-09-28 01:00:00+00:00,2025-09-29 11:00:00+00:00,34.0,35,1.0,22.67971,69.62343,3.596,ordinary,flagged_facility,Vadinar terminal / Nayara refinery (EU+UK sanctioned),14.68,False,True,3,,False
419079400,MV APSARA,IND,jamnagar_vadinar_sep_oct2025,2025-09-22 13:00:00+00:00,2025-09-23 23:00:00+00:00,34.0,35,1.0,22.5,69.84,0.0,ordinary,flagged_facility,Jamnagar (Sikka) marine terminal,14.58,False,True,3,,False
419547000,JAG LOK,IND,jamnagar_vadinar_sep_oct2025,2025-10-08 01:00:00+00:00,2025-10-09 11:00:00+00:00,34.0,35,1.0,22.676,69.62629,4.021,ordinary,flagged_facility,Vadinar terminal / Nayara refinery (EU+UK sanctioned),14.22,False,True,3,,False
419956663,M.V. MANGAL MURTI,IND,jamnagar_vadinar_sep_oct2025,2025-09-01 00:00:00+00:00,2025-09-02 10:00:00+00:00,34.0,35,1.0,22.43,69.67,0.0,ordinary,flagged_facility,Jamnagar (Sikka) marine terminal,5.14,False,True,3,,False
419957028,KB 48,IND,jamnagar_vadinar_sep_oct2025,2025-09-01 00:00:00+00:00,2025-09-02 10:00:00+00:00,34.0,24,0.686,22.68375,69.66333,1.43,ordinary,flagged_facility,Vadinar terminal / Nayara refinery (EU+UK sanctioned),14.94,False,True,3,,False
419000102,BRAHMANI,IND,jamnagar_vadinar_sep_oct2025,2025-09-17 08:00:00+00:00,2025-09-18 17:00:00+00:00,33.0,34,1.0,22.68029,69.62382,4.14,ordinary,flagged_facility,Vadinar terminal / Nayara refinery (EU+UK sanctioned),14.73,False,True,3,,False
419000765,CALYPSO FORTUNE,IND,jamnagar_vadinar_sep_oct2025,2025-09-02 06:00:00+00:00,2025-09-03 15:00:00+00:00,33.0,34,1.0,22.58353,69.82706,3.846,ordinary,flagged_facility,Vadinar terminal / Nayara refinery (EU+UK sanctioned),18.56,False,True,3,,False
419001085,RELTUG SEVENTEEN,IND,jamnagar_vadinar_sep_oct2025,2025-09-01 00:00:00+00:00,2025-09-02 09:00:00+00:00,33.0,34,1.0,22.49441,69.8447,4.561,ordinary,flagged_facility,Jamnagar (Sikka) marine terminal,14.68,False,True,3,,False
419001358,PRABHAT SHOBHA,IND,jamnagar_vadinar_sep_oct2025,2025-09-17 10:00:00+00:00,2025-09-18 19:00:00+00:00,33.0,34,1.0,22.55941,69.76529,1.297,ordinary,flagged_facility,Vadinar terminal / Nayara refinery (EU+UK sanctioned),11.89,False,True,3,,False
419001358,PRABHAT SHOBHA,IND,jamnagar_vadinar_sep_oct2025,2025-09-27 09:00:00+00:00,2025-09-28 18:00:00+00:00,33.0,34,1.0,22.56029,69.76588,3.33,ordinary,flagged_facility,Vadinar terminal / Nayara refinery (EU+UK sanctioned),11.95,False,True,3,,False
419001390,KNK ASHIMA,IND,jamnagar_vadinar_sep_oct2025,2025-09-25 04:00:00+00:00,2025-09-26 13:00:00+00:00,33.0,34,1.0,22.50235,69.65912,4.29,ordinary,flagged_facility,Vadinar terminal / Nayara refinery (EU+UK sanctioned),5.38,False,True,3,,False
419001487,RELTUG EIGHTEEN,IND,jamnagar_vadinar_sep_oct2025,2025-09-01 00:00:00+00:00,2025-09-02 09:00:00+00:00,33.0,34,1.0,22.50118,69.83764,4.397,ordinary,flagged_facility,Jamnagar (Sikka) marine terminal,14.45,False,True,3,,False
419001712,LILAC VICTORIA,IND,jamnagar_vadinar_sep_oct2025,2025-09-24 21:00:00+00:00,2025-09-26 06:00:00+00:00,33.0,34,1.0,22.5,69.84,0.0,ordinary,flagged_facility,Jamnagar (Sikka) marine terminal,14.58,False,True,3,,False
419001715,ZINNIA STAR,IND,jamnagar_vadinar_sep_oct2025,2025-09-08 05:00:00+00:00,2025-09-09 14:00:00+00:00,33.0,34,1.0,22.53118,69.70588,3.243,ordinary,flagged_facility,Vadinar terminal / Nayara refinery (EU+UK sanctioned),6.11,False,True,3,,False
419001794,RIVER PEARL 10,IND,jamnagar_vadinar_sep_oct2025,2025-09-16 16:00:00+00:00,2025-09-18 01:00:00+00:00,33.0,34,1.0,22.44206,69.67,4.219,ordinary,flagged_facility,Jamnagar (Sikka) marine terminal,5.31,False,True,3,,False
419014400,M V POONAM,IND,jamnagar_vadinar_sep_oct2025,2025-10-05 08:00:00+00:00,2025-10-06 17:00:00+00:00,33.0,34,1.0,22.50206,69.83853,3.643,ordinary,flagged_facility,Jamnagar (Sikka) marine terminal,14.58,False,True,3,,False
419032200,AQUA MOON,IND,jamnagar_vadinar_sep_oct2025,2025-09-09 11:00:00+00:00,2025-09-10 20:00:00+00:00,33.0,34,1.0,22.49235,69.83118,1.79,ordinary,flagged_facility,Jamnagar (Sikka) marine terminal,13.36,False,True,3,,False
419033900,REL SAGAR,IND,jamnagar_vadinar_sep_oct2025,2025-09-20 05:00:00+00:00,2025-09-21 14:00:00+00:00,33.0,34,1.0,22.51,69.8,0.0,ordinary,flagged_facility,Jamnagar (Sikka) marine terminal,12.11,False,True,3,,False
419072500,RELTUG 16,IND,jamnagar_vadinar_sep_oct2025,2025-09-19 04:00:00+00:00,2025-09-20 13:00:00+00:00,33.0,34,1.0,22.61,69.83618,3.646,ordinary,flagged_facility,Vadinar terminal / Nayara refinery (EU+UK sanctioned),20.25,False,True,3,,False
419072500,RELTUG 16,IND,jamnagar_vadinar_sep_oct2025,2025-09-26 05:00:00+00:00,2025-09-27 14:00:00+00:00,33.0,34,1.0,22.59059,69.80647,1.107,ordinary,flagged_facility,Vadinar terminal / Nayara refinery (EU+UK sanctioned),16.69,False,True,3,,False
419077500,AGNI,IND,jamnagar_vadinar_sep_oct2025,2025-10-10 14:00:00+00:00,2025-10-11 23:00:00+00:00,33.0,34,1.0,22.47794,69.83764,2.575,ordinary,flagged_facility,Jamnagar (Sikka) marine terminal,13.21,False,True,3,,False
419956564,M.T.KB-XVII,IND,jamnagar_vadinar_sep_oct2025,2025-09-08 16:00:00+00:00,2025-09-10 01:00:00+00:00,33.0,21,0.618,22.6981,69.62619,2.05,ordinary,flagged_facility,Vadinar terminal / Nayara refinery (EU+UK sanctioned),16.65,False,True,3,,False
419956663,M.V. MANGAL MURTI,IND,jamnagar_vadinar_sep_oct2025,2025-09-12 23:00:00+00:00,2025-09-14 08:00:00+00:00,33.0,29,0.853,22.43276,69.67,4.141,ordinary,flagged_facility,Jamnagar (Sikka) marine terminal,5.15,False,True,3,,False
419957028,KB 48,IND,jamnagar_vadinar_sep_oct2025,2025-10-03 04:00:00+00:00,2025-10-04 13:00:00+00:00,33.0,25,0.735,22.68,69.652,0.821,ordinary,flagged_facility,Vadinar terminal / Nayara refinery (EU+UK sanctioned),14.46,False,True,3,,False
419000056,SUCCESS NETRAVATI,IND,jamnagar_vadinar_sep_oct2025,2025-09-04 21:00:00+00:00,2025-09-06 05:00:00+00:00,32.0,33,1.0,22.44152,69.67879,4.374,ordinary,flagged_facility,Jamnagar (Sikka) marine terminal,4.42,False,True,3,,False
419000056,SUCCESS NETRAVATI,IND,jamnagar_vadinar_sep_oct2025,2025-09-21 05:00:00+00:00,2025-09-22 13:00:00+00:00,32.0,33,1.0,22.44091,69.67909,2.319,ordinary,flagged_facility,Jamnagar (Sikka) marine terminal,4.38,False,True,3,,False
419000638,OCEAN     EMPIRE,IND,jamnagar_vadinar_sep_oct2025,2025-09-18 02:00:00+00:00,2025-09-19 10:00:00+00:00,32.0,33,1.0,22.52667,69.70697,3.72,ordinary,flagged_facility,Vadinar terminal / Nayara refinery (EU+UK sanctioned),6.4,False,True,3,,False
419000765,CALYPSO FORTUNE,IND,jamnagar_vadinar_sep_oct2025,2025-10-05 17:00:00+00:00,2025-10-07 01:00:00+00:00,32.0,33,1.0,22.58576,69.82576,3.669,ordinary,flagged_facility,Vadinar terminal / Nayara refinery (EU+UK sanctioned),18.48,False,True,3,,False
419001390,KNK ASHIMA,IND,jamnagar_vadinar_sep_oct2025,2025-10-10 05:00:00+00:00,2025-10-11 13:00:00+00:00,32.0,33,1.0,22.52818,69.70545,2.768,ordinary,flagged_facility,Vadinar terminal / Nayara refinery (EU+UK sanctioned),6.19,False,True,3,,False
419001472,OCEAN PRIDE,IND,jamnagar_vadinar_sep_oct2025,2025-09-25 07:00:00+00:00,2025-09-26 15:00:00+00:00,32.0,33,1.0,22.44242,69.6697,4.295,ordinary,flagged_facility,Jamnagar (Sikka) marine terminal,5.35,False,True,3,,False
419001472,OCEAN PRIDE,IND,jamnagar_vadinar_sep_oct2025,2025-09-27 01:00:00+00:00,2025-09-28 09:00:00+00:00,32.0,33,1.0,22.52545,69.68576,2.793,ordinary,flagged_facility,Vadinar terminal / Nayara refinery (EU+UK sanctioned),4.58,False,True,3,,False
419001715,ZINNIA STAR,IND,jamnagar_vadinar_sep_oct2025,2025-09-27 01:00:00+00:00,2025-09-28 09:00:00+00:00,32.0,33,1.0,22.50242,69.6594,3.215,ordinary,flagged_facility,Vadinar terminal / Nayara refinery (EU+UK sanctioned),5.38,False,True,3,,False
419001755,SANMAR SAROD,IND,jamnagar_vadinar_sep_oct2025,2025-10-09 08:00:00+00:00,2025-10-10 16:00:00+00:00,32.0,33,1.0,22.50091,69.83848,4.487,ordinary,flagged_facility,Jamnagar (Sikka) marine terminal,14.5,False,True,3,,False
419032200,AQUA MOON,IND,jamnagar_vadinar_sep_oct2025,2025-09-03 17:00:00+00:00,2025-09-05 01:00:00+00:00,32.0,23,0.697,22.5,69.82087,2.968,ordinary,flagged_facility,Jamnagar (Sikka) marine terminal,12.96,False,True,3,,False
419033900,REL SAGAR,IND,jamnagar_vadinar_sep_oct2025,2025-09-21 17:00:00+00:00,2025-09-23 01:00:00+00:00,32.0,33,1.0,22.51091,69.7997,3.385,ordinary,flagged_facility,Jamnagar (Sikka) marine terminal,12.17,False,True,3,,False
419067700,MV PERSISTENCE,IND,jamnagar_vadinar_sep_oct2025,2025-09-19 05:00:00+00:00,2025-09-20 13:00:00+00:00,32.0,33,1.0,22.39152,69.60758,4.995,ordinary,flagged_facility,Jamnagar (Sikka) marine terminal,12.32,False,True,3,,False
419072700,RELTUG 14,IND,jamnagar_vadinar_sep_oct2025,2025-09-16 06:00:00+00:00,2025-09-17 14:00:00+00:00,32.0,33,1.0,22.5703,69.78545,1.175,ordinary,flagged_facility,Vadinar terminal / Nayara refinery (EU+UK sanctioned),14.09,False,True,3,,False
419077800,REL DARSHAN,IND,jamnagar_vadinar_sep_oct2025,2025-09-15 04:00:00+00:00,2025-09-16 12:00:00+00:00,32.0,33,1.0,22.56788,69.84667,4.986,ordinary,flagged_facility,Jamnagar (Sikka) marine terminal,20.11,False,True,3,,False
419079400,MV APSARA,IND,jamnagar_vadinar_sep_oct2025,2025-09-08 12:00:00+00:00,2025-09-09 20:00:00+00:00,32.0,33,1.0,22.50121,69.83818,4.443,ordinary,flagged_facility,Jamnagar (Sikka) marine terminal,14.5,False,True,3,,False
419293000,RELTUG 7,IND,jamnagar_vadinar_sep_oct2025,2025-09-10 05:00:00+00:00,2025-09-11 13:00:00+00:00,32.0,33,1.0,22.59,69.86546,3.432,ordinary,flagged_facility,Vadinar terminal / Nayara refinery (EU+UK sanctioned),22.57,False,True,3,,False
419956442,M.T.KB VI,IND,jamnagar_vadinar_sep_oct2025,2025-09-10 01:00:00+00:00,2025-09-11 09:00:00+00:00,32.0,33,1.0,22.59879,69.83848,4.316,ordinary,flagged_facility,Vadinar terminal / Nayara refinery (EU+UK sanctioned),20.1,False,True,3,,False
419000101,BAITARANI,IND,jamnagar_vadinar_sep_oct2025,2025-09-29 00:00:00+00:00,2025-09-30 07:00:00+00:00,31.0,32,1.0,22.67969,69.65281,2.554,ordinary,flagged_facility,Vadinar terminal / Nayara refinery (EU+UK sanctioned),14.42,False,True,3,,False
419001085,RELTUG SEVENTEEN,IND,jamnagar_vadinar_sep_oct2025,2025-09-23 23:00:00+00:00,2025-09-25 06:00:00+00:00,31.0,32,1.0,22.49281,69.84719,4.872,ordinary,flagged_facility,Jamnagar (Sikka) marine terminal,14.82,False,True,3,,False
419001358,PRABHAT SHOBHA,IND,jamnagar_vadinar_sep_oct2025,2025-09-12 08:00:00+00:00,2025-09-13 15:00:00+00:00,31.0,32,1.0,22.56031,69.76625,3.323,ordinary,flagged_facility,Vadinar terminal / Nayara refinery (EU+UK sanctioned),11.99,False,True,3,,False
419001390,KNK ASHIMA,IND,jamnagar_vadinar_sep_oct2025,2025-09-01 03:00:00+00:00,2025-09-02 10:00:00+00:00,31.0,32,1.0,22.44156,69.67,3.162,ordinary,flagged_facility,Jamnagar (Sikka) marine terminal,5.3,False,True,3,,False
419001651,KNK NAYRA,IND,jamnagar_vadinar_sep_oct2025,2025-09-26 05:00:00+00:00,2025-09-27 12:00:00+00:00,31.0,32,1.0,22.61031,69.83531,2.658,ordinary,flagged_facility,Vadinar terminal / Nayara refinery (EU+UK sanctioned),20.17,False,True,3,,False
419001944,DOLPHIN NO.42,IND,jamnagar_vadinar_sep_oct2025,2025-10-08 03:00:00+00:00,2025-10-09 10:00:00+00:00,31.0,32,1.0,22.68,69.62656,1.379,ordinary,flagged_facility,Vadinar terminal / Nayara refinery (EU+UK sanctioned),14.65,False,True,3,,False
419032300,AQUA SUN,IND,jamnagar_vadinar_sep_oct2025,2025-09-10 01:00:00+00:00,2025-09-11 08:00:00+00:00,31.0,32,1.0,22.57781,69.83969,3.715,ordinary,flagged_facility,Vadinar terminal / Nayara refinery (EU+UK sanctioned),19.72,False,True,3,,False
419032300,AQUA SUN,IND,jamnagar_vadinar_sep_oct2025,2025-09-27 12:00:00+00:00,2025-09-28 19:00:00+00:00,31.0,32,1.0,22.58313,69.85531,3.96,ordinary,flagged_facility,Vadinar terminal / Nayara refinery (EU+UK sanctioned),21.4,False,True,3,,False
419072500,RELTUG 16,IND,jamnagar_vadinar_sep_oct2025,2025-09-08 04:00:00+00:00,2025-09-09 11:00:00+00:00,31.0,32,1.0,22.57062,69.78625,1.345,ordinary,flagged_facility,Vadinar terminal / Nayara refinery (EU+UK sanctioned),14.18,False,True,3,,False
419072500,RELTUG 16,IND,jamnagar_vadinar_sep_oct2025,2025-10-05 08:00:00+00:00,2025-10-06 15:00:00+00:00,31.0,32,1.0,22.49437,69.84,5.0,ordinary,flagged_facility,Jamnagar (Sikka) marine terminal,14.26,False,True,3,,False
419072700,RELTUG 14,IND,jamnagar_vadinar_sep_oct2025,2025-09-28 05:00:00+00:00,2025-09-29 12:00:00+00:00,31.0,32,1.0,22.57062,69.78813,4.809,ordinary,flagged_facility,Vadinar terminal / Nayara refinery (EU+UK sanctioned),14.37,False,True,3,,False
419079400,MV APSARA,IND,jamnagar_vadinar_sep_oct2025,2025-09-21 03:00:00+00:00,2025-09-22 10:00:00+00:00,31.0,32,1.0,22.50312,69.835,4.38,ordinary,flagged_facility,Jamnagar (Sikka) marine terminal,14.34,False,True,3,,False
419000638,OCEAN     EMPIRE,IND,jamnagar_vadinar_sep_oct2025,2025-09-13 07:00:00+00:00,2025-09-14 13:00:00+00:00,30.0,31,1.0,22.50097,69.66033,3.378,ordinary,flagged_facility,Vadinar terminal / Nayara refinery (EU+UK sanctioned),5.55,False,True,3,,False
419001085,RELTUG SEVENTEEN,IND,jamnagar_vadinar_sep_oct2025,2025-10-06 23:00:00+00:00,2025-10-08 05:00:00+00:00,30.0,31,1.0,22.49097,69.85064,2.996,ordinary,flagged_facility,Jamnagar (Sikka) marine terminal,15.04,False,True,3,,False
419001390,KNK ASHIMA,IND,jamnagar_vadinar_sep_oct2025,2025-09-22 03:00:00+00:00,2025-09-23 09:00:00+00:00,30.0,31,1.0,22.50065,69.65968,2.371,ordinary,flagged_facility,Vadinar terminal / Nayara refinery (EU+UK sanctioned),5.58,False,True,3,,False
419001456,MEERA,IND,jamnagar_vadinar_sep_oct2025,2025-09-18 03:00:00+00:00,2025-09-19 09:00:00+00:00,30.0,31,1.0,22.5,69.66,0.0,ordinary,flagged_facility,Vadinar terminal / Nayara refinery (EU+UK sanctioned),5.65,False,True,3,,False
419001462,OCEAN PROMICE,IND,jamnagar_vadinar_sep_oct2025,2025-10-05 01:00:00+00:00,2025-10-06 07:00:00+00:00,30.0,31,1.0,22.68,69.62613,2.64,ordinary,flagged_facility,Vadinar terminal / Nayara refinery (EU+UK sanctioned),14.66,False,True,3,,False
419001794,RIVER PEARL 10,IND,jamnagar_vadinar_sep_oct2025,2025-09-23 18:00:00+00:00,2025-09-25 00:00:00+00:00,30.0,31,1.0,22.44,69.67,0.0,ordinary,flagged_facility,Jamnagar (Sikka) marine terminal,5.26,False,True,3,,False
419001884,MT KB 50,IND,jamnagar_vadinar_sep_oct2025,2025-10-07 07:00:00+00:00,2025-10-08 13:00:00+00:00,30.0,31,1.0,22.43968,69.80065,2.261,ordinary,flagged_facility,Jamnagar (Sikka) marine terminal,8.36,False,True,3,,False
419002025,SANMAR SHEHNAI,IND,jamnagar_vadinar_sep_oct2025,2025-10-06 14:00:00+00:00,2025-10-07 20:00:00+00:00,30.0,31,1.0,22.50032,69.83967,1.465,ordinary,flagged_facility,Jamnagar (Sikka) marine terminal,14.57,False,True,3,,False
419014300,M V APURVA,IND,jamnagar_vadinar_sep_oct2025,2025-09-22 08:00:00+00:00,2025-09-23 14:00:00+00:00,30.0,30,0.968,22.5,69.83966,0.993,ordinary,flagged_facility,Jamnagar (Sikka) marine terminal,14.55,False,True,3,,False
419057400,RELTUG TWELVE,IND,jamnagar_vadinar_sep_oct2025,2025-09-19 17:00:00+00:00,2025-09-20 23:00:00+00:00,30.0,31,1.0,22.49161,69.84774,5.0,ordinary,flagged_facility,Jamnagar (Sikka) marine terminal,14.81,False,True,3,,False
419072500,RELTUG 16,IND,jamnagar_vadinar_sep_oct2025,2025-09-28 11:00:00+00:00,2025-09-29 17:00:00+00:00,30.0,31,1.0,22.59065,69.80548,1.183,ordinary,flagged_facility,Vadinar terminal / Nayara refinery (EU+UK sanctioned),16.59,False,True,3,,False
419072600,REL TUG FIFTEEN,IND,jamnagar_vadinar_sep_oct2025,2025-09-13 08:00:00+00:00,2025-09-14 14:00:00+00:00,30.0,31,1.0,22.57839,69.83484,4.771,ordinary,flagged_facility,Vadinar terminal / Nayara refinery (EU+UK sanctioned),19.24,False,True,3,,False
419072600,REL TUG FIFTEEN,IND,jamnagar_vadinar_sep_oct2025,2025-10-04 00:00:00+00:00,2025-10-05 06:00:00+00:00,30.0,31,1.0,22.59097,69.86581,2.569,ordinary,flagged_facility,Vadinar terminal / Nayara refinery (EU+UK sanctioned),22.62,False,True,3,,False
419072700,RELTUG 14,IND,jamnagar_vadinar_sep_oct2025,2025-09-22 02:00:00+00:00,2025-09-23 08:00:00+00:00,30.0,31,1.0,22.58935,69.8071,2.527,ordinary,flagged_facility,Vadinar terminal / Nayara refinery (EU+UK sanctioned),16.71,False,True,3,,False
419077200,AKASH,IND,jamnagar_vadinar_sep_oct2025,2025-09-27 02:00:00+00:00,2025-09-28 08:00:00+00:00,30.0,31,1.0,22.57097,69.78839,1.559,ordinary,flagged_facility,Vadinar terminal / Nayara refinery (EU+UK sanctioned),14.4,False,True,3,,False
419079300,MV ANJALI,IND,jamnagar_vadinar_sep_oct2025,2025-09-26 07:00:00+00:00,2025-09-27 13:00:00+00:00,30.0,31,1.0,22.50129,69.83806,2.788,ordinary,flagged_facility,Jamnagar (Sikka) marine terminal,14.49,False,True,3,,False
419293000,RELTUG 7,IND,jamnagar_vadinar_sep_oct2025,2025-10-03 02:00:00+00:00,2025-10-04 08:00:00+00:00,30.0,31,1.0,22.49194,69.84774,2.031,ordinary,flagged_facility,Jamnagar (Sikka) marine terminal,14.82,False,True,3,,False
419902339,MT MAHADEV,IND,jamnagar_vadinar_sep_oct2025,2025-10-06 22:00:00+00:00,2025-10-08 04:00:00+00:00,30.0,31,1.0,22.43,69.67,0.0,ordinary,flagged_facility,Jamnagar (Sikka) marine terminal,5.14,False,True,3,,False
419956663,M.V. MANGAL MURTI,IND,jamnagar_vadinar_sep_oct2025,2025-09-05 17:00:00+00:00,2025-09-06 23:00:00+00:00,30.0,20,0.645,22.4345,69.6715,3.95,ordinary,flagged_facility,Jamnagar (Sikka) marine terminal,5.01,False,True,3,,False
419956663,M.V. MANGAL MURTI,IND,jamnagar_vadinar_sep_oct2025,2025-10-07 00:00:00+00:00,2025-10-08 06:00:00+00:00,30.0,30,0.968,22.434,69.67,1.779,ordinary,flagged_facility,Jamnagar (Sikka) marine terminal,5.16,False,True,3,,False
419000765,CALYPSO FORTUNE,IND,jamnagar_vadinar_sep_oct2025,2025-10-09 11:00:00+00:00,2025-10-10 16:00:00+00:00,29.0,30,1.0,22.58633,69.822,4.629,ordinary,flagged_facility,Vadinar terminal / Nayara refinery (EU+UK sanctioned),18.12,False,True,3,,False
419001085,RELTUG SEVENTEEN,IND,jamnagar_vadinar_sep_oct2025,2025-09-03 12:00:00+00:00,2025-09-04 17:00:00+00:00,29.0,30,1.0,22.59033,69.86767,1.66,ordinary,flagged_facility,Vadinar terminal / Nayara refinery (EU+UK sanctioned),22.8,False,True,3,,False
419001085,RELTUG SEVENTEEN,IND,jamnagar_vadinar_sep_oct2025,2025-09-04 23:00:00+00:00,2025-09-06 04:00:00+00:00,29.0,30,1.0,22.49733,69.84133,4.937,ordinary,flagged_facility,Jamnagar (Sikka) marine terminal,14.54,False,True,3,,False
419001085,RELTUG SEVENTEEN,IND,jamnagar_vadinar_sep_oct2025,2025-09-08 15:00:00+00:00,2025-09-09 20:00:00+00:00,29.0,30,1.0,22.49367,69.84666,4.01,ordinary,flagged_facility,Jamnagar (Sikka) marine terminal,14.82,False,True,3,,False
419001390,KNK ASHIMA,IND,jamnagar_vadinar_sep_oct2025,2025-09-27 03:00:00+00:00,2025-09-28 08:00:00+00:00,29.0,30,1.0,22.44433,69.66967,3.022,ordinary,flagged_facility,Jamnagar (Sikka) marine terminal,5.41,False,True,3,,False
419001462,OCEAN PROMICE,IND,jamnagar_vadinar_sep_oct2025,2025-10-02 01:00:00+00:00,2025-10-03 06:00:00+00:00,29.0,30,1.0,22.68233,69.62067,4.258,ordinary,flagged_facility,Vadinar terminal / Nayara refinery (EU+UK sanctioned),15.02,False,True,3,,False
419001472,OCEAN PRIDE,IND,jamnagar_vadinar_sep_oct2025,2025-09-23 05:00:00+00:00,2025-09-24 10:00:00+00:00,29.0,25,0.833,22.5292,69.706,1.194,ordinary,flagged_facility,Vadinar terminal / Nayara refinery (EU+UK sanctioned),6.2,False,True,3,,False
419001651,KNK NAYRA,IND,jamnagar_vadinar_sep_oct2025,2025-10-04 02:00:00+00:00,2025-10-05 07:00:00+00:00,29.0,30,1.0,22.61033,69.83567,1.163,ordinary,flagged_facility,Vadinar terminal / Nayara refinery (EU+UK sanctioned),20.21,False,True,3,,False
419001715,ZINNIA STAR,IND,jamnagar_vadinar_sep_oct2025,2025-09-23 12:00:00+00:00,2025-09-24 17:00:00+00:00,29.0,30,1.0,22.503,69.65967,1.262,ordinary,flagged_facility,Vadinar terminal / Nayara refinery (EU+UK sanctioned),5.32,False,True,3,,False
419001794,RIVER PEARL 10,IND,jamnagar_vadinar_sep_oct2025,2025-09-01 06:00:00+00:00,2025-09-02 11:00:00+00:00,29.0,30,1.0,22.44267,69.67,3.039,ordinary,flagged_facility,Jamnagar (Sikka) marine terminal,5.33,False,True,3,,False
419014300,M V APURVA,IND,jamnagar_vadinar_sep_oct2025,2025-09-29 19:00:00+00:00,2025-10-01 00:00:00+00:00,29.0,30,1.0,22.5,69.839,2.959,ordinary,flagged_facility,Jamnagar (Sikka) marine terminal,14.5,False,True,3,,False
419014400,M V POONAM,IND,jamnagar_vadinar_sep_oct2025,2025-09-09 05:00:00+00:00,2025-09-10 10:00:00+00:00,29.0,30,1.0,22.50133,69.83733,3.492,ordinary,flagged_facility,Jamnagar (Sikka) marine terminal,14.43,False,True,3,,False
419072500,RELTUG 16,IND,jamnagar_vadinar_sep_oct2025,2025-09-30 12:00:00+00:00,2025-10-01 17:00:00+00:00,29.0,30,1.0,22.594,69.80467,0.863,ordinary,flagged_facility,Vadinar terminal / Nayara refinery (EU+UK sanctioned),16.62,False,True,3,,False
419077500,AGNI,IND,jamnagar_vadinar_sep_oct2025,2025-09-23 02:00:00+00:00,2025-09-24 07:00:00+00:00,29.0,30,1.0,22.58267,69.80267,4.804,ordinary,flagged_facility,Vadinar terminal / Nayara refinery (EU+UK sanctioned),16.09,False,True,3,,False
419077500,AGNI,IND,jamnagar_vadinar_sep_oct2025,2025-10-08 05:00:00+00:00,2025-10-09 10:00:00+00:00,29.0,30,1.0,22.50633,69.80667,4.505,ordinary,flagged_facility,Jamnagar (Sikka) marine terminal,12.3,False,True,3,,False
419079600,IVY,IND,jamnagar_vadinar_sep_oct2025,2025-09-25 08:00:00+00:00,2025-09-26 13:00:00+00:00,29.0,30,1.0,22.47733,69.82567,4.141,ordinary,flagged_facility,Jamnagar (Sikka) marine terminal,12.07,False,True,3,,False
419093600,KAIVAN,IND,jamnagar_vadinar_sep_oct2025,2025-10-03 23:00:00+00:00,2025-10-05 04:00:00+00:00,29.0,30,1.0,22.491,69.693,4.348,ordinary,flagged_facility,Jamnagar (Sikka) marine terminal,7.33,False,True,3,,False
419292000,RELTUG SIX,IND,jamnagar_vadinar_sep_oct2025,2025-09-22 11:00:00+00:00,2025-09-23 16:00:00+00:00,29.0,30,1.0,22.495,69.84033,4.989,ordinary,flagged_facility,Jamnagar (Sikka) marine terminal,14.32,False,True,3,,False
419956442,M.T.KB VI,IND,jamnagar_vadinar_sep_oct2025,2025-09-01 00:00:00+00:00,2025-09-02 05:00:00+00:00,29.0,29,0.967,22.58414,69.83931,3.03,ordinary,flagged_facility,Vadinar terminal / Nayara refinery (EU+UK sanctioned),19.81,False,True,3,,False
419956663,M.V. MANGAL MURTI,IND,jamnagar_vadinar_sep_oct2025,2025-09-11 07:00:00+00:00,2025-09-12 12:00:00+00:00,29.0,30,1.0,22.43433,69.66967,3.022,ordinary,flagged_facility,Jamnagar (Sikka) marine terminal,5.2,False,True,3,,False
419000101,BAITARANI,IND,jamnagar_vadinar_sep_oct2025,2025-10-10 00:00:00+00:00,2025-10-11 04:00:00+00:00,28.0,29,1.0,22.6769,69.65242,3.773,ordinary,flagged_facility,Vadinar terminal / Nayara refinery (EU+UK sanctioned),14.11,False,True,3,,False
419001208,DIPPER,IND,jamnagar_vadinar_sep_oct2025,2025-10-08 08:00:00+00:00,2025-10-09 12:00:00+00:00,28.0,29,1.0,22.47586,69.6831,4.209,ordinary,flagged_facility,Jamnagar (Sikka) marine terminal,6.35,False,True,3,,False
419001358,PRABHAT SHOBHA,IND,jamnagar_vadinar_sep_oct2025,2025-09-24 07:00:00+00:00,2025-09-25 11:00:00+00:00,28.0,29,1.0,22.55862,69.76483,4.327,ordinary,flagged_facility,Vadinar terminal / Nayara refinery (EU+UK sanctioned),11.83,False,True,3,,False
419001456,MEERA,IND,jamnagar_vadinar_sep_oct2025,2025-10-10 09:00:00+00:00,2025-10-11 13:00:00+00:00,28.0,29,1.0,22.44103,69.67,2.109,ordinary,flagged_facility,Jamnagar (Sikka) marine terminal,5.28,False,True,3,,False
419001651,KNK NAYRA,IND,jamnagar_vadinar_sep_oct2025,2025-09-07 07:00:00+00:00,2025-09-08 11:00:00+00:00,28.0,29,1.0,22.59103,69.8069,2.0,ordinary,flagged_facility,Vadinar terminal / Nayara refinery (EU+UK sanctioned),16.74,False,True,3,,False
419001755,SANMAR SAROD,IND,jamnagar_vadinar_sep_oct2025,2025-09-19 06:00:00+00:00,2025-09-20 10:00:00+00:00,28.0,29,1.0,22.59,69.86517,0.531,ordinary,flagged_facility,Vadinar terminal / Nayara refinery (EU+UK sanctioned),22.54,False,True,3,,False
419014300,M V APURVA,IND,jamnagar_vadinar_sep_oct2025,2025-10-04 02:00:00+00:00,2025-10-05 06:00:00+00:00,28.0,29,1.0,22.50241,69.83379,4.632,ordinary,flagged_facility,Jamnagar (Sikka) marine terminal,14.2,False,True,3,,False
419066400,M V CHETAK,IND,jamnagar_vadinar_sep_oct2025,2025-09-22 19:00:00+00:00,2025-09-23 23:00:00+00:00,28.0,29,1.0,22.4931,69.84896,4.997,ordinary,flagged_facility,Jamnagar (Sikka) marine terminal,14.99,False,True,3,,False
419072500,RELTUG 16,IND,jamnagar_vadinar_sep_oct2025,2025-09-06 05:00:00+00:00,2025-09-07 09:00:00+00:00,28.0,29,1.0,22.57,69.78759,0.779,ordinary,flagged_facility,Vadinar terminal / Nayara refinery (EU+UK sanctioned),14.3,False,True,3,,False
419072600,REL TUG FIFTEEN,IND,jamnagar_vadinar_sep_oct2025,2025-09-07 05:00:00+00:00,2025-09-08 09:00:00+00:00,28.0,29,1.0,22.58069,69.83896,3.046,ordinary,flagged_facility,Vadinar terminal / Nayara refinery (EU+UK sanctioned),19.7,False,True,3,,False
419072600,REL TUG FIFTEEN,IND,jamnagar_vadinar_sep_oct2025,2025-09-09 05:00:00+00:00,2025-09-10 09:00:00+00:00,28.0,29,1.0,22.58034,69.83586,3.304,ordinary,flagged_facility,Vadinar terminal / Nayara refinery (EU+UK sanctioned),19.38,False,True,3,,False
419072700,RELTUG 14,IND,jamnagar_vadinar_sep_oct2025,2025-09-14 20:00:00+00:00,2025-09-16 00:00:00+00:00,28.0,29,1.0,22.50034,69.83241,3.498,ordinary,flagged_facility,Jamnagar (Sikka) marine terminal,13.95,False,True,3,,False
419072700,RELTUG 14,IND,jamnagar_vadinar_sep_oct2025,2025-09-18 01:00:00+00:00,2025-09-19 05:00:00+00:00,28.0,29,1.0,22.60931,69.83621,3.659,ordinary,flagged_facility,Vadinar terminal / Nayara refinery (EU+UK sanctioned),20.22,False,True,3,,False
419077200,AKASH,IND,jamnagar_vadinar_sep_oct2025,2025-09-19 02:00:00+00:00,2025-09-20 06:00:00+00:00,28.0,29,1.0,22.58586,69.80483,2.33,ordinary,flagged_facility,Vadinar terminal / Nayara refinery (EU+UK sanctioned),16.39,False,True,3,,False
419077200,AKASH,IND,jamnagar_vadinar_sep_oct2025,2025-10-08 13:00:00+00:00,2025-10-09 17:00:00+00:00,28.0,29,1.0,22.50724,69.80311,4.1,ordinary,flagged_facility,Jamnagar (Sikka) marine terminal,12.11,False,True,3,,False
419077600,NIVARAK,IND,jamnagar_vadinar_sep_oct2025,2025-09-21 07:00:00+00:00,2025-09-22 11:00:00+00:00,28.0,17,0.586,22.39176,69.60765,4.984,ordinary,flagged_facility,Jamnagar (Sikka) marine terminal,12.31,False,True,3,,False
419079300,MV ANJALI,IND,jamnagar_vadinar_sep_oct2025,2025-10-06 03:00:00+00:00,2025-10-07 07:00:00+00:00,28.0,29,1.0,22.5,69.83448,0.566,ordinary,flagged_facility,Jamnagar (Sikka) marine terminal,14.11,False,True,3,,False
419079400,MV APSARA,IND,jamnagar_vadinar_sep_oct2025,2025-09-28 07:00:00+00:00,2025-09-29 11:00:00+00:00,28.0,29,1.0,22.50103,69.83827,4.461,ordinary,flagged_facility,Jamnagar (Sikka) marine terminal,14.49,False,True,3,,False
419293000,RELTUG 7,IND,jamnagar_vadinar_sep_oct2025,2025-09-05 04:00:00+00:00,2025-09-06 08:00:00+00:00,28.0,29,1.0,22.59034,69.86793,3.148,ordinary,flagged_facility,Vadinar terminal / Nayara refinery (EU+UK sanctioned),22.82,False,True,3,,False
419293000,RELTUG 7,IND,jamnagar_vadinar_sep_oct2025,2025-09-07 05:00:00+00:00,2025-09-08 09:00:00+00:00,28.0,29,1.0,22.59069,69.86931,3.02,ordinary,flagged_facility,Vadinar terminal / Nayara refinery (EU+UK sanctioned),22.97,False,True,3,,False
419766000,JAG AMISHA,IND,jamnagar_vadinar_sep_oct2025,2025-09-28 04:00:00+00:00,2025-09-29 08:00:00+00:00,28.0,29,1.0,22.63724,69.69965,2.783,ordinary,flagged_facility,Vadinar terminal / Nayara refinery (EU+UK sanctioned),10.96,False,True,3,,False
419000053,MT SUCCESS JASMINE,IND,jamnagar_vadinar_sep_oct2025,2025-09-22 07:00:00+00:00,2025-09-23 10:00:00+00:00,27.0,21,0.75,22.44905,69.8,3.592,ordinary,flagged_facility,Jamnagar (Sikka) marine terminal,8.49,False,True,3,,False
419001208,DIPPER,IND,jamnagar_vadinar_sep_oct2025,2025-09-17 01:00:00+00:00,2025-09-18 04:00:00+00:00,27.0,28,1.0,22.5275,69.69893,2.151,ordinary,flagged_facility,Vadinar terminal / Nayara refinery (EU+UK sanctioned),5.61,False,True,3,,False
419001286,TUG KB XI,IND,jamnagar_vadinar_sep_oct2025,2025-09-01 00:00:00+00:00,2025-09-02 03:00:00+00:00,27.0,28,1.0,22.49107,69.69143,3.74,ordinary,flagged_facility,Jamnagar (Sikka) marine terminal,7.4,False,True,3,,False
419001390,KNK ASHIMA,IND,jamnagar_vadinar_sep_oct2025,2025-10-03 06:00:00+00:00,2025-10-04 09:00:00+00:00,27.0,28,1.0,22.50964,69.65929,1.495,ordinary,flagged_facility,Vadinar terminal / Nayara refinery (EU+UK sanctioned),4.59,False,True,3,,False
419001487,RELTUG EIGHTEEN,IND,jamnagar_vadinar_sep_oct2025,2025-09-29 18:00:00+00:00,2025-09-30 21:00:00+00:00,27.0,28,1.0,22.50143,69.8375,4.993,ordinary,flagged_facility,Jamnagar (Sikka) marine terminal,14.45,False,True,3,,False
419001488,RELTUG NINETEEN,IND,jamnagar_vadinar_sep_oct2025,2025-09-08 03:00:00+00:00,2025-09-09 06:00:00+00:00,27.0,28,1.0,22.61036,69.83607,2.68,ordinary,flagged_facility,Vadinar terminal / Nayara refinery (EU+UK sanctioned),20.25,False,True,3,,False
419001885,KB 49,IND,jamnagar_vadinar_sep_oct2025,2025-10-10 20:00:00+00:00,2025-10-11 23:00:00+00:00,27.0,28,1.0,22.47143,69.68357,3.763,ordinary,flagged_facility,Jamnagar (Sikka) marine terminal,5.94,False,True,3,,False
419014400,M V POONAM,IND,jamnagar_vadinar_sep_oct2025,2025-10-07 11:00:00+00:00,2025-10-08 14:00:00+00:00,27.0,28,1.0,22.5,69.83964,0.99,ordinary,flagged_facility,Jamnagar (Sikka) marine terminal,14.55,False,True,3,,False
419032200,AQUA MOON,IND,jamnagar_vadinar_sep_oct2025,2025-09-07 08:00:00+00:00,2025-09-08 11:00:00+00:00,27.0,28,1.0,22.57071,69.79036,4.575,ordinary,flagged_facility,Vadinar terminal / Nayara refinery (EU+UK sanctioned),14.6,False,True,3,,False
419072500,RELTUG 16,IND,jamnagar_vadinar_sep_oct2025,2025-09-21 01:00:00+00:00,2025-09-22 04:00:00+00:00,27.0,28,1.0,22.60893,69.83536,4.607,ordinary,flagged_facility,Vadinar terminal / Nayara refinery (EU+UK sanctioned),20.13,False,True,3,,False
419072500,RELTUG 16,IND,jamnagar_vadinar_sep_oct2025,2025-10-04 04:00:00+00:00,2025-10-05 07:00:00+00:00,27.0,28,1.0,22.57,69.78643,2.625,ordinary,flagged_facility,Vadinar terminal / Nayara refinery (EU+UK sanctioned),14.18,False,True,3,,False
419072600,REL TUG FIFTEEN,IND,jamnagar_vadinar_sep_oct2025,2025-10-06 01:00:00+00:00,2025-10-07 04:00:00+00:00,27.0,28,1.0,22.58107,69.83786,4.609,ordinary,flagged_facility,Vadinar terminal / Nayara refinery (EU+UK sanctioned),19.6,False,True,3,,False
419079400,MV APSARA,IND,jamnagar_vadinar_sep_oct2025,2025-10-05 09:00:00+00:00,2025-10-06 12:00:00+00:00,27.0,28,1.0,22.50071,69.83857,4.505,ordinary,flagged_facility,Jamnagar (Sikka) marine terminal,14.5,False,True,3,,False
419911119,DCB UNIPRIDE,IND,jamnagar_vadinar_sep_oct2025,2025-09-30 06:00:00+00:00,2025-10-01 09:00:00+00:00,27.0,28,1.0,22.45,69.79,0.0,ordinary,flagged_facility,Jamnagar (Sikka) marine terminal,7.53,False,True,3,,False
419956787,DAWN II,IND,jamnagar_vadinar_sep_oct2025,2025-09-05 08:00:00+00:00,2025-09-06 11:00:00+00:00,27.0,28,1.0,22.56143,69.83964,4.402,ordinary,flagged_facility,Jamnagar (Sikka) marine terminal,19.1,False,True,3,,False
419000102,BRAHMANI,IND,jamnagar_vadinar_sep_oct2025,2025-09-21 03:00:00+00:00,2025-09-22 05:00:00+00:00,26.0,27,1.0,22.67963,69.62667,2.576,ordinary,flagged_facility,Vadinar terminal / Nayara refinery (EU+UK sanctioned),14.61,False,True,3,,False
419001286,TUG KB XI,IND,jamnagar_vadinar_sep_oct2025,2025-09-23 06:00:00+00:00,2025-09-24 08:00:00+00:00,26.0,27,1.0,22.50074,69.69445,3.625,ordinary,flagged_facility,Vadinar terminal / Nayara refinery (EU+UK sanctioned),7.13,False,True,3,,False
419001358,PRABHAT SHOBHA,IND,jamnagar_vadinar_sep_oct2025,2025-10-07 05:00:00+00:00,2025-10-08 07:00:00+00:00,26.0,27,1.0,22.56148,69.7663,3.521,ordinary,flagged_facility,Vadinar terminal / Nayara refinery (EU+UK sanctioned),12.01,False,True,3,,False
419001390,KNK ASHIMA,IND,jamnagar_vadinar_sep_oct2025,2025-09-04 06:00:00+00:00,2025-09-05 08:00:00+00:00,26.0,27,1.0,22.52963,69.70444,3.688,ordinary,flagged_facility,Vadinar terminal / Nayara refinery (EU+UK sanctioned),6.03,False,True,3,,False
419001441,MT SANMAR SRUTHI,IND,jamnagar_vadinar_sep_oct2025,2025-09-08 19:00:00+00:00,2025-09-09 21:00:00+00:00,26.0,27,1.0,22.65074,69.73889,3.657,ordinary,flagged_facility,Vadinar terminal / Nayara refinery (EU+UK sanctioned),14.45,False,True,3,,False
419001462,OCEAN PROMICE,IND,jamnagar_vadinar_sep_oct2025,2025-09-04 09:00:00+00:00,2025-09-05 11:00:00+00:00,26.0,27,1.0,22.68148,69.62555,3.652,ordinary,flagged_facility,Vadinar terminal / Nayara refinery (EU+UK sanctioned),14.83,False,True,3,,False
419001487,RELTUG EIGHTEEN,IND,jamnagar_vadinar_sep_oct2025,2025-10-02 11:00:00+00:00,2025-10-03 13:00:00+00:00,26.0,27,1.0,22.50185,69.83444,4.991,ordinary,flagged_facility,Jamnagar (Sikka) marine terminal,14.22,False,True,3,,False
419001715,ZINNIA STAR,IND,jamnagar_vadinar_sep_oct2025,2025-09-20 09:00:00+00:00,2025-09-21 11:00:00+00:00,26.0,27,1.0,22.52593,69.70592,4.801,ordinary,flagged_facility,Vadinar terminal / Nayara refinery (EU+UK sanctioned),6.34,False,True,3,,False
419001883,VIDHYALAXMI-1,IND,jamnagar_vadinar_sep_oct2025,2025-09-11 13:00:00+00:00,2025-09-12 15:00:00+00:00,26.0,27,1.0,22.54667,69.6063,4.325,ordinary,flagged_facility,Vadinar terminal / Nayara refinery (EU+UK sanctioned),4.5,False,True,3,,False
419032300,AQUA SUN,IND,jamnagar_vadinar_sep_oct2025,2025-09-11 09:00:00+00:00,2025-09-12 11:00:00+00:00,26.0,27,1.0,22.49667,69.82926,4.05,ordinary,flagged_facility,Jamnagar (Sikka) marine terminal,13.45,False,True,3,,False
419033900,REL SAGAR,IND,jamnagar_vadinar_sep_oct2025,2025-09-07 05:00:00+00:00,2025-09-08 07:00:00+00:00,26.0,27,1.0,22.51148,69.8,4.283,ordinary,flagged_facility,Jamnagar (Sikka) marine terminal,12.23,False,True,3,,False
419072600,REL TUG FIFTEEN,IND,jamnagar_vadinar_sep_oct2025,2025-10-10 04:00:00+00:00,2025-10-11 06:00:00+00:00,26.0,27,1.0,22.57926,69.83518,4.156,ordinary,flagged_facility,Vadinar terminal / Nayara refinery (EU+UK sanctioned),19.29,False,True,3,,False
419072700,RELTUG 14,IND,jamnagar_vadinar_sep_oct2025,2025-09-05 11:00:00+00:00,2025-09-06 13:00:00+00:00,26.0,27,1.0,22.59,69.80815,0.836,ordinary,flagged_facility,Vadinar terminal / Nayara refinery (EU+UK sanctioned),16.84,False,True,3,,False
419072900,PARIJAT,IND,jamnagar_vadinar_sep_oct2025,2025-10-08 12:00:00+00:00,2025-10-09 14:00:00+00:00,26.0,27,1.0,22.49185,69.85556,3.311,ordinary,flagged_facility,Jamnagar (Sikka) marine terminal,15.54,False,True,3,,False
419077600,NIVARAK,IND,jamnagar_vadinar_sep_oct2025,2025-09-20 02:00:00+00:00,2025-09-21 04:00:00+00:00,26.0,15,0.556,22.39,69.61,0.0,ordinary,flagged_facility,Jamnagar (Sikka) marine terminal,12.15,False,True,3,,False
419079300,MV ANJALI,IND,jamnagar_vadinar_sep_oct2025,2025-09-22 14:00:00+00:00,2025-09-23 16:00:00+00:00,26.0,27,1.0,22.49963,69.83444,3.721,ordinary,flagged_facility,Jamnagar (Sikka) marine terminal,14.08,False,True,3,,False
419079400,MV APSARA,IND,jamnagar_vadinar_sep_oct2025,2025-09-30 12:00:00+00:00,2025-10-01 14:00:00+00:00,26.0,27,1.0,22.5,69.83852,0.875,ordinary,flagged_facility,Jamnagar (Sikka) marine terminal,14.45,False,True,3,,False
419292000,RELTUG SIX,IND,jamnagar_vadinar_sep_oct2025,2025-09-26 05:00:00+00:00,2025-09-27 07:00:00+00:00,26.0,27,1.0,22.49185,69.84741,3.464,ordinary,flagged_facility,Jamnagar (Sikka) marine terminal,14.79,False,True,3,,False
419293000,RELTUG 7,IND,jamnagar_vadinar_sep_oct2025,2025-09-29 10:00:00+00:00,2025-09-30 12:00:00+00:00,26.0,27,1.0,22.58,69.83444,0.57,ordinary,flagged_facility,Vadinar terminal / Nayara refinery (EU+UK sanctioned),19.23,False,True,3,,False
419472000,DESH RAKSHAK,IND,jamnagar_vadinar_sep_oct2025,2025-10-04 19:00:00+00:00,2025-10-05 21:00:00+00:00,26.0,27,1.0,22.57148,69.63926,4.717,ordinary,flagged_facility,Vadinar terminal / Nayara refinery (EU+UK sanctioned),2.63,False,True,3,,False
419797000,DESH MAHIMA,IND,jamnagar_vadinar_sep_oct2025,2025-09-20 09:00:00+00:00,2025-09-21 11:00:00+00:00,26.0,27,1.0,22.52926,69.70889,2.278,ordinary,flagged_facility,Vadinar terminal / Nayara refinery (EU+UK sanctioned),6.47,False,True,3,,False
419956442,M.T.KB VI,IND,jamnagar_vadinar_sep_oct2025,2025-09-25 11:00:00+00:00,2025-09-26 13:00:00+00:00,26.0,27,1.0,22.5937,69.85667,3.283,ordinary,flagged_facility,Vadinar terminal / Nayara refinery (EU+UK sanctioned),21.77,False,True,3,,False
419956957,MV PAWANSUTH,IND,jamnagar_vadinar_sep_oct2025,2025-10-10 21:00:00+00:00,2025-10-11 23:00:00+00:00,26.0,27,1.0,22.48407,69.83666,1.804,ordinary,flagged_facility,Jamnagar (Sikka) marine terminal,13.41,False,True,3,,False
419001085,RELTUG SEVENTEEN,IND,jamnagar_vadinar_sep_oct2025,2025-09-21 00:00:00+00:00,2025-09-22 01:00:00+00:00,25.0,26,1.0,22.49,69.85115,0.909,ordinary,flagged_facility,Jamnagar (Sikka) marine terminal,15.04,False,True,3,,False
419001456,MEERA,IND,jamnagar_vadinar_sep_oct2025,2025-09-13 10:00:00+00:00,2025-09-14 11:00:00+00:00,25.0,26,1.0,22.44,69.67,0.0,ordinary,flagged_facility,Jamnagar (Sikka) marine terminal,5.26,False,True,3,,False
419001456,MEERA,IND,jamnagar_vadinar_sep_oct2025,2025-09-22 06:00:00+00:00,2025-09-23 07:00:00+00:00,25.0,26,1.0,22.44692,69.66961,3.808,ordinary,flagged_facility,Jamnagar (Sikka) marine terminal,5.51,False,True,3,,False
419001456,MEERA,IND,jamnagar_vadinar_sep_oct2025,2025-10-01 16:00:00+00:00,2025-10-02 17:00:00+00:00,25.0,26,1.0,22.44115,69.66961,3.356,ordinary,flagged_facility,Jamnagar (Sikka) marine terminal,5.33,False,True,3,,False
419001584,MT CENTURY,IND,jamnagar_vadinar_sep_oct2025,2025-10-07 05:00:00+00:00,2025-10-08 06:00:00+00:00,25.0,26,1.0,22.56269,69.76538,4.175,ordinary,flagged_facility,Vadinar terminal / Nayara refinery (EU+UK sanctioned),11.93,False,True,3,,False
419001794,RIVER PEARL 10,IND,jamnagar_vadinar_sep_oct2025,2025-09-15 13:00:00+00:00,2025-09-16 14:00:00+00:00,25.0,26,1.0,22.44,69.67,0.0,ordinary,flagged_facility,Jamnagar (Sikka) marine terminal,5.26,False,True,3,,False
419032300,AQUA SUN,IND,jamnagar_vadinar_sep_oct2025,2025-10-05 05:00:00+00:00,2025-10-06 06:00:00+00:00,25.0,26,1.0,22.58692,69.85923,3.238,ordinary,flagged_facility,Vadinar terminal / Nayara refinery (EU+UK sanctioned),21.87,False,True,3,,False
419055150,M.T. BLUE BELL,IND,jamnagar_vadinar_sep_oct2025,2025-09-14 14:00:00+00:00,2025-09-15 15:00:00+00:00,25.0,20,0.769,22.4905,69.859,2.22,ordinary,flagged_facility,Jamnagar (Sikka) marine terminal,15.79,False,True,3,,False
419066300,SB EAGLE,IND,jamnagar_vadinar_sep_oct2025,2025-09-29 23:00:00+00:00,2025-10-01 00:00:00+00:00,25.0,26,1.0,22.50115,69.83654,3.438,ordinary,flagged_facility,Jamnagar (Sikka) marine terminal,14.35,False,True,3,,False
419066300,SB EAGLE,IND,jamnagar_vadinar_sep_oct2025,2025-10-01 08:00:00+00:00,2025-10-02 09:00:00+00:00,25.0,26,1.0,22.49346,69.84461,2.374,ordinary,flagged_facility,Jamnagar (Sikka) marine terminal,14.62,False,True,3,,False
419071500,M. T. HAZEL,IND,jamnagar_vadinar_sep_oct2025,2025-09-29 06:00:00+00:00,2025-09-30 07:00:00+00:00,25.0,26,1.0,22.49,69.86,0.0,ordinary,flagged_facility,Jamnagar (Sikka) marine terminal,15.86,False,True,3,,False
419072600,REL TUG FIFTEEN,IND,jamnagar_vadinar_sep_oct2025,2025-09-02 00:00:00+00:00,2025-09-03 01:00:00+00:00,25.0,26,1.0,22.58038,69.83884,4.591,ordinary,flagged_facility,Vadinar terminal / Nayara refinery (EU+UK sanctioned),19.68,False,True,3,,False
419072600,REL TUG FIFTEEN,IND,jamnagar_vadinar_sep_oct2025,2025-09-11 06:00:00+00:00,2025-09-12 07:00:00+00:00,25.0,26,1.0,22.58192,69.83769,4.555,ordinary,flagged_facility,Vadinar terminal / Nayara refinery (EU+UK sanctioned),19.6,False,True,3,,False
419077800,REL DARSHAN,IND,jamnagar_vadinar_sep_oct2025,2025-09-17 10:00:00+00:00,2025-09-18 11:00:00+00:00,25.0,26,1.0,22.57038,69.84961,4.843,ordinary,flagged_facility,Jamnagar (Sikka) marine terminal,20.52,False,True,3,,False
419079300,MV ANJALI,IND,jamnagar_vadinar_sep_oct2025,2025-09-11 06:00:00+00:00,2025-09-12 07:00:00+00:00,25.0,26,1.0,22.50154,69.8373,3.476,ordinary,flagged_facility,Jamnagar (Sikka) marine terminal,14.44,False,True,3,,False
419079300,MV ANJALI,IND,jamnagar_vadinar_sep_oct2025,2025-10-02 09:00:00+00:00,2025-10-03 10:00:00+00:00,25.0,26,1.0,22.50077,69.83692,3.686,ordinary,flagged_facility,Jamnagar (Sikka) marine terminal,14.36,False,True,3,,False
419293000,RELTUG 7,IND,jamnagar_vadinar_sep_oct2025,2025-09-18 22:00:00+00:00,2025-09-19 23:00:00+00:00,25.0,26,1.0,22.50154,69.825,2.871,ordinary,flagged_facility,Jamnagar (Sikka) marine terminal,13.4,False,True,3,,False
419740000,DESH VIRAAT,IND,jamnagar_vadinar_sep_oct2025,2025-09-04 06:00:00+00:00,2025-09-05 07:00:00+00:00,25.0,26,1.0,22.53115,69.70731,4.328,ordinary,flagged_facility,Vadinar terminal / Nayara refinery (EU+UK sanctioned),6.25,False,True,3,,False
419901161,M.T TORQUE,IND,jamnagar_vadinar_sep_oct2025,2025-09-28 09:00:00+00:00,2025-09-29 10:00:00+00:00,25.0,26,1.0,22.50462,69.80654,3.647,ordinary,flagged_facility,Jamnagar (Sikka) marine terminal,12.16,False,True,3,,False
419901161,M.T TORQUE,IND,jamnagar_vadinar_sep_oct2025,2025-09-29 11:00:00+00:00,2025-09-30 12:00:00+00:00,25.0,26,1.0,22.57269,69.78692,4.231,ordinary,flagged_facility,Vadinar terminal / Nayara refinery (EU+UK sanctioned),14.28,False,True,3,,False
419902339,MT MAHADEV,IND,jamnagar_vadinar_sep_oct2025,2025-09-25 12:00:00+00:00,2025-09-26 13:00:00+00:00,25.0,26,1.0,22.43115,69.66961,3.356,ordinary,flagged_facility,Jamnagar (Sikka) marine terminal,5.18,False,True,3,,False
419902339,MT MAHADEV,IND,jamnagar_vadinar_sep_oct2025,2025-10-05 14:00:00+00:00,2025-10-06 15:00:00+00:00,25.0,26,1.0,22.43154,69.66961,4.389,ordinary,flagged_facility,Jamnagar (Sikka) marine terminal,5.18,False,True,3,,False
419956795,MSV AL SIMNAN,IND,jamnagar_vadinar_sep_oct2025,2025-09-01 02:00:00+00:00,2025-09-02 03:00:00+00:00,25.0,26,1.0,22.34077,69.60962,3.397,ordinary,flagged_facility,Jamnagar (Sikka) marine terminal,15.07,False,True,3,,False
419000056,SUCCESS NETRAVATI,IND,jamnagar_vadinar_sep_oct2025,2025-09-03 04:00:00+00:00,2025-09-04 04:00:00+00:00,24.0,24,0.96,22.44,69.68,0.0,ordinary,flagged_facility,Jamnagar (Sikka) marine terminal,4.26,False,True,3,,False
419000638,OCEAN     EMPIRE,IND,jamnagar_vadinar_sep_oct2025,2025-09-19 11:00:00+00:00,2025-09-20 11:00:00+00:00,24.0,25,1.0,22.4404,69.67,1.067,ordinary,flagged_facility,Jamnagar (Sikka) marine terminal,5.27,False,True,3,,False
419000638,OCEAN     EMPIRE,IND,jamnagar_vadinar_sep_oct2025,2025-09-28 10:00:00+00:00,2025-09-29 10:00:00+00:00,24.0,25,1.0,22.4408,69.67,2.135,ordinary,flagged_facility,Jamnagar (Sikka) marine terminal,5.28,False,True,3,,False
419000638,OCEAN     EMPIRE,IND,jamnagar_vadinar_sep_oct2025,2025-10-03 09:00:00+00:00,2025-10-04 09:00:00+00:00,24.0,25,1.0,22.4412,69.67,0.979,ordinary,flagged_facility,Jamnagar (Sikka) marine terminal,5.29,False,True,3,,False
419001109,SAGAR URMIKA,IND,jamnagar_vadinar_sep_oct2025,2025-09-09 07:00:00+00:00,2025-09-10 07:00:00+00:00,24.0,25,1.0,22.554,69.6136,1.811,ordinary,flagged_facility,Vadinar terminal / Nayara refinery (EU+UK sanctioned),3.76,False,True,3,,False
419001286,TUG KB XI,IND,jamnagar_vadinar_sep_oct2025,2025-10-03 14:00:00+00:00,2025-10-04 14:00:00+00:00,24.0,25,1.0,22.4596,69.6776,3.613,ordinary,flagged_facility,Jamnagar (Sikka) marine terminal,5.46,False,True,3,,False
419001390,KNK ASHIMA,IND,jamnagar_vadinar_sep_oct2025,2025-09-28 09:00:00+00:00,2025-09-29 09:00:00+00:00,24.0,25,1.0,22.5008,69.6604,2.351,ordinary,flagged_facility,Vadinar terminal / Nayara refinery (EU+UK sanctioned),5.57,False,True,3,,False
419001390,KNK ASHIMA,IND,jamnagar_vadinar_sep_oct2025,2025-10-08 10:00:00+00:00,2025-10-09 10:00:00+00:00,24.0,25,1.0,22.4412,69.67,3.202,ordinary,flagged_facility,Jamnagar (Sikka) marine terminal,5.29,False,True,3,,False
419001456,MEERA,IND,jamnagar_vadinar_sep_oct2025,2025-09-01 07:00:00+00:00,2025-09-02 07:00:00+00:00,24.0,25,1.0,22.5012,69.6608,3.074,ordinary,flagged_facility,Vadinar terminal / Nayara refinery (EU+UK sanctioned),5.54,False,True,3,,False
419001456,MEERA,IND,jamnagar_vadinar_sep_oct2025,2025-09-16 11:00:00+00:00,2025-09-17 11:00:00+00:00,24.0,25,1.0,22.4416,69.67,4.27,ordinary,flagged_facility,Jamnagar (Sikka) marine terminal,5.3,False,True,3,,False
419001456,MEERA,IND,jamnagar_vadinar_sep_oct2025,2025-10-08 13:00:00+00:00,2025-10-09 13:00:00+00:00,24.0,25,1.0,22.44,69.672,0.822,ordinary,flagged_facility,Jamnagar (Sikka) marine terminal,5.06,False,True,3,,False
419001472,OCEAN PRIDE,IND,jamnagar_vadinar_sep_oct2025,2025-09-21 03:00:00+00:00,2025-09-22 03:00:00+00:00,24.0,25,1.0,22.4408,69.67,2.135,ordinary,flagged_facility,Jamnagar (Sikka) marine terminal,5.28,False,True,3,,False
419001472,OCEAN PRIDE,IND,jamnagar_vadinar_sep_oct2025,2025-10-03 07:00:00+00:00,2025-10-04 07:00:00+00:00,24.0,25,1.0,22.5312,69.7056,2.168,ordinary,flagged_facility,Vadinar terminal / Nayara refinery (EU+UK sanctioned),6.08,False,True,3,,False
419001481,M.T.PATRIOT,IND,jamnagar_vadinar_sep_oct2025,2025-10-02 17:00:00+00:00,2025-10-03 17:00:00+00:00,24.0,25,1.0,22.6896,69.7516,3.413,ordinary,flagged_facility,Vadinar terminal / Nayara refinery (EU+UK sanctioned),18.7,False,True,3,,False
419001517,SHARAN,IND,jamnagar_vadinar_sep_oct2025,2025-09-04 05:00:00+00:00,2025-09-05 05:00:00+00:00,24.0,25,1.0,22.3916,69.6076,4.991,ordinary,flagged_facility,Jamnagar (Sikka) marine terminal,12.32,False,True,3,,False
419001517,SHARAN,IND,jamnagar_vadinar_sep_oct2025,2025-10-09 08:00:00+00:00,2025-10-10 08:00:00+00:00,24.0,25,1.0,22.3916,69.6076,4.991,ordinary,flagged_facility,Jamnagar (Sikka) marine terminal,12.32,False,True,3,,False
419001651,KNK NAYRA,IND,jamnagar_vadinar_sep_oct2025,2025-09-13 12:00:00+00:00,2025-09-14 12:00:00+00:00,24.0,25,1.0,22.5908,69.806,1.44,ordinary,flagged_facility,Vadinar terminal / Nayara refinery (EU+UK sanctioned),16.65,False,True,3,,False
419001715,ZINNIA STAR,IND,jamnagar_vadinar_sep_oct2025,2025-09-28 10:00:00+00:00,2025-09-29 10:00:00+00:00,24.0,25,1.0,22.4416,69.6696,4.382,ordinary,flagged_facility,Jamnagar (Sikka) marine terminal,5.34,False,True,3,,False
419001794,RIVER PEARL 10,IND,jamnagar_vadinar_sep_oct2025,2025-10-03 09:00:00+00:00,2025-10-04 09:00:00+00:00,24.0,25,1.0,22.4424,69.6696,4.296,ordinary,flagged_facility,Jamnagar (Sikka) marine terminal,5.36,False,True,3,,False
419001985,,IND,jamnagar_vadinar_sep_oct2025,2025-09-19 10:00:00+00:00,2025-09-20 10:00:00+00:00,24.0,25,1.0,22.5,69.66,0.0,ordinary,flagged_facility,Vadinar terminal / Nayara refinery (EU+UK sanctioned),5.65,False,True,3,,False
419002042,SANMAR HERALD,IND,jamnagar_vadinar_sep_oct2025,2025-09-24 10:00:00+00:00,2025-09-25 10:00:00+00:00,24.0,25,1.0,22.56,69.764,0.616,ordinary,flagged_facility,Vadinar terminal / Nayara refinery (EU+UK sanctioned),11.76,False,True,3,,False
419014400,M V POONAM,IND,jamnagar_vadinar_sep_oct2025,2025-10-04 05:00:00+00:00,2025-10-05 05:00:00+00:00,24.0,25,1.0,22.5,69.8392,0.945,ordinary,flagged_facility,Jamnagar (Sikka) marine terminal,14.51,False,True,3,,False
419032200,AQUA MOON,IND,jamnagar_vadinar_sep_oct2025,2025-09-02 01:00:00+00:00,2025-09-03 01:00:00+00:00,24.0,25,1.0,22.5784,69.798,3.165,ordinary,flagged_facility,Vadinar terminal / Nayara refinery (EU+UK sanctioned),15.52,False,True,3,,False
419032300,AQUA SUN,IND,jamnagar_vadinar_sep_oct2025,2025-10-06 09:00:00+00:00,2025-10-07 09:00:00+00:00,24.0,25,1.0,22.5632,69.844,3.403,ordinary,flagged_facility,Jamnagar (Sikka) marine terminal,19.54,False,True,3,,False
419066400,M V CHETAK,IND,jamnagar_vadinar_sep_oct2025,2025-10-10 23:00:00+00:00,2025-10-11 23:00:00+00:00,24.0,25,1.0,22.5032,69.8328,2.996,ordinary,flagged_facility,Jamnagar (Sikka) marine terminal,14.16,False,True,3,,False
419067700,MV PERSISTENCE,IND,jamnagar_vadinar_sep_oct2025,2025-10-09 08:00:00+00:00,2025-10-10 08:00:00+00:00,24.0,25,1.0,22.3916,69.6076,4.991,ordinary,flagged_facility,Jamnagar (Sikka) marine terminal,12.32,False,True,3,,False
419072500,RELTUG 16,IND,jamnagar_vadinar_sep_oct2025,2025-09-01 14:00:00+00:00,2025-09-02 14:00:00+00:00,24.0,25,1.0,22.59,69.8092,1.109,ordinary,flagged_facility,Vadinar terminal / Nayara refinery (EU+UK sanctioned),16.94,False,True,3,,False
419072600,REL TUG FIFTEEN,IND,jamnagar_vadinar_sep_oct2025,2025-09-15 09:00:00+00:00,2025-09-16 09:00:00+00:00,24.0,25,1.0,22.59,69.8656,1.252,ordinary,flagged_facility,Vadinar terminal / Nayara refinery (EU+UK sanctioned),22.58,False,True,3,,False
419079300,MV ANJALI,IND,jamnagar_vadinar_sep_oct2025,2025-09-05 08:00:00+00:00,2025-09-06 08:00:00+00:00,24.0,25,1.0,22.5024,69.838,4.571,ordinary,flagged_facility,Jamnagar (Sikka) marine terminal,14.55,False,True,3,,False
419079300,MV ANJALI,IND,jamnagar_vadinar_sep_oct2025,2025-09-19 12:00:00+00:00,2025-09-20 12:00:00+00:00,24.0,25,1.0,22.5,69.8384,0.862,ordinary,flagged_facility,Jamnagar (Sikka) marine terminal,14.44,False,True,3,,False
419292000,RELTUG SIX,IND,jamnagar_vadinar_sep_oct2025,2025-09-25 04:00:00+00:00,2025-09-26 04:00:00+00:00,24.0,25,1.0,22.6104,69.8356,1.823,ordinary,flagged_facility,Vadinar terminal / Nayara refinery (EU+UK sanctioned),20.2,False,True,3,,False
419293000,RELTUG 7,IND,jamnagar_vadinar_sep_oct2025,2025-09-20 10:00:00+00:00,2025-09-21 10:00:00+00:00,24.0,25,1.0,22.5792,69.8356,1.118,ordinary,flagged_facility,Vadinar terminal / Nayara refinery (EU+UK sanctioned),19.33,False,True,3,,False
419958545,,IND,jamnagar_vadinar_sep_oct2025,2025-09-02 01:00:00+00:00,2025-09-03 01:00:00+00:00,24.0,10,0.4,22.448,69.675,2.5,ordinary,flagged_facility,Jamnagar (Sikka) marine terminal,5.04,False,True,3,,False
419991279,DARIYA JYOT,IND,jamnagar_vadinar_sep_oct2025,2025-09-23 17:00:00+00:00,2025-09-24 17:00:00+00:00,24.0,25,1.0,22.4308,69.6704,1.421,ordinary,flagged_facility,Jamnagar (Sikka) marine terminal,5.1,False,True,3,,False
419991279,DARIYA JYOT,IND,jamnagar_vadinar_sep_oct2025,2025-10-07 00:00:00+00:00,2025-10-08 00:00:00+00:00,24.0,22,0.88,22.43318,69.67,1.87,ordinary,flagged_facility,Jamnagar (Sikka) marine terminal,5.15,False,True,3,,False
419000765,CALYPSO FORTUNE,IND,jamnagar_vadinar_sep_oct2025,2025-10-02 16:00:00+00:00,2025-10-03 15:00:00+00:00,23.0,24,1.0,22.58583,69.82125,4.801,ordinary,flagged_facility,Vadinar terminal / Nayara refinery (EU+UK sanctioned),18.03,False,True,3,,False
419001058,,IND,jamnagar_vadinar_sep_oct2025,2025-09-08 01:00:00+00:00,2025-09-09 00:00:00+00:00,23.0,24,1.0,22.57333,69.84375,4.314,ordinary,flagged_facility,Vadinar terminal / Nayara refinery (EU+UK sanctioned),20.06,False,True,3,,False
419001487,RELTUG EIGHTEEN,IND,jamnagar_vadinar_sep_oct2025,2025-10-11 00:00:00+00:00,2025-10-11 23:00:00+00:00,23.0,24,1.0,22.57292,69.78417,4.146,ordinary,flagged_facility,Vadinar terminal / Nayara refinery (EU+UK sanctioned),14.01,False,True,3,,False
419001550,JAG VISHNU,IND,jamnagar_vadinar_sep_oct2025,2025-09-11 11:00:00+00:00,2025-09-12 10:00:00+00:00,23.0,24,1.0,22.66125,69.70958,3.345,ordinary,flagged_facility,Vadinar terminal / Nayara refinery (EU+UK sanctioned),13.8,False,True,3,,False
419001794,RIVER PEARL 10,IND,jamnagar_vadinar_sep_oct2025,2025-09-13 10:00:00+00:00,2025-09-14 09:00:00+00:00,23.0,24,1.0,22.44208,69.67,3.104,ordinary,flagged_facility,Jamnagar (Sikka) marine terminal,5.31,False,True,3,,False
419001794,RIVER PEARL 10,IND,jamnagar_vadinar_sep_oct2025,2025-09-27 09:00:00+00:00,2025-09-28 08:00:00+00:00,23.0,24,1.0,22.44083,69.67,2.131,ordinary,flagged_facility,Jamnagar (Sikka) marine terminal,5.28,False,True,3,,False
419056200,M.T.IRIS,IND,jamnagar_vadinar_sep_oct2025,2025-09-28 11:00:00+00:00,2025-09-29 10:00:00+00:00,23.0,24,1.0,22.49125,69.85667,2.907,ordinary,flagged_facility,Jamnagar (Sikka) marine terminal,15.61,False,True,3,,False
419066300,SB EAGLE,IND,jamnagar_vadinar_sep_oct2025,2025-09-11 02:00:00+00:00,2025-09-12 01:00:00+00:00,23.0,24,1.0,22.49417,69.84792,4.84,ordinary,flagged_facility,Jamnagar (Sikka) marine terminal,14.96,False,True,3,,False
419071500,M. T. HAZEL,IND,jamnagar_vadinar_sep_oct2025,2025-09-17 12:00:00+00:00,2025-09-18 11:00:00+00:00,23.0,24,1.0,22.49042,69.85833,3.1,ordinary,flagged_facility,Jamnagar (Sikka) marine terminal,15.72,False,True,3,,False
419072700,RELTUG 14,IND,jamnagar_vadinar_sep_oct2025,2025-09-01 00:00:00+00:00,2025-09-01 23:00:00+00:00,23.0,24,1.0,22.57125,69.78875,1.324,ordinary,flagged_facility,Vadinar terminal / Nayara refinery (EU+UK sanctioned),14.44,False,True,3,,False
419072700,RELTUG 14,IND,jamnagar_vadinar_sep_oct2025,2025-09-04 03:00:00+00:00,2025-09-05 02:00:00+00:00,23.0,24,1.0,22.49542,69.845,3.751,ordinary,flagged_facility,Jamnagar (Sikka) marine terminal,14.76,False,True,3,,False
419072700,RELTUG 14,IND,jamnagar_vadinar_sep_oct2025,2025-09-07 03:00:00+00:00,2025-09-08 02:00:00+00:00,23.0,24,1.0,22.61042,69.83708,3.543,ordinary,flagged_facility,Vadinar terminal / Nayara refinery (EU+UK sanctioned),20.35,False,True,3,,False
419077200,AKASH,IND,jamnagar_vadinar_sep_oct2025,2025-09-13 11:00:00+00:00,2025-09-14 10:00:00+00:00,23.0,24,1.0,22.51125,69.80125,3.399,ordinary,flagged_facility,Jamnagar (Sikka) marine terminal,12.3,False,True,3,,False
419077500,AGNI,IND,jamnagar_vadinar_sep_oct2025,2025-10-03 05:00:00+00:00,2025-10-04 04:00:00+00:00,23.0,21,0.875,22.49905,69.81048,3.699,ordinary,flagged_facility,Jamnagar (Sikka) marine terminal,12.06,False,True,3,,False
419077600,NIVARAK,IND,jamnagar_vadinar_sep_oct2025,2025-09-11 09:00:00+00:00,2025-09-12 08:00:00+00:00,23.0,23,0.958,22.39174,69.60783,5.0,ordinary,flagged_facility,Jamnagar (Sikka) marine terminal,12.29,False,True,3,,False
419077800,REL DARSHAN,IND,jamnagar_vadinar_sep_oct2025,2025-09-28 02:00:00+00:00,2025-09-29 01:00:00+00:00,23.0,21,0.875,22.57238,69.84524,4.466,ordinary,flagged_facility,Vadinar terminal / Nayara refinery (EU+UK sanctioned),20.2,False,True,3,,False
419093600,KAIVAN,IND,jamnagar_vadinar_sep_oct2025,2025-09-27 10:00:00+00:00,2025-09-28 09:00:00+00:00,23.0,24,1.0,22.48833,69.69209,4.985,ordinary,flagged_facility,Jamnagar (Sikka) marine terminal,7.09,False,True,3,,False
419292000,RELTUG SIX,IND,jamnagar_vadinar_sep_oct2025,2025-09-27 15:00:00+00:00,2025-09-28 14:00:00+00:00,23.0,24,1.0,22.57833,69.83666,1.152,ordinary,flagged_facility,Vadinar terminal / Nayara refinery (EU+UK sanctioned),19.42,False,True,3,,False
419293000,RELTUG 7,IND,jamnagar_vadinar_sep_oct2025,2025-09-14 07:00:00+00:00,2025-09-15 06:00:00+00:00,23.0,24,1.0,22.59125,69.8675,3.445,ordinary,flagged_facility,Vadinar terminal / Nayara refinery (EU+UK sanctioned),22.8,False,True,3,,False
419293000,RELTUG 7,IND,jamnagar_vadinar_sep_oct2025,2025-10-10 12:00:00+00:00,2025-10-11 11:00:00+00:00,23.0,24,1.0,22.59,69.86542,0.556,ordinary,flagged_facility,Vadinar terminal / Nayara refinery (EU+UK sanctioned),22.56,False,True,3,,False
419901161,M.T TORQUE,IND,jamnagar_vadinar_sep_oct2025,2025-10-10 04:00:00+00:00,2025-10-11 03:00:00+00:00,23.0,24,1.0,22.57708,69.79292,2.267,ordinary,flagged_facility,Vadinar terminal / Nayara refinery (EU+UK sanctioned),14.98,False,True,3,,False
419902339,MT MAHADEV,IND,jamnagar_vadinar_sep_oct2025,2025-09-20 13:00:00+00:00,2025-09-21 12:00:00+00:00,23.0,24,1.0,22.43042,69.67,1.066,ordinary,flagged_facility,Jamnagar (Sikka) marine terminal,5.14,False,True,3,,False
419000056,SUCCESS NETRAVATI,IND,jamnagar_vadinar_sep_oct2025,2025-09-12 10:00:00+00:00,2025-09-13 08:00:00+00:00,22.0,23,1.0,22.4313,69.67,2.079,ordinary,flagged_facility,Jamnagar (Sikka) marine terminal,5.14,False,True,3,,False
419000056,SUCCESS NETRAVATI,IND,jamnagar_vadinar_sep_oct2025,2025-09-15 15:00:00+00:00,2025-09-16 13:00:00+00:00,22.0,23,1.0,22.43087,69.67,1.015,ordinary,flagged_facility,Jamnagar (Sikka) marine terminal,5.14,False,True,3,,False
419000638,OCEAN     EMPIRE,IND,jamnagar_vadinar_sep_oct2025,2025-09-07 06:00:00+00:00,2025-09-08 04:00:00+00:00,22.0,23,1.0,22.44,69.67,0.0,ordinary,flagged_facility,Jamnagar (Sikka) marine terminal,5.26,False,True,3,,False
419000638,OCEAN     EMPIRE,IND,jamnagar_vadinar_sep_oct2025,2025-09-27 09:00:00+00:00,2025-09-28 07:00:00+00:00,22.0,23,1.0,22.44522,69.66913,2.911,ordinary,flagged_facility,Jamnagar (Sikka) marine terminal,5.5,False,True,3,,False
419000765,CALYPSO FORTUNE,IND,jamnagar_vadinar_sep_oct2025,2025-09-16 17:00:00+00:00,2025-09-17 15:00:00+00:00,22.0,23,1.0,22.58565,69.82609,2.928,ordinary,flagged_facility,Vadinar terminal / Nayara refinery (EU+UK sanctioned),18.51,False,True,3,,False
419001085,RELTUG SEVENTEEN,IND,jamnagar_vadinar_sep_oct2025,2025-09-02 10:00:00+00:00,2025-09-03 08:00:00+00:00,22.0,23,1.0,22.59043,69.86435,4.195,ordinary,flagged_facility,Vadinar terminal / Nayara refinery (EU+UK sanctioned),22.46,False,True,3,,False
419001085,RELTUG SEVENTEEN,IND,jamnagar_vadinar_sep_oct2025,2025-09-16 12:00:00+00:00,2025-09-17 10:00:00+00:00,22.0,23,1.0,22.59,69.86609,0.625,ordinary,flagged_facility,Vadinar terminal / Nayara refinery (EU+UK sanctioned),22.63,False,True,3,,False
419001085,RELTUG SEVENTEEN,IND,jamnagar_vadinar_sep_oct2025,2025-10-08 07:00:00+00:00,2025-10-09 05:00:00+00:00,22.0,23,1.0,22.59043,69.86522,1.853,ordinary,flagged_facility,Vadinar terminal / Nayara refinery (EU+UK sanctioned),22.55,False,True,3,,False
419001244,JAG LAKSHYA,IND,jamnagar_vadinar_sep_oct2025,2025-10-01 06:00:00+00:00,2025-10-02 04:00:00+00:00,22.0,23,1.0,22.56304,69.75826,4.517,ordinary,flagged_facility,Vadinar terminal / Nayara refinery (EU+UK sanctioned),11.21,False,True,3,,False
419001286,TUG KB XI,IND,jamnagar_vadinar_sep_oct2025,2025-09-20 05:00:00+00:00,2025-09-21 03:00:00+00:00,22.0,23,1.0,22.51652,69.68957,4.178,ordinary,flagged_facility,Vadinar terminal / Nayara refinery (EU+UK sanctioned),5.51,False,True,3,,False
419001286,TUG KB XI,IND,jamnagar_vadinar_sep_oct2025,2025-09-29 07:00:00+00:00,2025-09-30 05:00:00+00:00,22.0,23,1.0,22.52783,69.68391,0.959,ordinary,flagged_facility,Vadinar terminal / Nayara refinery (EU+UK sanctioned),4.27,False,True,3,,False
419001286,TUG KB XI,IND,jamnagar_vadinar_sep_oct2025,2025-10-01 09:00:00+00:00,2025-10-02 07:00:00+00:00,22.0,23,1.0,22.48174,69.68696,4.958,ordinary,flagged_facility,Jamnagar (Sikka) marine terminal,6.68,False,True,3,,False
419001456,MEERA,IND,jamnagar_vadinar_sep_oct2025,2025-09-25 13:00:00+00:00,2025-09-26 11:00:00+00:00,22.0,23,1.0,22.44,69.67,0.0,ordinary,flagged_facility,Jamnagar (Sikka) marine terminal,5.26,False,True,3,,False
419001715,ZINNIA STAR,IND,jamnagar_vadinar_sep_oct2025,2025-10-03 11:00:00+00:00,2025-10-04 09:00:00+00:00,22.0,23,1.0,22.44087,69.67,1.015,ordinary,flagged_facility,Jamnagar (Sikka) marine terminal,5.28,False,True,3,,False
419001794,RIVER PEARL 10,IND,jamnagar_vadinar_sep_oct2025,2025-10-08 03:00:00+00:00,2025-10-09 01:00:00+00:00,22.0,23,1.0,22.44522,69.67,4.98,ordinary,flagged_facility,Jamnagar (Sikka) marine terminal,5.41,False,True,3,,False
419014300,M V APURVA,IND,jamnagar_vadinar_sep_oct2025,2025-10-11 01:00:00+00:00,2025-10-11 23:00:00+00:00,22.0,23,1.0,22.50261,69.83565,3.268,ordinary,flagged_facility,Jamnagar (Sikka) marine terminal,14.37,False,True,3,,False
419055150,M.T. BLUE BELL,IND,jamnagar_vadinar_sep_oct2025,2025-09-28 09:00:00+00:00,2025-09-29 07:00:00+00:00,22.0,22,0.957,22.49136,69.85727,4.354,ordinary,flagged_facility,Jamnagar (Sikka) marine terminal,15.67,False,True,3,,False
419055150,M.T. BLUE BELL,IND,jamnagar_vadinar_sep_oct2025,2025-10-05 00:00:00+00:00,2025-10-05 22:00:00+00:00,22.0,23,1.0,22.49,69.86,0.0,ordinary,flagged_facility,Jamnagar (Sikka) marine terminal,15.86,False,True,3,,False
419056200,M.T.IRIS,IND,jamnagar_vadinar_sep_oct2025,2025-10-02 04:00:00+00:00,2025-10-03 02:00:00+00:00,22.0,23,1.0,22.49,69.85957,0.983,ordinary,flagged_facility,Jamnagar (Sikka) marine terminal,15.82,False,True,3,,False
419066300,SB EAGLE,IND,jamnagar_vadinar_sep_oct2025,2025-09-23 15:00:00+00:00,2025-09-24 13:00:00+00:00,22.0,23,1.0,22.50304,69.83304,4.528,ordinary,flagged_facility,Jamnagar (Sikka) marine terminal,14.17,False,True,3,,False
419067700,MV PERSISTENCE,IND,jamnagar_vadinar_sep_oct2025,2025-09-26 22:00:00+00:00,2025-09-27 20:00:00+00:00,22.0,23,1.0,22.39174,69.60783,5.0,ordinary,flagged_facility,Jamnagar (Sikka) marine terminal,12.29,False,True,3,,False
419072700,RELTUG 14,IND,jamnagar_vadinar_sep_oct2025,2025-09-26 14:00:00+00:00,2025-09-27 12:00:00+00:00,22.0,23,1.0,22.59,69.86522,0.536,ordinary,flagged_facility,Vadinar terminal / Nayara refinery (EU+UK sanctioned),22.54,False,True,3,,False
419077500,AGNI,IND,jamnagar_vadinar_sep_oct2025,2025-10-06 05:00:00+00:00,2025-10-07 03:00:00+00:00,22.0,23,1.0,22.5887,69.80739,2.74,ordinary,flagged_facility,Vadinar terminal / Nayara refinery (EU+UK sanctioned),16.72,False,True,3,,False
419079300,MV ANJALI,IND,jamnagar_vadinar_sep_oct2025,2025-09-20 15:00:00+00:00,2025-09-21 13:00:00+00:00,22.0,23,1.0,22.50043,69.83609,1.965,ordinary,flagged_facility,Jamnagar (Sikka) marine terminal,14.27,False,True,3,,False
419079300,MV ANJALI,IND,jamnagar_vadinar_sep_oct2025,2025-09-28 18:00:00+00:00,2025-09-29 16:00:00+00:00,22.0,23,1.0,22.5,69.83956,0.982,ordinary,flagged_facility,Jamnagar (Sikka) marine terminal,14.54,False,True,3,,False
419292000,RELTUG SIX,IND,jamnagar_vadinar_sep_oct2025,2025-09-23 17:00:00+00:00,2025-09-24 15:00:00+00:00,22.0,23,1.0,22.49,69.85,0.0,ordinary,flagged_facility,Jamnagar (Sikka) marine terminal,14.93,False,True,3,,False
419293000,RELTUG 7,IND,jamnagar_vadinar_sep_oct2025,2025-09-09 03:00:00+00:00,2025-09-10 01:00:00+00:00,22.0,23,1.0,22.59174,69.86609,2.482,ordinary,flagged_facility,Vadinar terminal / Nayara refinery (EU+UK sanctioned),22.67,False,True,3,,False
419293000,RELTUG 7,IND,jamnagar_vadinar_sep_oct2025,2025-09-27 06:00:00+00:00,2025-09-28 04:00:00+00:00,22.0,23,1.0,22.51,69.8,0.0,ordinary,flagged_facility,Jamnagar (Sikka) marine terminal,12.11,False,True,3,,False
419293000,RELTUG 7,IND,jamnagar_vadinar_sep_oct2025,2025-10-06 10:00:00+00:00,2025-10-07 08:00:00+00:00,22.0,23,1.0,22.58913,69.86435,4.118,ordinary,flagged_facility,Vadinar terminal / Nayara refinery (EU+UK sanctioned),22.44,False,True,3,,False
419957028,KB 48,IND,jamnagar_vadinar_sep_oct2025,2025-09-24 11:00:00+00:00,2025-09-25 09:00:00+00:00,22.0,21,0.913,22.68714,69.66619,1.841,ordinary,flagged_facility,Vadinar terminal / Nayara refinery (EU+UK sanctioned),15.34,False,True,3,,False
419957028,KB 48,IND,jamnagar_vadinar_sep_oct2025,2025-09-26 01:00:00+00:00,2025-09-26 23:00:00+00:00,22.0,18,0.783,22.68778,69.66833,2.728,ordinary,flagged_facility,Vadinar terminal / Nayara refinery (EU+UK sanctioned),15.44,False,True,3,,False
419000638,OCEAN     EMPIRE,IND,jamnagar_vadinar_sep_oct2025,2025-09-06 03:00:00+00:00,2025-09-07 00:00:00+00:00,21.0,22,1.0,22.44136,69.67,2.072,ordinary,flagged_facility,Jamnagar (Sikka) marine terminal,5.29,False,True,3,,False
419001058,,IND,jamnagar_vadinar_sep_oct2025,2025-09-02 02:00:00+00:00,2025-09-02 23:00:00+00:00,21.0,22,1.0,22.49136,69.83227,3.909,ordinary,flagged_facility,Jamnagar (Sikka) marine terminal,13.4,False,True,3,,False
419001058,,IND,jamnagar_vadinar_sep_oct2025,2025-09-10 12:00:00+00:00,2025-09-11 09:00:00+00:00,21.0,22,1.0,22.56636,69.84,1.831,ordinary,flagged_facility,Jamnagar (Sikka) marine terminal,19.54,False,True,3,,False
419001058,,IND,jamnagar_vadinar_sep_oct2025,2025-09-23 15:00:00+00:00,2025-09-24 12:00:00+00:00,21.0,12,0.545,22.57417,69.84417,4.242,ordinary,flagged_facility,Vadinar terminal / Nayara refinery (EU+UK sanctioned),20.12,False,True,3,,False
419001085,RELTUG SEVENTEEN,IND,jamnagar_vadinar_sep_oct2025,2025-09-10 06:00:00+00:00,2025-09-11 03:00:00+00:00,21.0,22,1.0,22.49227,69.84818,4.989,ordinary,flagged_facility,Jamnagar (Sikka) marine terminal,14.88,False,True,3,,False
419001358,PRABHAT SHOBHA,IND,jamnagar_vadinar_sep_oct2025,2025-10-01 07:00:00+00:00,2025-10-02 04:00:00+00:00,21.0,22,1.0,22.56136,69.75864,3.715,ordinary,flagged_facility,Vadinar terminal / Nayara refinery (EU+UK sanctioned),11.23,False,True,3,,False
419001390,KNK ASHIMA,IND,jamnagar_vadinar_sep_oct2025,2025-09-07 06:00:00+00:00,2025-09-08 03:00:00+00:00,21.0,22,1.0,22.44227,69.67,3.083,ordinary,flagged_facility,Jamnagar (Sikka) marine terminal,5.32,False,True,3,,False
419001456,MEERA,IND,jamnagar_vadinar_sep_oct2025,2025-09-06 13:00:00+00:00,2025-09-07 10:00:00+00:00,21.0,22,1.0,22.44636,69.67182,2.76,ordinary,flagged_facility,Jamnagar (Sikka) marine terminal,5.28,False,True,3,,False
419001472,OCEAN PRIDE,IND,jamnagar_vadinar_sep_oct2025,2025-09-22 06:00:00+00:00,2025-09-23 03:00:00+00:00,21.0,22,1.0,22.44,69.67,0.0,ordinary,flagged_facility,Jamnagar (Sikka) marine terminal,5.26,False,True,3,,False
419001487,RELTUG EIGHTEEN,IND,jamnagar_vadinar_sep_oct2025,2025-09-21 04:00:00+00:00,2025-09-22 01:00:00+00:00,21.0,22,1.0,22.50045,69.83954,1.445,ordinary,flagged_facility,Jamnagar (Sikka) marine terminal,14.57,False,True,3,,False
419001715,ZINNIA STAR,IND,jamnagar_vadinar_sep_oct2025,2025-09-17 04:00:00+00:00,2025-09-18 01:00:00+00:00,21.0,22,1.0,22.44,69.67,0.0,ordinary,flagged_facility,Jamnagar (Sikka) marine terminal,5.26,False,True,3,,False
419014300,M V APURVA,IND,jamnagar_vadinar_sep_oct2025,2025-09-10 06:00:00+00:00,2025-09-11 03:00:00+00:00,21.0,22,1.0,22.5,69.84,0.0,ordinary,flagged_facility,Jamnagar (Sikka) marine terminal,14.58,False,True,3,,False
419014300,M V APURVA,IND,jamnagar_vadinar_sep_oct2025,2025-09-11 10:00:00+00:00,2025-09-12 07:00:00+00:00,21.0,22,1.0,22.5,69.83909,4.59,ordinary,flagged_facility,Jamnagar (Sikka) marine terminal,14.5,False,True,3,,False
419014300,M V APURVA,IND,jamnagar_vadinar_sep_oct2025,2025-09-13 09:00:00+00:00,2025-09-14 06:00:00+00:00,21.0,22,1.0,22.5,69.83909,0.933,ordinary,flagged_facility,Jamnagar (Sikka) marine terminal,14.5,False,True,3,,False
419014400,M V POONAM,IND,jamnagar_vadinar_sep_oct2025,2025-09-08 05:00:00+00:00,2025-09-09 02:00:00+00:00,21.0,22,1.0,22.49909,69.84,1.441,ordinary,flagged_facility,Jamnagar (Sikka) marine terminal,14.53,False,True,3,,False
419014400,M V POONAM,IND,jamnagar_vadinar_sep_oct2025,2025-09-17 05:00:00+00:00,2025-09-18 02:00:00+00:00,21.0,22,1.0,22.50273,69.83727,4.884,ordinary,flagged_facility,Jamnagar (Sikka) marine terminal,14.51,False,True,3,,False
419032300,AQUA SUN,IND,jamnagar_vadinar_sep_oct2025,2025-09-26 12:00:00+00:00,2025-09-27 09:00:00+00:00,21.0,20,0.909,22.5575,69.8385,4.582,ordinary,flagged_facility,Jamnagar (Sikka) marine terminal,18.69,False,True,3,,False
419033900,REL SAGAR,IND,jamnagar_vadinar_sep_oct2025,2025-09-10 05:00:00+00:00,2025-09-11 02:00:00+00:00,21.0,22,1.0,22.51,69.8,0.0,ordinary,flagged_facility,Jamnagar (Sikka) marine terminal,12.11,False,True,3,,False
419058600,ESSAR TUG III,IND,jamnagar_vadinar_sep_oct2025,2025-09-24 17:00:00+00:00,2025-09-25 14:00:00+00:00,21.0,19,0.864,22.39,69.61,0.0,ordinary,flagged_facility,Jamnagar (Sikka) marine terminal,12.15,False,True,3,,False
419066300,SB EAGLE,IND,jamnagar_vadinar_sep_oct2025,2025-09-21 19:00:00+00:00,2025-09-22 16:00:00+00:00,21.0,22,1.0,22.50045,69.83818,2.148,ordinary,flagged_facility,Jamnagar (Sikka) marine terminal,14.45,False,True,3,,False
419066300,SB EAGLE,IND,jamnagar_vadinar_sep_oct2025,2025-10-11 02:00:00+00:00,2025-10-11 23:00:00+00:00,21.0,22,1.0,22.49682,69.84,4.85,ordinary,flagged_facility,Jamnagar (Sikka) marine terminal,14.4,False,True,3,,False
419066400,M V CHETAK,IND,jamnagar_vadinar_sep_oct2025,2025-09-25 05:00:00+00:00,2025-09-26 02:00:00+00:00,21.0,22,1.0,22.49364,69.84909,4.972,ordinary,flagged_facility,Jamnagar (Sikka) marine terminal,15.03,False,True,3,,False
419072700,RELTUG 14,IND,jamnagar_vadinar_sep_oct2025,2025-09-08 05:00:00+00:00,2025-09-09 02:00:00+00:00,21.0,22,1.0,22.49,69.85,0.0,ordinary,flagged_facility,Jamnagar (Sikka) marine terminal,14.93,False,True,3,,False
419077200,AKASH,IND,jamnagar_vadinar_sep_oct2025,2025-09-12 08:00:00+00:00,2025-09-13 05:00:00+00:00,21.0,22,1.0,22.49864,69.83091,2.627,ordinary,flagged_facility,Jamnagar (Sikka) marine terminal,13.72,False,True,3,,False
419079400,MV APSARA,IND,jamnagar_vadinar_sep_oct2025,2025-09-19 03:00:00+00:00,2025-09-20 00:00:00+00:00,21.0,22,1.0,22.5,69.83954,0.98,ordinary,flagged_facility,Jamnagar (Sikka) marine terminal,14.54,False,True,3,,False
419293000,RELTUG 7,IND,jamnagar_vadinar_sep_oct2025,2025-09-24 04:00:00+00:00,2025-09-25 01:00:00+00:00,21.0,22,1.0,22.58955,69.86546,1.909,ordinary,flagged_facility,Vadinar terminal / Nayara refinery (EU+UK sanctioned),22.56,False,True,3,,False
419293000,RELTUG 7,IND,jamnagar_vadinar_sep_oct2025,2025-09-28 05:00:00+00:00,2025-09-29 02:00:00+00:00,21.0,20,0.909,22.491,69.849,2.876,ordinary,flagged_facility,Jamnagar (Sikka) marine terminal,14.89,False,True,3,,False
419901161,M.T TORQUE,IND,jamnagar_vadinar_sep_oct2025,2025-09-18 09:00:00+00:00,2025-09-19 06:00:00+00:00,21.0,22,1.0,22.59,69.80682,0.7,ordinary,flagged_facility,Vadinar terminal / Nayara refinery (EU+UK sanctioned),16.71,False,True,3,,False
419901161,M.T TORQUE,IND,jamnagar_vadinar_sep_oct2025,2025-09-20 12:00:00+00:00,2025-09-21 09:00:00+00:00,21.0,22,1.0,22.50682,69.80909,4.356,ordinary,flagged_facility,Jamnagar (Sikka) marine terminal,12.52,False,True,3,,False
419956663,M.V. MANGAL MURTI,IND,jamnagar_vadinar_sep_oct2025,2025-09-15 12:00:00+00:00,2025-09-16 09:00:00+00:00,21.0,21,0.955,22.43238,69.67,1.959,ordinary,flagged_facility,Jamnagar (Sikka) marine terminal,5.15,False,True,3,,False
419956663,M.V. MANGAL MURTI,IND,jamnagar_vadinar_sep_oct2025,2025-09-29 12:00:00+00:00,2025-09-30 09:00:00+00:00,21.0,19,0.864,22.43526,69.66789,1.653,ordinary,flagged_facility,Jamnagar (Sikka) marine terminal,5.39,False,True,3,,False
419956787,DAWN II,IND,jamnagar_vadinar_sep_oct2025,2025-10-04 05:00:00+00:00,2025-10-05 02:00:00+00:00,21.0,22,1.0,22.48182,69.83636,3.201,ordinary,flagged_facility,Jamnagar (Sikka) marine terminal,13.27,False,True,3,,False
419957002,M V ANTILLIA  2,IND,jamnagar_vadinar_sep_oct2025,2025-09-07 07:00:00+00:00,2025-09-08 04:00:00+00:00,21.0,11,0.5,22.39,69.61,0.0,ordinary,flagged_facility,Jamnagar (Sikka) marine terminal,12.15,False,True,3,,False
419000056,SUCCESS NETRAVATI,IND,jamnagar_vadinar_sep_oct2025,2025-09-17 18:00:00+00:00,2025-09-18 14:00:00+00:00,20.0,21,1.0,22.44048,69.67762,1.317,ordinary,flagged_facility,Jamnagar (Sikka) marine terminal,4.51,False,True,3,,False
419000765,CALYPSO FORTUNE,IND,jamnagar_vadinar_sep_oct2025,2025-09-07 15:00:00+00:00,2025-09-08 11:00:00+00:00,20.0,21,1.0,22.58667,69.82429,4.922,ordinary,flagged_facility,Vadinar terminal / Nayara refinery (EU+UK sanctioned),18.35,False,True,3,,False
419000765,CALYPSO FORTUNE,IND,jamnagar_vadinar_sep_oct2025,2025-09-19 05:00:00+00:00,2025-09-20 01:00:00+00:00,20.0,21,1.0,22.58333,69.82095,4.941,ordinary,flagged_facility,Vadinar terminal / Nayara refinery (EU+UK sanctioned),17.94,False,True,3,,False
419001085,RELTUG SEVENTEEN,IND,jamnagar_vadinar_sep_oct2025,2025-10-03 07:00:00+00:00,2025-10-04 03:00:00+00:00,20.0,21,1.0,22.49238,69.84476,4.998,ordinary,flagged_facility,Jamnagar (Sikka) marine terminal,14.58,False,True,3,,False
419001085,RELTUG SEVENTEEN,IND,jamnagar_vadinar_sep_oct2025,2025-10-11 03:00:00+00:00,2025-10-11 23:00:00+00:00,20.0,21,1.0,22.49381,69.84381,4.847,ordinary,flagged_facility,Jamnagar (Sikka) marine terminal,14.57,False,True,3,,False
419001286,TUG KB XI,IND,jamnagar_vadinar_sep_oct2025,2025-09-13 10:00:00+00:00,2025-09-14 06:00:00+00:00,20.0,18,0.857,22.48556,69.68889,3.441,ordinary,flagged_facility,Jamnagar (Sikka) marine terminal,6.96,False,True,3,,False
419001286,TUG KB XI,IND,jamnagar_vadinar_sep_oct2025,2025-09-19 01:00:00+00:00,2025-09-19 21:00:00+00:00,20.0,21,1.0,22.50762,69.69857,3.195,ordinary,flagged_facility,Vadinar terminal / Nayara refinery (EU+UK sanctioned),6.86,False,True,3,,False
419001286,TUG KB XI,IND,jamnagar_vadinar_sep_oct2025,2025-09-30 06:00:00+00:00,2025-10-01 02:00:00+00:00,20.0,21,1.0,22.46714,69.68048,3.204,ordinary,flagged_facility,Jamnagar (Sikka) marine terminal,5.79,False,True,3,,False
419001390,KNK ASHIMA,IND,jamnagar_vadinar_sep_oct2025,2025-10-06 20:00:00+00:00,2025-10-07 16:00:00+00:00,20.0,21,1.0,22.44095,69.67,2.118,ordinary,flagged_facility,Jamnagar (Sikka) marine terminal,5.28,False,True,3,,False
419001472,OCEAN PRIDE,IND,jamnagar_vadinar_sep_oct2025,2025-09-02 14:00:00+00:00,2025-09-03 10:00:00+00:00,20.0,21,1.0,22.44095,69.67,2.118,ordinary,flagged_facility,Jamnagar (Sikka) marine terminal,5.28,False,True,3,,False
419001600,RELTUG NINE,IND,jamnagar_vadinar_sep_oct2025,2025-09-10 02:00:00+00:00,2025-09-10 22:00:00+00:00,20.0,21,1.0,22.45476,69.79476,0.793,ordinary,flagged_facility,Jamnagar (Sikka) marine terminal,8.16,False,True,3,,False
419001651,KNK NAYRA,IND,jamnagar_vadinar_sep_oct2025,2025-09-14 13:00:00+00:00,2025-09-15 09:00:00+00:00,20.0,21,1.0,22.51048,69.80429,1.147,ordinary,flagged_facility,Jamnagar (Sikka) marine terminal,12.45,False,True,3,,False
419001715,ZINNIA STAR,IND,jamnagar_vadinar_sep_oct2025,2025-09-01 14:00:00+00:00,2025-09-02 10:00:00+00:00,20.0,21,1.0,22.44381,69.67,4.024,ordinary,flagged_facility,Jamnagar (Sikka) marine terminal,5.36,False,True,3,,False
419001715,ZINNIA STAR,IND,jamnagar_vadinar_sep_oct2025,2025-09-07 06:00:00+00:00,2025-09-08 02:00:00+00:00,20.0,21,1.0,22.44,69.67,0.0,ordinary,flagged_facility,Jamnagar (Sikka) marine terminal,5.26,False,True,3,,False
419001794,RIVER PEARL 10,IND,jamnagar_vadinar_sep_oct2025,2025-09-07 06:00:00+00:00,2025-09-08 02:00:00+00:00,20.0,21,1.0,22.44048,69.67,1.059,ordinary,flagged_facility,Jamnagar (Sikka) marine terminal,5.27,False,True,3,,False
419001794,RIVER PEARL 10,IND,jamnagar_vadinar_sep_oct2025,2025-09-28 14:00:00+00:00,2025-09-29 10:00:00+00:00,20.0,21,1.0,22.44048,69.67,1.059,ordinary,flagged_facility,Jamnagar (Sikka) marine terminal,5.27,False,True,3,,False
419032300,AQUA SUN,IND,jamnagar_vadinar_sep_oct2025,2025-09-20 09:00:00+00:00,2025-09-21 05:00:00+00:00,20.0,21,1.0,22.56619,69.84285,3.179,ordinary,flagged_facility,Jamnagar (Sikka) marine terminal,19.71,False,True,3,,False
419033900,REL SAGAR,IND,jamnagar_vadinar_sep_oct2025,2025-09-12 08:00:00+00:00,2025-09-13 04:00:00+00:00,20.0,21,1.0,22.50619,69.81524,2.635,ordinary,flagged_facility,Jamnagar (Sikka) marine terminal,12.94,False,True,3,,False
419056200,M.T.IRIS,IND,jamnagar_vadinar_sep_oct2025,2025-09-05 12:00:00+00:00,2025-09-06 08:00:00+00:00,20.0,21,1.0,22.49095,69.85762,3.01,ordinary,flagged_facility,Jamnagar (Sikka) marine terminal,15.68,False,True,3,,False
419056200,M.T.IRIS,IND,jamnagar_vadinar_sep_oct2025,2025-09-22 15:00:00+00:00,2025-09-23 11:00:00+00:00,20.0,21,1.0,22.49,69.86,0.0,ordinary,flagged_facility,Jamnagar (Sikka) marine terminal,15.86,False,True,3,,False
419066300,SB EAGLE,IND,jamnagar_vadinar_sep_oct2025,2025-09-02 06:00:00+00:00,2025-09-03 02:00:00+00:00,20.0,21,1.0,22.4919,69.85333,2.56,ordinary,flagged_facility,Jamnagar (Sikka) marine terminal,15.33,False,True,3,,False
419066300,SB EAGLE,IND,jamnagar_vadinar_sep_oct2025,2025-09-16 19:00:00+00:00,2025-09-17 15:00:00+00:00,20.0,21,1.0,22.50048,69.83809,2.139,ordinary,flagged_facility,Jamnagar (Sikka) marine terminal,14.45,False,True,3,,False
419066300,SB EAGLE,IND,jamnagar_vadinar_sep_oct2025,2025-10-02 12:00:00+00:00,2025-10-03 08:00:00+00:00,20.0,21,1.0,22.49333,69.84476,2.394,ordinary,flagged_facility,Jamnagar (Sikka) marine terminal,14.63,False,True,3,,False
419066400,M V CHETAK,IND,jamnagar_vadinar_sep_oct2025,2025-10-08 14:00:00+00:00,2025-10-09 10:00:00+00:00,20.0,21,1.0,22.50429,69.82952,4.996,ordinary,flagged_facility,Jamnagar (Sikka) marine terminal,13.96,False,True,3,,False
419072700,RELTUG 14,IND,jamnagar_vadinar_sep_oct2025,2025-10-01 10:00:00+00:00,2025-10-02 06:00:00+00:00,20.0,21,1.0,22.49,69.85,0.0,ordinary,flagged_facility,Jamnagar (Sikka) marine terminal,14.93,False,True,3,,False
419072900,PARIJAT,IND,jamnagar_vadinar_sep_oct2025,2025-10-05 10:00:00+00:00,2025-10-06 06:00:00+00:00,20.0,21,1.0,22.49143,69.85762,3.509,ordinary,flagged_facility,Jamnagar (Sikka) marine terminal,15.71,False,True,3,,False
419077500,AGNI,IND,jamnagar_vadinar_sep_oct2025,2025-09-24 08:00:00+00:00,2025-09-25 04:00:00+00:00,20.0,21,1.0,22.50381,69.81857,2.028,ordinary,flagged_facility,Jamnagar (Sikka) marine terminal,13.04,False,True,3,,False
419077500,AGNI,IND,jamnagar_vadinar_sep_oct2025,2025-09-25 05:00:00+00:00,2025-09-26 01:00:00+00:00,20.0,21,1.0,22.51905,69.79857,4.638,ordinary,flagged_facility,Jamnagar (Sikka) marine terminal,12.78,False,True,3,,False
419077800,REL DARSHAN,IND,jamnagar_vadinar_sep_oct2025,2025-09-16 13:00:00+00:00,2025-09-17 09:00:00+00:00,20.0,21,1.0,22.56048,69.85,1.059,ordinary,flagged_facility,Jamnagar (Sikka) marine terminal,19.72,False,True,3,,False
419079400,MV APSARA,IND,jamnagar_vadinar_sep_oct2025,2025-09-20 05:00:00+00:00,2025-09-21 01:00:00+00:00,20.0,21,1.0,22.50048,69.84,3.873,ordinary,flagged_facility,Jamnagar (Sikka) marine terminal,14.61,False,True,3,,False
419079400,MV APSARA,IND,jamnagar_vadinar_sep_oct2025,2025-09-24 05:00:00+00:00,2025-09-25 01:00:00+00:00,20.0,21,1.0,22.50048,69.83762,4.006,ordinary,flagged_facility,Jamnagar (Sikka) marine terminal,14.4,False,True,3,,False
419079600,IVY,IND,jamnagar_vadinar_sep_oct2025,2025-09-24 11:00:00+00:00,2025-09-25 07:00:00+00:00,20.0,21,1.0,22.5181,69.75143,3.66,ordinary,flagged_facility,Jamnagar (Sikka) marine terminal,10.31,False,True,3,,False
419901161,M.T TORQUE,IND,jamnagar_vadinar_sep_oct2025,2025-09-16 13:00:00+00:00,2025-09-17 09:00:00+00:00,20.0,19,0.905,22.49789,69.83105,2.192,ordinary,flagged_facility,Jamnagar (Sikka) marine terminal,13.68,False,True,3,,False
419956018,MSV AL HUSEIN,IND,jamnagar_vadinar_sep_oct2025,2025-10-10 12:00:00+00:00,2025-10-11 08:00:00+00:00,20.0,21,1.0,22.40905,69.58095,2.884,ordinary,flagged_facility,Jamnagar (Sikka) marine terminal,14.48,False,True,3,,False
419956442,M.T.KB VI,IND,jamnagar_vadinar_sep_oct2025,2025-09-08 13:00:00+00:00,2025-09-09 09:00:00+00:00,20.0,18,0.857,22.59167,69.85945,3.646,ordinary,flagged_facility,Vadinar terminal / Nayara refinery (EU+UK sanctioned),22.0,False,True,3,,False
419956663,M.V. MANGAL MURTI,IND,jamnagar_vadinar_sep_oct2025,2025-09-25 17:00:00+00:00,2025-09-26 13:00:00+00:00,20.0,20,0.952,22.434,69.6695,1.78,ordinary,flagged_facility,Jamnagar (Sikka) marine terminal,5.21,False,True,3,,False
419957002,M V ANTILLIA  2,IND,jamnagar_vadinar_sep_oct2025,2025-09-14 09:00:00+00:00,2025-09-15 05:00:00+00:00,20.0,13,0.619,22.39,69.61693,0.712,ordinary,flagged_facility,Jamnagar (Sikka) marine terminal,11.49,False,True,3,,False
419958545,,IND,jamnagar_vadinar_sep_oct2025,2025-09-18 06:00:00+00:00,2025-09-19 02:00:00+00:00,20.0,8,0.381,22.45625,69.67,4.972,ordinary,flagged_facility,Jamnagar (Sikka) marine terminal,5.91,False,True,3,,False
419000618,ORCHID STAR,IND,jamnagar_vadinar_sep_oct2025,2025-10-05 12:00:00+00:00,2025-10-06 07:00:00+00:00,19.0,20,1.0,22.4445,69.6685,3.414,ordinary,flagged_facility,Jamnagar (Sikka) marine terminal,5.53,False,True,3,,False
419000765,CALYPSO FORTUNE,IND,jamnagar_vadinar_sep_oct2025,2025-09-30 06:00:00+00:00,2025-10-01 01:00:00+00:00,19.0,20,1.0,22.5965,69.8245,3.989,ordinary,flagged_facility,Vadinar terminal / Nayara refinery (EU+UK sanctioned),18.65,False,True,3,,False
419000964,ASTER STAR,IND,jamnagar_vadinar_sep_oct2025,2025-10-08 09:00:00+00:00,2025-10-09 04:00:00+00:00,19.0,20,1.0,22.4915,69.8475,2.031,ordinary,flagged_facility,Jamnagar (Sikka) marine terminal,14.78,False,True,3,,False
419001058,,IND,jamnagar_vadinar_sep_oct2025,2025-09-25 12:00:00+00:00,2025-09-26 07:00:00+00:00,19.0,20,1.0,22.5675,69.844,2.993,ordinary,flagged_facility,Jamnagar (Sikka) marine terminal,19.9,False,True,3,,False
419001085,RELTUG SEVENTEEN,IND,jamnagar_vadinar_sep_oct2025,2025-10-02 01:00:00+00:00,2025-10-02 20:00:00+00:00,19.0,20,1.0,22.582,69.834,4.998,ordinary,flagged_facility,Vadinar terminal / Nayara refinery (EU+UK sanctioned),19.23,False,True,3,,False
419001208,DIPPER,IND,jamnagar_vadinar_sep_oct2025,2025-09-20 12:00:00+00:00,2025-09-21 07:00:00+00:00,19.0,20,1.0,22.478,69.6865,4.553,ordinary,flagged_facility,Jamnagar (Sikka) marine terminal,6.35,False,True,3,,False
419001208,DIPPER,IND,jamnagar_vadinar_sep_oct2025,2025-10-09 13:00:00+00:00,2025-10-10 08:00:00+00:00,19.0,20,1.0,22.5275,69.708,4.561,ordinary,flagged_facility,Vadinar terminal / Nayara refinery (EU+UK sanctioned),6.46,False,True,3,,False
419001390,KNK ASHIMA,IND,jamnagar_vadinar_sep_oct2025,2025-09-13 14:00:00+00:00,2025-09-14 09:00:00+00:00,19.0,20,1.0,22.4405,69.67,1.056,ordinary,flagged_facility,Jamnagar (Sikka) marine terminal,5.27,False,True,3,,False
419001456,MEERA,IND,jamnagar_vadinar_sep_oct2025,2025-09-27 05:00:00+00:00,2025-09-28 00:00:00+00:00,19.0,20,1.0,22.44,69.67,0.0,ordinary,flagged_facility,Jamnagar (Sikka) marine terminal,5.26,False,True,3,,False
419001487,RELTUG EIGHTEEN,IND,jamnagar_vadinar_sep_oct2025,2025-10-07 16:00:00+00:00,2025-10-08 11:00:00+00:00,19.0,20,1.0,22.4985,69.8325,4.977,ordinary,flagged_facility,Jamnagar (Sikka) marine terminal,13.84,False,True,3,,False
419001794,RIVER PEARL 10,IND,jamnagar_vadinar_sep_oct2025,2025-10-07 07:00:00+00:00,2025-10-08 02:00:00+00:00,19.0,20,1.0,22.4415,69.67,3.169,ordinary,flagged_facility,Jamnagar (Sikka) marine terminal,5.3,False,True,3,,False
419001985,,IND,jamnagar_vadinar_sep_oct2025,2025-10-08 07:00:00+00:00,2025-10-09 02:00:00+00:00,19.0,20,1.0,22.4405,69.67,1.056,ordinary,flagged_facility,Jamnagar (Sikka) marine terminal,5.27,False,True,3,,False
419002022,A.E.L.II,IND,jamnagar_vadinar_sep_oct2025,2025-10-02 15:00:00+00:00,2025-10-03 10:00:00+00:00,19.0,15,0.75,22.7,69.76,0.0,ordinary,flagged_facility,Vadinar terminal / Nayara refinery (EU+UK sanctioned),20.14,False,True,3,,False
419014300,M V APURVA,IND,jamnagar_vadinar_sep_oct2025,2025-09-05 06:00:00+00:00,2025-09-06 01:00:00+00:00,19.0,20,1.0,22.5005,69.8385,2.174,ordinary,flagged_facility,Jamnagar (Sikka) marine terminal,14.48,False,True,3,,False
419014400,M V POONAM,IND,jamnagar_vadinar_sep_oct2025,2025-09-26 12:00:00+00:00,2025-09-27 07:00:00+00:00,19.0,20,1.0,22.5,69.84,0.0,ordinary,flagged_facility,Jamnagar (Sikka) marine terminal,14.58,False,True,3,,False
419032300,AQUA SUN,IND,jamnagar_vadinar_sep_oct2025,2025-09-19 07:00:00+00:00,2025-09-20 02:00:00+00:00,19.0,20,1.0,22.5,69.8335,2.621,ordinary,flagged_facility,Jamnagar (Sikka) marine terminal,14.02,False,True,3,,False
419033600,RELTUG ELEVEN,IND,jamnagar_vadinar_sep_oct2025,2025-10-02 10:00:00+00:00,2025-10-03 05:00:00+00:00,19.0,20,1.0,22.4955,69.8405,4.973,ordinary,flagged_facility,Jamnagar (Sikka) marine terminal,14.37,False,True,3,,False
419033900,REL SAGAR,IND,jamnagar_vadinar_sep_oct2025,2025-10-04 10:00:00+00:00,2025-10-05 05:00:00+00:00,19.0,20,1.0,22.512,69.7995,4.337,ordinary,flagged_facility,Jamnagar (Sikka) marine terminal,12.24,False,True,3,,False
419056200,M.T.IRIS,IND,jamnagar_vadinar_sep_oct2025,2025-10-04 15:00:00+00:00,2025-10-05 10:00:00+00:00,19.0,20,1.0,22.4905,69.858,3.064,ordinary,flagged_facility,Jamnagar (Sikka) marine terminal,15.7,False,True,3,,False
419066300,SB EAGLE,IND,jamnagar_vadinar_sep_oct2025,2025-09-22 19:00:00+00:00,2025-09-23 14:00:00+00:00,19.0,20,1.0,22.5,69.8395,0.975,ordinary,flagged_facility,Jamnagar (Sikka) marine terminal,14.54,False,True,3,,False
419066400,M V CHETAK,IND,jamnagar_vadinar_sep_oct2025,2025-09-20 07:00:00+00:00,2025-09-21 02:00:00+00:00,19.0,20,1.0,22.494,69.8465,1.822,ordinary,flagged_facility,Jamnagar (Sikka) marine terminal,14.82,False,True,3,,False
419071500,M. T. HAZEL,IND,jamnagar_vadinar_sep_oct2025,2025-09-22 14:00:00+00:00,2025-09-23 09:00:00+00:00,19.0,20,1.0,22.49,69.86,0.0,ordinary,flagged_facility,Jamnagar (Sikka) marine terminal,15.86,False,True,3,,False
419072700,RELTUG 14,IND,jamnagar_vadinar_sep_oct2025,2025-09-09 15:00:00+00:00,2025-09-10 10:00:00+00:00,19.0,20,1.0,22.61,69.836,0.616,ordinary,flagged_facility,Vadinar terminal / Nayara refinery (EU+UK sanctioned),20.23,False,True,3,,False
419072700,RELTUG 14,IND,jamnagar_vadinar_sep_oct2025,2025-09-19 06:00:00+00:00,2025-09-20 01:00:00+00:00,19.0,20,1.0,22.4925,69.847,3.388,ordinary,flagged_facility,Jamnagar (Sikka) marine terminal,14.79,False,True,3,,False
419072900,PARIJAT,IND,jamnagar_vadinar_sep_oct2025,2025-10-04 07:00:00+00:00,2025-10-05 02:00:00+00:00,19.0,18,0.9,22.49056,69.85778,3.041,ordinary,flagged_facility,Jamnagar (Sikka) marine terminal,15.68,False,True,3,,False
419077200,AKASH,IND,jamnagar_vadinar_sep_oct2025,2025-09-06 11:00:00+00:00,2025-09-07 06:00:00+00:00,19.0,19,0.95,22.58737,69.80474,2.453,ordinary,flagged_facility,Vadinar terminal / Nayara refinery (EU+UK sanctioned),16.42,False,True,3,,False
419077200,AKASH,IND,jamnagar_vadinar_sep_oct2025,2025-09-14 16:00:00+00:00,2025-09-15 11:00:00+00:00,19.0,20,1.0,22.59,69.81,0.0,ordinary,flagged_facility,Vadinar terminal / Nayara refinery (EU+UK sanctioned),17.02,False,True,3,,False
419077200,AKASH,IND,jamnagar_vadinar_sep_oct2025,2025-09-17 08:00:00+00:00,2025-09-18 03:00:00+00:00,19.0,20,1.0,22.5095,69.8025,3.016,ordinary,flagged_facility,Jamnagar (Sikka) marine terminal,12.25,False,True,3,,False
419077200,AKASH,IND,jamnagar_vadinar_sep_oct2025,2025-09-23 10:00:00+00:00,2025-09-24 05:00:00+00:00,19.0,20,1.0,22.5005,69.821,3.917,ordinary,flagged_facility,Jamnagar (Sikka) marine terminal,13.01,False,True,3,,False
419077200,AKASH,IND,jamnagar_vadinar_sep_oct2025,2025-10-09 18:00:00+00:00,2025-10-10 13:00:00+00:00,19.0,20,1.0,22.59,69.8075,0.77,ordinary,flagged_facility,Vadinar terminal / Nayara refinery (EU+UK sanctioned),16.77,False,True,3,,False
419077500,AGNI,IND,jamnagar_vadinar_sep_oct2025,2025-09-10 07:00:00+00:00,2025-09-11 02:00:00+00:00,19.0,20,1.0,22.507,69.8105,3.128,ordinary,flagged_facility,Jamnagar (Sikka) marine terminal,12.64,False,True,3,,False
419077500,AGNI,IND,jamnagar_vadinar_sep_oct2025,2025-09-20 06:00:00+00:00,2025-09-21 01:00:00+00:00,19.0,20,1.0,22.507,69.8115,4.383,ordinary,flagged_facility,Jamnagar (Sikka) marine terminal,12.72,False,True,3,,False
419079300,MV ANJALI,IND,jamnagar_vadinar_sep_oct2025,2025-09-07 05:00:00+00:00,2025-09-08 00:00:00+00:00,19.0,20,1.0,22.502,69.8375,2.69,ordinary,flagged_facility,Jamnagar (Sikka) marine terminal,14.49,False,True,3,,False
419079300,MV ANJALI,IND,jamnagar_vadinar_sep_oct2025,2025-09-12 10:00:00+00:00,2025-09-13 05:00:00+00:00,19.0,20,1.0,22.501,69.8385,2.841,ordinary,flagged_facility,Jamnagar (Sikka) marine terminal,14.51,False,True,3,,False
419079300,MV ANJALI,IND,jamnagar_vadinar_sep_oct2025,2025-09-24 04:00:00+00:00,2025-09-24 23:00:00+00:00,19.0,20,1.0,22.5,69.836,0.616,ordinary,flagged_facility,Jamnagar (Sikka) marine terminal,14.24,False,True,3,,False
419079300,MV ANJALI,IND,jamnagar_vadinar_sep_oct2025,2025-10-04 10:00:00+00:00,2025-10-05 05:00:00+00:00,19.0,20,1.0,22.501,69.8385,3.61,ordinary,flagged_facility,Jamnagar (Sikka) marine terminal,14.51,False,True,3,,False
419079400,MV APSARA,IND,jamnagar_vadinar_sep_oct2025,2025-09-07 07:00:00+00:00,2025-09-08 02:00:00+00:00,19.0,20,1.0,22.5005,69.8375,2.085,ordinary,flagged_facility,Jamnagar (Sikka) marine terminal,14.4,False,True,3,,False
419079400,MV APSARA,IND,jamnagar_vadinar_sep_oct2025,2025-09-18 05:00:00+00:00,2025-09-19 00:00:00+00:00,19.0,20,1.0,22.502,69.8385,4.633,ordinary,flagged_facility,Jamnagar (Sikka) marine terminal,14.57,False,True,3,,False
419079400,MV APSARA,IND,jamnagar_vadinar_sep_oct2025,2025-09-25 08:00:00+00:00,2025-09-26 03:00:00+00:00,19.0,20,1.0,22.5,69.8375,0.77,ordinary,flagged_facility,Jamnagar (Sikka) marine terminal,14.37,False,True,3,,False
419079400,MV APSARA,IND,jamnagar_vadinar_sep_oct2025,2025-09-27 07:00:00+00:00,2025-09-28 02:00:00+00:00,19.0,20,1.0,22.5,69.8395,0.975,ordinary,flagged_facility,Jamnagar (Sikka) marine terminal,14.54,False,True,3,,False
419079400,MV APSARA,IND,jamnagar_vadinar_sep_oct2025,2025-10-03 23:00:00+00:00,2025-10-04 18:00:00+00:00,19.0,20,1.0,22.5015,69.8375,4.988,ordinary,flagged_facility,Jamnagar (Sikka) marine terminal,14.46,False,True,3,,False
419293000,RELTUG 7,IND,jamnagar_vadinar_sep_oct2025,2025-09-01 12:00:00+00:00,2025-09-02 07:00:00+00:00,19.0,20,1.0,22.589,69.865,4.169,ordinary,flagged_facility,Vadinar terminal / Nayara refinery (EU+UK sanctioned),22.5,False,True,3,,False
419293000,RELTUG 7,IND,jamnagar_vadinar_sep_oct2025,2025-09-30 13:00:00+00:00,2025-10-01 08:00:00+00:00,19.0,19,0.95,22.50474,69.8179,3.683,ordinary,flagged_facility,Jamnagar (Sikka) marine terminal,13.05,False,True,3,,False
419293000,RELTUG 7,IND,jamnagar_vadinar_sep_oct2025,2025-10-01 12:00:00+00:00,2025-10-02 07:00:00+00:00,19.0,20,1.0,22.5745,69.786,2.539,ordinary,flagged_facility,Vadinar terminal / Nayara refinery (EU+UK sanctioned),14.23,False,True,3,,False
419293000,RELTUG 7,IND,jamnagar_vadinar_sep_oct2025,2025-10-07 12:00:00+00:00,2025-10-08 07:00:00+00:00,19.0,20,1.0,22.485,69.8385,1.675,ordinary,flagged_facility,Jamnagar (Sikka) marine terminal,13.63,False,True,3,,False
419902339,MT MAHADEV,IND,jamnagar_vadinar_sep_oct2025,2025-10-08 11:00:00+00:00,2025-10-09 06:00:00+00:00,19.0,20,1.0,22.431,69.67,2.113,ordinary,flagged_facility,Jamnagar (Sikka) marine terminal,5.14,False,True,3,,False
419956787,DAWN II,IND,jamnagar_vadinar_sep_oct2025,2025-09-29 18:00:00+00:00,2025-09-30 13:00:00+00:00,19.0,20,1.0,22.575,69.8495,1.986,ordinary,flagged_facility,Vadinar terminal / Nayara refinery (EU+UK sanctioned),20.67,False,True,3,,False
419991279,DARIYA JYOT,IND,jamnagar_vadinar_sep_oct2025,2025-09-22 19:00:00+00:00,2025-09-23 14:00:00+00:00,19.0,20,1.0,22.43,69.67,0.0,ordinary,flagged_facility,Jamnagar (Sikka) marine terminal,5.14,False,True,3,,False
419000102,BRAHMANI,IND,jamnagar_vadinar_sep_oct2025,2025-10-11 05:00:00+00:00,2025-10-11 23:00:00+00:00,18.0,19,1.0,22.67737,69.65895,3.732,ordinary,flagged_facility,Vadinar terminal / Nayara refinery (EU+UK sanctioned),14.19,False,True,3,,False
419000638,OCEAN     EMPIRE,IND,jamnagar_vadinar_sep_oct2025,2025-09-14 14:00:00+00:00,2025-09-15 08:00:00+00:00,18.0,19,1.0,22.44,69.67,0.0,ordinary,flagged_facility,Jamnagar (Sikka) marine terminal,5.26,False,True,3,,False
419000765,CALYPSO FORTUNE,IND,jamnagar_vadinar_sep_oct2025,2025-09-04 08:00:00+00:00,2025-09-05 02:00:00+00:00,18.0,19,1.0,22.57368,69.81474,4.04,ordinary,flagged_facility,Vadinar terminal / Nayara refinery (EU+UK sanctioned),17.12,False,True,3,,False
419000765,CALYPSO FORTUNE,IND,jamnagar_vadinar_sep_oct2025,2025-09-27 07:00:00+00:00,2025-09-28 01:00:00+00:00,18.0,19,1.0,22.58842,69.83579,4.254,ordinary,flagged_facility,Vadinar terminal / Nayara refinery (EU+UK sanctioned),19.55,False,True,3,,False
419000765,CALYPSO FORTUNE,IND,jamnagar_vadinar_sep_oct2025,2025-10-03 20:00:00+00:00,2025-10-04 14:00:00+00:00,18.0,19,1.0,22.58789,69.82158,4.168,ordinary,flagged_facility,Vadinar terminal / Nayara refinery (EU+UK sanctioned),18.11,False,True,3,,False
419000964,ASTER STAR,IND,jamnagar_vadinar_sep_oct2025,2025-09-22 18:00:00+00:00,2025-09-23 12:00:00+00:00,18.0,17,0.895,22.49765,69.83529,3.877,ordinary,flagged_facility,Jamnagar (Sikka) marine terminal,14.03,False,True,3,,False
419000964,ASTER STAR,IND,jamnagar_vadinar_sep_oct2025,2025-10-03 02:00:00+00:00,2025-10-03 20:00:00+00:00,18.0,18,0.947,22.49167,69.84833,1.262,ordinary,flagged_facility,Jamnagar (Sikka) marine terminal,14.86,False,True,3,,False
419001286,TUG KB XI,IND,jamnagar_vadinar_sep_oct2025,2025-09-08 09:00:00+00:00,2025-09-09 03:00:00+00:00,18.0,16,0.842,22.49375,69.695,4.315,ordinary,flagged_facility,Jamnagar (Sikka) marine terminal,7.54,False,True,3,,False
419001390,KNK ASHIMA,IND,jamnagar_vadinar_sep_oct2025,2025-09-05 09:00:00+00:00,2025-09-06 03:00:00+00:00,18.0,19,1.0,22.44158,69.67,3.16,ordinary,flagged_facility,Jamnagar (Sikka) marine terminal,5.3,False,True,3,,False
419001390,KNK ASHIMA,IND,jamnagar_vadinar_sep_oct2025,2025-09-06 10:00:00+00:00,2025-09-07 04:00:00+00:00,18.0,19,1.0,22.44211,69.67,3.102,ordinary,flagged_facility,Jamnagar (Sikka) marine terminal,5.31,False,True,3,,False
419001390,KNK ASHIMA,IND,jamnagar_vadinar_sep_oct2025,2025-09-11 19:00:00+00:00,2025-09-12 13:00:00+00:00,18.0,19,1.0,22.44368,69.66842,4.984,ordinary,flagged_facility,Jamnagar (Sikka) marine terminal,5.52,False,True,3,,False
419001456,MEERA,IND,jamnagar_vadinar_sep_oct2025,2025-09-05 06:00:00+00:00,2025-09-06 00:00:00+00:00,18.0,19,1.0,22.44211,69.67158,4.302,ordinary,flagged_facility,Jamnagar (Sikka) marine terminal,5.16,False,True,3,,False
419001456,MEERA,IND,jamnagar_vadinar_sep_oct2025,2025-09-28 04:00:00+00:00,2025-09-28 22:00:00+00:00,18.0,19,1.0,22.45632,69.66737,4.916,ordinary,flagged_facility,Jamnagar (Sikka) marine terminal,6.15,False,True,3,,False
419001456,MEERA,IND,jamnagar_vadinar_sep_oct2025,2025-10-07 05:00:00+00:00,2025-10-07 23:00:00+00:00,18.0,19,1.0,22.45632,69.66895,4.944,ordinary,flagged_facility,Jamnagar (Sikka) marine terminal,6.01,False,True,3,,False
419001472,OCEAN PRIDE,IND,jamnagar_vadinar_sep_oct2025,2025-09-09 10:00:00+00:00,2025-09-10 04:00:00+00:00,18.0,19,1.0,22.44526,69.66947,3.983,ordinary,flagged_facility,Jamnagar (Sikka) marine terminal,5.46,False,True,3,,False
419001885,KB 49,IND,jamnagar_vadinar_sep_oct2025,2025-10-02 08:00:00+00:00,2025-10-03 02:00:00+00:00,18.0,11,0.579,22.44,69.67,0.0,ordinary,flagged_facility,Jamnagar (Sikka) marine terminal,5.26,False,True,3,,False
419001885,KB 49,IND,jamnagar_vadinar_sep_oct2025,2025-10-03 09:00:00+00:00,2025-10-04 03:00:00+00:00,18.0,14,0.737,22.44143,69.67,2.065,ordinary,flagged_facility,Jamnagar (Sikka) marine terminal,5.29,False,True,3,,False
419009000,M.T.BLOSSOM,IND,jamnagar_vadinar_sep_oct2025,2025-09-16 04:00:00+00:00,2025-09-16 22:00:00+00:00,18.0,19,1.0,22.50105,69.83789,4.426,ordinary,flagged_facility,Jamnagar (Sikka) marine terminal,14.46,False,True,3,,False
419014300,M V APURVA,IND,jamnagar_vadinar_sep_oct2025,2025-09-09 07:00:00+00:00,2025-09-10 01:00:00+00:00,18.0,19,1.0,22.50053,69.83842,1.363,ordinary,flagged_facility,Jamnagar (Sikka) marine terminal,14.48,False,True,3,,False
419014300,M V APURVA,IND,jamnagar_vadinar_sep_oct2025,2025-09-14 14:00:00+00:00,2025-09-15 08:00:00+00:00,18.0,19,1.0,22.50053,69.83737,2.072,ordinary,flagged_facility,Jamnagar (Sikka) marine terminal,14.39,False,True,3,,False
419014300,M V APURVA,IND,jamnagar_vadinar_sep_oct2025,2025-09-23 21:00:00+00:00,2025-09-24 15:00:00+00:00,18.0,19,1.0,22.50474,69.83631,4.098,ordinary,flagged_facility,Jamnagar (Sikka) marine terminal,14.56,False,True,3,,False
419014300,M V APURVA,IND,jamnagar_vadinar_sep_oct2025,2025-10-02 12:00:00+00:00,2025-10-03 06:00:00+00:00,18.0,19,1.0,22.5,69.83894,0.919,ordinary,flagged_facility,Jamnagar (Sikka) marine terminal,14.49,False,True,3,,False
419014400,M V POONAM,IND,jamnagar_vadinar_sep_oct2025,2025-09-19 07:00:00+00:00,2025-09-20 01:00:00+00:00,18.0,19,1.0,22.5,69.83947,0.973,ordinary,flagged_facility,Jamnagar (Sikka) marine terminal,14.54,False,True,3,,False
419014400,M V POONAM,IND,jamnagar_vadinar_sep_oct2025,2025-09-27 10:00:00+00:00,2025-09-28 04:00:00+00:00,18.0,19,1.0,22.5,69.83842,0.865,ordinary,flagged_facility,Jamnagar (Sikka) marine terminal,14.44,False,True,3,,False
419024600,ESSAR TUG XI,IND,jamnagar_vadinar_sep_oct2025,2025-09-24 05:00:00+00:00,2025-09-24 23:00:00+00:00,18.0,19,1.0,22.39105,69.60842,3.602,ordinary,flagged_facility,Jamnagar (Sikka) marine terminal,12.26,False,True,3,,False
419032200,AQUA MOON,IND,jamnagar_vadinar_sep_oct2025,2025-09-06 07:00:00+00:00,2025-09-07 01:00:00+00:00,18.0,18,0.947,22.50056,69.83,1.469,ordinary,flagged_facility,Jamnagar (Sikka) marine terminal,13.76,False,True,3,,False
419033900,REL SAGAR,IND,jamnagar_vadinar_sep_oct2025,2025-09-23 06:00:00+00:00,2025-09-24 00:00:00+00:00,18.0,19,1.0,22.50737,69.81474,2.937,ordinary,flagged_facility,Jamnagar (Sikka) marine terminal,12.99,False,True,3,,False
419033900,REL SAGAR,IND,jamnagar_vadinar_sep_oct2025,2025-10-05 13:00:00+00:00,2025-10-06 07:00:00+00:00,18.0,19,1.0,22.51053,69.79948,1.434,ordinary,flagged_facility,Jamnagar (Sikka) marine terminal,12.12,False,True,3,,False
419055150,M.T. BLUE BELL,IND,jamnagar_vadinar_sep_oct2025,2025-09-05 07:00:00+00:00,2025-09-06 01:00:00+00:00,18.0,16,0.842,22.49,69.85938,0.963,ordinary,flagged_facility,Jamnagar (Sikka) marine terminal,15.8,False,True,3,,False
419055150,M.T. BLUE BELL,IND,jamnagar_vadinar_sep_oct2025,2025-09-12 12:00:00+00:00,2025-09-13 06:00:00+00:00,18.0,19,1.0,22.49,69.85947,0.974,ordinary,flagged_facility,Jamnagar (Sikka) marine terminal,15.81,False,True,3,,False
419056200,M.T.IRIS,IND,jamnagar_vadinar_sep_oct2025,2025-10-03 05:00:00+00:00,2025-10-03 23:00:00+00:00,18.0,17,0.895,22.49,69.86,0.0,ordinary,flagged_facility,Jamnagar (Sikka) marine terminal,15.86,False,True,3,,False
419057400,RELTUG TWELVE,IND,jamnagar_vadinar_sep_oct2025,2025-09-08 08:00:00+00:00,2025-09-09 02:00:00+00:00,18.0,19,1.0,22.49053,69.84947,1.434,ordinary,flagged_facility,Jamnagar (Sikka) marine terminal,14.91,False,True,3,,False
419066300,SB EAGLE,IND,jamnagar_vadinar_sep_oct2025,2025-09-25 21:00:00+00:00,2025-09-26 15:00:00+00:00,18.0,19,1.0,22.5,69.83842,0.865,ordinary,flagged_facility,Jamnagar (Sikka) marine terminal,14.44,False,True,3,,False
419071500,M. T. HAZEL,IND,jamnagar_vadinar_sep_oct2025,2025-09-16 06:00:00+00:00,2025-09-17 00:00:00+00:00,18.0,19,1.0,22.49158,69.85684,1.968,ordinary,flagged_facility,Jamnagar (Sikka) marine terminal,15.64,False,True,3,,False
419072500,RELTUG 16,IND,jamnagar_vadinar_sep_oct2025,2025-09-18 07:00:00+00:00,2025-09-19 01:00:00+00:00,18.0,19,1.0,22.49,69.85,0.0,ordinary,flagged_facility,Jamnagar (Sikka) marine terminal,14.93,False,True,3,,False
419072500,RELTUG 16,IND,jamnagar_vadinar_sep_oct2025,2025-10-02 22:00:00+00:00,2025-10-03 16:00:00+00:00,18.0,19,1.0,22.49,69.85,0.0,ordinary,flagged_facility,Jamnagar (Sikka) marine terminal,14.93,False,True,3,,False
419072600,REL TUG FIFTEEN,IND,jamnagar_vadinar_sep_oct2025,2025-09-06 10:00:00+00:00,2025-09-07 04:00:00+00:00,18.0,19,1.0,22.49158,69.84842,4.302,ordinary,flagged_facility,Jamnagar (Sikka) marine terminal,14.87,False,True,3,,False
419072600,REL TUG FIFTEEN,IND,jamnagar_vadinar_sep_oct2025,2025-09-08 10:00:00+00:00,2025-09-09 04:00:00+00:00,18.0,15,0.789,22.49133,69.84733,2.024,ordinary,flagged_facility,Jamnagar (Sikka) marine terminal,14.75,False,True,3,,False
419072700,RELTUG 14,IND,jamnagar_vadinar_sep_oct2025,2025-09-30 15:00:00+00:00,2025-10-01 09:00:00+00:00,18.0,19,1.0,22.57368,69.78368,0.956,ordinary,flagged_facility,Vadinar terminal / Nayara refinery (EU+UK sanctioned),13.98,False,True,3,,False
419072900,PARIJAT,IND,jamnagar_vadinar_sep_oct2025,2025-09-07 06:00:00+00:00,2025-09-08 00:00:00+00:00,18.0,19,1.0,22.49,69.85947,0.974,ordinary,flagged_facility,Jamnagar (Sikka) marine terminal,15.81,False,True,3,,False
419072900,PARIJAT,IND,jamnagar_vadinar_sep_oct2025,2025-09-15 13:00:00+00:00,2025-09-16 07:00:00+00:00,18.0,19,1.0,22.49105,69.85842,3.6,ordinary,flagged_facility,Jamnagar (Sikka) marine terminal,15.76,False,True,3,,False
419072900,PARIJAT,IND,jamnagar_vadinar_sep_oct2025,2025-09-22 06:00:00+00:00,2025-09-23 00:00:00+00:00,18.0,19,1.0,22.49053,69.85684,2.952,ordinary,flagged_facility,Jamnagar (Sikka) marine terminal,15.59,False,True,3,,False
419077200,AKASH,IND,jamnagar_vadinar_sep_oct2025,2025-09-11 08:00:00+00:00,2025-09-12 02:00:00+00:00,18.0,19,1.0,22.49789,69.8279,3.166,ordinary,flagged_facility,Jamnagar (Sikka) marine terminal,13.41,False,True,3,,False
419077600,NIVARAK,IND,jamnagar_vadinar_sep_oct2025,2025-09-04 18:00:00+00:00,2025-09-05 12:00:00+00:00,18.0,11,0.579,22.39,69.61,0.0,ordinary,flagged_facility,Jamnagar (Sikka) marine terminal,12.15,False,True,3,,False
419079300,MV ANJALI,IND,jamnagar_vadinar_sep_oct2025,2025-10-03 13:00:00+00:00,2025-10-04 07:00:00+00:00,18.0,19,1.0,22.5,69.83579,0.594,ordinary,flagged_facility,Jamnagar (Sikka) marine terminal,14.22,False,True,3,,False
419079400,MV APSARA,IND,jamnagar_vadinar_sep_oct2025,2025-09-13 17:00:00+00:00,2025-09-14 11:00:00+00:00,18.0,19,1.0,22.50263,69.82842,4.984,ordinary,flagged_facility,Jamnagar (Sikka) marine terminal,13.76,False,True,3,,False
419079400,MV APSARA,IND,jamnagar_vadinar_sep_oct2025,2025-09-26 10:00:00+00:00,2025-09-27 04:00:00+00:00,18.0,19,1.0,22.50105,69.83842,2.832,ordinary,flagged_facility,Jamnagar (Sikka) marine terminal,14.51,False,True,3,,False
419079400,MV APSARA,IND,jamnagar_vadinar_sep_oct2025,2025-09-29 13:00:00+00:00,2025-09-30 07:00:00+00:00,18.0,19,1.0,22.50105,69.83684,1.218,ordinary,flagged_facility,Jamnagar (Sikka) marine terminal,14.37,False,True,3,,False
419901161,M.T TORQUE,IND,jamnagar_vadinar_sep_oct2025,2025-09-21 14:00:00+00:00,2025-09-22 08:00:00+00:00,18.0,19,1.0,22.58684,69.8121,2.963,ordinary,flagged_facility,Vadinar terminal / Nayara refinery (EU+UK sanctioned),17.14,False,True,3,,False
419902339,MT MAHADEV,IND,jamnagar_vadinar_sep_oct2025,2025-09-21 17:00:00+00:00,2025-09-22 11:00:00+00:00,18.0,19,1.0,22.43158,69.67,0.936,ordinary,flagged_facility,Jamnagar (Sikka) marine terminal,5.14,False,True,3,,False
419902339,MT MAHADEV,IND,jamnagar_vadinar_sep_oct2025,2025-10-04 10:00:00+00:00,2025-10-05 04:00:00+00:00,18.0,19,1.0,22.43,69.67,0.0,ordinary,flagged_facility,Jamnagar (Sikka) marine terminal,5.14,False,True,3,,False
419956442,M.T.KB VI,IND,jamnagar_vadinar_sep_oct2025,2025-10-08 11:00:00+00:00,2025-10-09 05:00:00+00:00,18.0,19,1.0,22.49421,69.82948,4.097,ordinary,flagged_facility,Jamnagar (Sikka) marine terminal,13.32,False,True,3,,False
419956663,M.V. MANGAL MURTI,IND,jamnagar_vadinar_sep_oct2025,2025-09-23 16:00:00+00:00,2025-09-24 10:00:00+00:00,18.0,19,1.0,22.43158,69.66947,3.307,ordinary,flagged_facility,Jamnagar (Sikka) marine terminal,5.2,False,True,3,,False
419956663,M.V. MANGAL MURTI,IND,jamnagar_vadinar_sep_oct2025,2025-10-08 16:00:00+00:00,2025-10-09 10:00:00+00:00,18.0,19,1.0,22.43368,69.67,1.814,ordinary,flagged_facility,Jamnagar (Sikka) marine terminal,5.16,False,True,3,,False
419957002,M V ANTILLIA  2,IND,jamnagar_vadinar_sep_oct2025,2025-09-13 07:00:00+00:00,2025-09-14 01:00:00+00:00,18.0,13,0.684,22.39,69.62,0.0,ordinary,flagged_facility,Jamnagar (Sikka) marine terminal,11.2,False,True,3,,False
419000765,CALYPSO FORTUNE,IND,jamnagar_vadinar_sep_oct2025,2025-09-01 09:00:00+00:00,2025-09-02 02:00:00+00:00,17.0,18,1.0,22.59056,69.82667,3.227,ordinary,flagged_facility,Vadinar terminal / Nayara refinery (EU+UK sanctioned),18.69,False,True,3,,False
419000765,CALYPSO FORTUNE,IND,jamnagar_vadinar_sep_oct2025,2025-09-14 10:00:00+00:00,2025-09-15 03:00:00+00:00,17.0,18,1.0,22.57444,69.81222,4.947,ordinary,flagged_facility,Vadinar terminal / Nayara refinery (EU+UK sanctioned),16.88,False,True,3,,False
419001058,,IND,jamnagar_vadinar_sep_oct2025,2025-09-01 08:00:00+00:00,2025-09-02 01:00:00+00:00,17.0,18,1.0,22.57278,69.83833,4.226,ordinary,flagged_facility,Vadinar terminal / Nayara refinery (EU+UK sanctioned),19.5,False,True,3,,False
419001286,TUG KB XI,IND,jamnagar_vadinar_sep_oct2025,2025-09-12 08:00:00+00:00,2025-09-13 01:00:00+00:00,17.0,18,1.0,22.47556,69.68445,4.223,ordinary,flagged_facility,Jamnagar (Sikka) marine terminal,6.25,False,True,3,,False
419001456,MEERA,IND,jamnagar_vadinar_sep_oct2025,2025-09-12 08:00:00+00:00,2025-09-13 01:00:00+00:00,17.0,18,1.0,22.44,69.67,0.0,ordinary,flagged_facility,Jamnagar (Sikka) marine terminal,5.26,False,True,3,,False
419001456,MEERA,IND,jamnagar_vadinar_sep_oct2025,2025-09-15 12:00:00+00:00,2025-09-16 05:00:00+00:00,17.0,18,1.0,22.44,69.67,0.0,ordinary,flagged_facility,Jamnagar (Sikka) marine terminal,5.26,False,True,3,,False
419001456,MEERA,IND,jamnagar_vadinar_sep_oct2025,2025-10-03 09:00:00+00:00,2025-10-04 02:00:00+00:00,17.0,18,1.0,22.44611,69.66889,4.965,ordinary,flagged_facility,Jamnagar (Sikka) marine terminal,5.55,False,True,3,,False
419001456,MEERA,IND,jamnagar_vadinar_sep_oct2025,2025-10-04 08:00:00+00:00,2025-10-05 01:00:00+00:00,17.0,18,1.0,22.50889,69.66056,4.673,ordinary,flagged_facility,Vadinar terminal / Nayara refinery (EU+UK sanctioned),4.7,False,True,3,,False
419001651,KNK NAYRA,IND,jamnagar_vadinar_sep_oct2025,2025-09-27 13:00:00+00:00,2025-09-28 06:00:00+00:00,17.0,18,1.0,22.50889,69.80445,3.783,ordinary,flagged_facility,Jamnagar (Sikka) marine terminal,12.34,False,True,3,,False
419001885,KB 49,IND,jamnagar_vadinar_sep_oct2025,2025-10-04 15:00:00+00:00,2025-10-05 08:00:00+00:00,17.0,18,1.0,22.47222,69.68278,3.816,ordinary,flagged_facility,Jamnagar (Sikka) marine terminal,6.06,False,True,3,,False
419001885,KB 49,IND,jamnagar_vadinar_sep_oct2025,2025-10-05 09:00:00+00:00,2025-10-06 02:00:00+00:00,17.0,18,1.0,22.49167,69.68722,4.862,ordinary,flagged_facility,Vadinar terminal / Nayara refinery (EU+UK sanctioned),7.53,False,True,3,,False
419001985,,IND,jamnagar_vadinar_sep_oct2025,2025-09-21 06:00:00+00:00,2025-09-21 23:00:00+00:00,17.0,18,1.0,22.44278,69.67,3.027,ordinary,flagged_facility,Jamnagar (Sikka) marine terminal,5.33,False,True,3,,False
419009000,M.T.BLOSSOM,IND,jamnagar_vadinar_sep_oct2025,2025-10-08 03:00:00+00:00,2025-10-08 20:00:00+00:00,17.0,18,1.0,22.5,69.84,0.0,ordinary,flagged_facility,Jamnagar (Sikka) marine terminal,14.58,False,True,3,,False
419014300,M V APURVA,IND,jamnagar_vadinar_sep_oct2025,2025-09-18 23:00:00+00:00,2025-09-19 16:00:00+00:00,17.0,18,1.0,22.50111,69.83555,3.362,ordinary,flagged_facility,Jamnagar (Sikka) marine terminal,14.27,False,True,3,,False
419032200,AQUA MOON,IND,jamnagar_vadinar_sep_oct2025,2025-09-05 08:00:00+00:00,2025-09-06 01:00:00+00:00,17.0,18,1.0,22.50056,69.83,1.469,ordinary,flagged_facility,Jamnagar (Sikka) marine terminal,13.76,False,True,3,,False
419032300,AQUA SUN,IND,jamnagar_vadinar_sep_oct2025,2025-09-02 08:00:00+00:00,2025-09-03 01:00:00+00:00,17.0,18,1.0,22.55889,69.84722,3.497,ordinary,flagged_facility,Jamnagar (Sikka) marine terminal,19.4,False,True,3,,False
419032300,AQUA SUN,IND,jamnagar_vadinar_sep_oct2025,2025-10-04 11:00:00+00:00,2025-10-05 04:00:00+00:00,17.0,18,1.0,22.56,69.84,0.0,ordinary,flagged_facility,Jamnagar (Sikka) marine terminal,19.0,False,True,3,,False
419033600,RELTUG ELEVEN,IND,jamnagar_vadinar_sep_oct2025,2025-10-10 16:00:00+00:00,2025-10-11 09:00:00+00:00,17.0,18,1.0,22.49167,69.84778,4.999,ordinary,flagged_facility,Jamnagar (Sikka) marine terminal,14.81,False,True,3,,False
419055150,M.T. BLUE BELL,IND,jamnagar_vadinar_sep_oct2025,2025-09-20 14:00:00+00:00,2025-09-21 07:00:00+00:00,17.0,18,1.0,22.49,69.86,0.0,ordinary,flagged_facility,Jamnagar (Sikka) marine terminal,15.86,False,True,3,,False
419056200,M.T.IRIS,IND,jamnagar_vadinar_sep_oct2025,2025-09-07 09:00:00+00:00,2025-09-08 02:00:00+00:00,17.0,18,1.0,22.49,69.86,0.0,ordinary,flagged_facility,Jamnagar (Sikka) marine terminal,15.86,False,True,3,,False
419056200,M.T.IRIS,IND,jamnagar_vadinar_sep_oct2025,2025-09-09 13:00:00+00:00,2025-09-10 06:00:00+00:00,17.0,18,1.0,22.49056,69.85889,2.207,ordinary,flagged_facility,Jamnagar (Sikka) marine terminal,15.78,False,True,3,,False
419056200,M.T.IRIS,IND,jamnagar_vadinar_sep_oct2025,2025-09-26 13:00:00+00:00,2025-09-27 06:00:00+00:00,17.0,18,1.0,22.49278,69.85611,4.788,ordinary,flagged_facility,Jamnagar (Sikka) marine terminal,15.63,False,True,3,,False
419056200,M.T.IRIS,IND,jamnagar_vadinar_sep_oct2025,2025-10-06 13:00:00+00:00,2025-10-07 06:00:00+00:00,17.0,18,1.0,22.49056,69.85889,2.207,ordinary,flagged_facility,Jamnagar (Sikka) marine terminal,15.78,False,True,3,,False
419057400,RELTUG TWELVE,IND,jamnagar_vadinar_sep_oct2025,2025-09-26 09:00:00+00:00,2025-09-27 02:00:00+00:00,17.0,18,1.0,22.49611,69.84111,4.989,ordinary,flagged_facility,Jamnagar (Sikka) marine terminal,14.45,False,True,3,,False
419066300,SB EAGLE,IND,jamnagar_vadinar_sep_oct2025,2025-09-05 09:00:00+00:00,2025-09-06 02:00:00+00:00,17.0,18,1.0,22.49056,69.85556,2.828,ordinary,flagged_facility,Jamnagar (Sikka) marine terminal,15.47,False,True,3,,False
419066300,SB EAGLE,IND,jamnagar_vadinar_sep_oct2025,2025-09-17 22:00:00+00:00,2025-09-18 15:00:00+00:00,17.0,18,1.0,22.5,69.83555,0.57,ordinary,flagged_facility,Jamnagar (Sikka) marine terminal,14.2,False,True,3,,False
419066300,SB EAGLE,IND,jamnagar_vadinar_sep_oct2025,2025-09-24 14:00:00+00:00,2025-09-25 07:00:00+00:00,17.0,18,1.0,22.50611,69.83055,4.94,ordinary,flagged_facility,Jamnagar (Sikka) marine terminal,14.17,False,True,3,,False
419066300,SB EAGLE,IND,jamnagar_vadinar_sep_oct2025,2025-10-05 10:00:00+00:00,2025-10-06 03:00:00+00:00,17.0,18,1.0,22.49333,69.84889,4.975,ordinary,flagged_facility,Jamnagar (Sikka) marine terminal,15.0,False,True,3,,False
419066400,M V CHETAK,IND,jamnagar_vadinar_sep_oct2025,2025-09-10 23:00:00+00:00,2025-09-11 16:00:00+00:00,17.0,18,1.0,22.50167,69.83777,4.25,ordinary,flagged_facility,Jamnagar (Sikka) marine terminal,14.49,False,True,3,,False
419066400,M V CHETAK,IND,jamnagar_vadinar_sep_oct2025,2025-09-24 00:00:00+00:00,2025-09-24 17:00:00+00:00,17.0,18,1.0,22.49667,69.84222,4.969,ordinary,flagged_facility,Jamnagar (Sikka) marine terminal,14.58,False,True,3,,False
419066400,M V CHETAK,IND,jamnagar_vadinar_sep_oct2025,2025-09-30 01:00:00+00:00,2025-09-30 18:00:00+00:00,17.0,18,1.0,22.5,69.835,4.904,ordinary,flagged_facility,Jamnagar (Sikka) marine terminal,14.15,False,True,3,,False
419071500,M. T. HAZEL,IND,jamnagar_vadinar_sep_oct2025,2025-09-11 09:00:00+00:00,2025-09-12 02:00:00+00:00,17.0,18,1.0,22.49222,69.85611,4.827,ordinary,flagged_facility,Jamnagar (Sikka) marine terminal,15.6,False,True,3,,False
419072600,REL TUG FIFTEEN,IND,jamnagar_vadinar_sep_oct2025,2025-10-05 07:00:00+00:00,2025-10-06 00:00:00+00:00,17.0,18,1.0,22.51278,69.80278,4.501,ordinary,flagged_facility,Jamnagar (Sikka) marine terminal,12.53,False,True,3,,False
419072900,PARIJAT,IND,jamnagar_vadinar_sep_oct2025,2025-09-12 06:00:00+00:00,2025-09-12 23:00:00+00:00,17.0,18,1.0,22.49056,69.85833,2.157,ordinary,flagged_facility,Jamnagar (Sikka) marine terminal,15.73,False,True,3,,False
419072900,PARIJAT,IND,jamnagar_vadinar_sep_oct2025,2025-09-20 12:00:00+00:00,2025-09-21 05:00:00+00:00,17.0,18,1.0,22.49,69.85889,0.913,ordinary,flagged_facility,Jamnagar (Sikka) marine terminal,15.75,False,True,3,,False
419077200,AKASH,IND,jamnagar_vadinar_sep_oct2025,2025-09-30 13:00:00+00:00,2025-10-01 06:00:00+00:00,17.0,18,1.0,22.50444,69.80445,3.98,ordinary,flagged_facility,Jamnagar (Sikka) marine terminal,11.99,False,True,3,,False
419077200,AKASH,IND,jamnagar_vadinar_sep_oct2025,2025-10-02 12:00:00+00:00,2025-10-03 05:00:00+00:00,17.0,18,1.0,22.5,69.83111,3.384,ordinary,flagged_facility,Jamnagar (Sikka) marine terminal,13.82,False,True,3,,False
419077500,AGNI,IND,jamnagar_vadinar_sep_oct2025,2025-09-11 12:00:00+00:00,2025-09-12 05:00:00+00:00,17.0,18,1.0,22.50167,69.82945,1.342,ordinary,flagged_facility,Jamnagar (Sikka) marine terminal,13.78,False,True,3,,False
419077500,AGNI,IND,jamnagar_vadinar_sep_oct2025,2025-10-09 13:00:00+00:00,2025-10-10 06:00:00+00:00,17.0,18,1.0,22.49889,69.82778,3.109,ordinary,flagged_facility,Jamnagar (Sikka) marine terminal,13.47,False,True,3,,False
419077600,NIVARAK,IND,jamnagar_vadinar_sep_oct2025,2025-09-22 12:00:00+00:00,2025-09-23 05:00:00+00:00,17.0,13,0.722,22.39,69.61,0.0,ordinary,flagged_facility,Jamnagar (Sikka) marine terminal,12.15,False,True,3,,False
419079300,MV ANJALI,IND,jamnagar_vadinar_sep_oct2025,2025-10-10 13:00:00+00:00,2025-10-11 06:00:00+00:00,17.0,18,1.0,22.5,69.83889,0.913,ordinary,flagged_facility,Jamnagar (Sikka) marine terminal,14.49,False,True,3,,False
419079400,MV APSARA,IND,jamnagar_vadinar_sep_oct2025,2025-09-10 05:00:00+00:00,2025-09-10 22:00:00+00:00,17.0,18,1.0,22.50056,69.83611,3.445,ordinary,flagged_facility,Jamnagar (Sikka) marine terminal,14.28,False,True,3,,False
419093600,KAIVAN,IND,jamnagar_vadinar_sep_oct2025,2025-10-03 05:00:00+00:00,2025-10-03 22:00:00+00:00,17.0,18,1.0,22.48889,69.69111,4.966,ordinary,flagged_facility,Jamnagar (Sikka) marine terminal,7.19,False,True,3,,False
419292000,RELTUG SIX,IND,jamnagar_vadinar_sep_oct2025,2025-10-04 10:00:00+00:00,2025-10-05 03:00:00+00:00,17.0,18,1.0,22.49222,69.84444,4.975,ordinary,flagged_facility,Jamnagar (Sikka) marine terminal,14.54,False,True,3,,False
419293000,RELTUG 7,IND,jamnagar_vadinar_sep_oct2025,2025-09-06 09:00:00+00:00,2025-09-07 02:00:00+00:00,17.0,18,1.0,22.49056,69.84944,1.43,ordinary,flagged_facility,Jamnagar (Sikka) marine terminal,14.91,False,True,3,,False
419293000,RELTUG 7,IND,jamnagar_vadinar_sep_oct2025,2025-09-11 14:00:00+00:00,2025-09-12 07:00:00+00:00,17.0,18,1.0,22.49222,69.84722,3.425,ordinary,flagged_facility,Jamnagar (Sikka) marine terminal,14.79,False,True,3,,False
419293000,RELTUG 7,IND,jamnagar_vadinar_sep_oct2025,2025-09-25 02:00:00+00:00,2025-09-25 19:00:00+00:00,17.0,18,1.0,22.49222,69.84444,4.975,ordinary,flagged_facility,Jamnagar (Sikka) marine terminal,14.54,False,True,3,,False
419293000,RELTUG 7,IND,jamnagar_vadinar_sep_oct2025,2025-10-02 08:00:00+00:00,2025-10-03 01:00:00+00:00,17.0,18,1.0,22.49222,69.84444,4.975,ordinary,flagged_facility,Jamnagar (Sikka) marine terminal,14.54,False,True,3,,False
419293000,RELTUG 7,IND,jamnagar_vadinar_sep_oct2025,2025-10-08 11:00:00+00:00,2025-10-09 04:00:00+00:00,17.0,18,1.0,22.49167,69.84833,2.775,ordinary,flagged_facility,Jamnagar (Sikka) marine terminal,14.86,False,True,3,,False
419901161,M.T TORQUE,IND,jamnagar_vadinar_sep_oct2025,2025-09-09 02:00:00+00:00,2025-09-09 19:00:00+00:00,17.0,16,0.889,22.495,69.835,1.745,ordinary,flagged_facility,Jamnagar (Sikka) marine terminal,13.85,False,True,3,,False
419901161,M.T TORQUE,IND,jamnagar_vadinar_sep_oct2025,2025-09-22 13:00:00+00:00,2025-09-23 06:00:00+00:00,17.0,18,1.0,22.56889,69.78722,4.334,ordinary,flagged_facility,Vadinar terminal / Nayara refinery (EU+UK sanctioned),14.25,False,True,3,,False
419902339,MT MAHADEV,IND,jamnagar_vadinar_sep_oct2025,2025-09-02 18:00:00+00:00,2025-09-03 11:00:00+00:00,17.0,17,0.944,22.43,69.67,0.0,ordinary,flagged_facility,Jamnagar (Sikka) marine terminal,5.14,False,True,3,,False
419902339,MT MAHADEV,IND,jamnagar_vadinar_sep_oct2025,2025-09-27 13:00:00+00:00,2025-09-28 06:00:00+00:00,17.0,18,1.0,22.43222,69.67,4.201,ordinary,flagged_facility,Jamnagar (Sikka) marine terminal,5.15,False,True,3,,False
419956663,M.V. MANGAL MURTI,IND,jamnagar_vadinar_sep_oct2025,2025-09-19 17:00:00+00:00,2025-09-20 10:00:00+00:00,17.0,16,0.889,22.43,69.67,0.0,ordinary,flagged_facility,Jamnagar (Sikka) marine terminal,5.14,False,True,3,,False
419957002,M V ANTILLIA  2,IND,jamnagar_vadinar_sep_oct2025,2025-09-01 01:00:00+00:00,2025-09-01 18:00:00+00:00,17.0,17,0.944,22.38882,69.61647,2.124,ordinary,flagged_facility,Jamnagar (Sikka) marine terminal,11.59,False,True,3,,False
419957028,KB 48,IND,jamnagar_vadinar_sep_oct2025,2025-10-06 16:00:00+00:00,2025-10-07 09:00:00+00:00,17.0,15,0.833,22.68867,69.66867,1.311,ordinary,flagged_facility,Vadinar terminal / Nayara refinery (EU+UK sanctioned),15.54,False,True,3,,False
419991279,DARIYA JYOT,IND,jamnagar_vadinar_sep_oct2025,2025-09-27 13:00:00+00:00,2025-09-28 06:00:00+00:00,17.0,18,1.0,22.43611,69.67,1.544,ordinary,flagged_facility,Jamnagar (Sikka) marine terminal,5.18,False,True,3,,False
419000056,SUCCESS NETRAVATI,IND,jamnagar_vadinar_sep_oct2025,2025-09-14 19:00:00+00:00,2025-09-15 11:00:00+00:00,16.0,17,1.0,22.43059,69.67,1.047,ordinary,flagged_facility,Jamnagar (Sikka) marine terminal,5.14,False,True,3,,False
419000102,BRAHMANI,IND,jamnagar_vadinar_sep_oct2025,2025-10-05 11:00:00+00:00,2025-10-06 03:00:00+00:00,16.0,17,1.0,22.68,69.65471,0.543,ordinary,flagged_facility,Vadinar terminal / Nayara refinery (EU+UK sanctioned),14.46,False,True,3,,False
419000638,OCEAN     EMPIRE,IND,jamnagar_vadinar_sep_oct2025,2025-09-10 08:00:00+00:00,2025-09-11 00:00:00+00:00,16.0,17,1.0,22.44059,69.67,1.047,ordinary,flagged_facility,Jamnagar (Sikka) marine terminal,5.27,False,True,3,,False
419000964,ASTER STAR,IND,jamnagar_vadinar_sep_oct2025,2025-09-20 17:00:00+00:00,2025-09-21 09:00:00+00:00,16.0,15,0.882,22.49267,69.846,4.787,ordinary,flagged_facility,Jamnagar (Sikka) marine terminal,14.7,False,True,3,,False
419000964,ASTER STAR,IND,jamnagar_vadinar_sep_oct2025,2025-10-05 07:00:00+00:00,2025-10-05 23:00:00+00:00,16.0,17,1.0,22.49,69.85,0.0,ordinary,flagged_facility,Jamnagar (Sikka) marine terminal,14.93,False,True,3,,False
419001058,,IND,jamnagar_vadinar_sep_oct2025,2025-10-06 12:00:00+00:00,2025-10-07 04:00:00+00:00,16.0,17,1.0,22.50118,69.82941,2.306,ordinary,flagged_facility,Jamnagar (Sikka) marine terminal,13.75,False,True,3,,False
419001286,TUG KB XI,IND,jamnagar_vadinar_sep_oct2025,2025-09-18 08:00:00+00:00,2025-09-19 00:00:00+00:00,16.0,17,1.0,22.47,69.68177,3.548,ordinary,flagged_facility,Jamnagar (Sikka) marine terminal,5.93,False,True,3,,False
419001390,KNK ASHIMA,IND,jamnagar_vadinar_sep_oct2025,2025-09-12 14:00:00+00:00,2025-09-13 06:00:00+00:00,16.0,17,1.0,22.44059,69.67,1.047,ordinary,flagged_facility,Jamnagar (Sikka) marine terminal,5.27,False,True,3,,False
419001487,RELTUG EIGHTEEN,IND,jamnagar_vadinar_sep_oct2025,2025-09-22 02:00:00+00:00,2025-09-22 18:00:00+00:00,16.0,17,1.0,22.50235,69.8347,4.994,ordinary,flagged_facility,Jamnagar (Sikka) marine terminal,14.27,False,True,3,,False
419001517,SHARAN,IND,jamnagar_vadinar_sep_oct2025,2025-09-21 07:00:00+00:00,2025-09-21 23:00:00+00:00,16.0,17,1.0,22.39176,69.60765,4.984,ordinary,flagged_facility,Jamnagar (Sikka) marine terminal,12.31,False,True,3,,False
419001651,KNK NAYRA,IND,jamnagar_vadinar_sep_oct2025,2025-09-22 12:00:00+00:00,2025-09-23 04:00:00+00:00,16.0,17,1.0,22.50882,69.80765,3.465,ordinary,flagged_facility,Jamnagar (Sikka) marine terminal,12.57,False,True,3,,False
419001651,KNK NAYRA,IND,jamnagar_vadinar_sep_oct2025,2025-10-05 08:00:00+00:00,2025-10-06 00:00:00+00:00,16.0,17,1.0,22.5,69.84,0.0,ordinary,flagged_facility,Jamnagar (Sikka) marine terminal,14.58,False,True,3,,False
419001715,ZINNIA STAR,IND,jamnagar_vadinar_sep_oct2025,2025-09-10 09:00:00+00:00,2025-09-11 01:00:00+00:00,16.0,17,1.0,22.44294,69.66941,4.233,ordinary,flagged_facility,Jamnagar (Sikka) marine terminal,5.39,False,True,3,,False
419001794,RIVER PEARL 10,IND,jamnagar_vadinar_sep_oct2025,2025-10-09 12:00:00+00:00,2025-10-10 04:00:00+00:00,16.0,17,1.0,22.44471,69.66941,3.925,ordinary,flagged_facility,Jamnagar (Sikka) marine terminal,5.45,False,True,3,,False
419001885,KB 49,IND,jamnagar_vadinar_sep_oct2025,2025-10-07 10:00:00+00:00,2025-10-08 02:00:00+00:00,16.0,17,1.0,22.46118,69.67824,3.426,ordinary,flagged_facility,Jamnagar (Sikka) marine terminal,5.52,False,True,3,,False
419001985,,IND,jamnagar_vadinar_sep_oct2025,2025-10-09 16:00:00+00:00,2025-10-10 08:00:00+00:00,16.0,17,1.0,22.49588,69.66059,2.879,ordinary,flagged_facility,Vadinar terminal / Nayara refinery (EU+UK sanctioned),6.12,False,True,3,,False
419009000,M.T.BLOSSOM,IND,jamnagar_vadinar_sep_oct2025,2025-09-07 09:00:00+00:00,2025-09-08 01:00:00+00:00,16.0,17,1.0,22.5,69.84,0.0,ordinary,flagged_facility,Jamnagar (Sikka) marine terminal,14.58,False,True,3,,False
419014300,M V APURVA,IND,jamnagar_vadinar_sep_oct2025,2025-09-12 12:00:00+00:00,2025-09-13 04:00:00+00:00,16.0,17,1.0,22.5,69.84,0.0,ordinary,flagged_facility,Jamnagar (Sikka) marine terminal,14.58,False,True,3,,False
419014400,M V POONAM,IND,jamnagar_vadinar_sep_oct2025,2025-09-22 12:00:00+00:00,2025-09-23 04:00:00+00:00,16.0,17,1.0,22.5,69.83941,0.966,ordinary,flagged_facility,Jamnagar (Sikka) marine terminal,14.53,False,True,3,,False
419014400,M V POONAM,IND,jamnagar_vadinar_sep_oct2025,2025-09-23 10:00:00+00:00,2025-09-24 02:00:00+00:00,16.0,17,1.0,22.5,69.84,0.0,ordinary,flagged_facility,Jamnagar (Sikka) marine terminal,14.58,False,True,3,,False
419032300,AQUA SUN,IND,jamnagar_vadinar_sep_oct2025,2025-09-01 12:00:00+00:00,2025-09-02 04:00:00+00:00,16.0,17,1.0,22.56529,69.84058,1.636,ordinary,flagged_facility,Jamnagar (Sikka) marine terminal,19.49,False,True,3,,False
419032300,AQUA SUN,IND,jamnagar_vadinar_sep_oct2025,2025-09-24 10:00:00+00:00,2025-09-25 02:00:00+00:00,16.0,17,1.0,22.56,69.83823,2.907,ordinary,flagged_facility,Jamnagar (Sikka) marine terminal,18.88,False,True,3,,False
419032300,AQUA SUN,IND,jamnagar_vadinar_sep_oct2025,2025-09-25 10:00:00+00:00,2025-09-26 02:00:00+00:00,16.0,17,1.0,22.48,69.83118,0.906,ordinary,flagged_facility,Jamnagar (Sikka) marine terminal,12.71,False,True,3,,False
419033900,REL SAGAR,IND,jamnagar_vadinar_sep_oct2025,2025-09-01 09:00:00+00:00,2025-09-02 01:00:00+00:00,16.0,17,1.0,22.51,69.8,0.0,ordinary,flagged_facility,Jamnagar (Sikka) marine terminal,12.11,False,True,3,,False
419033900,REL SAGAR,IND,jamnagar_vadinar_sep_oct2025,2025-09-27 11:00:00+00:00,2025-09-28 03:00:00+00:00,16.0,17,1.0,22.49647,69.83471,3.869,ordinary,flagged_facility,Jamnagar (Sikka) marine terminal,13.91,False,True,3,,False
419055150,M.T. BLUE BELL,IND,jamnagar_vadinar_sep_oct2025,2025-09-13 15:00:00+00:00,2025-09-14 07:00:00+00:00,16.0,17,1.0,22.49,69.86,0.0,ordinary,flagged_facility,Jamnagar (Sikka) marine terminal,15.86,False,True,3,,False
419056200,M.T.IRIS,IND,jamnagar_vadinar_sep_oct2025,2025-09-24 11:00:00+00:00,2025-09-25 03:00:00+00:00,16.0,17,1.0,22.49118,69.85647,2.891,ordinary,flagged_facility,Jamnagar (Sikka) marine terminal,15.59,False,True,3,,False
419056200,M.T.IRIS,IND,jamnagar_vadinar_sep_oct2025,2025-10-08 13:00:00+00:00,2025-10-09 05:00:00+00:00,16.0,17,1.0,22.49059,69.85882,2.199,ordinary,flagged_facility,Jamnagar (Sikka) marine terminal,15.78,False,True,3,,False
419067700,MV PERSISTENCE,IND,jamnagar_vadinar_sep_oct2025,2025-09-20 14:00:00+00:00,2025-09-21 06:00:00+00:00,16.0,17,1.0,22.39,69.61,0.0,ordinary,flagged_facility,Jamnagar (Sikka) marine terminal,12.15,False,True,3,,False
419071500,M. T. HAZEL,IND,jamnagar_vadinar_sep_oct2025,2025-09-05 12:00:00+00:00,2025-09-06 04:00:00+00:00,16.0,17,1.0,22.49,69.86,0.0,ordinary,flagged_facility,Jamnagar (Sikka) marine terminal,15.86,False,True,3,,False
419071500,M. T. HAZEL,IND,jamnagar_vadinar_sep_oct2025,2025-10-05 08:00:00+00:00,2025-10-06 00:00:00+00:00,16.0,17,1.0,22.49,69.85941,0.967,ordinary,flagged_facility,Jamnagar (Sikka) marine terminal,15.8,False,True,3,,False
419072500,RELTUG 16,IND,jamnagar_vadinar_sep_oct2025,2025-09-05 05:00:00+00:00,2025-09-05 21:00:00+00:00,16.0,17,1.0,22.49706,69.84117,4.939,ordinary,flagged_facility,Jamnagar (Sikka) marine terminal,14.51,False,True,3,,False
419072600,REL TUG FIFTEEN,IND,jamnagar_vadinar_sep_oct2025,2025-09-10 13:00:00+00:00,2025-09-11 05:00:00+00:00,16.0,17,1.0,22.49059,69.84941,1.425,ordinary,flagged_facility,Jamnagar (Sikka) marine terminal,14.91,False,True,3,,False
419072600,REL TUG FIFTEEN,IND,jamnagar_vadinar_sep_oct2025,2025-09-12 13:00:00+00:00,2025-09-13 05:00:00+00:00,16.0,17,1.0,22.49,69.85,0.0,ordinary,flagged_facility,Jamnagar (Sikka) marine terminal,14.93,False,True,3,,False
419072600,REL TUG FIFTEEN,IND,jamnagar_vadinar_sep_oct2025,2025-10-11 07:00:00+00:00,2025-10-11 23:00:00+00:00,16.0,17,1.0,22.49294,69.84353,4.857,ordinary,flagged_facility,Jamnagar (Sikka) marine terminal,14.5,False,True,3,,False
419072900,PARIJAT,IND,jamnagar_vadinar_sep_oct2025,2025-09-26 14:00:00+00:00,2025-09-27 06:00:00+00:00,16.0,17,1.0,22.49059,69.85765,3.027,ordinary,flagged_facility,Jamnagar (Sikka) marine terminal,15.67,False,True,3,,False
419077200,AKASH,IND,jamnagar_vadinar_sep_oct2025,2025-09-05 07:00:00+00:00,2025-09-05 23:00:00+00:00,16.0,17,1.0,22.50118,69.83,2.332,ordinary,flagged_facility,Jamnagar (Sikka) marine terminal,13.8,False,True,3,,False
419077200,AKASH,IND,jamnagar_vadinar_sep_oct2025,2025-09-24 09:00:00+00:00,2025-09-25 01:00:00+00:00,16.0,17,1.0,22.50588,69.80588,3.798,ordinary,flagged_facility,Jamnagar (Sikka) marine terminal,12.21,False,True,3,,False
419077200,AKASH,IND,jamnagar_vadinar_sep_oct2025,2025-09-28 09:00:00+00:00,2025-09-29 01:00:00+00:00,16.0,17,1.0,22.50941,69.80765,3.484,ordinary,flagged_facility,Jamnagar (Sikka) marine terminal,12.61,False,True,3,,False
419077200,AKASH,IND,jamnagar_vadinar_sep_oct2025,2025-10-04 12:00:00+00:00,2025-10-05 04:00:00+00:00,16.0,17,1.0,22.51059,69.8,1.047,ordinary,flagged_facility,Jamnagar (Sikka) marine terminal,12.16,False,True,3,,False
419077200,AKASH,IND,jamnagar_vadinar_sep_oct2025,2025-10-07 13:00:00+00:00,2025-10-08 05:00:00+00:00,16.0,17,1.0,22.50059,69.82765,3.739,ordinary,flagged_facility,Jamnagar (Sikka) marine terminal,13.56,False,True,3,,False
419077500,AGNI,IND,jamnagar_vadinar_sep_oct2025,2025-09-04 09:00:00+00:00,2025-09-05 01:00:00+00:00,16.0,14,0.824,22.50143,69.82929,2.275,ordinary,flagged_facility,Jamnagar (Sikka) marine terminal,13.76,False,True,3,,False
419077500,AGNI,IND,jamnagar_vadinar_sep_oct2025,2025-09-30 14:00:00+00:00,2025-10-01 06:00:00+00:00,16.0,17,1.0,22.49824,69.82412,4.537,ordinary,flagged_facility,Jamnagar (Sikka) marine terminal,13.12,False,True,3,,False
419077500,AGNI,IND,jamnagar_vadinar_sep_oct2025,2025-10-02 12:00:00+00:00,2025-10-03 04:00:00+00:00,16.0,17,1.0,22.51059,69.8,1.467,ordinary,flagged_facility,Jamnagar (Sikka) marine terminal,12.16,False,True,3,,False
419077500,AGNI,IND,jamnagar_vadinar_sep_oct2025,2025-10-05 12:00:00+00:00,2025-10-06 04:00:00+00:00,16.0,17,1.0,22.51118,69.8,2.093,ordinary,flagged_facility,Jamnagar (Sikka) marine terminal,12.21,False,True,3,,False
419079300,MV ANJALI,IND,jamnagar_vadinar_sep_oct2025,2025-09-27 22:00:00+00:00,2025-09-28 14:00:00+00:00,16.0,17,1.0,22.50176,69.83764,4.981,ordinary,flagged_facility,Jamnagar (Sikka) marine terminal,14.48,False,True,3,,False
419079300,MV ANJALI,IND,jamnagar_vadinar_sep_oct2025,2025-10-05 08:00:00+00:00,2025-10-06 00:00:00+00:00,16.0,17,1.0,22.5,69.83764,0.785,ordinary,flagged_facility,Jamnagar (Sikka) marine terminal,14.38,False,True,3,,False
419079300,MV ANJALI,IND,jamnagar_vadinar_sep_oct2025,2025-10-08 13:00:00+00:00,2025-10-09 05:00:00+00:00,16.0,17,1.0,22.5,69.83823,0.846,ordinary,flagged_facility,Jamnagar (Sikka) marine terminal,14.43,False,True,3,,False
419293000,RELTUG 7,IND,jamnagar_vadinar_sep_oct2025,2025-09-08 10:00:00+00:00,2025-09-09 02:00:00+00:00,16.0,17,1.0,22.50706,69.81412,2.772,ordinary,flagged_facility,Jamnagar (Sikka) marine terminal,12.92,False,True,3,,False
419293000,RELTUG 7,IND,jamnagar_vadinar_sep_oct2025,2025-09-15 07:00:00+00:00,2025-09-15 23:00:00+00:00,16.0,17,1.0,22.49706,69.84059,4.41,ordinary,flagged_facility,Jamnagar (Sikka) marine terminal,14.46,False,True,3,,False
419956787,DAWN II,IND,jamnagar_vadinar_sep_oct2025,2025-09-16 11:00:00+00:00,2025-09-17 03:00:00+00:00,16.0,17,1.0,22.55882,69.83588,4.372,ordinary,flagged_facility,Jamnagar (Sikka) marine terminal,18.63,False,True,3,,False
419956787,DAWN II,IND,jamnagar_vadinar_sep_oct2025,2025-10-10 16:00:00+00:00,2025-10-11 08:00:00+00:00,16.0,17,1.0,22.49059,69.83,4.84,ordinary,flagged_facility,Jamnagar (Sikka) marine terminal,13.16,False,True,3,,False
419957002,M V ANTILLIA  2,IND,jamnagar_vadinar_sep_oct2025,2025-10-09 07:00:00+00:00,2025-10-09 23:00:00+00:00,16.0,17,1.0,22.39176,69.60765,4.984,ordinary,flagged_facility,Jamnagar (Sikka) marine terminal,12.31,False,True,3,,False
419991279,DARIYA JYOT,IND,jamnagar_vadinar_sep_oct2025,2025-09-26 12:00:00+00:00,2025-09-27 04:00:00+00:00,16.0,17,1.0,22.43059,69.67,1.047,ordinary,flagged_facility,Jamnagar (Sikka) marine terminal,5.14,False,True,3,,False
419000056,SUCCESS NETRAVATI,IND,jamnagar_vadinar_sep_oct2025,2025-09-23 03:00:00+00:00,2025-09-23 18:00:00+00:00,15.0,16,1.0,22.4375,69.67687,1.093,ordinary,flagged_facility,Jamnagar (Sikka) marine terminal,4.51,False,True,3,,False
419001058,,IND,jamnagar_vadinar_sep_oct2025,2025-09-07 09:00:00+00:00,2025-09-08 00:00:00+00:00,15.0,16,1.0,22.50125,69.83,2.324,ordinary,flagged_facility,Jamnagar (Sikka) marine terminal,13.8,False,True,3,,False
419001085,RELTUG SEVENTEEN,IND,jamnagar_vadinar_sep_oct2025,2025-09-14 07:00:00+00:00,2025-09-14 22:00:00+00:00,15.0,16,1.0,22.49813,69.84125,4.886,ordinary,flagged_facility,Jamnagar (Sikka) marine terminal,14.58,False,True,3,,False
419001286,TUG KB XI,IND,jamnagar_vadinar_sep_oct2025,2025-09-21 15:00:00+00:00,2025-09-22 06:00:00+00:00,15.0,15,0.938,22.524,69.69467,4.916,ordinary,flagged_facility,Vadinar terminal / Nayara refinery (EU+UK sanctioned),5.42,False,True,3,,False
419001390,KNK ASHIMA,IND,jamnagar_vadinar_sep_oct2025,2025-10-04 10:00:00+00:00,2025-10-05 01:00:00+00:00,15.0,16,1.0,22.44313,69.67,2.988,ordinary,flagged_facility,Jamnagar (Sikka) marine terminal,5.34,False,True,3,,False
419001456,MEERA,IND,jamnagar_vadinar_sep_oct2025,2025-09-24 01:00:00+00:00,2025-09-24 16:00:00+00:00,15.0,16,1.0,22.44875,69.66937,4.687,ordinary,flagged_facility,Jamnagar (Sikka) marine terminal,5.61,False,True,3,,False
419001472,OCEAN PRIDE,IND,jamnagar_vadinar_sep_oct2025,2025-10-07 11:00:00+00:00,2025-10-08 02:00:00+00:00,15.0,16,1.0,22.4425,69.67,0.834,ordinary,flagged_facility,Jamnagar (Sikka) marine terminal,5.32,False,True,3,,False
419001487,RELTUG EIGHTEEN,IND,jamnagar_vadinar_sep_oct2025,2025-10-07 00:00:00+00:00,2025-10-07 15:00:00+00:00,15.0,16,1.0,22.4925,69.82812,4.969,ordinary,flagged_facility,Jamnagar (Sikka) marine terminal,13.1,False,True,3,,False
419001517,SHARAN,IND,jamnagar_vadinar_sep_oct2025,2025-09-01 00:00:00+00:00,2025-09-01 15:00:00+00:00,15.0,16,1.0,22.39,69.61,0.0,ordinary,flagged_facility,Jamnagar (Sikka) marine terminal,12.15,False,True,3,,False
419001651,KNK NAYRA,IND,jamnagar_vadinar_sep_oct2025,2025-09-03 10:00:00+00:00,2025-09-04 01:00:00+00:00,15.0,16,1.0,22.50812,69.8125,2.966,ordinary,flagged_facility,Jamnagar (Sikka) marine terminal,12.88,False,True,3,,False
419001715,ZINNIA STAR,IND,jamnagar_vadinar_sep_oct2025,2025-09-26 09:00:00+00:00,2025-09-27 00:00:00+00:00,15.0,16,1.0,22.445,69.66937,4.009,ordinary,flagged_facility,Jamnagar (Sikka) marine terminal,5.46,False,True,3,,False
419001884,MT KB 50,IND,jamnagar_vadinar_sep_oct2025,2025-10-04 05:00:00+00:00,2025-10-04 20:00:00+00:00,15.0,11,0.688,22.43,69.82,0.0,ordinary,flagged_facility,Jamnagar (Sikka) marine terminal,10.28,False,True,3,,False
419001985,,IND,jamnagar_vadinar_sep_oct2025,2025-09-20 11:00:00+00:00,2025-09-21 02:00:00+00:00,15.0,16,1.0,22.44,69.67062,0.964,ordinary,flagged_facility,Jamnagar (Sikka) marine terminal,5.2,False,True,3,,False
419002022,A.E.L.II,IND,jamnagar_vadinar_sep_oct2025,2025-09-27 23:00:00+00:00,2025-09-28 14:00:00+00:00,15.0,16,1.0,22.7,69.765,0.513,ordinary,flagged_facility,Vadinar terminal / Nayara refinery (EU+UK sanctioned),20.43,False,True,3,,False
419014400,M V POONAM,IND,jamnagar_vadinar_sep_oct2025,2025-09-13 07:00:00+00:00,2025-09-13 22:00:00+00:00,15.0,16,1.0,22.49938,69.84062,2.247,ordinary,flagged_facility,Jamnagar (Sikka) marine terminal,14.6,False,True,3,,False
419014400,M V POONAM,IND,jamnagar_vadinar_sep_oct2025,2025-09-18 11:00:00+00:00,2025-09-19 02:00:00+00:00,15.0,16,1.0,22.5,69.84,0.0,ordinary,flagged_facility,Jamnagar (Sikka) marine terminal,14.58,False,True,3,,False
419024600,ESSAR TUG XI,IND,jamnagar_vadinar_sep_oct2025,2025-09-01 06:00:00+00:00,2025-09-01 21:00:00+00:00,15.0,16,1.0,22.39,69.61188,0.836,ordinary,flagged_facility,Jamnagar (Sikka) marine terminal,11.97,False,True,3,,False
419032300,AQUA SUN,IND,jamnagar_vadinar_sep_oct2025,2025-09-18 03:00:00+00:00,2025-09-18 18:00:00+00:00,15.0,16,1.0,22.4875,69.8225,4.375,ordinary,flagged_facility,Jamnagar (Sikka) marine terminal,12.32,False,True,3,,False
419033600,RELTUG ELEVEN,IND,jamnagar_vadinar_sep_oct2025,2025-09-08 02:00:00+00:00,2025-09-08 17:00:00+00:00,15.0,16,1.0,22.49625,69.84062,4.938,ordinary,flagged_facility,Jamnagar (Sikka) marine terminal,14.42,False,True,3,,False
419033900,REL SAGAR,IND,jamnagar_vadinar_sep_oct2025,2025-09-13 10:00:00+00:00,2025-09-14 01:00:00+00:00,15.0,16,1.0,22.5125,69.79938,4.28,ordinary,flagged_facility,Jamnagar (Sikka) marine terminal,12.28,False,True,3,,False
419039900,MSV SAFINA AL NUH,IND,jamnagar_vadinar_sep_oct2025,2025-09-09 10:00:00+00:00,2025-09-10 01:00:00+00:00,15.0,12,0.75,22.40083,69.58916,1.388,ordinary,flagged_facility,Jamnagar (Sikka) marine terminal,13.84,False,True,3,,False
419055100,DOLPHIN NO 4,IND,jamnagar_vadinar_sep_oct2025,2025-10-05 00:00:00+00:00,2025-10-05 15:00:00+00:00,15.0,9,0.562,22.68111,69.64111,4.11,ordinary,flagged_facility,Vadinar terminal / Nayara refinery (EU+UK sanctioned),14.61,False,True,3,,False
419055150,M.T. BLUE BELL,IND,jamnagar_vadinar_sep_oct2025,2025-09-21 11:00:00+00:00,2025-09-22 02:00:00+00:00,15.0,15,0.938,22.492,69.85733,4.94,ordinary,flagged_facility,Jamnagar (Sikka) marine terminal,15.71,False,True,3,,False
419055150,M.T. BLUE BELL,IND,jamnagar_vadinar_sep_oct2025,2025-09-22 13:00:00+00:00,2025-09-23 04:00:00+00:00,15.0,16,1.0,22.49188,69.8575,4.962,ordinary,flagged_facility,Jamnagar (Sikka) marine terminal,15.72,False,True,3,,False
419055150,M.T. BLUE BELL,IND,jamnagar_vadinar_sep_oct2025,2025-09-24 13:00:00+00:00,2025-09-25 04:00:00+00:00,15.0,16,1.0,22.49,69.86,0.0,ordinary,flagged_facility,Jamnagar (Sikka) marine terminal,15.86,False,True,3,,False
419055150,M.T. BLUE BELL,IND,jamnagar_vadinar_sep_oct2025,2025-10-08 15:00:00+00:00,2025-10-09 06:00:00+00:00,15.0,16,1.0,22.49,69.85938,0.963,ordinary,flagged_facility,Jamnagar (Sikka) marine terminal,15.8,False,True,3,,False
419056200,M.T.IRIS,IND,jamnagar_vadinar_sep_oct2025,2025-09-13 14:00:00+00:00,2025-09-14 05:00:00+00:00,15.0,16,1.0,22.49063,69.85875,2.191,ordinary,flagged_facility,Jamnagar (Sikka) marine terminal,15.77,False,True,3,,False
419056200,M.T.IRIS,IND,jamnagar_vadinar_sep_oct2025,2025-09-29 13:00:00+00:00,2025-09-30 04:00:00+00:00,15.0,15,0.938,22.49,69.86,0.0,ordinary,flagged_facility,Jamnagar (Sikka) marine terminal,15.86,False,True,3,,False
419066300,SB EAGLE,IND,jamnagar_vadinar_sep_oct2025,2025-09-03 11:00:00+00:00,2025-09-04 02:00:00+00:00,15.0,16,1.0,22.49063,69.85688,2.951,ordinary,flagged_facility,Jamnagar (Sikka) marine terminal,15.6,False,True,3,,False
419066300,SB EAGLE,IND,jamnagar_vadinar_sep_oct2025,2025-09-09 11:00:00+00:00,2025-09-10 02:00:00+00:00,15.0,16,1.0,22.49125,69.85312,1.663,ordinary,flagged_facility,Jamnagar (Sikka) marine terminal,15.28,False,True,3,,False
419066400,M V CHETAK,IND,jamnagar_vadinar_sep_oct2025,2025-09-09 14:00:00+00:00,2025-09-10 05:00:00+00:00,15.0,16,1.0,22.50625,69.83125,4.992,ordinary,flagged_facility,Jamnagar (Sikka) marine terminal,14.23,False,True,3,,False
419066400,M V CHETAK,IND,jamnagar_vadinar_sep_oct2025,2025-10-09 11:00:00+00:00,2025-10-10 02:00:00+00:00,15.0,16,1.0,22.505,69.82562,4.975,ordinary,flagged_facility,Jamnagar (Sikka) marine terminal,13.69,False,True,3,,False
419071500,M. T. HAZEL,IND,jamnagar_vadinar_sep_oct2025,2025-09-06 09:00:00+00:00,2025-09-07 00:00:00+00:00,15.0,16,1.0,22.49125,69.85688,4.324,ordinary,flagged_facility,Jamnagar (Sikka) marine terminal,15.63,False,True,3,,False
419071500,M. T. HAZEL,IND,jamnagar_vadinar_sep_oct2025,2025-09-24 10:00:00+00:00,2025-09-25 01:00:00+00:00,15.0,16,1.0,22.49,69.86,0.0,ordinary,flagged_facility,Jamnagar (Sikka) marine terminal,15.86,False,True,3,,False
419071500,M. T. HAZEL,IND,jamnagar_vadinar_sep_oct2025,2025-10-01 13:00:00+00:00,2025-10-02 04:00:00+00:00,15.0,16,1.0,22.49125,69.85625,2.867,ordinary,flagged_facility,Jamnagar (Sikka) marine terminal,15.57,False,True,3,,False
419071500,M. T. HAZEL,IND,jamnagar_vadinar_sep_oct2025,2025-10-03 07:00:00+00:00,2025-10-03 22:00:00+00:00,15.0,16,1.0,22.49125,69.85625,2.867,ordinary,flagged_facility,Jamnagar (Sikka) marine terminal,15.57,False,True,3,,False
419071500,M. T. HAZEL,IND,jamnagar_vadinar_sep_oct2025,2025-10-04 14:00:00+00:00,2025-10-05 05:00:00+00:00,15.0,16,1.0,22.49125,69.85813,3.563,ordinary,flagged_facility,Jamnagar (Sikka) marine terminal,15.74,False,True,3,,False
419072500,RELTUG 16,IND,jamnagar_vadinar_sep_oct2025,2025-10-01 18:00:00+00:00,2025-10-02 09:00:00+00:00,15.0,16,1.0,22.49437,69.84562,2.365,ordinary,flagged_facility,Jamnagar (Sikka) marine terminal,14.76,False,True,3,,False
419072500,RELTUG 16,IND,jamnagar_vadinar_sep_oct2025,2025-10-06 16:00:00+00:00,2025-10-07 07:00:00+00:00,15.0,16,1.0,22.49188,69.84812,2.744,ordinary,flagged_facility,Jamnagar (Sikka) marine terminal,14.86,False,True,3,,False
419072700,RELTUG 14,IND,jamnagar_vadinar_sep_oct2025,2025-09-25 19:00:00+00:00,2025-09-26 10:00:00+00:00,15.0,16,1.0,22.50313,69.82125,3.294,ordinary,flagged_facility,Jamnagar (Sikka) marine terminal,13.2,False,True,3,,False
419072700,RELTUG 14,IND,jamnagar_vadinar_sep_oct2025,2025-09-27 13:00:00+00:00,2025-09-28 04:00:00+00:00,15.0,16,1.0,22.49063,69.84875,2.19,ordinary,flagged_facility,Jamnagar (Sikka) marine terminal,14.85,False,True,3,,False
419072700,RELTUG 14,IND,jamnagar_vadinar_sep_oct2025,2025-09-29 13:00:00+00:00,2025-09-30 04:00:00+00:00,15.0,16,1.0,22.49,69.85,0.0,ordinary,flagged_facility,Jamnagar (Sikka) marine terminal,14.93,False,True,3,,False
419072900,PARIJAT,IND,jamnagar_vadinar_sep_oct2025,2025-09-05 08:00:00+00:00,2025-09-05 23:00:00+00:00,15.0,14,0.875,22.49,69.86,0.0,ordinary,flagged_facility,Jamnagar (Sikka) marine terminal,15.86,False,True,3,,False
419072900,PARIJAT,IND,jamnagar_vadinar_sep_oct2025,2025-09-21 13:00:00+00:00,2025-09-22 04:00:00+00:00,15.0,16,1.0,22.49188,69.85625,3.366,ordinary,flagged_facility,Jamnagar (Sikka) marine terminal,15.6,False,True,3,,False
419072900,PARIJAT,IND,jamnagar_vadinar_sep_oct2025,2025-09-23 10:00:00+00:00,2025-09-24 01:00:00+00:00,15.0,16,1.0,22.49125,69.85813,3.563,ordinary,flagged_facility,Jamnagar (Sikka) marine terminal,15.74,False,True,3,,False
419077500,AGNI,IND,jamnagar_vadinar_sep_oct2025,2025-09-13 09:00:00+00:00,2025-09-14 00:00:00+00:00,15.0,16,1.0,22.55438,69.7925,4.994,ordinary,flagged_facility,Vadinar terminal / Nayara refinery (EU+UK sanctioned),14.64,False,True,3,,False
419077600,NIVARAK,IND,jamnagar_vadinar_sep_oct2025,2025-09-01 00:00:00+00:00,2025-09-01 15:00:00+00:00,15.0,14,0.875,22.39071,69.60929,1.406,ordinary,flagged_facility,Jamnagar (Sikka) marine terminal,12.19,False,True,3,,False
419079300,MV ANJALI,IND,jamnagar_vadinar_sep_oct2025,2025-09-08 12:00:00+00:00,2025-09-09 03:00:00+00:00,15.0,16,1.0,22.5,69.83937,0.963,ordinary,flagged_facility,Jamnagar (Sikka) marine terminal,14.53,False,True,3,,False
419079300,MV ANJALI,IND,jamnagar_vadinar_sep_oct2025,2025-09-10 13:00:00+00:00,2025-09-11 04:00:00+00:00,15.0,16,1.0,22.5,69.84,3.027,ordinary,flagged_facility,Jamnagar (Sikka) marine terminal,14.58,False,True,3,,False
419079300,MV ANJALI,IND,jamnagar_vadinar_sep_oct2025,2025-10-07 10:00:00+00:00,2025-10-08 01:00:00+00:00,15.0,16,1.0,22.5,69.83875,0.898,ordinary,flagged_facility,Jamnagar (Sikka) marine terminal,14.47,False,True,3,,False
419079300,MV ANJALI,IND,jamnagar_vadinar_sep_oct2025,2025-10-09 09:00:00+00:00,2025-10-10 00:00:00+00:00,15.0,16,1.0,22.50125,69.83875,2.838,ordinary,flagged_facility,Jamnagar (Sikka) marine terminal,14.55,False,True,3,,False
419079400,MV APSARA,IND,jamnagar_vadinar_sep_oct2025,2025-09-17 08:00:00+00:00,2025-09-17 23:00:00+00:00,15.0,16,1.0,22.5,69.84,0.0,ordinary,flagged_facility,Jamnagar (Sikka) marine terminal,14.58,False,True,3,,False
419082300,DOLPHIN NO.11,IND,jamnagar_vadinar_sep_oct2025,2025-10-07 13:00:00+00:00,2025-10-08 04:00:00+00:00,15.0,16,1.0,22.68875,69.66812,1.281,ordinary,flagged_facility,Vadinar terminal / Nayara refinery (EU+UK sanctioned),15.54,False,True,3,,False
419293000,RELTUG 7,IND,jamnagar_vadinar_sep_oct2025,2025-09-16 00:00:00+00:00,2025-09-16 15:00:00+00:00,15.0,16,1.0,22.58375,69.84125,4.996,ordinary,flagged_facility,Vadinar terminal / Nayara refinery (EU+UK sanctioned),19.99,False,True,3,,False
419293000,RELTUG 7,IND,jamnagar_vadinar_sep_oct2025,2025-10-09 18:00:00+00:00,2025-10-10 09:00:00+00:00,15.0,16,1.0,22.49,69.85,0.0,ordinary,flagged_facility,Jamnagar (Sikka) marine terminal,14.93,False,True,3,,False
419956442,M.T.KB VI,IND,jamnagar_vadinar_sep_oct2025,2025-09-18 08:00:00+00:00,2025-09-18 23:00:00+00:00,15.0,16,1.0,22.49938,69.82813,3.506,ordinary,flagged_facility,Jamnagar (Sikka) marine terminal,13.53,False,True,3,,False
419956663,M.V. MANGAL MURTI,IND,jamnagar_vadinar_sep_oct2025,2025-09-03 02:00:00+00:00,2025-09-03 17:00:00+00:00,15.0,13,0.812,22.43231,69.67,3.079,ordinary,flagged_facility,Jamnagar (Sikka) marine terminal,5.15,False,True,3,,False
419956663,M.V. MANGAL MURTI,IND,jamnagar_vadinar_sep_oct2025,2025-09-30 22:00:00+00:00,2025-10-01 13:00:00+00:00,15.0,9,0.562,22.44111,69.66445,4.348,ordinary,flagged_facility,Jamnagar (Sikka) marine terminal,5.84,False,True,3,,False
419957028,KB 48,IND,jamnagar_vadinar_sep_oct2025,2025-09-10 14:00:00+00:00,2025-09-11 05:00:00+00:00,15.0,13,0.812,22.68923,69.66846,2.154,ordinary,flagged_facility,Vadinar terminal / Nayara refinery (EU+UK sanctioned),15.6,False,True,3,,False
419000056,SUCCESS NETRAVATI,IND,jamnagar_vadinar_sep_oct2025,2025-09-13 23:00:00+00:00,2025-09-14 13:00:00+00:00,14.0,15,1.0,22.432,69.67,3.113,ordinary,flagged_facility,Jamnagar (Sikka) marine terminal,5.14,False,True,3,,False
419000101,BAITARANI,IND,jamnagar_vadinar_sep_oct2025,2025-10-06 03:00:00+00:00,2025-10-06 17:00:00+00:00,14.0,15,1.0,22.67733,69.65934,2.865,ordinary,flagged_facility,Vadinar terminal / Nayara refinery (EU+UK sanctioned),14.19,False,True,3,,False
419000765,CALYPSO FORTUNE,IND,jamnagar_vadinar_sep_oct2025,2025-09-28 18:00:00+00:00,2025-09-29 08:00:00+00:00,14.0,15,1.0,22.57,69.812,4.853,ordinary,flagged_facility,Vadinar terminal / Nayara refinery (EU+UK sanctioned),16.78,False,True,3,,False
419000964,ASTER STAR,IND,jamnagar_vadinar_sep_oct2025,2025-09-18 04:00:00+00:00,2025-09-18 18:00:00+00:00,14.0,12,0.8,22.49083,69.84833,2.141,ordinary,flagged_facility,Jamnagar (Sikka) marine terminal,14.82,False,True,3,,False
419001058,,IND,jamnagar_vadinar_sep_oct2025,2025-09-21 14:00:00+00:00,2025-09-22 04:00:00+00:00,14.0,15,1.0,22.498,69.82933,3.295,ordinary,flagged_facility,Jamnagar (Sikka) marine terminal,13.54,False,True,3,,False
419001208,DIPPER,IND,jamnagar_vadinar_sep_oct2025,2025-09-04 16:00:00+00:00,2025-09-05 06:00:00+00:00,14.0,15,1.0,22.47667,69.68533,4.371,ordinary,flagged_facility,Jamnagar (Sikka) marine terminal,6.29,False,True,3,,False
419001286,TUG KB XI,IND,jamnagar_vadinar_sep_oct2025,2025-09-22 15:00:00+00:00,2025-09-23 05:00:00+00:00,14.0,15,1.0,22.528,69.70667,1.123,ordinary,flagged_facility,Vadinar terminal / Nayara refinery (EU+UK sanctioned),6.31,False,True,3,,False
419001472,OCEAN PRIDE,IND,jamnagar_vadinar_sep_oct2025,2025-09-17 05:00:00+00:00,2025-09-17 19:00:00+00:00,14.0,11,0.733,22.52818,69.68818,1.239,ordinary,flagged_facility,Vadinar terminal / Nayara refinery (EU+UK sanctioned),4.61,False,True,3,,False
419001472,OCEAN PRIDE,IND,jamnagar_vadinar_sep_oct2025,2025-10-04 19:00:00+00:00,2025-10-05 09:00:00+00:00,14.0,15,1.0,22.44,69.67,0.0,ordinary,flagged_facility,Jamnagar (Sikka) marine terminal,5.26,False,True,3,,False
419001600,RELTUG NINE,IND,jamnagar_vadinar_sep_oct2025,2025-09-21 01:00:00+00:00,2025-09-21 15:00:00+00:00,14.0,15,1.0,22.456,69.796,0.909,ordinary,flagged_facility,Jamnagar (Sikka) marine terminal,8.33,False,True,3,,False
419001651,KNK NAYRA,IND,jamnagar_vadinar_sep_oct2025,2025-09-10 09:00:00+00:00,2025-09-10 23:00:00+00:00,14.0,15,1.0,22.59,69.80533,0.547,ordinary,flagged_facility,Vadinar terminal / Nayara refinery (EU+UK sanctioned),16.56,False,True,3,,False
419001794,RIVER PEARL 10,IND,jamnagar_vadinar_sep_oct2025,2025-09-06 12:00:00+00:00,2025-09-07 02:00:00+00:00,14.0,15,1.0,22.442,69.67,3.113,ordinary,flagged_facility,Jamnagar (Sikka) marine terminal,5.31,False,True,3,,False
419002022,A.E.L.II,IND,jamnagar_vadinar_sep_oct2025,2025-10-08 04:00:00+00:00,2025-10-08 18:00:00+00:00,14.0,15,1.0,22.7,69.77466,0.547,ordinary,flagged_facility,Vadinar terminal / Nayara refinery (EU+UK sanctioned),21.02,False,True,3,,False
419014300,M V APURVA,IND,jamnagar_vadinar_sep_oct2025,2025-09-01 10:00:00+00:00,2025-09-02 00:00:00+00:00,14.0,15,1.0,22.50267,69.83866,4.246,ordinary,flagged_facility,Jamnagar (Sikka) marine terminal,14.63,False,True,3,,False
419014300,M V APURVA,IND,jamnagar_vadinar_sep_oct2025,2025-09-08 12:00:00+00:00,2025-09-09 02:00:00+00:00,14.0,15,1.0,22.502,69.83866,3.656,ordinary,flagged_facility,Jamnagar (Sikka) marine terminal,14.59,False,True,3,,False
419014300,M V APURVA,IND,jamnagar_vadinar_sep_oct2025,2025-09-15 11:00:00+00:00,2025-09-16 01:00:00+00:00,14.0,15,1.0,22.5,69.84,0.0,ordinary,flagged_facility,Jamnagar (Sikka) marine terminal,14.58,False,True,3,,False
419014300,M V APURVA,IND,jamnagar_vadinar_sep_oct2025,2025-10-01 11:00:00+00:00,2025-10-02 01:00:00+00:00,14.0,15,1.0,22.5,69.83866,0.89,ordinary,flagged_facility,Jamnagar (Sikka) marine terminal,14.47,False,True,3,,False
419014300,M V APURVA,IND,jamnagar_vadinar_sep_oct2025,2025-10-03 09:00:00+00:00,2025-10-03 23:00:00+00:00,14.0,15,1.0,22.5,69.83666,0.684,ordinary,flagged_facility,Jamnagar (Sikka) marine terminal,14.29,False,True,3,,False
419014400,M V POONAM,IND,jamnagar_vadinar_sep_oct2025,2025-09-24 13:00:00+00:00,2025-09-25 03:00:00+00:00,14.0,15,1.0,22.50267,69.83933,4.26,ordinary,flagged_facility,Jamnagar (Sikka) marine terminal,14.68,False,True,3,,False
419014400,M V POONAM,IND,jamnagar_vadinar_sep_oct2025,2025-10-09 00:00:00+00:00,2025-10-09 14:00:00+00:00,14.0,15,1.0,22.5,69.83933,0.958,ordinary,flagged_facility,Jamnagar (Sikka) marine terminal,14.52,False,True,3,,False
419032300,AQUA SUN,IND,jamnagar_vadinar_sep_oct2025,2025-09-09 10:00:00+00:00,2025-09-10 00:00:00+00:00,14.0,14,0.933,22.50143,69.83143,4.291,ordinary,flagged_facility,Jamnagar (Sikka) marine terminal,13.94,False,True,3,,False
419033900,REL SAGAR,IND,jamnagar_vadinar_sep_oct2025,2025-09-02 10:00:00+00:00,2025-09-03 00:00:00+00:00,14.0,15,1.0,22.51133,69.80067,2.077,ordinary,flagged_facility,Jamnagar (Sikka) marine terminal,12.27,False,True,3,,False
419055100,DOLPHIN NO 4,IND,jamnagar_vadinar_sep_oct2025,2025-10-10 00:00:00+00:00,2025-10-10 14:00:00+00:00,14.0,10,0.667,22.675,69.634,3.228,ordinary,flagged_facility,Vadinar terminal / Nayara refinery (EU+UK sanctioned),14.0,False,True,3,,False
419055150,M.T. BLUE BELL,IND,jamnagar_vadinar_sep_oct2025,2025-09-04 12:00:00+00:00,2025-09-05 02:00:00+00:00,14.0,7,0.467,22.49143,69.85714,2.003,ordinary,flagged_facility,Jamnagar (Sikka) marine terminal,15.66,False,True,3,,False
419055150,M.T. BLUE BELL,IND,jamnagar_vadinar_sep_oct2025,2025-09-16 13:00:00+00:00,2025-09-17 03:00:00+00:00,14.0,15,1.0,22.49133,69.85667,1.965,ordinary,flagged_facility,Jamnagar (Sikka) marine terminal,15.61,False,True,3,,False
419055150,M.T. BLUE BELL,IND,jamnagar_vadinar_sep_oct2025,2025-09-18 14:00:00+00:00,2025-09-19 04:00:00+00:00,14.0,15,1.0,22.49133,69.85667,2.904,ordinary,flagged_facility,Jamnagar (Sikka) marine terminal,15.61,False,True,3,,False
419055150,M.T. BLUE BELL,IND,jamnagar_vadinar_sep_oct2025,2025-09-26 13:00:00+00:00,2025-09-27 03:00:00+00:00,14.0,14,0.933,22.49,69.85929,0.954,ordinary,flagged_facility,Jamnagar (Sikka) marine terminal,15.79,False,True,3,,False
419056200,M.T.IRIS,IND,jamnagar_vadinar_sep_oct2025,2025-09-17 17:00:00+00:00,2025-09-18 07:00:00+00:00,14.0,15,1.0,22.49067,69.85867,2.181,ordinary,flagged_facility,Jamnagar (Sikka) marine terminal,15.77,False,True,3,,False
419057400,RELTUG TWELVE,IND,jamnagar_vadinar_sep_oct2025,2025-09-09 12:00:00+00:00,2025-09-10 02:00:00+00:00,14.0,15,1.0,22.49067,69.84933,1.413,ordinary,flagged_facility,Jamnagar (Sikka) marine terminal,14.9,False,True,3,,False
419066300,SB EAGLE,IND,jamnagar_vadinar_sep_oct2025,2025-09-01 13:00:00+00:00,2025-09-02 03:00:00+00:00,14.0,15,1.0,22.49133,69.856,2.84,ordinary,flagged_facility,Jamnagar (Sikka) marine terminal,15.55,False,True,3,,False
419066300,SB EAGLE,IND,jamnagar_vadinar_sep_oct2025,2025-09-13 10:00:00+00:00,2025-09-14 00:00:00+00:00,14.0,15,1.0,22.49,69.85667,0.685,ordinary,flagged_facility,Jamnagar (Sikka) marine terminal,15.55,False,True,3,,False
419066400,M V CHETAK,IND,jamnagar_vadinar_sep_oct2025,2025-09-22 04:00:00+00:00,2025-09-22 18:00:00+00:00,14.0,15,1.0,22.50133,69.83733,4.986,ordinary,flagged_facility,Jamnagar (Sikka) marine terminal,14.43,False,True,3,,False
419072500,RELTUG 16,IND,jamnagar_vadinar_sep_oct2025,2025-09-07 10:00:00+00:00,2025-09-08 00:00:00+00:00,14.0,15,1.0,22.49,69.85,0.0,ordinary,flagged_facility,Jamnagar (Sikka) marine terminal,14.93,False,True,3,,False
419072500,RELTUG 16,IND,jamnagar_vadinar_sep_oct2025,2025-09-09 12:00:00+00:00,2025-09-10 02:00:00+00:00,14.0,15,1.0,22.49067,69.84866,1.368,ordinary,flagged_facility,Jamnagar (Sikka) marine terminal,14.84,False,True,3,,False
419072500,RELTUG 16,IND,jamnagar_vadinar_sep_oct2025,2025-09-29 18:00:00+00:00,2025-09-30 08:00:00+00:00,14.0,15,1.0,22.49,69.85,0.0,ordinary,flagged_facility,Jamnagar (Sikka) marine terminal,14.93,False,True,3,,False
419072600,REL TUG FIFTEEN,IND,jamnagar_vadinar_sep_oct2025,2025-09-01 09:00:00+00:00,2025-09-01 23:00:00+00:00,14.0,15,1.0,22.494,69.84533,4.64,ordinary,flagged_facility,Jamnagar (Sikka) marine terminal,14.71,False,True,3,,False
419072900,PARIJAT,IND,jamnagar_vadinar_sep_oct2025,2025-09-04 05:00:00+00:00,2025-09-04 19:00:00+00:00,14.0,13,0.867,22.49077,69.85846,2.157,ordinary,flagged_facility,Jamnagar (Sikka) marine terminal,15.75,False,True,3,,False
419072900,PARIJAT,IND,jamnagar_vadinar_sep_oct2025,2025-09-19 17:00:00+00:00,2025-09-20 07:00:00+00:00,14.0,15,1.0,22.492,69.85533,3.283,ordinary,flagged_facility,Jamnagar (Sikka) marine terminal,15.52,False,True,3,,False
419072900,PARIJAT,IND,jamnagar_vadinar_sep_oct2025,2025-10-09 17:00:00+00:00,2025-10-10 07:00:00+00:00,14.0,15,1.0,22.49067,69.858,3.058,ordinary,flagged_facility,Jamnagar (Sikka) marine terminal,15.7,False,True,3,,False
419077200,AKASH,IND,jamnagar_vadinar_sep_oct2025,2025-09-16 14:00:00+00:00,2025-09-17 04:00:00+00:00,14.0,15,1.0,22.5,69.83,0.0,ordinary,flagged_facility,Jamnagar (Sikka) marine terminal,13.72,False,True,3,,False
419077200,AKASH,IND,jamnagar_vadinar_sep_oct2025,2025-09-20 14:00:00+00:00,2025-09-21 04:00:00+00:00,14.0,15,1.0,22.51,69.8,0.0,ordinary,flagged_facility,Jamnagar (Sikka) marine terminal,12.11,False,True,3,,False
419077200,AKASH,IND,jamnagar_vadinar_sep_oct2025,2025-10-03 10:00:00+00:00,2025-10-04 00:00:00+00:00,14.0,13,0.867,22.51,69.8,0.0,ordinary,flagged_facility,Jamnagar (Sikka) marine terminal,12.11,False,True,3,,False
419077500,AGNI,IND,jamnagar_vadinar_sep_oct2025,2025-09-05 14:00:00+00:00,2025-09-06 04:00:00+00:00,14.0,13,0.867,22.5,69.83,0.0,ordinary,flagged_facility,Jamnagar (Sikka) marine terminal,13.72,False,True,3,,False
419077500,AGNI,IND,jamnagar_vadinar_sep_oct2025,2025-09-07 11:00:00+00:00,2025-09-08 01:00:00+00:00,14.0,13,0.867,22.51231,69.80615,3.143,ordinary,flagged_facility,Jamnagar (Sikka) marine terminal,12.73,False,True,3,,False
419077800,REL DARSHAN,IND,jamnagar_vadinar_sep_oct2025,2025-10-04 11:00:00+00:00,2025-10-05 01:00:00+00:00,14.0,15,1.0,22.5,69.83933,0.958,ordinary,flagged_facility,Jamnagar (Sikka) marine terminal,14.52,False,True,3,,False
419077800,REL DARSHAN,IND,jamnagar_vadinar_sep_oct2025,2025-10-10 07:00:00+00:00,2025-10-10 21:00:00+00:00,14.0,15,1.0,22.56,69.84867,1.916,ordinary,flagged_facility,Jamnagar (Sikka) marine terminal,19.59,False,True,3,,False
419079300,MV ANJALI,IND,jamnagar_vadinar_sep_oct2025,2025-09-09 12:00:00+00:00,2025-09-10 02:00:00+00:00,14.0,15,1.0,22.5,69.83933,0.958,ordinary,flagged_facility,Jamnagar (Sikka) marine terminal,14.52,False,True,3,,False
419079300,MV ANJALI,IND,jamnagar_vadinar_sep_oct2025,2025-09-25 02:00:00+00:00,2025-09-25 16:00:00+00:00,14.0,15,1.0,22.5,69.836,0.616,ordinary,flagged_facility,Jamnagar (Sikka) marine terminal,14.24,False,True,3,,False
419079400,MV APSARA,IND,jamnagar_vadinar_sep_oct2025,2025-09-16 12:00:00+00:00,2025-09-17 02:00:00+00:00,14.0,15,1.0,22.5,69.84,0.0,ordinary,flagged_facility,Jamnagar (Sikka) marine terminal,14.58,False,True,3,,False
419079400,MV APSARA,IND,jamnagar_vadinar_sep_oct2025,2025-10-06 15:00:00+00:00,2025-10-07 05:00:00+00:00,14.0,15,1.0,22.5,69.84,0.0,ordinary,flagged_facility,Jamnagar (Sikka) marine terminal,14.58,False,True,3,,False
419293000,RELTUG 7,IND,jamnagar_vadinar_sep_oct2025,2025-09-21 16:00:00+00:00,2025-09-22 06:00:00+00:00,14.0,15,1.0,22.49133,69.848,3.547,ordinary,flagged_facility,Jamnagar (Sikka) marine terminal,14.82,False,True,3,,False
419293000,RELTUG 7,IND,jamnagar_vadinar_sep_oct2025,2025-09-26 15:00:00+00:00,2025-09-27 05:00:00+00:00,14.0,15,1.0,22.58,69.83533,0.547,ordinary,flagged_facility,Vadinar terminal / Nayara refinery (EU+UK sanctioned),19.32,False,True,3,,False
419956442,M.T.KB VI,IND,jamnagar_vadinar_sep_oct2025,2025-09-11 10:00:00+00:00,2025-09-12 00:00:00+00:00,14.0,15,1.0,22.5,69.83067,0.958,ordinary,flagged_facility,Jamnagar (Sikka) marine terminal,13.78,False,True,3,,False
419956442,M.T.KB VI,IND,jamnagar_vadinar_sep_oct2025,2025-09-12 12:00:00+00:00,2025-09-13 02:00:00+00:00,14.0,15,1.0,22.5,69.83,0.0,ordinary,flagged_facility,Jamnagar (Sikka) marine terminal,13.72,False,True,3,,False
419956663,M.V. MANGAL MURTI,IND,jamnagar_vadinar_sep_oct2025,2025-09-04 18:00:00+00:00,2025-09-05 08:00:00+00:00,14.0,13,0.867,22.43077,69.67,1.026,ordinary,flagged_facility,Jamnagar (Sikka) marine terminal,5.14,False,True,3,,False
419956663,M.V. MANGAL MURTI,IND,jamnagar_vadinar_sep_oct2025,2025-10-02 23:00:00+00:00,2025-10-03 13:00:00+00:00,14.0,15,1.0,22.432,69.66467,2.075,ordinary,flagged_facility,Jamnagar (Sikka) marine terminal,5.69,False,True,3,,False
419956787,DAWN II,IND,jamnagar_vadinar_sep_oct2025,2025-09-22 14:00:00+00:00,2025-09-23 04:00:00+00:00,14.0,15,1.0,22.49867,69.83133,2.258,ordinary,flagged_facility,Jamnagar (Sikka) marine terminal,13.75,False,True,3,,False
419956853,AL HAJI HASAN 1479,IND,jamnagar_vadinar_sep_oct2025,2025-09-10 18:00:00+00:00,2025-09-11 08:00:00+00:00,14.0,15,1.0,22.40467,69.58067,1.09,ordinary,flagged_facility,Jamnagar (Sikka) marine terminal,14.6,False,True,3,,False
419957002,M V ANTILLIA  2,IND,jamnagar_vadinar_sep_oct2025,2025-09-04 22:00:00+00:00,2025-09-05 12:00:00+00:00,14.0,7,0.467,22.39,69.61714,0.735,ordinary,flagged_facility,Jamnagar (Sikka) marine terminal,11.47,False,True,3,,False
419958545,,IND,jamnagar_vadinar_sep_oct2025,2025-10-08 03:00:00+00:00,2025-10-08 17:00:00+00:00,14.0,7,0.467,22.44143,69.67857,1.298,ordinary,flagged_facility,Jamnagar (Sikka) marine terminal,4.44,False,True,3,,False
419991279,DARIYA JYOT,IND,jamnagar_vadinar_sep_oct2025,2025-10-05 03:00:00+00:00,2025-10-05 17:00:00+00:00,14.0,15,1.0,22.43467,69.66933,4.044,ordinary,flagged_facility,Jamnagar (Sikka) marine terminal,5.23,False,True,3,,False
419000550,C-409,IND,jamnagar_vadinar_sep_oct2025,2025-09-13 01:00:00+00:00,2025-09-13 14:00:00+00:00,13.0,5,0.357,22.44,69.67,0.0,ordinary,flagged_facility,Jamnagar (Sikka) marine terminal,5.26,False,True,3,,False
419000765,CALYPSO FORTUNE,IND,jamnagar_vadinar_sep_oct2025,2025-09-09 18:00:00+00:00,2025-09-10 07:00:00+00:00,13.0,14,1.0,22.58786,69.81929,3.676,ordinary,flagged_facility,Vadinar terminal / Nayara refinery (EU+UK sanctioned),17.89,False,True,3,,False
419000765,CALYPSO FORTUNE,IND,jamnagar_vadinar_sep_oct2025,2025-09-13 17:00:00+00:00,2025-09-14 06:00:00+00:00,13.0,14,1.0,22.57643,69.815,4.083,ordinary,flagged_facility,Vadinar terminal / Nayara refinery (EU+UK sanctioned),17.2,False,True,3,,False
419000765,CALYPSO FORTUNE,IND,jamnagar_vadinar_sep_oct2025,2025-09-20 02:00:00+00:00,2025-09-20 15:00:00+00:00,13.0,14,1.0,22.57857,69.82,4.053,ordinary,flagged_facility,Vadinar terminal / Nayara refinery (EU+UK sanctioned),17.74,False,True,3,,False
419000765,CALYPSO FORTUNE,IND,jamnagar_vadinar_sep_oct2025,2025-09-21 20:00:00+00:00,2025-09-22 09:00:00+00:00,13.0,14,1.0,22.59,69.82714,2.586,ordinary,flagged_facility,Vadinar terminal / Nayara refinery (EU+UK sanctioned),18.72,False,True,3,,False
419000765,CALYPSO FORTUNE,IND,jamnagar_vadinar_sep_oct2025,2025-10-08 03:00:00+00:00,2025-10-08 16:00:00+00:00,13.0,14,1.0,22.59071,69.835,4.146,ordinary,flagged_facility,Vadinar terminal / Nayara refinery (EU+UK sanctioned),19.53,False,True,3,,False
419000765,CALYPSO FORTUNE,IND,jamnagar_vadinar_sep_oct2025,2025-10-08 19:00:00+00:00,2025-10-09 08:00:00+00:00,13.0,14,1.0,22.57429,69.81714,4.199,ordinary,flagged_facility,Vadinar terminal / Nayara refinery (EU+UK sanctioned),17.37,False,True,3,,False
419000894,JASMINE STAR,IND,jamnagar_vadinar_sep_oct2025,2025-09-07 14:00:00+00:00,2025-09-08 03:00:00+00:00,13.0,14,1.0,22.44214,69.67,0.874,ordinary,flagged_facility,Jamnagar (Sikka) marine terminal,5.31,False,True,3,,False
419000912,VAILANKANNI,IND,jamnagar_vadinar_sep_oct2025,2025-09-28 19:00:00+00:00,2025-09-29 08:00:00+00:00,13.0,14,1.0,22.56571,69.63214,3.272,ordinary,flagged_facility,Vadinar terminal / Nayara refinery (EU+UK sanctioned),2.53,False,True,3,,False
419000964,ASTER STAR,IND,jamnagar_vadinar_sep_oct2025,2025-10-07 17:00:00+00:00,2025-10-08 06:00:00+00:00,13.0,12,0.857,22.49,69.85,0.0,ordinary,flagged_facility,Jamnagar (Sikka) marine terminal,14.93,False,True,3,,False
419001286,TUG KB XI,IND,jamnagar_vadinar_sep_oct2025,2025-10-02 15:00:00+00:00,2025-10-03 04:00:00+00:00,13.0,14,1.0,22.47,69.68071,3.513,ordinary,flagged_facility,Jamnagar (Sikka) marine terminal,6.01,False,True,3,,False
419001386,VARADA,IND,jamnagar_vadinar_sep_oct2025,2025-10-03 08:00:00+00:00,2025-10-03 21:00:00+00:00,13.0,14,1.0,22.68929,69.74214,3.039,ordinary,flagged_facility,Vadinar terminal / Nayara refinery (EU+UK sanctioned),18.15,False,True,3,,False
419001390,KNK ASHIMA,IND,jamnagar_vadinar_sep_oct2025,2025-09-09 15:00:00+00:00,2025-09-10 04:00:00+00:00,13.0,14,1.0,22.44286,69.67,1.906,ordinary,flagged_facility,Jamnagar (Sikka) marine terminal,5.33,False,True,3,,False
419001390,KNK ASHIMA,IND,jamnagar_vadinar_sep_oct2025,2025-10-09 12:00:00+00:00,2025-10-10 01:00:00+00:00,13.0,14,1.0,22.44,69.67,0.0,ordinary,flagged_facility,Jamnagar (Sikka) marine terminal,5.26,False,True,3,,False
419001456,MEERA,IND,jamnagar_vadinar_sep_oct2025,2025-09-19 20:00:00+00:00,2025-09-20 09:00:00+00:00,13.0,14,1.0,22.44143,69.67,2.065,ordinary,flagged_facility,Jamnagar (Sikka) marine terminal,5.29,False,True,3,,False
419001456,MEERA,IND,jamnagar_vadinar_sep_oct2025,2025-09-30 06:00:00+00:00,2025-09-30 19:00:00+00:00,13.0,14,1.0,22.44714,69.66857,4.846,ordinary,flagged_facility,Jamnagar (Sikka) marine terminal,5.62,False,True,3,,False
419001651,KNK NAYRA,IND,jamnagar_vadinar_sep_oct2025,2025-09-08 12:00:00+00:00,2025-09-09 01:00:00+00:00,13.0,14,1.0,22.50643,69.81643,2.524,ordinary,flagged_facility,Jamnagar (Sikka) marine terminal,13.05,False,True,3,,False
419001651,KNK NAYRA,IND,jamnagar_vadinar_sep_oct2025,2025-09-09 15:00:00+00:00,2025-09-10 04:00:00+00:00,13.0,14,1.0,22.59143,69.805,1.082,ordinary,flagged_facility,Vadinar terminal / Nayara refinery (EU+UK sanctioned),16.57,False,True,3,,False
419001883,VIDHYALAXMI-1,IND,jamnagar_vadinar_sep_oct2025,2025-10-07 12:00:00+00:00,2025-10-08 01:00:00+00:00,13.0,14,1.0,22.58,69.63428,0.587,ordinary,flagged_facility,Vadinar terminal / Nayara refinery (EU+UK sanctioned),3.71,False,True,3,,False
419001884,MT KB 50,IND,jamnagar_vadinar_sep_oct2025,2025-09-21 19:00:00+00:00,2025-09-22 08:00:00+00:00,13.0,14,1.0,22.43929,69.80143,2.17,ordinary,flagged_facility,Jamnagar (Sikka) marine terminal,8.43,False,True,3,,False
419001885,KB 49,IND,jamnagar_vadinar_sep_oct2025,2025-10-01 12:00:00+00:00,2025-10-02 01:00:00+00:00,13.0,14,1.0,22.48714,69.68929,1.242,ordinary,flagged_facility,Jamnagar (Sikka) marine terminal,7.09,False,True,3,,False
419001985,,IND,jamnagar_vadinar_sep_oct2025,2025-10-07 17:00:00+00:00,2025-10-08 06:00:00+00:00,13.0,14,1.0,22.49857,69.66072,2.275,ordinary,flagged_facility,Vadinar terminal / Nayara refinery (EU+UK sanctioned),5.82,False,True,3,,False
419014300,M V APURVA,IND,jamnagar_vadinar_sep_oct2025,2025-09-03 11:00:00+00:00,2025-09-04 00:00:00+00:00,13.0,14,1.0,22.5,69.83928,0.953,ordinary,flagged_facility,Jamnagar (Sikka) marine terminal,14.52,False,True,3,,False
419014300,M V APURVA,IND,jamnagar_vadinar_sep_oct2025,2025-09-04 03:00:00+00:00,2025-09-04 16:00:00+00:00,13.0,14,1.0,22.505,69.83,4.961,ordinary,flagged_facility,Jamnagar (Sikka) marine terminal,14.05,False,True,3,,False
419014300,M V APURVA,IND,jamnagar_vadinar_sep_oct2025,2025-10-05 12:00:00+00:00,2025-10-06 01:00:00+00:00,13.0,14,1.0,22.5,69.84,0.0,ordinary,flagged_facility,Jamnagar (Sikka) marine terminal,14.58,False,True,3,,False
419033600,RELTUG ELEVEN,IND,jamnagar_vadinar_sep_oct2025,2025-09-09 13:00:00+00:00,2025-09-10 02:00:00+00:00,13.0,14,1.0,22.49214,69.84786,1.19,ordinary,flagged_facility,Jamnagar (Sikka) marine terminal,14.84,False,True,3,,False
419033600,RELTUG ELEVEN,IND,jamnagar_vadinar_sep_oct2025,2025-10-11 10:00:00+00:00,2025-10-11 23:00:00+00:00,13.0,14,1.0,22.49286,69.84643,4.808,ordinary,flagged_facility,Jamnagar (Sikka) marine terminal,14.75,False,True,3,,False
419033900,REL SAGAR,IND,jamnagar_vadinar_sep_oct2025,2025-09-15 12:00:00+00:00,2025-09-16 01:00:00+00:00,13.0,14,1.0,22.5,69.84,0.0,ordinary,flagged_facility,Jamnagar (Sikka) marine terminal,14.58,False,True,3,,False
419033900,REL SAGAR,IND,jamnagar_vadinar_sep_oct2025,2025-09-19 11:00:00+00:00,2025-09-20 00:00:00+00:00,13.0,14,1.0,22.51143,69.8,2.065,ordinary,flagged_facility,Jamnagar (Sikka) marine terminal,12.23,False,True,3,,False
419033900,REL SAGAR,IND,jamnagar_vadinar_sep_oct2025,2025-09-26 12:00:00+00:00,2025-09-27 01:00:00+00:00,13.0,14,1.0,22.51,69.8,0.0,ordinary,flagged_facility,Jamnagar (Sikka) marine terminal,12.11,False,True,3,,False
419055150,M.T. BLUE BELL,IND,jamnagar_vadinar_sep_oct2025,2025-10-03 17:00:00+00:00,2025-10-04 06:00:00+00:00,13.0,11,0.786,22.49182,69.85455,2.681,ordinary,flagged_facility,Jamnagar (Sikka) marine terminal,15.44,False,True,3,,False
419055150,M.T. BLUE BELL,IND,jamnagar_vadinar_sep_oct2025,2025-10-06 12:00:00+00:00,2025-10-07 01:00:00+00:00,13.0,14,1.0,22.49286,69.85571,4.751,ordinary,flagged_facility,Jamnagar (Sikka) marine terminal,15.6,False,True,3,,False
419056200,M.T.IRIS,IND,jamnagar_vadinar_sep_oct2025,2025-09-01 18:00:00+00:00,2025-09-02 07:00:00+00:00,13.0,14,1.0,22.49071,69.85786,3.042,ordinary,flagged_facility,Jamnagar (Sikka) marine terminal,15.69,False,True,3,,False
419056200,M.T.IRIS,IND,jamnagar_vadinar_sep_oct2025,2025-09-11 14:00:00+00:00,2025-09-12 03:00:00+00:00,13.0,14,1.0,22.49071,69.85857,2.17,ordinary,flagged_facility,Jamnagar (Sikka) marine terminal,15.76,False,True,3,,False
419056200,M.T.IRIS,IND,jamnagar_vadinar_sep_oct2025,2025-09-12 12:00:00+00:00,2025-09-13 01:00:00+00:00,13.0,14,1.0,22.49071,69.85786,2.105,ordinary,flagged_facility,Jamnagar (Sikka) marine terminal,15.69,False,True,3,,False
419056200,M.T.IRIS,IND,jamnagar_vadinar_sep_oct2025,2025-10-07 21:00:00+00:00,2025-10-08 10:00:00+00:00,13.0,14,1.0,22.49214,69.85643,4.858,ordinary,flagged_facility,Jamnagar (Sikka) marine terminal,15.63,False,True,3,,False
419066300,SB EAGLE,IND,jamnagar_vadinar_sep_oct2025,2025-09-12 02:00:00+00:00,2025-09-12 15:00:00+00:00,13.0,14,1.0,22.50214,69.83357,4.896,ordinary,flagged_facility,Jamnagar (Sikka) marine terminal,14.16,False,True,3,,False
419066300,SB EAGLE,IND,jamnagar_vadinar_sep_oct2025,2025-10-03 13:00:00+00:00,2025-10-04 02:00:00+00:00,13.0,14,1.0,22.49143,69.84857,2.811,ordinary,flagged_facility,Jamnagar (Sikka) marine terminal,14.87,False,True,3,,False
419066400,M V CHETAK,IND,jamnagar_vadinar_sep_oct2025,2025-09-30 19:00:00+00:00,2025-10-01 08:00:00+00:00,13.0,14,1.0,22.49214,69.84643,1.9,ordinary,flagged_facility,Jamnagar (Sikka) marine terminal,14.72,False,True,3,,False
419066400,M V CHETAK,IND,jamnagar_vadinar_sep_oct2025,2025-10-10 03:00:00+00:00,2025-10-10 16:00:00+00:00,13.0,14,1.0,22.50286,69.83357,4.788,ordinary,flagged_facility,Jamnagar (Sikka) marine terminal,14.21,False,True,3,,False
419071500,M. T. HAZEL,IND,jamnagar_vadinar_sep_oct2025,2025-09-02 10:00:00+00:00,2025-09-02 23:00:00+00:00,13.0,14,1.0,22.49143,69.85786,3.529,ordinary,flagged_facility,Jamnagar (Sikka) marine terminal,15.73,False,True,3,,False
419071500,M. T. HAZEL,IND,jamnagar_vadinar_sep_oct2025,2025-09-07 11:00:00+00:00,2025-09-08 00:00:00+00:00,13.0,14,1.0,22.49071,69.85786,3.042,ordinary,flagged_facility,Jamnagar (Sikka) marine terminal,15.69,False,True,3,,False
419071500,M. T. HAZEL,IND,jamnagar_vadinar_sep_oct2025,2025-09-09 13:00:00+00:00,2025-09-10 02:00:00+00:00,13.0,14,1.0,22.49214,69.85714,4.915,ordinary,flagged_facility,Jamnagar (Sikka) marine terminal,15.7,False,True,3,,False
419071500,M. T. HAZEL,IND,jamnagar_vadinar_sep_oct2025,2025-09-13 11:00:00+00:00,2025-09-14 00:00:00+00:00,13.0,14,1.0,22.49071,69.85857,2.17,ordinary,flagged_facility,Jamnagar (Sikka) marine terminal,15.76,False,True,3,,False
419071500,M. T. HAZEL,IND,jamnagar_vadinar_sep_oct2025,2025-09-21 13:00:00+00:00,2025-09-22 02:00:00+00:00,13.0,14,1.0,22.49143,69.855,2.739,ordinary,flagged_facility,Jamnagar (Sikka) marine terminal,15.46,False,True,3,,False
419071500,M. T. HAZEL,IND,jamnagar_vadinar_sep_oct2025,2025-10-02 15:00:00+00:00,2025-10-03 04:00:00+00:00,13.0,14,1.0,22.49071,69.85786,3.042,ordinary,flagged_facility,Jamnagar (Sikka) marine terminal,15.69,False,True,3,,False
419072700,RELTUG 14,IND,jamnagar_vadinar_sep_oct2025,2025-09-23 12:00:00+00:00,2025-09-24 01:00:00+00:00,13.0,14,1.0,22.49071,69.84928,1.406,ordinary,flagged_facility,Jamnagar (Sikka) marine terminal,14.9,False,True,3,,False
419072900,PARIJAT,IND,jamnagar_vadinar_sep_oct2025,2025-09-11 14:00:00+00:00,2025-09-12 03:00:00+00:00,13.0,14,1.0,22.49143,69.85643,2.877,ordinary,flagged_facility,Jamnagar (Sikka) marine terminal,15.6,False,True,3,,False
419072900,PARIJAT,IND,jamnagar_vadinar_sep_oct2025,2025-09-13 23:00:00+00:00,2025-09-14 12:00:00+00:00,13.0,14,1.0,22.49071,69.85786,3.042,ordinary,flagged_facility,Jamnagar (Sikka) marine terminal,15.69,False,True,3,,False
419072900,PARIJAT,IND,jamnagar_vadinar_sep_oct2025,2025-09-14 16:00:00+00:00,2025-09-15 05:00:00+00:00,13.0,14,1.0,22.49143,69.85643,2.877,ordinary,flagged_facility,Jamnagar (Sikka) marine terminal,15.6,False,True,3,,False
419072900,PARIJAT,IND,jamnagar_vadinar_sep_oct2025,2025-09-18 09:00:00+00:00,2025-09-18 22:00:00+00:00,13.0,14,1.0,22.49,69.85929,0.954,ordinary,flagged_facility,Jamnagar (Sikka) marine terminal,15.79,False,True,3,,False
419072900,PARIJAT,IND,jamnagar_vadinar_sep_oct2025,2025-09-27 11:00:00+00:00,2025-09-28 00:00:00+00:00,13.0,14,1.0,22.49143,69.85643,1.939,ordinary,flagged_facility,Jamnagar (Sikka) marine terminal,15.6,False,True,3,,False
419077200,AKASH,IND,jamnagar_vadinar_sep_oct2025,2025-09-15 12:00:00+00:00,2025-09-16 01:00:00+00:00,13.0,14,1.0,22.50071,69.83072,1.035,ordinary,flagged_facility,Jamnagar (Sikka) marine terminal,13.83,False,True,3,,False
419077200,AKASH,IND,jamnagar_vadinar_sep_oct2025,2025-09-18 12:00:00+00:00,2025-09-19 01:00:00+00:00,13.0,14,1.0,22.51,69.8,0.0,ordinary,flagged_facility,Jamnagar (Sikka) marine terminal,12.11,False,True,3,,False
419077200,AKASH,IND,jamnagar_vadinar_sep_oct2025,2025-10-05 12:00:00+00:00,2025-10-06 01:00:00+00:00,13.0,14,1.0,22.51071,69.8,1.033,ordinary,flagged_facility,Jamnagar (Sikka) marine terminal,12.17,False,True,3,,False
419077200,AKASH,IND,jamnagar_vadinar_sep_oct2025,2025-10-06 12:00:00+00:00,2025-10-07 01:00:00+00:00,13.0,14,1.0,22.50143,69.82643,2.877,ordinary,flagged_facility,Jamnagar (Sikka) marine terminal,13.52,False,True,3,,False
419077500,AGNI,IND,jamnagar_vadinar_sep_oct2025,2025-09-14 12:00:00+00:00,2025-09-15 01:00:00+00:00,13.0,14,1.0,22.51071,69.805,1.153,ordinary,flagged_facility,Jamnagar (Sikka) marine terminal,12.52,False,True,3,,False
419077500,AGNI,IND,jamnagar_vadinar_sep_oct2025,2025-09-26 12:00:00+00:00,2025-09-27 01:00:00+00:00,13.0,14,1.0,22.50214,69.82929,3.677,ordinary,flagged_facility,Jamnagar (Sikka) marine terminal,13.8,False,True,3,,False
419077500,AGNI,IND,jamnagar_vadinar_sep_oct2025,2025-09-27 02:00:00+00:00,2025-09-27 15:00:00+00:00,13.0,14,1.0,22.57071,69.795,4.782,ordinary,flagged_facility,Vadinar terminal / Nayara refinery (EU+UK sanctioned),15.07,False,True,3,,False
419077500,AGNI,IND,jamnagar_vadinar_sep_oct2025,2025-10-07 12:00:00+00:00,2025-10-08 01:00:00+00:00,13.0,14,1.0,22.50429,69.825,4.26,ordinary,flagged_facility,Jamnagar (Sikka) marine terminal,13.59,False,True,3,,False
419079300,MV ANJALI,IND,jamnagar_vadinar_sep_oct2025,2025-09-03 12:00:00+00:00,2025-09-04 01:00:00+00:00,13.0,14,1.0,22.5,69.83928,0.953,ordinary,flagged_facility,Jamnagar (Sikka) marine terminal,14.52,False,True,3,,False
419079300,MV ANJALI,IND,jamnagar_vadinar_sep_oct2025,2025-09-06 11:00:00+00:00,2025-09-07 00:00:00+00:00,13.0,14,1.0,22.505,69.83643,4.242,ordinary,flagged_facility,Jamnagar (Sikka) marine terminal,14.58,False,True,3,,False
419079300,MV ANJALI,IND,jamnagar_vadinar_sep_oct2025,2025-09-13 10:00:00+00:00,2025-09-13 23:00:00+00:00,13.0,14,1.0,22.5,69.84,0.0,ordinary,flagged_facility,Jamnagar (Sikka) marine terminal,14.58,False,True,3,,False
419079400,MV APSARA,IND,jamnagar_vadinar_sep_oct2025,2025-10-09 17:00:00+00:00,2025-10-10 06:00:00+00:00,13.0,14,1.0,22.50286,69.83714,4.983,ordinary,flagged_facility,Jamnagar (Sikka) marine terminal,14.51,False,True,3,,False
419079600,IVY,IND,jamnagar_vadinar_sep_oct2025,2025-09-16 12:00:00+00:00,2025-09-17 01:00:00+00:00,13.0,9,0.643,22.57111,69.56,4.731,ordinary,flagged_facility,Vadinar terminal / Nayara refinery (EU+UK sanctioned),9.54,False,True,3,,False
419093600,KAIVAN,IND,jamnagar_vadinar_sep_oct2025,2025-09-28 10:00:00+00:00,2025-09-28 23:00:00+00:00,13.0,14,1.0,22.48,69.69,0.0,ordinary,flagged_facility,Jamnagar (Sikka) marine terminal,6.36,False,True,3,,False
419901161,M.T TORQUE,IND,jamnagar_vadinar_sep_oct2025,2025-09-26 04:00:00+00:00,2025-09-26 17:00:00+00:00,13.0,13,0.929,22.57615,69.80461,4.994,ordinary,flagged_facility,Vadinar terminal / Nayara refinery (EU+UK sanctioned),16.14,False,True,3,,False
419901161,M.T TORQUE,IND,jamnagar_vadinar_sep_oct2025,2025-10-04 12:00:00+00:00,2025-10-05 01:00:00+00:00,13.0,14,1.0,22.51214,69.8,1.986,ordinary,flagged_facility,Jamnagar (Sikka) marine terminal,12.29,False,True,3,,False
419901161,M.T TORQUE,IND,jamnagar_vadinar_sep_oct2025,2025-10-09 07:00:00+00:00,2025-10-09 20:00:00+00:00,13.0,14,1.0,22.51,69.80429,1.614,ordinary,flagged_facility,Jamnagar (Sikka) marine terminal,12.42,False,True,3,,False
419956066,AL KAUSAR,IND,jamnagar_vadinar_sep_oct2025,2025-09-27 07:00:00+00:00,2025-09-27 20:00:00+00:00,13.0,14,1.0,22.375,69.59929,4.921,ordinary,flagged_facility,Jamnagar (Sikka) marine terminal,13.83,False,True,3,,False
419956372,MSV NOORE MARYAM,IND,jamnagar_vadinar_sep_oct2025,2025-09-03 11:00:00+00:00,2025-09-04 00:00:00+00:00,13.0,12,0.857,22.4,69.59,0.0,ordinary,flagged_facility,Jamnagar (Sikka) marine terminal,13.77,False,True,3,,False
419956442,M.T.KB VI,IND,jamnagar_vadinar_sep_oct2025,2025-09-30 06:00:00+00:00,2025-09-30 19:00:00+00:00,13.0,10,0.714,22.589,69.848,4.929,ordinary,flagged_facility,Vadinar terminal / Nayara refinery (EU+UK sanctioned),20.79,False,True,3,,False
419956787,DAWN II,IND,jamnagar_vadinar_sep_oct2025,2025-09-29 04:00:00+00:00,2025-09-29 17:00:00+00:00,13.0,14,1.0,22.54429,69.83571,4.959,ordinary,flagged_facility,Jamnagar (Sikka) marine terminal,17.4,False,True,3,,False
419956957,MV PAWANSUTH,IND,jamnagar_vadinar_sep_oct2025,2025-09-18 05:00:00+00:00,2025-09-18 18:00:00+00:00,13.0,14,1.0,22.48214,69.81785,4.994,ordinary,flagged_facility,Jamnagar (Sikka) marine terminal,11.61,False,True,3,,False
419957028,KB 48,IND,jamnagar_vadinar_sep_oct2025,2025-09-13 02:00:00+00:00,2025-09-13 15:00:00+00:00,13.0,7,0.5,22.68571,69.66143,1.333,ordinary,flagged_facility,Vadinar terminal / Nayara refinery (EU+UK sanctioned),15.14,False,True,3,,False
419957028,KB 48,IND,jamnagar_vadinar_sep_oct2025,2025-10-05 18:00:00+00:00,2025-10-06 07:00:00+00:00,13.0,11,0.786,22.68909,69.66909,1.375,ordinary,flagged_facility,Vadinar terminal / Nayara refinery (EU+UK sanctioned),15.59,False,True,3,,False
419958525,GAUTAM ANTILLIA,IND,jamnagar_vadinar_sep_oct2025,2025-09-01 10:00:00+00:00,2025-09-01 23:00:00+00:00,13.0,7,0.5,22.39286,69.61143,1.418,ordinary,flagged_facility,Jamnagar (Sikka) marine terminal,11.9,False,True,3,,False
419958525,GAUTAM ANTILLIA,IND,jamnagar_vadinar_sep_oct2025,2025-09-21 04:00:00+00:00,2025-09-21 17:00:00+00:00,13.0,14,1.0,22.39,69.61929,0.955,ordinary,flagged_facility,Jamnagar (Sikka) marine terminal,11.27,False,True,3,,False
419958525,GAUTAM ANTILLIA,IND,jamnagar_vadinar_sep_oct2025,2025-09-23 18:00:00+00:00,2025-09-24 07:00:00+00:00,13.0,14,1.0,22.39,69.61643,0.661,ordinary,flagged_facility,Jamnagar (Sikka) marine terminal,11.54,False,True,3,,False
419958545,,IND,jamnagar_vadinar_sep_oct2025,2025-09-24 04:00:00+00:00,2025-09-24 17:00:00+00:00,13.0,8,0.571,22.4475,69.67375,3.88,ordinary,flagged_facility,Jamnagar (Sikka) marine terminal,5.14,False,True,3,,False
419958545,,IND,jamnagar_vadinar_sep_oct2025,2025-09-26 13:00:00+00:00,2025-09-27 02:00:00+00:00,13.0,5,0.357,22.476,69.668,2.792,ordinary,flagged_facility,Jamnagar (Sikka) marine terminal,7.4,False,True,3,,False
419000102,BRAHMANI,IND,jamnagar_vadinar_sep_oct2025,2025-09-24 08:00:00+00:00,2025-09-24 20:00:00+00:00,12.0,13,1.0,22.68231,69.62769,2.443,ordinary,flagged_facility,Vadinar terminal / Nayara refinery (EU+UK sanctioned),14.89,False,True,3,,False
419000293,DWARKESH,IND,jamnagar_vadinar_sep_oct2025,2025-09-29 08:00:00+00:00,2025-09-29 20:00:00+00:00,12.0,13,1.0,22.55615,69.61154,4.757,ordinary,flagged_facility,Vadinar terminal / Nayara refinery (EU+UK sanctioned),4.01,False,True,3,,False
419000765,CALYPSO FORTUNE,IND,jamnagar_vadinar_sep_oct2025,2025-09-15 14:00:00+00:00,2025-09-16 02:00:00+00:00,12.0,13,1.0,22.58923,69.83307,3.602,ordinary,flagged_facility,Vadinar terminal / Nayara refinery (EU+UK sanctioned),19.3,False,True,3,,False
419000765,CALYPSO FORTUNE,IND,jamnagar_vadinar_sep_oct2025,2025-09-22 12:00:00+00:00,2025-09-23 00:00:00+00:00,12.0,13,1.0,22.59154,69.83769,4.804,ordinary,flagged_facility,Vadinar terminal / Nayara refinery (EU+UK sanctioned),19.82,False,True,3,,False
419000765,CALYPSO FORTUNE,IND,jamnagar_vadinar_sep_oct2025,2025-09-25 02:00:00+00:00,2025-09-25 14:00:00+00:00,12.0,13,1.0,22.57538,69.81077,3.935,ordinary,flagged_facility,Vadinar terminal / Nayara refinery (EU+UK sanctioned),16.75,False,True,3,,False
419000765,CALYPSO FORTUNE,IND,jamnagar_vadinar_sep_oct2025,2025-10-02 03:00:00+00:00,2025-10-02 15:00:00+00:00,12.0,13,1.0,22.58,69.80692,4.459,ordinary,flagged_facility,Vadinar terminal / Nayara refinery (EU+UK sanctioned),16.45,False,True,3,,False
419000765,CALYPSO FORTUNE,IND,jamnagar_vadinar_sep_oct2025,2025-10-07 02:00:00+00:00,2025-10-07 14:00:00+00:00,12.0,13,1.0,22.56538,69.80308,3.998,ordinary,flagged_facility,Vadinar terminal / Nayara refinery (EU+UK sanctioned),15.81,False,True,3,,False
419000964,ASTER STAR,IND,jamnagar_vadinar_sep_oct2025,2025-09-11 08:00:00+00:00,2025-09-11 20:00:00+00:00,12.0,13,1.0,22.49,69.85,0.0,ordinary,flagged_facility,Jamnagar (Sikka) marine terminal,14.93,False,True,3,,False
419001058,,IND,jamnagar_vadinar_sep_oct2025,2025-09-20 13:00:00+00:00,2025-09-21 01:00:00+00:00,12.0,13,1.0,22.50308,69.83,2.994,ordinary,flagged_facility,Jamnagar (Sikka) marine terminal,13.92,False,True,3,,False
419001058,,IND,jamnagar_vadinar_sep_oct2025,2025-09-26 13:00:00+00:00,2025-09-27 01:00:00+00:00,12.0,13,1.0,22.5,69.83,0.0,ordinary,flagged_facility,Jamnagar (Sikka) marine terminal,13.72,False,True,3,,False
419001058,,IND,jamnagar_vadinar_sep_oct2025,2025-10-04 13:00:00+00:00,2025-10-05 01:00:00+00:00,12.0,13,1.0,22.50154,69.83231,2.411,ordinary,flagged_facility,Jamnagar (Sikka) marine terminal,14.02,False,True,3,,False
419001456,MEERA,IND,jamnagar_vadinar_sep_oct2025,2025-10-08 00:00:00+00:00,2025-10-08 12:00:00+00:00,12.0,13,1.0,22.46615,69.66846,4.952,ordinary,flagged_facility,Jamnagar (Sikka) marine terminal,6.65,False,True,3,,False
419001472,OCEAN PRIDE,IND,jamnagar_vadinar_sep_oct2025,2025-10-06 21:00:00+00:00,2025-10-07 09:00:00+00:00,12.0,13,1.0,22.44077,69.67,1.026,ordinary,flagged_facility,Jamnagar (Sikka) marine terminal,5.28,False,True,3,,False
419001632,HARVEST,IND,jamnagar_vadinar_sep_oct2025,2025-09-25 05:00:00+00:00,2025-09-25 17:00:00+00:00,12.0,13,1.0,22.66923,69.72231,3.133,ordinary,flagged_facility,Vadinar terminal / Nayara refinery (EU+UK sanctioned),15.19,False,True,3,,False
419001651,KNK NAYRA,IND,jamnagar_vadinar_sep_oct2025,2025-09-09 02:00:00+00:00,2025-09-09 14:00:00+00:00,12.0,13,1.0,22.59154,69.81231,4.999,ordinary,flagged_facility,Vadinar terminal / Nayara refinery (EU+UK sanctioned),17.29,False,True,3,,False
419001794,RIVER PEARL 10,IND,jamnagar_vadinar_sep_oct2025,2025-09-14 13:00:00+00:00,2025-09-15 01:00:00+00:00,12.0,13,1.0,22.44692,69.66923,4.883,ordinary,flagged_facility,Jamnagar (Sikka) marine terminal,5.55,False,True,3,,False
419001885,KB 49,IND,jamnagar_vadinar_sep_oct2025,2025-10-10 07:00:00+00:00,2025-10-10 19:00:00+00:00,12.0,13,1.0,22.49077,69.69154,3.763,ordinary,flagged_facility,Jamnagar (Sikka) marine terminal,7.36,False,True,3,,False
419014300,M V APURVA,IND,jamnagar_vadinar_sep_oct2025,2025-09-02 03:00:00+00:00,2025-09-02 15:00:00+00:00,12.0,13,1.0,22.50615,69.84,4.982,ordinary,flagged_facility,Jamnagar (Sikka) marine terminal,14.96,False,True,3,,False
419014400,M V POONAM,IND,jamnagar_vadinar_sep_oct2025,2025-09-13 23:00:00+00:00,2025-09-14 11:00:00+00:00,12.0,13,1.0,22.50231,69.83692,4.885,ordinary,flagged_facility,Jamnagar (Sikka) marine terminal,14.46,False,True,3,,False
419014400,M V POONAM,IND,jamnagar_vadinar_sep_oct2025,2025-09-25 16:00:00+00:00,2025-09-26 04:00:00+00:00,12.0,13,1.0,22.5,69.84,0.0,ordinary,flagged_facility,Jamnagar (Sikka) marine terminal,14.58,False,True,3,,False
419032200,AQUA MOON,IND,jamnagar_vadinar_sep_oct2025,2025-09-08 12:00:00+00:00,2025-09-09 00:00:00+00:00,12.0,13,1.0,22.5,69.83,0.0,ordinary,flagged_facility,Jamnagar (Sikka) marine terminal,13.72,False,True,3,,False
419032300,AQUA SUN,IND,jamnagar_vadinar_sep_oct2025,2025-09-12 12:00:00+00:00,2025-09-13 00:00:00+00:00,12.0,13,1.0,22.56,69.84,0.0,ordinary,flagged_facility,Jamnagar (Sikka) marine terminal,19.0,False,True,3,,False
419033600,RELTUG ELEVEN,IND,jamnagar_vadinar_sep_oct2025,2025-09-04 18:00:00+00:00,2025-09-05 06:00:00+00:00,12.0,13,1.0,22.49077,69.84923,1.398,ordinary,flagged_facility,Jamnagar (Sikka) marine terminal,14.9,False,True,3,,False
419033900,REL SAGAR,IND,jamnagar_vadinar_sep_oct2025,2025-09-09 01:00:00+00:00,2025-09-09 13:00:00+00:00,12.0,13,1.0,22.57154,69.82461,4.677,ordinary,flagged_facility,Vadinar terminal / Nayara refinery (EU+UK sanctioned),18.09,False,True,3,,False
419033900,REL SAGAR,IND,jamnagar_vadinar_sep_oct2025,2025-09-14 08:00:00+00:00,2025-09-14 20:00:00+00:00,12.0,13,1.0,22.51154,69.79923,2.261,ordinary,flagged_facility,Jamnagar (Sikka) marine terminal,12.19,False,True,3,,False
419033900,REL SAGAR,IND,jamnagar_vadinar_sep_oct2025,2025-09-18 13:00:00+00:00,2025-09-19 01:00:00+00:00,12.0,13,1.0,22.51,69.8,0.0,ordinary,flagged_facility,Jamnagar (Sikka) marine terminal,12.11,False,True,3,,False
419055150,M.T. BLUE BELL,IND,jamnagar_vadinar_sep_oct2025,2025-09-01 14:00:00+00:00,2025-09-02 02:00:00+00:00,12.0,13,1.0,22.49154,69.85692,4.313,ordinary,flagged_facility,Jamnagar (Sikka) marine terminal,15.65,False,True,3,,False
419055150,M.T. BLUE BELL,IND,jamnagar_vadinar_sep_oct2025,2025-09-09 12:00:00+00:00,2025-09-10 00:00:00+00:00,12.0,12,0.923,22.49083,69.8575,2.067,ordinary,flagged_facility,Jamnagar (Sikka) marine terminal,15.67,False,True,3,,False
419055150,M.T. BLUE BELL,IND,jamnagar_vadinar_sep_oct2025,2025-09-10 19:00:00+00:00,2025-09-11 07:00:00+00:00,12.0,13,1.0,22.49231,69.85692,4.886,ordinary,flagged_facility,Jamnagar (Sikka) marine terminal,15.68,False,True,3,,False
419055150,M.T. BLUE BELL,IND,jamnagar_vadinar_sep_oct2025,2025-09-11 18:00:00+00:00,2025-09-12 06:00:00+00:00,12.0,13,1.0,22.49077,69.85846,2.157,ordinary,flagged_facility,Jamnagar (Sikka) marine terminal,15.75,False,True,3,,False
419055150,M.T. BLUE BELL,IND,jamnagar_vadinar_sep_oct2025,2025-09-17 13:00:00+00:00,2025-09-18 01:00:00+00:00,12.0,13,1.0,22.49,69.86,0.0,ordinary,flagged_facility,Jamnagar (Sikka) marine terminal,15.86,False,True,3,,False
419055150,M.T. BLUE BELL,IND,jamnagar_vadinar_sep_oct2025,2025-09-27 14:00:00+00:00,2025-09-28 02:00:00+00:00,12.0,13,1.0,22.49231,69.85692,4.886,ordinary,flagged_facility,Jamnagar (Sikka) marine terminal,15.68,False,True,3,,False
419056200,M.T.IRIS,IND,jamnagar_vadinar_sep_oct2025,2025-09-15 14:00:00+00:00,2025-09-16 02:00:00+00:00,12.0,13,1.0,22.49077,69.85769,3.024,ordinary,flagged_facility,Jamnagar (Sikka) marine terminal,15.68,False,True,3,,False
419056200,M.T.IRIS,IND,jamnagar_vadinar_sep_oct2025,2025-10-05 13:00:00+00:00,2025-10-06 01:00:00+00:00,12.0,13,1.0,22.49077,69.85846,2.157,ordinary,flagged_facility,Jamnagar (Sikka) marine terminal,15.75,False,True,3,,False
419066300,SB EAGLE,IND,jamnagar_vadinar_sep_oct2025,2025-09-01 00:00:00+00:00,2025-09-01 12:00:00+00:00,12.0,13,1.0,22.49846,69.84154,4.893,ordinary,flagged_facility,Jamnagar (Sikka) marine terminal,14.63,False,True,3,,False
419066300,SB EAGLE,IND,jamnagar_vadinar_sep_oct2025,2025-09-04 03:00:00+00:00,2025-09-04 15:00:00+00:00,12.0,13,1.0,22.50231,69.83461,4.987,ordinary,flagged_facility,Jamnagar (Sikka) marine terminal,14.26,False,True,3,,False
419066300,SB EAGLE,IND,jamnagar_vadinar_sep_oct2025,2025-10-04 03:00:00+00:00,2025-10-04 15:00:00+00:00,12.0,13,1.0,22.50538,69.82462,4.863,ordinary,flagged_facility,Jamnagar (Sikka) marine terminal,13.63,False,True,3,,False
419066300,SB EAGLE,IND,jamnagar_vadinar_sep_oct2025,2025-10-04 16:00:00+00:00,2025-10-05 04:00:00+00:00,12.0,13,1.0,22.49385,69.84462,1.65,ordinary,flagged_facility,Jamnagar (Sikka) marine terminal,14.64,False,True,3,,False
419066400,M V CHETAK,IND,jamnagar_vadinar_sep_oct2025,2025-09-26 03:00:00+00:00,2025-09-26 15:00:00+00:00,12.0,13,1.0,22.50846,69.82,4.756,ordinary,flagged_facility,Jamnagar (Sikka) marine terminal,13.48,False,True,3,,False
419071500,M. T. HAZEL,IND,jamnagar_vadinar_sep_oct2025,2025-09-14 19:00:00+00:00,2025-09-15 07:00:00+00:00,12.0,13,1.0,22.49,69.85923,0.949,ordinary,flagged_facility,Jamnagar (Sikka) marine terminal,15.79,False,True,3,,False
419071500,M. T. HAZEL,IND,jamnagar_vadinar_sep_oct2025,2025-09-19 06:00:00+00:00,2025-09-19 18:00:00+00:00,12.0,13,1.0,22.49077,69.85615,1.952,ordinary,flagged_facility,Jamnagar (Sikka) marine terminal,15.54,False,True,3,,False
419071500,M. T. HAZEL,IND,jamnagar_vadinar_sep_oct2025,2025-09-25 13:00:00+00:00,2025-09-26 01:00:00+00:00,12.0,13,1.0,22.49231,69.85692,4.886,ordinary,flagged_facility,Jamnagar (Sikka) marine terminal,15.68,False,True,3,,False
419071500,M. T. HAZEL,IND,jamnagar_vadinar_sep_oct2025,2025-09-26 23:00:00+00:00,2025-09-27 11:00:00+00:00,12.0,13,1.0,22.49231,69.85462,4.064,ordinary,flagged_facility,Jamnagar (Sikka) marine terminal,15.47,False,True,3,,False
419071500,M. T. HAZEL,IND,jamnagar_vadinar_sep_oct2025,2025-09-28 12:00:00+00:00,2025-09-29 00:00:00+00:00,12.0,13,1.0,22.49,69.86,0.0,ordinary,flagged_facility,Jamnagar (Sikka) marine terminal,15.86,False,True,3,,False
419071500,M. T. HAZEL,IND,jamnagar_vadinar_sep_oct2025,2025-09-30 15:00:00+00:00,2025-10-01 03:00:00+00:00,12.0,13,1.0,22.49077,69.85769,3.024,ordinary,flagged_facility,Jamnagar (Sikka) marine terminal,15.68,False,True,3,,False
419071500,M. T. HAZEL,IND,jamnagar_vadinar_sep_oct2025,2025-10-08 21:00:00+00:00,2025-10-09 09:00:00+00:00,12.0,13,1.0,22.49,69.86,0.0,ordinary,flagged_facility,Jamnagar (Sikka) marine terminal,15.86,False,True,3,,False
419071500,M. T. HAZEL,IND,jamnagar_vadinar_sep_oct2025,2025-10-10 15:00:00+00:00,2025-10-11 03:00:00+00:00,12.0,13,1.0,22.49154,69.85539,2.772,ordinary,flagged_facility,Jamnagar (Sikka) marine terminal,15.5,False,True,3,,False
419072500,RELTUG 16,IND,jamnagar_vadinar_sep_oct2025,2025-09-27 17:00:00+00:00,2025-09-28 05:00:00+00:00,12.0,13,1.0,22.49,69.85,0.0,ordinary,flagged_facility,Jamnagar (Sikka) marine terminal,14.93,False,True,3,,False
419072700,RELTUG 14,IND,jamnagar_vadinar_sep_oct2025,2025-10-06 06:00:00+00:00,2025-10-06 18:00:00+00:00,12.0,13,1.0,22.48308,69.82769,4.995,ordinary,flagged_facility,Jamnagar (Sikka) marine terminal,12.54,False,True,3,,False
419072900,PARIJAT,IND,jamnagar_vadinar_sep_oct2025,2025-09-08 15:00:00+00:00,2025-09-09 03:00:00+00:00,12.0,13,1.0,22.49462,69.85,4.985,ordinary,flagged_facility,Jamnagar (Sikka) marine terminal,15.17,False,True,3,,False
419072900,PARIJAT,IND,jamnagar_vadinar_sep_oct2025,2025-10-10 13:00:00+00:00,2025-10-11 01:00:00+00:00,12.0,13,1.0,22.49,69.85923,0.949,ordinary,flagged_facility,Jamnagar (Sikka) marine terminal,15.79,False,True,3,,False
419077200,AKASH,IND,jamnagar_vadinar_sep_oct2025,2025-09-07 13:00:00+00:00,2025-09-08 01:00:00+00:00,12.0,12,0.923,22.50167,69.82583,2.811,ordinary,flagged_facility,Jamnagar (Sikka) marine terminal,13.48,False,True,3,,False
419077200,AKASH,IND,jamnagar_vadinar_sep_oct2025,2025-09-29 14:00:00+00:00,2025-09-30 02:00:00+00:00,12.0,13,1.0,22.58385,69.80615,4.916,ordinary,flagged_facility,Vadinar terminal / Nayara refinery (EU+UK sanctioned),16.47,False,True,3,,False
419077500,AGNI,IND,jamnagar_vadinar_sep_oct2025,2025-09-21 15:00:00+00:00,2025-09-22 03:00:00+00:00,12.0,13,1.0,22.51154,69.80385,3.573,ordinary,flagged_facility,Jamnagar (Sikka) marine terminal,12.51,False,True,3,,False
419077500,AGNI,IND,jamnagar_vadinar_sep_oct2025,2025-09-30 01:00:00+00:00,2025-09-30 13:00:00+00:00,12.0,13,1.0,22.57,69.79077,3.201,ordinary,flagged_facility,Vadinar terminal / Nayara refinery (EU+UK sanctioned),14.63,False,True,3,,False
419077500,AGNI,IND,jamnagar_vadinar_sep_oct2025,2025-10-04 17:00:00+00:00,2025-10-05 05:00:00+00:00,12.0,13,1.0,22.51077,69.80231,3.086,ordinary,flagged_facility,Jamnagar (Sikka) marine terminal,12.34,False,True,3,,False
419077600,NIVARAK,IND,jamnagar_vadinar_sep_oct2025,2025-09-07 06:00:00+00:00,2025-09-07 18:00:00+00:00,12.0,10,0.769,22.39,69.61,0.0,ordinary,flagged_facility,Jamnagar (Sikka) marine terminal,12.15,False,True,3,,False
419077600,NIVARAK,IND,jamnagar_vadinar_sep_oct2025,2025-09-14 13:00:00+00:00,2025-09-15 01:00:00+00:00,12.0,9,0.692,22.39,69.61,0.0,ordinary,flagged_facility,Jamnagar (Sikka) marine terminal,12.15,False,True,3,,False
419077800,REL DARSHAN,IND,jamnagar_vadinar_sep_oct2025,2025-10-10 22:00:00+00:00,2025-10-11 10:00:00+00:00,12.0,13,1.0,22.48,69.82923,0.949,ordinary,flagged_facility,Jamnagar (Sikka) marine terminal,12.53,False,True,3,,False
419077800,REL DARSHAN,IND,jamnagar_vadinar_sep_oct2025,2025-10-11 11:00:00+00:00,2025-10-11 23:00:00+00:00,12.0,13,1.0,22.55615,69.84231,3.388,ordinary,flagged_facility,Jamnagar (Sikka) marine terminal,18.83,False,True,3,,False
419079400,MV APSARA,IND,jamnagar_vadinar_sep_oct2025,2025-10-04 19:00:00+00:00,2025-10-05 07:00:00+00:00,12.0,13,1.0,22.5,69.83923,0.948,ordinary,flagged_facility,Jamnagar (Sikka) marine terminal,14.52,False,True,3,,False
419740000,DESH VIRAAT,IND,jamnagar_vadinar_sep_oct2025,2025-10-11 05:00:00+00:00,2025-10-11 17:00:00+00:00,12.0,13,1.0,22.63538,69.60154,4.294,ordinary,flagged_facility,Vadinar terminal / Nayara refinery (EU+UK sanctioned),10.72,False,True,3,,False
419956442,M.T.KB VI,IND,jamnagar_vadinar_sep_oct2025,2025-09-09 12:00:00+00:00,2025-09-10 00:00:00+00:00,12.0,11,0.846,22.50091,69.83727,4.41,ordinary,flagged_facility,Jamnagar (Sikka) marine terminal,14.4,False,True,3,,False
419956442,M.T.KB VI,IND,jamnagar_vadinar_sep_oct2025,2025-09-19 00:00:00+00:00,2025-09-19 12:00:00+00:00,12.0,12,0.923,22.57917,69.84083,3.604,ordinary,flagged_facility,Vadinar terminal / Nayara refinery (EU+UK sanctioned),19.86,False,True,3,,False
419956663,M.V. MANGAL MURTI,IND,jamnagar_vadinar_sep_oct2025,2025-09-03 21:00:00+00:00,2025-09-04 09:00:00+00:00,12.0,13,1.0,22.43077,69.67,1.026,ordinary,flagged_facility,Jamnagar (Sikka) marine terminal,5.14,False,True,3,,False
419956663,M.V. MANGAL MURTI,IND,jamnagar_vadinar_sep_oct2025,2025-09-07 08:00:00+00:00,2025-09-07 20:00:00+00:00,12.0,12,0.923,22.43167,69.67,2.039,ordinary,flagged_facility,Jamnagar (Sikka) marine terminal,5.14,False,True,3,,False
419956663,M.V. MANGAL MURTI,IND,jamnagar_vadinar_sep_oct2025,2025-09-08 01:00:00+00:00,2025-09-08 13:00:00+00:00,12.0,10,0.769,22.439,69.669,3.569,ordinary,flagged_facility,Jamnagar (Sikka) marine terminal,5.34,False,True,3,,False
419956663,M.V. MANGAL MURTI,IND,jamnagar_vadinar_sep_oct2025,2025-09-27 22:00:00+00:00,2025-09-28 10:00:00+00:00,12.0,13,1.0,22.43385,69.66846,4.445,ordinary,flagged_facility,Jamnagar (Sikka) marine terminal,5.31,False,True,3,,False
419956663,M.V. MANGAL MURTI,IND,jamnagar_vadinar_sep_oct2025,2025-10-05 21:00:00+00:00,2025-10-06 09:00:00+00:00,12.0,13,1.0,22.45308,69.66231,2.685,ordinary,flagged_facility,Jamnagar (Sikka) marine terminal,6.46,False,True,3,,False
419956787,DAWN II,IND,jamnagar_vadinar_sep_oct2025,2025-10-11 09:00:00+00:00,2025-10-11 21:00:00+00:00,12.0,13,1.0,22.58923,69.86539,1.166,ordinary,flagged_facility,Vadinar terminal / Nayara refinery (EU+UK sanctioned),22.54,False,True,3,,False
419957002,M V ANTILLIA  2,IND,jamnagar_vadinar_sep_oct2025,2025-09-03 16:00:00+00:00,2025-09-04 04:00:00+00:00,12.0,8,0.615,22.39,69.62,0.0,ordinary,flagged_facility,Jamnagar (Sikka) marine terminal,11.2,False,True,3,,False
419958543,M.V. MANEK,IND,jamnagar_vadinar_sep_oct2025,2025-10-03 16:00:00+00:00,2025-10-04 04:00:00+00:00,12.0,13,1.0,22.43,69.81,0.0,ordinary,flagged_facility,Jamnagar (Sikka) marine terminal,9.25,False,True,3,,False
419000638,OCEAN     EMPIRE,IND,jamnagar_vadinar_sep_oct2025,2025-10-04 10:00:00+00:00,2025-10-04 21:00:00+00:00,11.0,12,1.0,22.45667,69.6675,4.88,ordinary,flagged_facility,Jamnagar (Sikka) marine terminal,6.16,False,True,3,,False
419000914,SSL MUMBAI,IND,jamnagar_vadinar_sep_oct2025,2025-10-04 00:00:00+00:00,2025-10-04 11:00:00+00:00,11.0,12,1.0,22.68917,69.735,2.566,ordinary,flagged_facility,Vadinar terminal / Nayara refinery (EU+UK sanctioned),17.76,False,True,3,,False
419000964,ASTER STAR,IND,jamnagar_vadinar_sep_oct2025,2025-09-10 08:00:00+00:00,2025-09-10 19:00:00+00:00,11.0,9,0.75,22.49,69.85,0.0,ordinary,flagged_facility,Jamnagar (Sikka) marine terminal,14.93,False,True,3,,False
419001058,,IND,jamnagar_vadinar_sep_oct2025,2025-09-09 21:00:00+00:00,2025-09-10 08:00:00+00:00,11.0,12,1.0,22.57583,69.85417,3.22,ordinary,flagged_facility,Vadinar terminal / Nayara refinery (EU+UK sanctioned),21.16,False,True,3,,False
419001058,,IND,jamnagar_vadinar_sep_oct2025,2025-09-21 02:00:00+00:00,2025-09-21 13:00:00+00:00,11.0,12,1.0,22.57,69.84083,3.516,ordinary,flagged_facility,Vadinar terminal / Nayara refinery (EU+UK sanctioned),19.72,False,True,3,,False
419001286,TUG KB XI,IND,jamnagar_vadinar_sep_oct2025,2025-09-11 16:00:00+00:00,2025-09-12 03:00:00+00:00,11.0,12,1.0,22.47,69.68333,3.606,ordinary,flagged_facility,Jamnagar (Sikka) marine terminal,5.83,False,True,3,,False
419001390,KNK ASHIMA,IND,jamnagar_vadinar_sep_oct2025,2025-09-14 13:00:00+00:00,2025-09-15 00:00:00+00:00,11.0,12,1.0,22.4525,69.66917,4.275,ordinary,flagged_facility,Jamnagar (Sikka) marine terminal,5.79,False,True,3,,False
419001456,MEERA,IND,jamnagar_vadinar_sep_oct2025,2025-09-06 01:00:00+00:00,2025-09-06 12:00:00+00:00,11.0,12,1.0,22.49167,69.66667,2.771,ordinary,flagged_facility,Vadinar terminal / Nayara refinery (EU+UK sanctioned),6.71,False,True,3,,False
419001456,MEERA,IND,jamnagar_vadinar_sep_oct2025,2025-09-29 18:00:00+00:00,2025-09-30 05:00:00+00:00,11.0,12,1.0,22.44167,69.67083,2.04,ordinary,flagged_facility,Jamnagar (Sikka) marine terminal,5.22,False,True,3,,False
419001577,M.T. AMARSUKH,IND,jamnagar_vadinar_sep_oct2025,2025-09-26 13:00:00+00:00,2025-09-27 00:00:00+00:00,11.0,12,1.0,22.43917,69.80167,2.142,ordinary,flagged_facility,Jamnagar (Sikka) marine terminal,8.46,False,True,3,,False
419001600,RELTUG NINE,IND,jamnagar_vadinar_sep_oct2025,2025-09-18 05:00:00+00:00,2025-09-18 16:00:00+00:00,11.0,8,0.667,22.4525,69.79125,1.227,ordinary,flagged_facility,Jamnagar (Sikka) marine terminal,7.74,False,True,3,,False
419001715,ZINNIA STAR,IND,jamnagar_vadinar_sep_oct2025,2025-09-01 00:00:00+00:00,2025-09-01 11:00:00+00:00,11.0,12,1.0,22.44,69.67,0.0,ordinary,flagged_facility,Jamnagar (Sikka) marine terminal,5.26,False,True,3,,False
419001715,ZINNIA STAR,IND,jamnagar_vadinar_sep_oct2025,2025-10-04 15:00:00+00:00,2025-10-05 02:00:00+00:00,11.0,12,1.0,22.44,69.67,0.0,ordinary,flagged_facility,Jamnagar (Sikka) marine terminal,5.26,False,True,3,,False
419001885,KB 49,IND,jamnagar_vadinar_sep_oct2025,2025-10-09 19:00:00+00:00,2025-10-10 06:00:00+00:00,11.0,12,1.0,22.46833,69.68,3.314,ordinary,flagged_facility,Jamnagar (Sikka) marine terminal,5.92,False,True,3,,False
419014400,M V POONAM,IND,jamnagar_vadinar_sep_oct2025,2025-09-02 01:00:00+00:00,2025-09-02 12:00:00+00:00,11.0,12,1.0,22.5,69.84,0.0,ordinary,flagged_facility,Jamnagar (Sikka) marine terminal,14.58,False,True,3,,False
419014400,M V POONAM,IND,jamnagar_vadinar_sep_oct2025,2025-09-25 04:00:00+00:00,2025-09-25 15:00:00+00:00,11.0,12,1.0,22.50583,69.8375,4.971,ordinary,flagged_facility,Jamnagar (Sikka) marine terminal,14.73,False,True,3,,False
419032200,AQUA MOON,IND,jamnagar_vadinar_sep_oct2025,2025-09-01 02:00:00+00:00,2025-09-01 13:00:00+00:00,11.0,12,1.0,22.57917,69.83416,3.872,ordinary,flagged_facility,Vadinar terminal / Nayara refinery (EU+UK sanctioned),19.19,False,True,3,,False
419032300,AQUA SUN,IND,jamnagar_vadinar_sep_oct2025,2025-10-10 00:00:00+00:00,2025-10-10 11:00:00+00:00,11.0,12,1.0,22.49,69.83416,4.672,ordinary,flagged_facility,Jamnagar (Sikka) marine terminal,13.5,False,True,3,,False
419032300,AQUA SUN,IND,jamnagar_vadinar_sep_oct2025,2025-10-10 16:00:00+00:00,2025-10-11 03:00:00+00:00,11.0,12,1.0,22.49,69.83333,1.306,ordinary,flagged_facility,Jamnagar (Sikka) marine terminal,13.42,False,True,3,,False
419033600,RELTUG ELEVEN,IND,jamnagar_vadinar_sep_oct2025,2025-09-05 07:00:00+00:00,2025-09-05 18:00:00+00:00,11.0,12,1.0,22.49667,69.84083,4.932,ordinary,flagged_facility,Jamnagar (Sikka) marine terminal,14.46,False,True,3,,False
419033900,REL SAGAR,IND,jamnagar_vadinar_sep_oct2025,2025-09-09 14:00:00+00:00,2025-09-10 01:00:00+00:00,11.0,12,1.0,22.5,69.84,0.0,ordinary,flagged_facility,Jamnagar (Sikka) marine terminal,14.58,False,True,3,,False
419055150,M.T. BLUE BELL,IND,jamnagar_vadinar_sep_oct2025,2025-09-23 19:00:00+00:00,2025-09-24 06:00:00+00:00,11.0,12,1.0,22.49,69.85917,0.942,ordinary,flagged_facility,Jamnagar (Sikka) marine terminal,15.78,False,True,3,,False
419055150,M.T. BLUE BELL,IND,jamnagar_vadinar_sep_oct2025,2025-10-10 12:00:00+00:00,2025-10-10 23:00:00+00:00,11.0,12,1.0,22.4925,69.85417,2.619,ordinary,flagged_facility,Jamnagar (Sikka) marine terminal,15.44,False,True,3,,False
419056200,M.T.IRIS,IND,jamnagar_vadinar_sep_oct2025,2025-09-04 15:00:00+00:00,2025-09-05 02:00:00+00:00,11.0,12,1.0,22.49167,69.85583,1.872,ordinary,flagged_facility,Jamnagar (Sikka) marine terminal,15.55,False,True,3,,False
419056200,M.T.IRIS,IND,jamnagar_vadinar_sep_oct2025,2025-09-16 18:00:00+00:00,2025-09-17 05:00:00+00:00,11.0,12,1.0,22.4925,69.855,3.222,ordinary,flagged_facility,Jamnagar (Sikka) marine terminal,15.52,False,True,3,,False
419056200,M.T.IRIS,IND,jamnagar_vadinar_sep_oct2025,2025-10-09 16:00:00+00:00,2025-10-10 03:00:00+00:00,11.0,12,1.0,22.4925,69.855,3.222,ordinary,flagged_facility,Jamnagar (Sikka) marine terminal,15.52,False,True,3,,False
419066300,SB EAGLE,IND,jamnagar_vadinar_sep_oct2025,2025-09-04 16:00:00+00:00,2025-09-05 03:00:00+00:00,11.0,12,1.0,22.49417,69.8525,4.404,ordinary,flagged_facility,Jamnagar (Sikka) marine terminal,15.37,False,True,3,,False
419066300,SB EAGLE,IND,jamnagar_vadinar_sep_oct2025,2025-09-10 03:00:00+00:00,2025-09-10 14:00:00+00:00,11.0,12,1.0,22.50333,69.825,4.98,ordinary,flagged_facility,Jamnagar (Sikka) marine terminal,13.52,False,True,3,,False
419066300,SB EAGLE,IND,jamnagar_vadinar_sep_oct2025,2025-09-12 16:00:00+00:00,2025-09-13 03:00:00+00:00,11.0,12,1.0,22.49167,69.85333,2.57,ordinary,flagged_facility,Jamnagar (Sikka) marine terminal,15.32,False,True,3,,False
419066400,M V CHETAK,IND,jamnagar_vadinar_sep_oct2025,2025-09-17 03:00:00+00:00,2025-09-17 14:00:00+00:00,11.0,12,1.0,22.50083,69.83667,4.97,ordinary,flagged_facility,Jamnagar (Sikka) marine terminal,14.34,False,True,3,,False
419071500,M. T. HAZEL,IND,jamnagar_vadinar_sep_oct2025,2025-09-01 20:00:00+00:00,2025-09-02 07:00:00+00:00,11.0,12,1.0,22.49167,69.85583,2.811,ordinary,flagged_facility,Jamnagar (Sikka) marine terminal,15.55,False,True,3,,False
419071500,M. T. HAZEL,IND,jamnagar_vadinar_sep_oct2025,2025-10-09 12:00:00+00:00,2025-10-09 23:00:00+00:00,11.0,12,1.0,22.4925,69.85417,4.013,ordinary,flagged_facility,Jamnagar (Sikka) marine terminal,15.44,False,True,3,,False
419071500,M. T. HAZEL,IND,jamnagar_vadinar_sep_oct2025,2025-10-11 12:00:00+00:00,2025-10-11 23:00:00+00:00,11.0,12,1.0,22.49,69.85833,0.856,ordinary,flagged_facility,Jamnagar (Sikka) marine terminal,15.7,False,True,3,,False
419072500,RELTUG 16,IND,jamnagar_vadinar_sep_oct2025,2025-10-02 10:00:00+00:00,2025-10-02 21:00:00+00:00,11.0,12,1.0,22.49667,69.84167,4.932,ordinary,flagged_facility,Jamnagar (Sikka) marine terminal,14.54,False,True,3,,False
419072600,REL TUG FIFTEEN,IND,jamnagar_vadinar_sep_oct2025,2025-09-03 02:00:00+00:00,2025-09-03 13:00:00+00:00,11.0,12,1.0,22.58417,69.84083,4.941,ordinary,flagged_facility,Vadinar terminal / Nayara refinery (EU+UK sanctioned),19.96,False,True,3,,False
419072600,REL TUG FIFTEEN,IND,jamnagar_vadinar_sep_oct2025,2025-09-04 01:00:00+00:00,2025-09-04 12:00:00+00:00,11.0,8,0.667,22.5825,69.8425,2.649,ordinary,flagged_facility,Vadinar terminal / Nayara refinery (EU+UK sanctioned),20.09,False,True,3,,False
419072600,REL TUG FIFTEEN,IND,jamnagar_vadinar_sep_oct2025,2025-09-28 06:00:00+00:00,2025-09-28 17:00:00+00:00,11.0,12,1.0,22.59,69.86667,0.685,ordinary,flagged_facility,Vadinar terminal / Nayara refinery (EU+UK sanctioned),22.69,False,True,3,,False
419072600,REL TUG FIFTEEN,IND,jamnagar_vadinar_sep_oct2025,2025-09-29 00:00:00+00:00,2025-09-29 11:00:00+00:00,11.0,5,0.417,22.59,69.868,0.821,ordinary,flagged_facility,Vadinar terminal / Nayara refinery (EU+UK sanctioned),22.82,False,True,3,,False
419072700,RELTUG 14,IND,jamnagar_vadinar_sep_oct2025,2025-09-10 16:00:00+00:00,2025-09-11 03:00:00+00:00,11.0,12,1.0,22.49167,69.8475,3.484,ordinary,flagged_facility,Jamnagar (Sikka) marine terminal,14.79,False,True,3,,False
419072900,PARIJAT,IND,jamnagar_vadinar_sep_oct2025,2025-09-10 14:00:00+00:00,2025-09-11 01:00:00+00:00,11.0,12,1.0,22.49083,69.8575,3.003,ordinary,flagged_facility,Jamnagar (Sikka) marine terminal,15.67,False,True,3,,False
419072900,PARIJAT,IND,jamnagar_vadinar_sep_oct2025,2025-09-25 15:00:00+00:00,2025-09-26 02:00:00+00:00,11.0,8,0.667,22.49375,69.85375,4.532,ordinary,flagged_facility,Jamnagar (Sikka) marine terminal,15.46,False,True,3,,False
419072900,PARIJAT,IND,jamnagar_vadinar_sep_oct2025,2025-10-01 04:00:00+00:00,2025-10-01 15:00:00+00:00,11.0,11,0.917,22.50545,69.83818,4.81,ordinary,flagged_facility,Jamnagar (Sikka) marine terminal,14.76,False,True,3,,False
419072900,PARIJAT,IND,jamnagar_vadinar_sep_oct2025,2025-10-01 19:00:00+00:00,2025-10-02 06:00:00+00:00,11.0,12,1.0,22.49083,69.85667,2.923,ordinary,flagged_facility,Jamnagar (Sikka) marine terminal,15.59,False,True,3,,False
419072900,PARIJAT,IND,jamnagar_vadinar_sep_oct2025,2025-10-07 14:00:00+00:00,2025-10-08 01:00:00+00:00,11.0,12,1.0,22.49083,69.85833,2.142,ordinary,flagged_facility,Jamnagar (Sikka) marine terminal,15.74,False,True,3,,False
419077200,AKASH,IND,jamnagar_vadinar_sep_oct2025,2025-09-04 13:00:00+00:00,2025-09-05 00:00:00+00:00,11.0,9,0.75,22.50667,69.81222,2.948,ordinary,flagged_facility,Jamnagar (Sikka) marine terminal,12.75,False,True,3,,False
419077200,AKASH,IND,jamnagar_vadinar_sep_oct2025,2025-09-09 14:00:00+00:00,2025-09-10 01:00:00+00:00,11.0,12,1.0,22.50167,69.82917,2.246,ordinary,flagged_facility,Jamnagar (Sikka) marine terminal,13.76,False,True,3,,False
419077200,AKASH,IND,jamnagar_vadinar_sep_oct2025,2025-09-22 06:00:00+00:00,2025-09-22 17:00:00+00:00,11.0,12,1.0,22.52667,69.79667,4.867,ordinary,flagged_facility,Jamnagar (Sikka) marine terminal,13.33,False,True,3,,False
419077200,AKASH,IND,jamnagar_vadinar_sep_oct2025,2025-09-26 14:00:00+00:00,2025-09-27 01:00:00+00:00,11.0,12,1.0,22.5125,69.8,3.058,ordinary,flagged_facility,Jamnagar (Sikka) marine terminal,12.32,False,True,3,,False
419077500,AGNI,IND,jamnagar_vadinar_sep_oct2025,2025-09-01 00:00:00+00:00,2025-09-01 11:00:00+00:00,11.0,12,1.0,22.58917,69.81,1.019,ordinary,flagged_facility,Vadinar terminal / Nayara refinery (EU+UK sanctioned),17.0,False,True,3,,False
419077500,AGNI,IND,jamnagar_vadinar_sep_oct2025,2025-09-02 02:00:00+00:00,2025-09-02 13:00:00+00:00,11.0,12,1.0,22.57,69.79,2.053,ordinary,flagged_facility,Vadinar terminal / Nayara refinery (EU+UK sanctioned),14.55,False,True,3,,False
419077500,AGNI,IND,jamnagar_vadinar_sep_oct2025,2025-09-03 11:00:00+00:00,2025-09-03 22:00:00+00:00,11.0,9,0.75,22.49778,69.82778,4.984,ordinary,flagged_facility,Jamnagar (Sikka) marine terminal,13.4,False,True,3,,False
419077500,AGNI,IND,jamnagar_vadinar_sep_oct2025,2025-09-15 12:00:00+00:00,2025-09-15 23:00:00+00:00,11.0,12,1.0,22.50833,69.82667,3.915,ordinary,flagged_facility,Jamnagar (Sikka) marine terminal,14.0,False,True,3,,False
419077500,AGNI,IND,jamnagar_vadinar_sep_oct2025,2025-09-19 13:00:00+00:00,2025-09-20 00:00:00+00:00,11.0,12,1.0,22.5075,69.8075,2.457,ordinary,flagged_facility,Jamnagar (Sikka) marine terminal,12.45,False,True,3,,False
419077500,AGNI,IND,jamnagar_vadinar_sep_oct2025,2025-09-29 13:00:00+00:00,2025-09-30 00:00:00+00:00,11.0,12,1.0,22.51333,69.8,4.077,ordinary,flagged_facility,Jamnagar (Sikka) marine terminal,12.39,False,True,3,,False
419077800,REL DARSHAN,IND,jamnagar_vadinar_sep_oct2025,2025-09-11 15:00:00+00:00,2025-09-12 02:00:00+00:00,11.0,12,1.0,22.56,69.84916,0.941,ordinary,flagged_facility,Jamnagar (Sikka) marine terminal,19.62,False,True,3,,False
419077800,REL DARSHAN,IND,jamnagar_vadinar_sep_oct2025,2025-09-18 12:00:00+00:00,2025-09-18 23:00:00+00:00,11.0,12,1.0,22.5025,69.8375,4.163,ordinary,flagged_facility,Jamnagar (Sikka) marine terminal,14.52,False,True,3,,False
419079300,MV ANJALI,IND,jamnagar_vadinar_sep_oct2025,2025-09-04 13:00:00+00:00,2025-09-05 00:00:00+00:00,11.0,12,1.0,22.5,69.84,0.0,ordinary,flagged_facility,Jamnagar (Sikka) marine terminal,14.58,False,True,3,,False
419079300,MV ANJALI,IND,jamnagar_vadinar_sep_oct2025,2025-09-19 00:00:00+00:00,2025-09-19 11:00:00+00:00,11.0,12,1.0,22.50167,69.83416,4.974,ordinary,flagged_facility,Jamnagar (Sikka) marine terminal,14.18,False,True,3,,False
419079400,MV APSARA,IND,jamnagar_vadinar_sep_oct2025,2025-09-11 02:00:00+00:00,2025-09-11 13:00:00+00:00,11.0,12,1.0,22.5,69.84,0.0,ordinary,flagged_facility,Jamnagar (Sikka) marine terminal,14.58,False,True,3,,False
419292000,RELTUG SIX,IND,jamnagar_vadinar_sep_oct2025,2025-09-24 16:00:00+00:00,2025-09-25 03:00:00+00:00,11.0,12,1.0,22.49667,69.84166,4.161,ordinary,flagged_facility,Jamnagar (Sikka) marine terminal,14.53,False,True,3,,False
419293000,RELTUG 7,IND,jamnagar_vadinar_sep_oct2025,2025-10-11 12:00:00+00:00,2025-10-11 23:00:00+00:00,11.0,12,1.0,22.51,69.8,0.0,ordinary,flagged_facility,Jamnagar (Sikka) marine terminal,12.11,False,True,3,,False
419901161,M.T TORQUE,IND,jamnagar_vadinar_sep_oct2025,2025-09-23 12:00:00+00:00,2025-09-23 23:00:00+00:00,11.0,12,1.0,22.51583,69.79917,3.914,ordinary,flagged_facility,Jamnagar (Sikka) marine terminal,12.54,False,True,3,,False
419901161,M.T TORQUE,IND,jamnagar_vadinar_sep_oct2025,2025-09-24 14:00:00+00:00,2025-09-25 01:00:00+00:00,11.0,12,1.0,22.51,69.8,0.0,ordinary,flagged_facility,Jamnagar (Sikka) marine terminal,12.11,False,True,3,,False
419901161,M.T TORQUE,IND,jamnagar_vadinar_sep_oct2025,2025-09-30 13:00:00+00:00,2025-10-01 00:00:00+00:00,11.0,12,1.0,22.49833,69.83083,2.245,ordinary,flagged_facility,Jamnagar (Sikka) marine terminal,13.69,False,True,3,,False
419901161,M.T TORQUE,IND,jamnagar_vadinar_sep_oct2025,2025-10-03 14:00:00+00:00,2025-10-04 01:00:00+00:00,11.0,12,1.0,22.49833,69.835,2.73,ordinary,flagged_facility,Jamnagar (Sikka) marine terminal,14.05,False,True,3,,False
419956663,M.V. MANGAL MURTI,IND,jamnagar_vadinar_sep_oct2025,2025-09-14 12:00:00+00:00,2025-09-14 23:00:00+00:00,11.0,11,0.917,22.43636,69.66909,2.789,ordinary,flagged_facility,Jamnagar (Sikka) marine terminal,5.28,False,True,3,,False
419956663,M.V. MANGAL MURTI,IND,jamnagar_vadinar_sep_oct2025,2025-10-03 16:00:00+00:00,2025-10-04 03:00:00+00:00,11.0,8,0.667,22.43875,69.66375,3.496,ordinary,flagged_facility,Jamnagar (Sikka) marine terminal,5.86,False,True,3,,False
419956957,MV PAWANSUTH,IND,jamnagar_vadinar_sep_oct2025,2025-09-17 17:00:00+00:00,2025-09-18 04:00:00+00:00,11.0,12,1.0,22.48,69.83833,1.883,ordinary,flagged_facility,Jamnagar (Sikka) marine terminal,13.37,False,True,3,,False
419956957,MV PAWANSUTH,IND,jamnagar_vadinar_sep_oct2025,2025-10-10 09:00:00+00:00,2025-10-10 20:00:00+00:00,11.0,12,1.0,22.4875,69.82833,4.973,ordinary,flagged_facility,Jamnagar (Sikka) marine terminal,12.84,False,True,3,,False
419957002,M V ANTILLIA  2,IND,jamnagar_vadinar_sep_oct2025,2025-09-24 10:00:00+00:00,2025-09-24 21:00:00+00:00,11.0,7,0.583,22.39,69.61,0.0,ordinary,flagged_facility,Jamnagar (Sikka) marine terminal,12.15,False,True,3,,False
419000053,MT SUCCESS JASMINE,IND,jamnagar_vadinar_sep_oct2025,2025-09-10 02:00:00+00:00,2025-09-10 12:00:00+00:00,10.0,6,0.545,22.44167,69.80667,1.342,ordinary,flagged_facility,Jamnagar (Sikka) marine terminal,9.0,False,True,3,,False
419000550,C-409,IND,jamnagar_vadinar_sep_oct2025,2025-09-15 17:00:00+00:00,2025-09-16 03:00:00+00:00,10.0,11,1.0,22.44364,69.67,4.043,ordinary,flagged_facility,Jamnagar (Sikka) marine terminal,5.36,False,True,3,,False
419000638,OCEAN     EMPIRE,IND,jamnagar_vadinar_sep_oct2025,2025-09-20 12:00:00+00:00,2025-09-20 22:00:00+00:00,10.0,11,1.0,22.44818,69.66727,4.977,ordinary,flagged_facility,Jamnagar (Sikka) marine terminal,5.78,False,True,3,,False
419000765,CALYPSO FORTUNE,IND,jamnagar_vadinar_sep_oct2025,2025-09-13 04:00:00+00:00,2025-09-13 14:00:00+00:00,10.0,11,1.0,22.58727,69.83364,3.467,ordinary,flagged_facility,Vadinar terminal / Nayara refinery (EU+UK sanctioned),19.31,False,True,3,,False
419000765,CALYPSO FORTUNE,IND,jamnagar_vadinar_sep_oct2025,2025-09-17 18:00:00+00:00,2025-09-18 04:00:00+00:00,10.0,11,1.0,22.58,69.82273,4.636,ordinary,flagged_facility,Vadinar terminal / Nayara refinery (EU+UK sanctioned),18.05,False,True,3,,False
419000765,CALYPSO FORTUNE,IND,jamnagar_vadinar_sep_oct2025,2025-09-25 15:00:00+00:00,2025-09-26 01:00:00+00:00,10.0,11,1.0,22.59636,69.84091,3.978,ordinary,flagged_facility,Vadinar terminal / Nayara refinery (EU+UK sanctioned),20.27,False,True,3,,False
419000765,CALYPSO FORTUNE,IND,jamnagar_vadinar_sep_oct2025,2025-09-28 07:00:00+00:00,2025-09-28 17:00:00+00:00,10.0,11,1.0,22.57545,69.82091,4.866,ordinary,flagged_facility,Vadinar terminal / Nayara refinery (EU+UK sanctioned),17.78,False,True,3,,False
419000894,JASMINE STAR,IND,jamnagar_vadinar_sep_oct2025,2025-09-08 15:00:00+00:00,2025-09-09 01:00:00+00:00,10.0,11,1.0,22.44,69.67,0.0,ordinary,flagged_facility,Jamnagar (Sikka) marine terminal,5.26,False,True,3,,False
419000964,ASTER STAR,IND,jamnagar_vadinar_sep_oct2025,2025-09-09 17:00:00+00:00,2025-09-10 03:00:00+00:00,10.0,11,1.0,22.49,69.85,0.0,ordinary,flagged_facility,Jamnagar (Sikka) marine terminal,14.93,False,True,3,,False
419000964,ASTER STAR,IND,jamnagar_vadinar_sep_oct2025,2025-09-29 04:00:00+00:00,2025-09-29 14:00:00+00:00,10.0,11,1.0,22.49,69.85,0.0,ordinary,flagged_facility,Jamnagar (Sikka) marine terminal,14.93,False,True,3,,False
419000964,ASTER STAR,IND,jamnagar_vadinar_sep_oct2025,2025-10-02 03:00:00+00:00,2025-10-02 13:00:00+00:00,10.0,10,0.909,22.493,69.845,1.726,ordinary,flagged_facility,Jamnagar (Sikka) marine terminal,14.63,False,True,3,,False
419000964,ASTER STAR,IND,jamnagar_vadinar_sep_oct2025,2025-10-10 06:00:00+00:00,2025-10-10 16:00:00+00:00,10.0,11,1.0,22.50182,69.80818,3.361,ordinary,flagged_facility,Jamnagar (Sikka) marine terminal,12.08,False,True,3,,False
419001286,TUG KB XI,IND,jamnagar_vadinar_sep_oct2025,2025-09-02 04:00:00+00:00,2025-09-02 14:00:00+00:00,10.0,11,1.0,22.45364,69.67454,3.334,ordinary,flagged_facility,Jamnagar (Sikka) marine terminal,5.36,False,True,3,,False
419001286,TUG KB XI,IND,jamnagar_vadinar_sep_oct2025,2025-09-02 15:00:00+00:00,2025-09-03 01:00:00+00:00,10.0,11,1.0,22.53,69.68818,0.841,ordinary,flagged_facility,Vadinar terminal / Nayara refinery (EU+UK sanctioned),4.51,False,True,3,,False
419001390,KNK ASHIMA,IND,jamnagar_vadinar_sep_oct2025,2025-09-26 14:00:00+00:00,2025-09-27 00:00:00+00:00,10.0,11,1.0,22.44,69.67,0.0,ordinary,flagged_facility,Jamnagar (Sikka) marine terminal,5.26,False,True,3,,False
419001456,MEERA,IND,jamnagar_vadinar_sep_oct2025,2025-09-17 16:00:00+00:00,2025-09-18 02:00:00+00:00,10.0,11,1.0,22.44,69.67,0.0,ordinary,flagged_facility,Jamnagar (Sikka) marine terminal,5.26,False,True,3,,False
419001456,MEERA,IND,jamnagar_vadinar_sep_oct2025,2025-09-23 14:00:00+00:00,2025-09-24 00:00:00+00:00,10.0,11,1.0,22.44,69.67,0.0,ordinary,flagged_facility,Jamnagar (Sikka) marine terminal,5.26,False,True,3,,False
419001472,OCEAN PRIDE,IND,jamnagar_vadinar_sep_oct2025,2025-09-04 10:00:00+00:00,2025-09-04 20:00:00+00:00,10.0,4,0.364,22.44,69.67,0.0,ordinary,flagged_facility,Jamnagar (Sikka) marine terminal,5.26,False,True,3,,False
419001472,OCEAN PRIDE,IND,jamnagar_vadinar_sep_oct2025,2025-09-08 11:00:00+00:00,2025-09-08 21:00:00+00:00,10.0,7,0.636,22.44,69.67,0.0,ordinary,flagged_facility,Jamnagar (Sikka) marine terminal,5.26,False,True,3,,False
419001472,OCEAN PRIDE,IND,jamnagar_vadinar_sep_oct2025,2025-09-14 14:00:00+00:00,2025-09-15 00:00:00+00:00,10.0,11,1.0,22.45,69.66818,4.526,ordinary,flagged_facility,Jamnagar (Sikka) marine terminal,5.77,False,True,3,,False
419001487,RELTUG EIGHTEEN,IND,jamnagar_vadinar_sep_oct2025,2025-10-06 13:00:00+00:00,2025-10-06 23:00:00+00:00,10.0,11,1.0,22.50273,69.83454,4.962,ordinary,flagged_facility,Jamnagar (Sikka) marine terminal,14.28,False,True,3,,False
419001488,RELTUG NINETEEN,IND,jamnagar_vadinar_sep_oct2025,2025-10-02 10:00:00+00:00,2025-10-02 20:00:00+00:00,10.0,11,1.0,22.50273,69.83454,4.962,ordinary,flagged_facility,Jamnagar (Sikka) marine terminal,14.28,False,True,3,,False
419001651,KNK NAYRA,IND,jamnagar_vadinar_sep_oct2025,2025-09-06 14:00:00+00:00,2025-09-07 00:00:00+00:00,10.0,11,1.0,22.51,69.81364,2.927,ordinary,flagged_facility,Jamnagar (Sikka) marine terminal,13.1,False,True,3,,False
419001794,RIVER PEARL 10,IND,jamnagar_vadinar_sep_oct2025,2025-10-04 15:00:00+00:00,2025-10-05 01:00:00+00:00,10.0,11,1.0,22.44,69.67,0.0,ordinary,flagged_facility,Jamnagar (Sikka) marine terminal,5.26,False,True,3,,False
419001885,KB 49,IND,jamnagar_vadinar_sep_oct2025,2025-10-04 04:00:00+00:00,2025-10-04 14:00:00+00:00,10.0,11,1.0,22.50182,69.69,3.134,ordinary,flagged_facility,Vadinar terminal / Nayara refinery (EU+UK sanctioned),6.75,False,True,3,,False
419032200,AQUA MOON,IND,jamnagar_vadinar_sep_oct2025,2025-09-01 14:00:00+00:00,2025-09-02 00:00:00+00:00,10.0,11,1.0,22.50909,69.80455,3.779,ordinary,flagged_facility,Jamnagar (Sikka) marine terminal,12.36,False,True,3,,False
419032300,AQUA SUN,IND,jamnagar_vadinar_sep_oct2025,2025-09-06 14:00:00+00:00,2025-09-07 00:00:00+00:00,10.0,10,0.909,22.501,69.83,1.001,ordinary,flagged_facility,Jamnagar (Sikka) marine terminal,13.79,False,True,3,,False
419032300,AQUA SUN,IND,jamnagar_vadinar_sep_oct2025,2025-10-11 12:00:00+00:00,2025-10-11 22:00:00+00:00,10.0,11,1.0,22.56,69.84,0.0,ordinary,flagged_facility,Jamnagar (Sikka) marine terminal,19.0,False,True,3,,False
419033600,RELTUG ELEVEN,IND,jamnagar_vadinar_sep_oct2025,2025-09-10 03:00:00+00:00,2025-09-10 13:00:00+00:00,10.0,11,1.0,22.49636,69.84091,4.956,ordinary,flagged_facility,Jamnagar (Sikka) marine terminal,14.45,False,True,3,,False
419033600,RELTUG ELEVEN,IND,jamnagar_vadinar_sep_oct2025,2025-10-09 21:00:00+00:00,2025-10-10 07:00:00+00:00,10.0,11,1.0,22.49,69.85,0.0,ordinary,flagged_facility,Jamnagar (Sikka) marine terminal,14.93,False,True,3,,False
419033900,REL SAGAR,IND,jamnagar_vadinar_sep_oct2025,2025-09-08 14:00:00+00:00,2025-09-09 00:00:00+00:00,10.0,11,1.0,22.5,69.84,0.0,ordinary,flagged_facility,Jamnagar (Sikka) marine terminal,14.58,False,True,3,,False
419033900,REL SAGAR,IND,jamnagar_vadinar_sep_oct2025,2025-09-11 10:00:00+00:00,2025-09-11 20:00:00+00:00,10.0,11,1.0,22.49182,69.84727,3.455,ordinary,flagged_facility,Jamnagar (Sikka) marine terminal,14.77,False,True,3,,False
419055150,M.T. BLUE BELL,IND,jamnagar_vadinar_sep_oct2025,2025-09-02 14:00:00+00:00,2025-09-03 00:00:00+00:00,10.0,11,1.0,22.49273,69.85636,4.812,ordinary,flagged_facility,Jamnagar (Sikka) marine terminal,15.65,False,True,3,,False
419055150,M.T. BLUE BELL,IND,jamnagar_vadinar_sep_oct2025,2025-09-06 15:00:00+00:00,2025-09-07 01:00:00+00:00,10.0,11,1.0,22.49,69.85909,0.934,ordinary,flagged_facility,Jamnagar (Sikka) marine terminal,15.77,False,True,3,,False
419055150,M.T. BLUE BELL,IND,jamnagar_vadinar_sep_oct2025,2025-09-30 21:00:00+00:00,2025-10-01 07:00:00+00:00,10.0,11,1.0,22.49182,69.85727,3.455,ordinary,flagged_facility,Jamnagar (Sikka) marine terminal,15.69,False,True,3,,False
419055150,M.T. BLUE BELL,IND,jamnagar_vadinar_sep_oct2025,2025-10-02 15:00:00+00:00,2025-10-03 01:00:00+00:00,10.0,10,0.909,22.496,69.846,4.975,ordinary,flagged_facility,Jamnagar (Sikka) marine terminal,14.88,False,True,3,,False
419055150,M.T. BLUE BELL,IND,jamnagar_vadinar_sep_oct2025,2025-10-03 02:00:00+00:00,2025-10-03 12:00:00+00:00,10.0,11,1.0,22.49091,69.85818,2.124,ordinary,flagged_facility,Jamnagar (Sikka) marine terminal,15.73,False,True,3,,False
419055150,M.T. BLUE BELL,IND,jamnagar_vadinar_sep_oct2025,2025-10-04 08:00:00+00:00,2025-10-04 18:00:00+00:00,10.0,11,1.0,22.49091,69.85818,2.124,ordinary,flagged_facility,Jamnagar (Sikka) marine terminal,15.73,False,True,3,,False
419056200,M.T.IRIS,IND,jamnagar_vadinar_sep_oct2025,2025-09-02 20:00:00+00:00,2025-09-03 06:00:00+00:00,10.0,11,1.0,22.49,69.86,0.0,ordinary,flagged_facility,Jamnagar (Sikka) marine terminal,15.86,False,True,3,,False
419056200,M.T.IRIS,IND,jamnagar_vadinar_sep_oct2025,2025-09-10 13:00:00+00:00,2025-09-10 23:00:00+00:00,10.0,11,1.0,22.49091,69.85818,2.124,ordinary,flagged_facility,Jamnagar (Sikka) marine terminal,15.73,False,True,3,,False
419056200,M.T.IRIS,IND,jamnagar_vadinar_sep_oct2025,2025-09-14 19:00:00+00:00,2025-09-15 05:00:00+00:00,10.0,11,1.0,22.49182,69.85636,3.38,ordinary,flagged_facility,Jamnagar (Sikka) marine terminal,15.61,False,True,3,,False
419056200,M.T.IRIS,IND,jamnagar_vadinar_sep_oct2025,2025-09-30 16:00:00+00:00,2025-10-01 02:00:00+00:00,10.0,11,1.0,22.49273,69.85636,4.812,ordinary,flagged_facility,Jamnagar (Sikka) marine terminal,15.65,False,True,3,,False
419056200,M.T.IRIS,IND,jamnagar_vadinar_sep_oct2025,2025-10-11 08:00:00+00:00,2025-10-11 18:00:00+00:00,10.0,11,1.0,22.49,69.86,0.0,ordinary,flagged_facility,Jamnagar (Sikka) marine terminal,15.86,False,True,3,,False
419066300,SB EAGLE,IND,jamnagar_vadinar_sep_oct2025,2025-09-10 15:00:00+00:00,2025-09-11 01:00:00+00:00,10.0,11,1.0,22.49,69.85545,0.561,ordinary,flagged_facility,Jamnagar (Sikka) marine terminal,15.44,False,True,3,,False
419066400,M V CHETAK,IND,jamnagar_vadinar_sep_oct2025,2025-09-10 06:00:00+00:00,2025-09-10 16:00:00+00:00,10.0,11,1.0,22.50364,69.83727,4.919,ordinary,flagged_facility,Jamnagar (Sikka) marine terminal,14.57,False,True,3,,False
419066400,M V CHETAK,IND,jamnagar_vadinar_sep_oct2025,2025-09-24 18:00:00+00:00,2025-09-25 04:00:00+00:00,10.0,11,1.0,22.49364,69.84909,4.972,ordinary,flagged_facility,Jamnagar (Sikka) marine terminal,15.03,False,True,3,,False
419071500,M. T. HAZEL,IND,jamnagar_vadinar_sep_oct2025,2025-09-04 05:00:00+00:00,2025-09-04 15:00:00+00:00,10.0,11,1.0,22.49,69.85909,0.934,ordinary,flagged_facility,Jamnagar (Sikka) marine terminal,15.77,False,True,3,,False
419071500,M. T. HAZEL,IND,jamnagar_vadinar_sep_oct2025,2025-09-26 10:00:00+00:00,2025-09-26 20:00:00+00:00,10.0,11,1.0,22.49,69.86,0.0,ordinary,flagged_facility,Jamnagar (Sikka) marine terminal,15.86,False,True,3,,False
419071500,M. T. HAZEL,IND,jamnagar_vadinar_sep_oct2025,2025-10-06 15:00:00+00:00,2025-10-07 01:00:00+00:00,10.0,11,1.0,22.49,69.86,0.0,ordinary,flagged_facility,Jamnagar (Sikka) marine terminal,15.86,False,True,3,,False
419072500,RELTUG 16,IND,jamnagar_vadinar_sep_oct2025,2025-09-20 14:00:00+00:00,2025-09-21 00:00:00+00:00,10.0,11,1.0,22.49727,69.83455,3.82,ordinary,flagged_facility,Jamnagar (Sikka) marine terminal,13.95,False,True,3,,False
419072500,RELTUG 16,IND,jamnagar_vadinar_sep_oct2025,2025-10-03 17:00:00+00:00,2025-10-04 03:00:00+00:00,10.0,11,1.0,22.49636,69.83545,3.945,ordinary,flagged_facility,Jamnagar (Sikka) marine terminal,13.97,False,True,3,,False
419072700,RELTUG 14,IND,jamnagar_vadinar_sep_oct2025,2025-09-06 14:00:00+00:00,2025-09-07 00:00:00+00:00,10.0,11,1.0,22.50727,69.81545,4.963,ordinary,flagged_facility,Jamnagar (Sikka) marine terminal,13.04,False,True,3,,False
419072700,RELTUG 14,IND,jamnagar_vadinar_sep_oct2025,2025-09-21 15:00:00+00:00,2025-09-22 01:00:00+00:00,10.0,11,1.0,22.51,69.80364,0.653,ordinary,flagged_facility,Jamnagar (Sikka) marine terminal,12.37,False,True,3,,False
419072900,PARIJAT,IND,jamnagar_vadinar_sep_oct2025,2025-09-16 18:00:00+00:00,2025-09-17 04:00:00+00:00,10.0,11,1.0,22.49091,69.85818,2.124,ordinary,flagged_facility,Jamnagar (Sikka) marine terminal,15.73,False,True,3,,False
419072900,PARIJAT,IND,jamnagar_vadinar_sep_oct2025,2025-09-30 12:00:00+00:00,2025-09-30 22:00:00+00:00,10.0,11,1.0,22.49091,69.85727,2.043,ordinary,flagged_facility,Jamnagar (Sikka) marine terminal,15.65,False,True,3,,False
419072900,PARIJAT,IND,jamnagar_vadinar_sep_oct2025,2025-10-06 17:00:00+00:00,2025-10-07 03:00:00+00:00,10.0,11,1.0,22.49273,69.85545,3.244,ordinary,flagged_facility,Jamnagar (Sikka) marine terminal,15.57,False,True,3,,False
419072900,PARIJAT,IND,jamnagar_vadinar_sep_oct2025,2025-10-11 05:00:00+00:00,2025-10-11 15:00:00+00:00,10.0,11,1.0,22.49091,69.85545,2.803,ordinary,flagged_facility,Jamnagar (Sikka) marine terminal,15.48,False,True,3,,False
419077200,AKASH,IND,jamnagar_vadinar_sep_oct2025,2025-09-08 14:00:00+00:00,2025-09-09 00:00:00+00:00,10.0,11,1.0,22.5,69.83,0.0,ordinary,flagged_facility,Jamnagar (Sikka) marine terminal,13.72,False,True,3,,False
419077200,AKASH,IND,jamnagar_vadinar_sep_oct2025,2025-10-01 15:00:00+00:00,2025-10-02 01:00:00+00:00,10.0,11,1.0,22.51,69.8,0.0,ordinary,flagged_facility,Jamnagar (Sikka) marine terminal,12.11,False,True,3,,False
419077200,AKASH,IND,jamnagar_vadinar_sep_oct2025,2025-10-04 01:00:00+00:00,2025-10-04 11:00:00+00:00,10.0,11,1.0,22.58818,69.80727,3.601,ordinary,flagged_facility,Vadinar terminal / Nayara refinery (EU+UK sanctioned),16.7,False,True,3,,False
419077500,AGNI,IND,jamnagar_vadinar_sep_oct2025,2025-09-12 14:00:00+00:00,2025-09-13 00:00:00+00:00,10.0,11,1.0,22.50909,69.80546,2.716,ordinary,flagged_facility,Jamnagar (Sikka) marine terminal,12.43,False,True,3,,False
419077500,AGNI,IND,jamnagar_vadinar_sep_oct2025,2025-09-14 01:00:00+00:00,2025-09-14 11:00:00+00:00,10.0,10,0.909,22.57,69.79,0.0,ordinary,flagged_facility,Vadinar terminal / Nayara refinery (EU+UK sanctioned),14.55,False,True,3,,False
419077500,AGNI,IND,jamnagar_vadinar_sep_oct2025,2025-09-16 14:00:00+00:00,2025-09-17 00:00:00+00:00,10.0,11,1.0,22.5,69.83,0.0,ordinary,flagged_facility,Jamnagar (Sikka) marine terminal,13.72,False,True,3,,False
419077500,AGNI,IND,jamnagar_vadinar_sep_oct2025,2025-09-27 16:00:00+00:00,2025-09-28 02:00:00+00:00,10.0,11,1.0,22.50091,69.82909,1.376,ordinary,flagged_facility,Jamnagar (Sikka) marine terminal,13.71,False,True,3,,False
419077500,AGNI,IND,jamnagar_vadinar_sep_oct2025,2025-09-28 18:00:00+00:00,2025-09-29 04:00:00+00:00,10.0,11,1.0,22.50091,69.82818,2.124,ordinary,flagged_facility,Jamnagar (Sikka) marine terminal,13.63,False,True,3,,False
419077800,REL DARSHAN,IND,jamnagar_vadinar_sep_oct2025,2025-09-02 13:00:00+00:00,2025-09-02 23:00:00+00:00,10.0,11,1.0,22.50091,69.83818,2.123,ordinary,flagged_facility,Jamnagar (Sikka) marine terminal,14.48,False,True,3,,False
419077800,REL DARSHAN,IND,jamnagar_vadinar_sep_oct2025,2025-09-09 01:00:00+00:00,2025-09-09 11:00:00+00:00,10.0,11,1.0,22.50364,69.83545,3.185,ordinary,flagged_facility,Jamnagar (Sikka) marine terminal,14.41,False,True,3,,False
419077800,REL DARSHAN,IND,jamnagar_vadinar_sep_oct2025,2025-09-11 04:00:00+00:00,2025-09-11 14:00:00+00:00,10.0,11,1.0,22.5,69.84,0.0,ordinary,flagged_facility,Jamnagar (Sikka) marine terminal,14.58,False,True,3,,False
419292000,RELTUG SIX,IND,jamnagar_vadinar_sep_oct2025,2025-09-28 20:00:00+00:00,2025-09-29 06:00:00+00:00,10.0,11,1.0,22.49,69.85,0.0,ordinary,flagged_facility,Jamnagar (Sikka) marine terminal,14.93,False,True,3,,False
419293000,RELTUG 7,IND,jamnagar_vadinar_sep_oct2025,2025-09-25 20:00:00+00:00,2025-09-26 06:00:00+00:00,10.0,11,1.0,22.49,69.85,0.0,ordinary,flagged_facility,Jamnagar (Sikka) marine terminal,14.93,False,True,3,,False
419901161,M.T TORQUE,IND,jamnagar_vadinar_sep_oct2025,2025-09-13 15:00:00+00:00,2025-09-14 01:00:00+00:00,10.0,11,1.0,22.51273,69.80091,3.173,ordinary,flagged_facility,Jamnagar (Sikka) marine terminal,12.4,False,True,3,,False
419901161,M.T TORQUE,IND,jamnagar_vadinar_sep_oct2025,2025-09-25 15:00:00+00:00,2025-09-26 01:00:00+00:00,10.0,11,1.0,22.58455,69.80818,3.932,ordinary,flagged_facility,Vadinar terminal / Nayara refinery (EU+UK sanctioned),16.69,False,True,3,,False
419902339,MT MAHADEV,IND,jamnagar_vadinar_sep_oct2025,2025-09-22 20:00:00+00:00,2025-09-23 06:00:00+00:00,10.0,11,1.0,22.43091,69.67,1.011,ordinary,flagged_facility,Jamnagar (Sikka) marine terminal,5.14,False,True,3,,False
419902339,MT MAHADEV,IND,jamnagar_vadinar_sep_oct2025,2025-10-01 13:00:00+00:00,2025-10-01 23:00:00+00:00,10.0,8,0.727,22.43625,69.66875,4.947,ordinary,flagged_facility,Jamnagar (Sikka) marine terminal,5.31,False,True,3,,False
419956442,M.T.KB VI,IND,jamnagar_vadinar_sep_oct2025,2025-09-12 01:00:00+00:00,2025-09-12 11:00:00+00:00,10.0,10,0.909,22.582,69.858,2.581,ordinary,flagged_facility,Vadinar terminal / Nayara refinery (EU+UK sanctioned),21.65,False,True,3,,False
419956442,M.T.KB VI,IND,jamnagar_vadinar_sep_oct2025,2025-09-22 14:00:00+00:00,2025-09-23 00:00:00+00:00,10.0,11,1.0,22.50091,69.83,1.441,ordinary,flagged_facility,Jamnagar (Sikka) marine terminal,13.78,False,True,3,,False
419956663,M.V. MANGAL MURTI,IND,jamnagar_vadinar_sep_oct2025,2025-09-17 04:00:00+00:00,2025-09-17 14:00:00+00:00,10.0,11,1.0,22.43545,69.67,1.617,ordinary,flagged_facility,Jamnagar (Sikka) marine terminal,5.17,False,True,3,,False
419956663,M.V. MANGAL MURTI,IND,jamnagar_vadinar_sep_oct2025,2025-10-01 20:00:00+00:00,2025-10-02 06:00:00+00:00,10.0,8,0.727,22.43125,69.66125,1.325,ordinary,flagged_facility,Jamnagar (Sikka) marine terminal,6.04,False,True,3,,False
419956663,M.V. MANGAL MURTI,IND,jamnagar_vadinar_sep_oct2025,2025-10-04 14:00:00+00:00,2025-10-05 00:00:00+00:00,10.0,11,1.0,22.43364,69.67,2.932,ordinary,flagged_facility,Jamnagar (Sikka) marine terminal,5.15,False,True,3,,False
419956753,MARINE . 1,IND,jamnagar_vadinar_sep_oct2025,2025-09-19 15:00:00+00:00,2025-09-20 01:00:00+00:00,10.0,8,0.727,22.565,69.74875,3.004,ordinary,flagged_facility,Vadinar terminal / Nayara refinery (EU+UK sanctioned),10.28,False,True,3,,False
419956787,DAWN II,IND,jamnagar_vadinar_sep_oct2025,2025-09-30 14:00:00+00:00,2025-10-01 00:00:00+00:00,10.0,11,1.0,22.49818,69.83455,1.99,ordinary,flagged_facility,Jamnagar (Sikka) marine terminal,14.0,False,True,3,,False
419956803,KANAIYA,IND,jamnagar_vadinar_sep_oct2025,2025-09-03 03:00:00+00:00,2025-09-03 13:00:00+00:00,10.0,11,1.0,22.49,69.83818,1.394,ordinary,flagged_facility,Jamnagar (Sikka) marine terminal,13.86,False,True,3,,False
419957002,M V ANTILLIA  2,IND,jamnagar_vadinar_sep_oct2025,2025-10-06 14:00:00+00:00,2025-10-07 00:00:00+00:00,10.0,11,1.0,22.39182,69.60818,2.754,ordinary,flagged_facility,Jamnagar (Sikka) marine terminal,12.25,False,True,3,,False
419957028,KB 48,IND,jamnagar_vadinar_sep_oct2025,2025-09-23 04:00:00+00:00,2025-09-23 14:00:00+00:00,10.0,10,0.909,22.688,69.668,1.21,ordinary,flagged_facility,Vadinar terminal / Nayara refinery (EU+UK sanctioned),15.46,False,True,3,,False
419958525,GAUTAM ANTILLIA,IND,jamnagar_vadinar_sep_oct2025,2025-09-24 15:00:00+00:00,2025-09-25 01:00:00+00:00,10.0,4,0.364,22.3975,69.6025,1.893,ordinary,flagged_facility,Jamnagar (Sikka) marine terminal,12.61,False,True,3,,False
419991279,DARIYA JYOT,IND,jamnagar_vadinar_sep_oct2025,2025-10-05 20:00:00+00:00,2025-10-06 06:00:00+00:00,10.0,11,1.0,22.43909,69.67,4.549,ordinary,flagged_facility,Jamnagar (Sikka) marine terminal,5.24,False,True,3,,False
419000053,MT SUCCESS JASMINE,IND,jamnagar_vadinar_sep_oct2025,2025-09-26 11:00:00+00:00,2025-09-26 20:00:00+00:00,9.0,6,0.6,22.44,69.805,1.901,ordinary,flagged_facility,Jamnagar (Sikka) marine terminal,8.81,False,True,3,,False
419000056,SUCCESS NETRAVATI,IND,jamnagar_vadinar_sep_oct2025,2025-09-10 06:00:00+00:00,2025-09-10 15:00:00+00:00,9.0,10,1.0,22.432,69.67,0.89,ordinary,flagged_facility,Jamnagar (Sikka) marine terminal,5.14,False,True,3,,False
419000293,DWARKESH,IND,jamnagar_vadinar_sep_oct2025,2025-10-06 05:00:00+00:00,2025-10-06 14:00:00+00:00,9.0,10,1.0,22.56,69.62,0.0,ordinary,flagged_facility,Vadinar terminal / Nayara refinery (EU+UK sanctioned),3.28,False,True,3,,False
419000484,VAIDYANATH,IND,jamnagar_vadinar_sep_oct2025,2025-09-02 07:00:00+00:00,2025-09-02 16:00:00+00:00,9.0,6,0.6,22.43333,69.81667,2.523,ordinary,flagged_facility,Jamnagar (Sikka) marine terminal,9.94,False,True,3,,False
419000550,C-409,IND,jamnagar_vadinar_sep_oct2025,2025-09-13 19:00:00+00:00,2025-09-14 04:00:00+00:00,9.0,6,0.6,22.44,69.67,0.0,ordinary,flagged_facility,Jamnagar (Sikka) marine terminal,5.26,False,True,3,,False
419000765,CALYPSO FORTUNE,IND,jamnagar_vadinar_sep_oct2025,2025-09-11 17:00:00+00:00,2025-09-12 02:00:00+00:00,9.0,10,1.0,22.584,69.821,4.938,ordinary,flagged_facility,Vadinar terminal / Nayara refinery (EU+UK sanctioned),17.96,False,True,3,,False
419000765,CALYPSO FORTUNE,IND,jamnagar_vadinar_sep_oct2025,2025-09-18 16:00:00+00:00,2025-09-19 01:00:00+00:00,9.0,10,1.0,22.592,69.848,4.754,ordinary,flagged_facility,Vadinar terminal / Nayara refinery (EU+UK sanctioned),20.86,False,True,3,,False
419000765,CALYPSO FORTUNE,IND,jamnagar_vadinar_sep_oct2025,2025-09-23 18:00:00+00:00,2025-09-24 03:00:00+00:00,9.0,10,1.0,22.574,69.82,4.999,ordinary,flagged_facility,Vadinar terminal / Nayara refinery (EU+UK sanctioned),17.66,False,True,3,,False
419000765,CALYPSO FORTUNE,IND,jamnagar_vadinar_sep_oct2025,2025-09-24 04:00:00+00:00,2025-09-24 13:00:00+00:00,9.0,10,1.0,22.588,69.833,3.096,ordinary,flagged_facility,Vadinar terminal / Nayara refinery (EU+UK sanctioned),19.26,False,True,3,,False
419000765,CALYPSO FORTUNE,IND,jamnagar_vadinar_sep_oct2025,2025-09-24 16:00:00+00:00,2025-09-25 01:00:00+00:00,9.0,10,1.0,22.589,69.83,3.314,ordinary,flagged_facility,Vadinar terminal / Nayara refinery (EU+UK sanctioned),18.98,False,True,3,,False
419000765,CALYPSO FORTUNE,IND,jamnagar_vadinar_sep_oct2025,2025-09-29 17:00:00+00:00,2025-09-30 02:00:00+00:00,9.0,10,1.0,22.584,69.824,4.045,ordinary,flagged_facility,Vadinar terminal / Nayara refinery (EU+UK sanctioned),18.26,False,True,3,,False
419000912,VAILANKANNI,IND,jamnagar_vadinar_sep_oct2025,2025-10-10 16:00:00+00:00,2025-10-11 01:00:00+00:00,9.0,10,1.0,22.541,69.628,1.022,ordinary,flagged_facility,Vadinar terminal / Nayara refinery (EU+UK sanctioned),2.47,False,True,3,,False
419000964,ASTER STAR,IND,jamnagar_vadinar_sep_oct2025,2025-09-02 03:00:00+00:00,2025-09-02 12:00:00+00:00,9.0,10,1.0,22.495,69.845,3.785,ordinary,flagged_facility,Jamnagar (Sikka) marine terminal,14.74,False,True,3,,False
419000964,ASTER STAR,IND,jamnagar_vadinar_sep_oct2025,2025-09-04 03:00:00+00:00,2025-09-04 12:00:00+00:00,9.0,10,1.0,22.492,69.851,2.333,ordinary,flagged_facility,Jamnagar (Sikka) marine terminal,15.12,False,True,3,,False
419000964,ASTER STAR,IND,jamnagar_vadinar_sep_oct2025,2025-10-06 22:00:00+00:00,2025-10-07 07:00:00+00:00,9.0,8,0.8,22.5,69.82875,3.155,ordinary,flagged_facility,Jamnagar (Sikka) marine terminal,13.62,False,True,3,,False
419001058,,IND,jamnagar_vadinar_sep_oct2025,2025-09-24 20:00:00+00:00,2025-09-25 05:00:00+00:00,9.0,6,0.6,22.575,69.845,2.626,ordinary,flagged_facility,Vadinar terminal / Nayara refinery (EU+UK sanctioned),20.22,False,True,3,,False
419001085,RELTUG SEVENTEEN,IND,jamnagar_vadinar_sep_oct2025,2025-10-02 21:00:00+00:00,2025-10-03 06:00:00+00:00,9.0,10,1.0,22.58,69.836,0.616,ordinary,flagged_facility,Vadinar terminal / Nayara refinery (EU+UK sanctioned),19.39,False,True,3,,False
419001085,RELTUG SEVENTEEN,IND,jamnagar_vadinar_sep_oct2025,2025-10-06 13:00:00+00:00,2025-10-06 22:00:00+00:00,9.0,10,1.0,22.499,69.842,4.905,ordinary,flagged_facility,Jamnagar (Sikka) marine terminal,14.7,False,True,3,,False
419001286,TUG KB XI,IND,jamnagar_vadinar_sep_oct2025,2025-09-17 02:00:00+00:00,2025-09-17 11:00:00+00:00,9.0,10,1.0,22.442,69.67,2.002,ordinary,flagged_facility,Jamnagar (Sikka) marine terminal,5.31,False,True,3,,False
419001390,KNK ASHIMA,IND,jamnagar_vadinar_sep_oct2025,2025-10-11 14:00:00+00:00,2025-10-11 23:00:00+00:00,9.0,10,1.0,22.44,69.67,0.0,ordinary,flagged_facility,Jamnagar (Sikka) marine terminal,5.26,False,True,3,,False
419001456,MEERA,IND,jamnagar_vadinar_sep_oct2025,2025-09-24 17:00:00+00:00,2025-09-25 02:00:00+00:00,9.0,10,1.0,22.5,69.66,1.112,ordinary,flagged_facility,Vadinar terminal / Nayara refinery (EU+UK sanctioned),5.65,False,True,3,,False
419001472,OCEAN PRIDE,IND,jamnagar_vadinar_sep_oct2025,2025-09-24 15:00:00+00:00,2025-09-25 00:00:00+00:00,9.0,10,1.0,22.44,69.67,0.0,ordinary,flagged_facility,Jamnagar (Sikka) marine terminal,5.26,False,True,3,,False
419001472,OCEAN PRIDE,IND,jamnagar_vadinar_sep_oct2025,2025-10-09 16:00:00+00:00,2025-10-10 01:00:00+00:00,9.0,10,1.0,22.446,69.67,2.669,ordinary,flagged_facility,Jamnagar (Sikka) marine terminal,5.44,False,True,3,,False
419001613,M.T. OCEAN BIRD,IND,jamnagar_vadinar_sep_oct2025,2025-09-09 21:00:00+00:00,2025-09-10 06:00:00+00:00,9.0,10,1.0,22.562,69.755,4.918,ordinary,flagged_facility,Vadinar terminal / Nayara refinery (EU+UK sanctioned),10.86,False,True,3,,False
419001651,KNK NAYRA,IND,jamnagar_vadinar_sep_oct2025,2025-10-10 00:00:00+00:00,2025-10-10 09:00:00+00:00,9.0,10,1.0,22.607,69.825,4.991,ordinary,flagged_facility,Vadinar terminal / Nayara refinery (EU+UK sanctioned),19.05,False,True,3,,False
419001885,KB 49,IND,jamnagar_vadinar_sep_oct2025,2025-10-06 08:00:00+00:00,2025-10-06 17:00:00+00:00,9.0,9,0.9,22.46111,69.67555,2.572,ordinary,flagged_facility,Jamnagar (Sikka) marine terminal,5.73,False,True,3,,False
419001985,,IND,jamnagar_vadinar_sep_oct2025,2025-10-09 03:00:00+00:00,2025-10-09 12:00:00+00:00,9.0,10,1.0,22.446,69.67,4.999,ordinary,flagged_facility,Jamnagar (Sikka) marine terminal,5.44,False,True,3,,False
419014300,M V APURVA,IND,jamnagar_vadinar_sep_oct2025,2025-09-04 17:00:00+00:00,2025-09-05 02:00:00+00:00,9.0,10,1.0,22.5,69.839,0.924,ordinary,flagged_facility,Jamnagar (Sikka) marine terminal,14.5,False,True,3,,False
419014400,M V POONAM,IND,jamnagar_vadinar_sep_oct2025,2025-09-01 00:00:00+00:00,2025-09-01 09:00:00+00:00,9.0,10,1.0,22.5,69.84,0.0,ordinary,flagged_facility,Jamnagar (Sikka) marine terminal,14.58,False,True,3,,False
419014400,M V POONAM,IND,jamnagar_vadinar_sep_oct2025,2025-09-01 14:00:00+00:00,2025-09-01 23:00:00+00:00,9.0,10,1.0,22.504,69.837,4.87,ordinary,flagged_facility,Jamnagar (Sikka) marine terminal,14.57,False,True,3,,False
419032200,AQUA MOON,IND,jamnagar_vadinar_sep_oct2025,2025-09-09 01:00:00+00:00,2025-09-09 10:00:00+00:00,9.0,10,1.0,22.58,69.82,3.027,ordinary,flagged_facility,Vadinar terminal / Nayara refinery (EU+UK sanctioned),17.77,False,True,3,,False
419032300,AQUA SUN,IND,jamnagar_vadinar_sep_oct2025,2025-10-07 10:00:00+00:00,2025-10-07 19:00:00+00:00,9.0,10,1.0,22.564,69.827,4.872,ordinary,flagged_facility,Vadinar terminal / Nayara refinery (EU+UK sanctioned),18.24,False,True,3,,False
419033600,RELTUG ELEVEN,IND,jamnagar_vadinar_sep_oct2025,2025-09-09 03:00:00+00:00,2025-09-09 12:00:00+00:00,9.0,10,1.0,22.497,69.841,4.927,ordinary,flagged_facility,Jamnagar (Sikka) marine terminal,14.49,False,True,3,,False
419055100,DOLPHIN NO 4,IND,jamnagar_vadinar_sep_oct2025,2025-09-01 01:00:00+00:00,2025-09-01 10:00:00+00:00,9.0,7,0.7,22.66,69.73,2.224,ordinary,flagged_facility,Vadinar terminal / Nayara refinery (EU+UK sanctioned),14.73,False,True,3,,False
419055150,M.T. BLUE BELL,IND,jamnagar_vadinar_sep_oct2025,2025-09-19 13:00:00+00:00,2025-09-19 22:00:00+00:00,9.0,10,1.0,22.49,69.86,0.0,ordinary,flagged_facility,Jamnagar (Sikka) marine terminal,15.86,False,True,3,,False
419055150,M.T. BLUE BELL,IND,jamnagar_vadinar_sep_oct2025,2025-10-07 14:00:00+00:00,2025-10-07 23:00:00+00:00,9.0,10,1.0,22.49,69.86,0.0,ordinary,flagged_facility,Jamnagar (Sikka) marine terminal,15.86,False,True,3,,False
419055150,M.T. BLUE BELL,IND,jamnagar_vadinar_sep_oct2025,2025-10-11 14:00:00+00:00,2025-10-11 23:00:00+00:00,9.0,10,1.0,22.49,69.86,0.0,ordinary,flagged_facility,Jamnagar (Sikka) marine terminal,15.86,False,True,3,,False
419056200,M.T.IRIS,IND,jamnagar_vadinar_sep_oct2025,2025-09-03 12:00:00+00:00,2025-09-03 21:00:00+00:00,9.0,10,1.0,22.493,69.856,4.763,ordinary,flagged_facility,Jamnagar (Sikka) marine terminal,15.63,False,True,3,,False
419066300,SB EAGLE,IND,jamnagar_vadinar_sep_oct2025,2025-09-14 01:00:00+00:00,2025-09-14 10:00:00+00:00,9.0,10,1.0,22.504,69.825,4.953,ordinary,flagged_facility,Jamnagar (Sikka) marine terminal,13.57,False,True,3,,False
419071500,M. T. HAZEL,IND,jamnagar_vadinar_sep_oct2025,2025-09-10 18:00:00+00:00,2025-09-11 03:00:00+00:00,9.0,10,1.0,22.49,69.859,0.925,ordinary,flagged_facility,Jamnagar (Sikka) marine terminal,15.77,False,True,3,,False
419071500,M. T. HAZEL,IND,jamnagar_vadinar_sep_oct2025,2025-09-12 17:00:00+00:00,2025-09-13 02:00:00+00:00,9.0,10,1.0,22.49,69.86,0.0,ordinary,flagged_facility,Jamnagar (Sikka) marine terminal,15.86,False,True,3,,False
419071500,M. T. HAZEL,IND,jamnagar_vadinar_sep_oct2025,2025-09-14 03:00:00+00:00,2025-09-14 12:00:00+00:00,9.0,10,1.0,22.491,69.857,2.949,ordinary,flagged_facility,Jamnagar (Sikka) marine terminal,15.63,False,True,3,,False
419071500,M. T. HAZEL,IND,jamnagar_vadinar_sep_oct2025,2025-09-15 14:00:00+00:00,2025-09-15 23:00:00+00:00,9.0,10,1.0,22.49,69.859,0.925,ordinary,flagged_facility,Jamnagar (Sikka) marine terminal,15.77,False,True,3,,False
419071500,M. T. HAZEL,IND,jamnagar_vadinar_sep_oct2025,2025-09-27 20:00:00+00:00,2025-09-28 05:00:00+00:00,9.0,10,1.0,22.49,69.86,0.0,ordinary,flagged_facility,Jamnagar (Sikka) marine terminal,15.86,False,True,3,,False
419072500,RELTUG 16,IND,jamnagar_vadinar_sep_oct2025,2025-09-02 15:00:00+00:00,2025-09-03 00:00:00+00:00,9.0,10,1.0,22.493,69.847,4.087,ordinary,flagged_facility,Jamnagar (Sikka) marine terminal,14.81,False,True,3,,False
419072900,PARIJAT,IND,jamnagar_vadinar_sep_oct2025,2025-09-06 14:00:00+00:00,2025-09-06 23:00:00+00:00,9.0,10,1.0,22.49,69.857,1.747,ordinary,flagged_facility,Jamnagar (Sikka) marine terminal,15.58,False,True,3,,False
419072900,PARIJAT,IND,jamnagar_vadinar_sep_oct2025,2025-09-16 08:00:00+00:00,2025-09-16 17:00:00+00:00,9.0,8,0.8,22.505,69.8375,4.809,ordinary,flagged_facility,Jamnagar (Sikka) marine terminal,14.67,False,True,3,,False
419072900,PARIJAT,IND,jamnagar_vadinar_sep_oct2025,2025-09-24 20:00:00+00:00,2025-09-25 05:00:00+00:00,9.0,10,1.0,22.491,69.857,2.949,ordinary,flagged_facility,Jamnagar (Sikka) marine terminal,15.63,False,True,3,,False
419077200,AKASH,IND,jamnagar_vadinar_sep_oct2025,2025-09-01 12:00:00+00:00,2025-09-01 21:00:00+00:00,9.0,10,1.0,22.506,69.816,4.858,ordinary,flagged_facility,Jamnagar (Sikka) marine terminal,12.99,False,True,3,,False
419077200,AKASH,IND,jamnagar_vadinar_sep_oct2025,2025-09-25 19:00:00+00:00,2025-09-26 04:00:00+00:00,9.0,10,1.0,22.492,69.831,1.623,ordinary,flagged_facility,Jamnagar (Sikka) marine terminal,13.33,False,True,3,,False
419077200,AKASH,IND,jamnagar_vadinar_sep_oct2025,2025-09-29 04:00:00+00:00,2025-09-29 13:00:00+00:00,9.0,8,0.8,22.50625,69.81625,2.264,ordinary,flagged_facility,Jamnagar (Sikka) marine terminal,13.03,False,True,3,,False
419077200,AKASH,IND,jamnagar_vadinar_sep_oct2025,2025-09-30 03:00:00+00:00,2025-09-30 12:00:00+00:00,9.0,10,1.0,22.589,69.806,3.251,ordinary,flagged_facility,Vadinar terminal / Nayara refinery (EU+UK sanctioned),16.59,False,True,3,,False
419077200,AKASH,IND,jamnagar_vadinar_sep_oct2025,2025-10-02 02:00:00+00:00,2025-10-02 11:00:00+00:00,9.0,10,1.0,22.578,69.795,2.038,ordinary,flagged_facility,Vadinar terminal / Nayara refinery (EU+UK sanctioned),15.21,False,True,3,,False
419077200,AKASH,IND,jamnagar_vadinar_sep_oct2025,2025-10-10 14:00:00+00:00,2025-10-10 23:00:00+00:00,9.0,10,1.0,22.51,69.8,0.0,ordinary,flagged_facility,Jamnagar (Sikka) marine terminal,12.11,False,True,3,,False
419077500,AGNI,IND,jamnagar_vadinar_sep_oct2025,2025-09-02 14:00:00+00:00,2025-09-02 23:00:00+00:00,9.0,9,0.9,22.51,69.8,0.0,ordinary,flagged_facility,Jamnagar (Sikka) marine terminal,12.11,False,True,3,,False
419077500,AGNI,IND,jamnagar_vadinar_sep_oct2025,2025-09-07 01:00:00+00:00,2025-09-07 10:00:00+00:00,9.0,10,1.0,22.571,69.803,4.75,ordinary,flagged_facility,Vadinar terminal / Nayara refinery (EU+UK sanctioned),15.88,False,True,3,,False
419077500,AGNI,IND,jamnagar_vadinar_sep_oct2025,2025-09-15 02:00:00+00:00,2025-09-15 11:00:00+00:00,9.0,10,1.0,22.59,69.81,0.0,ordinary,flagged_facility,Vadinar terminal / Nayara refinery (EU+UK sanctioned),17.02,False,True,3,,False
419077500,AGNI,IND,jamnagar_vadinar_sep_oct2025,2025-09-22 16:00:00+00:00,2025-09-23 01:00:00+00:00,9.0,10,1.0,22.5,69.83,0.0,ordinary,flagged_facility,Jamnagar (Sikka) marine terminal,13.72,False,True,3,,False
419077500,AGNI,IND,jamnagar_vadinar_sep_oct2025,2025-09-26 02:00:00+00:00,2025-09-26 11:00:00+00:00,9.0,10,1.0,22.58,69.799,1.585,ordinary,flagged_facility,Vadinar terminal / Nayara refinery (EU+UK sanctioned),15.66,False,True,3,,False
419077500,AGNI,IND,jamnagar_vadinar_sep_oct2025,2025-10-02 02:00:00+00:00,2025-10-02 11:00:00+00:00,9.0,10,1.0,22.582,69.805,4.698,ordinary,flagged_facility,Vadinar terminal / Nayara refinery (EU+UK sanctioned),16.31,False,True,3,,False
419077600,NIVARAK,IND,jamnagar_vadinar_sep_oct2025,2025-09-30 03:00:00+00:00,2025-09-30 12:00:00+00:00,9.0,4,0.4,22.39,69.61,0.0,ordinary,flagged_facility,Jamnagar (Sikka) marine terminal,12.15,False,True,3,,False
419079300,MV ANJALI,IND,jamnagar_vadinar_sep_oct2025,2025-09-21 18:00:00+00:00,2025-09-22 03:00:00+00:00,9.0,10,1.0,22.5,69.84,0.0,ordinary,flagged_facility,Jamnagar (Sikka) marine terminal,14.58,False,True,3,,False
419079300,MV ANJALI,IND,jamnagar_vadinar_sep_oct2025,2025-09-22 04:00:00+00:00,2025-09-22 13:00:00+00:00,9.0,10,1.0,22.509,69.836,4.846,ordinary,flagged_facility,Jamnagar (Sikka) marine terminal,14.81,False,True,3,,False
419079300,MV ANJALI,IND,jamnagar_vadinar_sep_oct2025,2025-09-25 19:00:00+00:00,2025-09-26 04:00:00+00:00,9.0,10,1.0,22.5,69.838,0.821,ordinary,flagged_facility,Jamnagar (Sikka) marine terminal,14.41,False,True,3,,False
419079400,MV APSARA,IND,jamnagar_vadinar_sep_oct2025,2025-09-06 16:00:00+00:00,2025-09-07 01:00:00+00:00,9.0,10,1.0,22.5,69.84,0.0,ordinary,flagged_facility,Jamnagar (Sikka) marine terminal,14.58,False,True,3,,False
419079400,MV APSARA,IND,jamnagar_vadinar_sep_oct2025,2025-10-07 11:00:00+00:00,2025-10-07 20:00:00+00:00,9.0,10,1.0,22.5,69.84,0.0,ordinary,flagged_facility,Jamnagar (Sikka) marine terminal,14.58,False,True,3,,False
419293000,RELTUG 7,IND,jamnagar_vadinar_sep_oct2025,2025-09-20 00:00:00+00:00,2025-09-20 09:00:00+00:00,9.0,10,1.0,22.58,69.838,4.988,ordinary,flagged_facility,Vadinar terminal / Nayara refinery (EU+UK sanctioned),19.59,False,True,3,,False
419473000,DESH GAURAV,IND,jamnagar_vadinar_sep_oct2025,2025-10-11 14:00:00+00:00,2025-10-11 23:00:00+00:00,9.0,10,1.0,22.56,69.63,0.0,ordinary,flagged_facility,Vadinar terminal / Nayara refinery (EU+UK sanctioned),2.34,False,True,3,,False
419901161,M.T TORQUE,IND,jamnagar_vadinar_sep_oct2025,2025-09-17 16:00:00+00:00,2025-09-18 01:00:00+00:00,9.0,10,1.0,22.503,69.826,2.782,ordinary,flagged_facility,Jamnagar (Sikka) marine terminal,13.58,False,True,3,,False
419902339,MT MAHADEV,IND,jamnagar_vadinar_sep_oct2025,2025-09-30 21:00:00+00:00,2025-10-01 06:00:00+00:00,9.0,10,1.0,22.431,69.662,1.295,ordinary,flagged_facility,Jamnagar (Sikka) marine terminal,5.96,False,True,3,,False
419956442,M.T.KB VI,IND,jamnagar_vadinar_sep_oct2025,2025-09-07 09:00:00+00:00,2025-09-07 18:00:00+00:00,9.0,6,0.6,22.5,69.83,0.0,ordinary,flagged_facility,Jamnagar (Sikka) marine terminal,13.72,False,True,3,,False
419956442,M.T.KB VI,IND,jamnagar_vadinar_sep_oct2025,2025-09-19 13:00:00+00:00,2025-09-19 22:00:00+00:00,9.0,9,0.9,22.54333,69.83555,4.852,ordinary,flagged_facility,Jamnagar (Sikka) marine terminal,17.31,False,True,3,,False
419956663,M.V. MANGAL MURTI,IND,jamnagar_vadinar_sep_oct2025,2025-09-08 17:00:00+00:00,2025-09-09 02:00:00+00:00,9.0,8,0.8,22.435,69.66875,3.994,ordinary,flagged_facility,Jamnagar (Sikka) marine terminal,5.3,False,True,3,,False
419956753,MARINE . 1,IND,jamnagar_vadinar_sep_oct2025,2025-10-05 08:00:00+00:00,2025-10-05 17:00:00+00:00,9.0,5,0.5,22.466,69.784,4.514,ordinary,flagged_facility,Jamnagar (Sikka) marine terminal,7.7,False,True,3,,False
419956787,DAWN II,IND,jamnagar_vadinar_sep_oct2025,2025-09-02 15:00:00+00:00,2025-09-03 00:00:00+00:00,9.0,10,1.0,22.507,69.815,2.683,ordinary,flagged_facility,Jamnagar (Sikka) marine terminal,12.98,False,True,3,,False
419956787,DAWN II,IND,jamnagar_vadinar_sep_oct2025,2025-10-01 01:00:00+00:00,2025-10-01 10:00:00+00:00,9.0,10,1.0,22.583,69.834,2.78,ordinary,flagged_facility,Vadinar terminal / Nayara refinery (EU+UK sanctioned),19.25,False,True,3,,False
419956787,DAWN II,IND,jamnagar_vadinar_sep_oct2025,2025-10-09 13:00:00+00:00,2025-10-09 22:00:00+00:00,9.0,10,1.0,22.56,69.839,0.924,ordinary,flagged_facility,Jamnagar (Sikka) marine terminal,18.93,False,True,3,,False
419956853,AL HAJI HASAN 1479,IND,jamnagar_vadinar_sep_oct2025,2025-10-11 14:00:00+00:00,2025-10-11 23:00:00+00:00,9.0,10,1.0,22.4,69.59,0.0,ordinary,flagged_facility,Jamnagar (Sikka) marine terminal,13.77,False,True,3,,False
419957002,M V ANTILLIA  2,IND,jamnagar_vadinar_sep_oct2025,2025-09-08 19:00:00+00:00,2025-09-09 04:00:00+00:00,9.0,5,0.5,22.394,69.604,3.042,ordinary,flagged_facility,Jamnagar (Sikka) marine terminal,12.58,False,True,3,,False
419957028,KB 48,IND,jamnagar_vadinar_sep_oct2025,2025-09-12 03:00:00+00:00,2025-09-12 12:00:00+00:00,9.0,10,1.0,22.686,69.664,1.583,ordinary,flagged_facility,Vadinar terminal / Nayara refinery (EU+UK sanctioned),15.19,False,True,3,,False
419958545,,IND,jamnagar_vadinar_sep_oct2025,2025-09-27 10:00:00+00:00,2025-09-27 19:00:00+00:00,9.0,6,0.6,22.44833,69.67333,4.831,ordinary,flagged_facility,Jamnagar (Sikka) marine terminal,5.21,False,True,3,,False
419958545,,IND,jamnagar_vadinar_sep_oct2025,2025-09-28 02:00:00+00:00,2025-09-28 11:00:00+00:00,9.0,6,0.6,22.44833,69.67667,2.505,ordinary,flagged_facility,Jamnagar (Sikka) marine terminal,4.9,False,True,3,,False
419958545,,IND,jamnagar_vadinar_sep_oct2025,2025-10-09 18:00:00+00:00,2025-10-10 03:00:00+00:00,9.0,5,0.5,22.448,69.674,1.396,ordinary,flagged_facility,Jamnagar (Sikka) marine terminal,5.13,False,True,3,,False
419958545,,IND,jamnagar_vadinar_sep_oct2025,2025-10-10 18:00:00+00:00,2025-10-11 03:00:00+00:00,9.0,6,0.6,22.44167,69.67833,1.262,ordinary,flagged_facility,Jamnagar (Sikka) marine terminal,4.48,False,True,3,,False
419991279,DARIYA JYOT,IND,jamnagar_vadinar_sep_oct2025,2025-09-22 09:00:00+00:00,2025-09-22 18:00:00+00:00,9.0,10,1.0,22.51,69.616,0.616,ordinary,flagged_facility,Vadinar terminal / Nayara refinery (EU+UK sanctioned),5.65,False,True,3,,False
419000053,MT SUCCESS JASMINE,IND,jamnagar_vadinar_sep_oct2025,2025-09-25 04:00:00+00:00,2025-09-25 12:00:00+00:00,8.0,7,0.778,22.44,69.81143,4.963,ordinary,flagged_facility,Jamnagar (Sikka) marine terminal,9.46,False,True,3,,False
419000056,SUCCESS NETRAVATI,IND,jamnagar_vadinar_sep_oct2025,2025-09-13 12:00:00+00:00,2025-09-13 20:00:00+00:00,8.0,7,0.778,22.43286,69.67,0.794,ordinary,flagged_facility,Jamnagar (Sikka) marine terminal,5.15,False,True,3,,False
419000056,SUCCESS NETRAVATI,IND,jamnagar_vadinar_sep_oct2025,2025-09-17 06:00:00+00:00,2025-09-17 14:00:00+00:00,8.0,9,1.0,22.44,69.67889,0.914,ordinary,flagged_facility,Jamnagar (Sikka) marine terminal,4.37,False,True,3,,False
419000102,BRAHMANI,IND,jamnagar_vadinar_sep_oct2025,2025-10-05 02:00:00+00:00,2025-10-05 10:00:00+00:00,8.0,4,0.444,22.6775,69.675,4.717,ordinary,flagged_facility,Vadinar terminal / Nayara refinery (EU+UK sanctioned),14.41,False,True,3,,False
419000315,DOLPHIN NO.18,IND,jamnagar_vadinar_sep_oct2025,2025-09-15 17:00:00+00:00,2025-09-16 01:00:00+00:00,8.0,6,0.667,22.66167,69.72334,3.425,ordinary,flagged_facility,Vadinar terminal / Nayara refinery (EU+UK sanctioned),14.52,False,True,3,,False
419000638,OCEAN     EMPIRE,IND,jamnagar_vadinar_sep_oct2025,2025-10-09 21:00:00+00:00,2025-10-10 05:00:00+00:00,8.0,9,1.0,22.45778,69.66556,4.729,ordinary,flagged_facility,Jamnagar (Sikka) marine terminal,6.39,False,True,3,,False
419000765,CALYPSO FORTUNE,IND,jamnagar_vadinar_sep_oct2025,2025-09-01 00:00:00+00:00,2025-09-01 08:00:00+00:00,8.0,9,1.0,22.57222,69.81556,4.959,ordinary,flagged_facility,Vadinar terminal / Nayara refinery (EU+UK sanctioned),17.18,False,True,3,,False
419000765,CALYPSO FORTUNE,IND,jamnagar_vadinar_sep_oct2025,2025-09-10 17:00:00+00:00,2025-09-11 01:00:00+00:00,8.0,9,1.0,22.58667,69.81222,2.351,ordinary,flagged_facility,Vadinar terminal / Nayara refinery (EU+UK sanctioned),17.15,False,True,3,,False
419000765,CALYPSO FORTUNE,IND,jamnagar_vadinar_sep_oct2025,2025-09-18 07:00:00+00:00,2025-09-18 15:00:00+00:00,8.0,9,1.0,22.57889,69.82,4.73,ordinary,flagged_facility,Vadinar terminal / Nayara refinery (EU+UK sanctioned),17.75,False,True,3,,False
419000765,CALYPSO FORTUNE,IND,jamnagar_vadinar_sep_oct2025,2025-09-21 03:00:00+00:00,2025-09-21 11:00:00+00:00,8.0,9,1.0,22.51778,69.82111,4.188,ordinary,flagged_facility,Jamnagar (Sikka) marine terminal,14.25,False,True,3,,False
419000765,CALYPSO FORTUNE,IND,jamnagar_vadinar_sep_oct2025,2025-09-26 04:00:00+00:00,2025-09-26 12:00:00+00:00,8.0,9,1.0,22.59667,69.84111,3.941,ordinary,flagged_facility,Vadinar terminal / Nayara refinery (EU+UK sanctioned),20.3,False,True,3,,False
419000765,CALYPSO FORTUNE,IND,jamnagar_vadinar_sep_oct2025,2025-10-07 18:00:00+00:00,2025-10-08 02:00:00+00:00,8.0,9,1.0,22.57444,69.81,1.906,ordinary,flagged_facility,Vadinar terminal / Nayara refinery (EU+UK sanctioned),16.65,False,True,3,,False
419000912,VAILANKANNI,IND,jamnagar_vadinar_sep_oct2025,2025-10-06 08:00:00+00:00,2025-10-06 16:00:00+00:00,8.0,9,1.0,22.55111,69.60444,1.879,ordinary,flagged_facility,Vadinar terminal / Nayara refinery (EU+UK sanctioned),4.68,False,True,3,,False
419000921,OCEAN LANCER,IND,jamnagar_vadinar_sep_oct2025,2025-09-16 02:00:00+00:00,2025-09-16 10:00:00+00:00,8.0,9,1.0,22.45222,69.67,4.325,ordinary,flagged_facility,Jamnagar (Sikka) marine terminal,5.7,False,True,3,,False
419000964,ASTER STAR,IND,jamnagar_vadinar_sep_oct2025,2025-10-03 21:00:00+00:00,2025-10-04 05:00:00+00:00,8.0,6,0.667,22.50667,69.83167,4.323,ordinary,flagged_facility,Jamnagar (Sikka) marine terminal,14.3,False,True,3,,False
419001058,,IND,jamnagar_vadinar_sep_oct2025,2025-09-17 09:00:00+00:00,2025-09-17 17:00:00+00:00,8.0,9,1.0,22.53111,69.83889,4.712,ordinary,flagged_facility,Jamnagar (Sikka) marine terminal,16.6,False,True,3,,False
419001085,RELTUG SEVENTEEN,IND,jamnagar_vadinar_sep_oct2025,2025-09-09 21:00:00+00:00,2025-09-10 05:00:00+00:00,8.0,9,1.0,22.49556,69.84,4.926,ordinary,flagged_facility,Jamnagar (Sikka) marine terminal,14.32,False,True,3,,False
419001085,RELTUG SEVENTEEN,IND,jamnagar_vadinar_sep_oct2025,2025-09-25 07:00:00+00:00,2025-09-25 15:00:00+00:00,8.0,9,1.0,22.49222,69.84444,4.975,ordinary,flagged_facility,Jamnagar (Sikka) marine terminal,14.54,False,True,3,,False
419001208,DIPPER,IND,jamnagar_vadinar_sep_oct2025,2025-09-23 05:00:00+00:00,2025-09-23 13:00:00+00:00,8.0,9,1.0,22.45,69.67444,3.699,ordinary,flagged_facility,Jamnagar (Sikka) marine terminal,5.18,False,True,3,,False
419001208,DIPPER,IND,jamnagar_vadinar_sep_oct2025,2025-10-01 09:00:00+00:00,2025-10-01 17:00:00+00:00,8.0,9,1.0,22.51889,69.70333,4.944,ordinary,flagged_facility,Vadinar terminal / Nayara refinery (EU+UK sanctioned),6.48,False,True,3,,False
419001286,TUG KB XI,IND,jamnagar_vadinar_sep_oct2025,2025-09-17 12:00:00+00:00,2025-09-17 20:00:00+00:00,8.0,9,1.0,22.51111,69.69,3.459,ordinary,flagged_facility,Vadinar terminal / Nayara refinery (EU+UK sanctioned),5.96,False,True,3,,False
419001286,TUG KB XI,IND,jamnagar_vadinar_sep_oct2025,2025-10-03 05:00:00+00:00,2025-10-03 13:00:00+00:00,8.0,9,1.0,22.51667,69.69445,4.103,ordinary,flagged_facility,Vadinar terminal / Nayara refinery (EU+UK sanctioned),5.88,False,True,3,,False
419001456,MEERA,IND,jamnagar_vadinar_sep_oct2025,2025-10-10 00:00:00+00:00,2025-10-10 08:00:00+00:00,8.0,9,1.0,22.50333,69.66,0.741,ordinary,flagged_facility,Vadinar terminal / Nayara refinery (EU+UK sanctioned),5.29,False,True,3,,False
419001472,OCEAN PRIDE,IND,jamnagar_vadinar_sep_oct2025,2025-09-26 16:00:00+00:00,2025-09-27 00:00:00+00:00,8.0,9,1.0,22.45222,69.66778,4.276,ordinary,flagged_facility,Jamnagar (Sikka) marine terminal,5.91,False,True,3,,False
419001481,M.T.PATRIOT,IND,jamnagar_vadinar_sep_oct2025,2025-09-01 00:00:00+00:00,2025-09-01 08:00:00+00:00,8.0,9,1.0,22.66444,69.75778,1.009,ordinary,flagged_facility,Vadinar terminal / Nayara refinery (EU+UK sanctioned),16.86,False,True,3,,False
419001600,RELTUG NINE,IND,jamnagar_vadinar_sep_oct2025,2025-09-07 12:00:00+00:00,2025-09-07 20:00:00+00:00,8.0,9,1.0,22.46,69.8,0.0,ordinary,flagged_facility,Jamnagar (Sikka) marine terminal,8.87,False,True,3,,False
419001651,KNK NAYRA,IND,jamnagar_vadinar_sep_oct2025,2025-09-01 00:00:00+00:00,2025-09-01 08:00:00+00:00,8.0,9,1.0,22.51,69.80556,0.57,ordinary,flagged_facility,Jamnagar (Sikka) marine terminal,12.51,False,True,3,,False
419001651,KNK NAYRA,IND,jamnagar_vadinar_sep_oct2025,2025-09-11 04:00:00+00:00,2025-09-11 12:00:00+00:00,8.0,9,1.0,22.61333,69.84333,4.911,ordinary,flagged_facility,Vadinar terminal / Nayara refinery (EU+UK sanctioned),21.06,False,True,3,,False
419001651,KNK NAYRA,IND,jamnagar_vadinar_sep_oct2025,2025-10-01 17:00:00+00:00,2025-10-02 01:00:00+00:00,8.0,9,1.0,22.51333,69.80556,4.103,ordinary,flagged_facility,Jamnagar (Sikka) marine terminal,12.77,False,True,3,,False
419001715,ZINNIA STAR,IND,jamnagar_vadinar_sep_oct2025,2025-10-02 21:00:00+00:00,2025-10-03 05:00:00+00:00,8.0,9,1.0,22.44,69.67,0.0,ordinary,flagged_facility,Jamnagar (Sikka) marine terminal,5.26,False,True,3,,False
419001794,RIVER PEARL 10,IND,jamnagar_vadinar_sep_oct2025,2025-10-09 02:00:00+00:00,2025-10-09 10:00:00+00:00,8.0,9,1.0,22.44444,69.67,1.73,ordinary,flagged_facility,Jamnagar (Sikka) marine terminal,5.38,False,True,3,,False
419002022,A.E.L.II,IND,jamnagar_vadinar_sep_oct2025,2025-09-14 11:00:00+00:00,2025-09-14 19:00:00+00:00,8.0,9,1.0,22.69333,69.75,1.266,ordinary,flagged_facility,Vadinar terminal / Nayara refinery (EU+UK sanctioned),18.96,False,True,3,,False
419014300,M V APURVA,IND,jamnagar_vadinar_sep_oct2025,2025-09-02 16:00:00+00:00,2025-09-03 00:00:00+00:00,8.0,9,1.0,22.5,69.83889,0.913,ordinary,flagged_facility,Jamnagar (Sikka) marine terminal,14.49,False,True,3,,False
419014400,M V POONAM,IND,jamnagar_vadinar_sep_oct2025,2025-10-08 15:00:00+00:00,2025-10-08 23:00:00+00:00,8.0,9,1.0,22.50222,69.83444,4.975,ordinary,flagged_facility,Jamnagar (Sikka) marine terminal,14.24,False,True,3,,False
419032300,AQUA SUN,IND,jamnagar_vadinar_sep_oct2025,2025-09-01 03:00:00+00:00,2025-09-01 11:00:00+00:00,8.0,9,1.0,22.49333,69.84,1.483,ordinary,flagged_facility,Jamnagar (Sikka) marine terminal,14.2,False,True,3,,False
419032300,AQUA SUN,IND,jamnagar_vadinar_sep_oct2025,2025-10-03 13:00:00+00:00,2025-10-03 21:00:00+00:00,8.0,6,0.667,22.555,69.83333,2.92,ordinary,flagged_facility,Jamnagar (Sikka) marine terminal,18.13,False,True,3,,False
419033600,RELTUG ELEVEN,IND,jamnagar_vadinar_sep_oct2025,2025-09-08 18:00:00+00:00,2025-09-09 02:00:00+00:00,8.0,9,1.0,22.49111,69.84889,1.346,ordinary,flagged_facility,Jamnagar (Sikka) marine terminal,14.89,False,True,3,,False
419033900,REL SAGAR,IND,jamnagar_vadinar_sep_oct2025,2025-09-15 03:00:00+00:00,2025-09-15 11:00:00+00:00,8.0,9,1.0,22.59,69.81,0.0,ordinary,flagged_facility,Vadinar terminal / Nayara refinery (EU+UK sanctioned),17.02,False,True,3,,False
419033900,REL SAGAR,IND,jamnagar_vadinar_sep_oct2025,2025-09-19 02:00:00+00:00,2025-09-19 10:00:00+00:00,8.0,9,1.0,22.59,69.81,0.0,ordinary,flagged_facility,Vadinar terminal / Nayara refinery (EU+UK sanctioned),17.02,False,True,3,,False
419033900,REL SAGAR,IND,jamnagar_vadinar_sep_oct2025,2025-09-27 02:00:00+00:00,2025-09-27 10:00:00+00:00,8.0,9,1.0,22.57,69.79,0.0,ordinary,flagged_facility,Vadinar terminal / Nayara refinery (EU+UK sanctioned),14.55,False,True,3,,False
419055100,DOLPHIN NO 4,IND,jamnagar_vadinar_sep_oct2025,2025-09-02 05:00:00+00:00,2025-09-02 13:00:00+00:00,8.0,3,0.333,22.69333,69.65333,4.844,ordinary,flagged_facility,Vadinar terminal / Nayara refinery (EU+UK sanctioned),15.94,False,True,3,,False
419055150,M.T. BLUE BELL,IND,jamnagar_vadinar_sep_oct2025,2025-09-25 08:00:00+00:00,2025-09-25 16:00:00+00:00,8.0,9,1.0,22.49667,69.85111,4.894,ordinary,flagged_facility,Jamnagar (Sikka) marine terminal,15.38,False,True,3,,False
419056200,M.T.IRIS,IND,jamnagar_vadinar_sep_oct2025,2025-09-04 03:00:00+00:00,2025-09-04 11:00:00+00:00,8.0,9,1.0,22.49111,69.85667,2.912,ordinary,flagged_facility,Jamnagar (Sikka) marine terminal,15.6,False,True,3,,False
419056200,M.T.IRIS,IND,jamnagar_vadinar_sep_oct2025,2025-09-19 19:00:00+00:00,2025-09-20 03:00:00+00:00,8.0,9,1.0,22.49111,69.85667,2.912,ordinary,flagged_facility,Jamnagar (Sikka) marine terminal,15.6,False,True,3,,False
419056200,M.T.IRIS,IND,jamnagar_vadinar_sep_oct2025,2025-09-21 04:00:00+00:00,2025-09-21 12:00:00+00:00,8.0,9,1.0,22.49,69.85889,0.913,ordinary,flagged_facility,Jamnagar (Sikka) marine terminal,15.75,False,True,3,,False
419056200,M.T.IRIS,IND,jamnagar_vadinar_sep_oct2025,2025-09-23 18:00:00+00:00,2025-09-24 02:00:00+00:00,8.0,9,1.0,22.49333,69.85556,4.705,ordinary,flagged_facility,Jamnagar (Sikka) marine terminal,15.61,False,True,3,,False
419057400,RELTUG TWELVE,IND,jamnagar_vadinar_sep_oct2025,2025-09-09 03:00:00+00:00,2025-09-09 11:00:00+00:00,8.0,9,1.0,22.49667,69.84111,4.956,ordinary,flagged_facility,Jamnagar (Sikka) marine terminal,14.49,False,True,3,,False
419058600,ESSAR TUG III,IND,jamnagar_vadinar_sep_oct2025,2025-09-10 23:00:00+00:00,2025-09-11 07:00:00+00:00,8.0,9,1.0,22.50333,69.55222,2.715,ordinary,flagged_facility,Vadinar terminal / Nayara refinery (EU+UK sanctioned),11.3,False,True,3,,False
419066400,M V CHETAK,IND,jamnagar_vadinar_sep_oct2025,2025-09-21 03:00:00+00:00,2025-09-21 11:00:00+00:00,8.0,9,1.0,22.52778,69.81444,3.628,ordinary,flagged_facility,Jamnagar (Sikka) marine terminal,14.57,False,True,3,,False
419071500,M. T. HAZEL,IND,jamnagar_vadinar_sep_oct2025,2025-09-18 16:00:00+00:00,2025-09-19 00:00:00+00:00,8.0,9,1.0,22.49,69.86,0.0,ordinary,flagged_facility,Jamnagar (Sikka) marine terminal,15.86,False,True,3,,False
419071500,M. T. HAZEL,IND,jamnagar_vadinar_sep_oct2025,2025-09-20 12:00:00+00:00,2025-09-20 20:00:00+00:00,8.0,9,1.0,22.49,69.85889,0.913,ordinary,flagged_facility,Jamnagar (Sikka) marine terminal,15.75,False,True,3,,False
419072600,REL TUG FIFTEEN,IND,jamnagar_vadinar_sep_oct2025,2025-09-01 00:00:00+00:00,2025-09-01 08:00:00+00:00,8.0,9,1.0,22.57889,69.83444,1.089,ordinary,flagged_facility,Vadinar terminal / Nayara refinery (EU+UK sanctioned),19.21,False,True,3,,False
419072600,REL TUG FIFTEEN,IND,jamnagar_vadinar_sep_oct2025,2025-09-21 12:00:00+00:00,2025-09-21 20:00:00+00:00,8.0,9,1.0,22.49,69.85,0.0,ordinary,flagged_facility,Jamnagar (Sikka) marine terminal,14.93,False,True,3,,False
419072600,REL TUG FIFTEEN,IND,jamnagar_vadinar_sep_oct2025,2025-10-09 13:00:00+00:00,2025-10-09 21:00:00+00:00,8.0,9,1.0,22.48111,69.82445,4.672,ordinary,flagged_facility,Jamnagar (Sikka) marine terminal,12.15,False,True,3,,False
419072700,RELTUG 14,IND,jamnagar_vadinar_sep_oct2025,2025-09-09 06:00:00+00:00,2025-09-09 14:00:00+00:00,8.0,9,1.0,22.61556,69.84,4.914,ordinary,flagged_facility,Vadinar terminal / Nayara refinery (EU+UK sanctioned),20.82,False,True,3,,False
419072900,PARIJAT,IND,jamnagar_vadinar_sep_oct2025,2025-09-02 16:00:00+00:00,2025-09-03 00:00:00+00:00,8.0,5,0.556,22.494,69.854,3.04,ordinary,flagged_facility,Jamnagar (Sikka) marine terminal,15.5,False,True,3,,False
419072900,PARIJAT,IND,jamnagar_vadinar_sep_oct2025,2025-09-17 07:00:00+00:00,2025-09-17 15:00:00+00:00,8.0,8,0.889,22.49125,69.85625,2.867,ordinary,flagged_facility,Jamnagar (Sikka) marine terminal,15.57,False,True,3,,False
419077200,AKASH,IND,jamnagar_vadinar_sep_oct2025,2025-09-01 03:00:00+00:00,2025-09-01 11:00:00+00:00,8.0,9,1.0,22.59,69.81,0.0,ordinary,flagged_facility,Vadinar terminal / Nayara refinery (EU+UK sanctioned),17.02,False,True,3,,False
419077200,AKASH,IND,jamnagar_vadinar_sep_oct2025,2025-09-26 05:00:00+00:00,2025-09-26 13:00:00+00:00,8.0,9,1.0,22.57111,69.82333,3.425,ordinary,flagged_facility,Vadinar terminal / Nayara refinery (EU+UK sanctioned),17.95,False,True,3,,False
419077200,AKASH,IND,jamnagar_vadinar_sep_oct2025,2025-10-11 05:00:00+00:00,2025-10-11 13:00:00+00:00,8.0,9,1.0,22.49444,69.82,2.686,ordinary,flagged_facility,Jamnagar (Sikka) marine terminal,12.53,False,True,3,,False
419077500,AGNI,IND,jamnagar_vadinar_sep_oct2025,2025-09-01 12:00:00+00:00,2025-09-01 20:00:00+00:00,8.0,9,1.0,22.51,69.8,0.0,ordinary,flagged_facility,Jamnagar (Sikka) marine terminal,12.11,False,True,3,,False
419077500,AGNI,IND,jamnagar_vadinar_sep_oct2025,2025-09-11 03:00:00+00:00,2025-09-11 11:00:00+00:00,8.0,9,1.0,22.57222,69.81778,4.762,ordinary,flagged_facility,Vadinar terminal / Nayara refinery (EU+UK sanctioned),17.4,False,True,3,,False
419077600,NIVARAK,IND,jamnagar_vadinar_sep_oct2025,2025-09-23 19:00:00+00:00,2025-09-24 03:00:00+00:00,8.0,9,1.0,22.39222,69.60667,3.38,ordinary,flagged_facility,Jamnagar (Sikka) marine terminal,12.38,False,True,3,,False
419077800,REL DARSHAN,IND,jamnagar_vadinar_sep_oct2025,2025-10-09 14:00:00+00:00,2025-10-09 22:00:00+00:00,8.0,9,1.0,22.55889,69.84778,2.076,ordinary,flagged_facility,Jamnagar (Sikka) marine terminal,19.44,False,True,3,,False
419079300,MV ANJALI,IND,jamnagar_vadinar_sep_oct2025,2025-10-01 16:00:00+00:00,2025-10-02 00:00:00+00:00,8.0,9,1.0,22.50333,69.83666,3.424,ordinary,flagged_facility,Jamnagar (Sikka) marine terminal,14.5,False,True,3,,False
419079300,MV ANJALI,IND,jamnagar_vadinar_sep_oct2025,2025-10-11 07:00:00+00:00,2025-10-11 15:00:00+00:00,8.0,9,1.0,22.50889,69.82667,4.881,ordinary,flagged_facility,Jamnagar (Sikka) marine terminal,14.04,False,True,3,,False
419079400,MV APSARA,IND,jamnagar_vadinar_sep_oct2025,2025-09-08 03:00:00+00:00,2025-09-08 11:00:00+00:00,8.0,9,1.0,22.50778,69.83444,4.924,ordinary,flagged_facility,Jamnagar (Sikka) marine terminal,14.6,False,True,3,,False
419079400,MV APSARA,IND,jamnagar_vadinar_sep_oct2025,2025-09-13 06:00:00+00:00,2025-09-13 14:00:00+00:00,8.0,9,1.0,22.5,69.83444,0.57,ordinary,flagged_facility,Jamnagar (Sikka) marine terminal,14.1,False,True,3,,False
419091200,DOLPHIN NO.15,IND,jamnagar_vadinar_sep_oct2025,2025-09-01 03:00:00+00:00,2025-09-01 11:00:00+00:00,8.0,6,0.667,22.685,69.63333,3.465,ordinary,flagged_facility,Vadinar terminal / Nayara refinery (EU+UK sanctioned),15.11,False,True,3,,False
419293000,RELTUG 7,IND,jamnagar_vadinar_sep_oct2025,2025-10-09 09:00:00+00:00,2025-10-09 17:00:00+00:00,8.0,9,1.0,22.57889,69.83,2.279,ordinary,flagged_facility,Vadinar terminal / Nayara refinery (EU+UK sanctioned),18.76,False,True,3,,False
419740000,DESH VIRAAT,IND,jamnagar_vadinar_sep_oct2025,2025-09-05 08:00:00+00:00,2025-09-05 16:00:00+00:00,8.0,9,1.0,22.56889,69.63444,1.141,ordinary,flagged_facility,Vadinar terminal / Nayara refinery (EU+UK sanctioned),2.64,False,True,3,,False
419901161,M.T TORQUE,IND,jamnagar_vadinar_sep_oct2025,2025-09-14 02:00:00+00:00,2025-09-14 10:00:00+00:00,8.0,9,1.0,22.57333,69.79111,4.973,ordinary,flagged_facility,Vadinar terminal / Nayara refinery (EU+UK sanctioned),14.72,False,True,3,,False
419901161,M.T TORQUE,IND,jamnagar_vadinar_sep_oct2025,2025-10-02 16:00:00+00:00,2025-10-03 00:00:00+00:00,8.0,9,1.0,22.51,69.8,0.0,ordinary,flagged_facility,Jamnagar (Sikka) marine terminal,12.11,False,True,3,,False
419901161,M.T TORQUE,IND,jamnagar_vadinar_sep_oct2025,2025-10-03 03:00:00+00:00,2025-10-03 11:00:00+00:00,8.0,9,1.0,22.51333,69.80445,4.339,ordinary,flagged_facility,Jamnagar (Sikka) marine terminal,12.69,False,True,3,,False
419902339,MT MAHADEV,IND,jamnagar_vadinar_sep_oct2025,2025-09-26 19:00:00+00:00,2025-09-27 03:00:00+00:00,8.0,9,1.0,22.43222,69.67,1.977,ordinary,flagged_facility,Jamnagar (Sikka) marine terminal,5.15,False,True,3,,False
419956066,AL KAUSAR,IND,jamnagar_vadinar_sep_oct2025,2025-09-27 21:00:00+00:00,2025-09-28 05:00:00+00:00,8.0,9,1.0,22.34889,69.61,1.236,ordinary,flagged_facility,Jamnagar (Sikka) marine terminal,14.47,False,True,3,,False
419956663,M.V. MANGAL MURTI,IND,jamnagar_vadinar_sep_oct2025,2025-09-28 16:00:00+00:00,2025-09-29 00:00:00+00:00,8.0,9,1.0,22.43,69.66778,0.799,ordinary,flagged_facility,Jamnagar (Sikka) marine terminal,5.37,False,True,3,,False
419956663,M.V. MANGAL MURTI,IND,jamnagar_vadinar_sep_oct2025,2025-10-02 11:00:00+00:00,2025-10-02 19:00:00+00:00,8.0,7,0.778,22.43,69.66,0.0,ordinary,flagged_facility,Jamnagar (Sikka) marine terminal,6.17,False,True,3,,False
419956663,M.V. MANGAL MURTI,IND,jamnagar_vadinar_sep_oct2025,2025-10-06 15:00:00+00:00,2025-10-06 23:00:00+00:00,8.0,9,1.0,22.55111,69.63445,4.343,ordinary,flagged_facility,Vadinar terminal / Nayara refinery (EU+UK sanctioned),1.6,False,True,3,,False
419956787,DAWN II,IND,jamnagar_vadinar_sep_oct2025,2025-10-10 07:00:00+00:00,2025-10-10 15:00:00+00:00,8.0,9,1.0,22.57667,69.85,4.565,ordinary,flagged_facility,Vadinar terminal / Nayara refinery (EU+UK sanctioned),20.75,False,True,3,,False
419957028,KB 48,IND,jamnagar_vadinar_sep_oct2025,2025-09-14 08:00:00+00:00,2025-09-14 16:00:00+00:00,8.0,7,0.778,22.67857,69.65715,1.202,ordinary,flagged_facility,Vadinar terminal / Nayara refinery (EU+UK sanctioned),14.32,False,True,3,,False
419958525,GAUTAM ANTILLIA,IND,jamnagar_vadinar_sep_oct2025,2025-09-26 11:00:00+00:00,2025-09-26 19:00:00+00:00,8.0,5,0.556,22.394,69.604,3.042,ordinary,flagged_facility,Jamnagar (Sikka) marine terminal,12.58,False,True,3,,False
419958545,,IND,jamnagar_vadinar_sep_oct2025,2025-09-12 01:00:00+00:00,2025-09-12 09:00:00+00:00,8.0,7,0.778,22.44714,69.67714,2.646,ordinary,flagged_facility,Jamnagar (Sikka) marine terminal,4.8,False,True,3,,False
419958545,,IND,jamnagar_vadinar_sep_oct2025,2025-09-25 18:00:00+00:00,2025-09-26 02:00:00+00:00,8.0,5,0.556,22.464,69.668,3.006,ordinary,flagged_facility,Jamnagar (Sikka) marine terminal,6.55,False,True,3,,False
419958545,,IND,jamnagar_vadinar_sep_oct2025,2025-10-02 11:00:00+00:00,2025-10-02 19:00:00+00:00,8.0,4,0.444,22.4575,69.67,3.757,ordinary,flagged_facility,Jamnagar (Sikka) marine terminal,5.98,False,True,3,,False
419958555,MT KB8 BEDI PORT,IND,jamnagar_vadinar_sep_oct2025,2025-09-21 19:00:00+00:00,2025-09-22 03:00:00+00:00,8.0,5,0.556,22.45,69.796,4.742,ordinary,flagged_facility,Jamnagar (Sikka) marine terminal,8.12,False,True,3,,False
419991279,DARIYA JYOT,IND,jamnagar_vadinar_sep_oct2025,2025-09-17 05:00:00+00:00,2025-09-17 13:00:00+00:00,8.0,9,1.0,22.43444,69.67,1.73,ordinary,flagged_facility,Jamnagar (Sikka) marine terminal,5.16,False,True,3,,False
419991279,DARIYA JYOT,IND,jamnagar_vadinar_sep_oct2025,2025-09-28 17:00:00+00:00,2025-09-29 01:00:00+00:00,8.0,8,0.889,22.4325,69.6675,1.963,ordinary,flagged_facility,Jamnagar (Sikka) marine terminal,5.4,False,True,3,,False
419000056,SUCCESS NETRAVATI,IND,jamnagar_vadinar_sep_oct2025,2025-09-16 16:00:00+00:00,2025-09-16 23:00:00+00:00,7.0,8,1.0,22.43625,69.67,0.695,ordinary,flagged_facility,Jamnagar (Sikka) marine terminal,5.19,False,True,3,,False
419000638,OCEAN     EMPIRE,IND,jamnagar_vadinar_sep_oct2025,2025-09-09 17:00:00+00:00,2025-09-10 00:00:00+00:00,7.0,8,1.0,22.44125,69.67,0.973,ordinary,flagged_facility,Jamnagar (Sikka) marine terminal,5.29,False,True,3,,False
419000638,OCEAN     EMPIRE,IND,jamnagar_vadinar_sep_oct2025,2025-09-30 22:00:00+00:00,2025-10-01 05:00:00+00:00,7.0,8,1.0,22.44375,69.67,2.919,ordinary,flagged_facility,Jamnagar (Sikka) marine terminal,5.36,False,True,3,,False
419000765,CALYPSO FORTUNE,IND,jamnagar_vadinar_sep_oct2025,2025-09-23 07:00:00+00:00,2025-09-23 14:00:00+00:00,7.0,8,1.0,22.575,69.81375,2.185,ordinary,flagged_facility,Vadinar terminal / Nayara refinery (EU+UK sanctioned),17.04,False,True,3,,False
419000765,CALYPSO FORTUNE,IND,jamnagar_vadinar_sep_oct2025,2025-09-26 23:00:00+00:00,2025-09-27 06:00:00+00:00,7.0,8,1.0,22.57,69.815,4.477,ordinary,flagged_facility,Vadinar terminal / Nayara refinery (EU+UK sanctioned),17.09,False,True,3,,False
419000765,CALYPSO FORTUNE,IND,jamnagar_vadinar_sep_oct2025,2025-10-01 02:00:00+00:00,2025-10-01 09:00:00+00:00,7.0,8,1.0,22.5725,69.7975,4.733,ordinary,flagged_facility,Vadinar terminal / Nayara refinery (EU+UK sanctioned),15.35,False,True,3,,False
419000765,CALYPSO FORTUNE,IND,jamnagar_vadinar_sep_oct2025,2025-10-01 17:00:00+00:00,2025-10-02 00:00:00+00:00,7.0,8,1.0,22.585,69.80875,3.615,ordinary,flagged_facility,Vadinar terminal / Nayara refinery (EU+UK sanctioned),16.76,False,True,3,,False
419000765,CALYPSO FORTUNE,IND,jamnagar_vadinar_sep_oct2025,2025-10-04 18:00:00+00:00,2025-10-05 01:00:00+00:00,7.0,8,1.0,22.585,69.82,2.645,ordinary,flagged_facility,Vadinar terminal / Nayara refinery (EU+UK sanctioned),17.88,False,True,3,,False
419000765,CALYPSO FORTUNE,IND,jamnagar_vadinar_sep_oct2025,2025-10-05 02:00:00+00:00,2025-10-05 09:00:00+00:00,7.0,8,1.0,22.57375,69.8025,4.925,ordinary,flagged_facility,Vadinar terminal / Nayara refinery (EU+UK sanctioned),15.88,False,True,3,,False
419000765,CALYPSO FORTUNE,IND,jamnagar_vadinar_sep_oct2025,2025-10-11 01:00:00+00:00,2025-10-11 08:00:00+00:00,7.0,8,1.0,22.5675,69.80625,4.948,ordinary,flagged_facility,Vadinar terminal / Nayara refinery (EU+UK sanctioned),16.16,False,True,3,,False
419000765,CALYPSO FORTUNE,IND,jamnagar_vadinar_sep_oct2025,2025-10-11 09:00:00+00:00,2025-10-11 16:00:00+00:00,7.0,8,1.0,22.575,69.8175,4.343,ordinary,flagged_facility,Vadinar terminal / Nayara refinery (EU+UK sanctioned),17.42,False,True,3,,False
419000964,ASTER STAR,IND,jamnagar_vadinar_sep_oct2025,2025-09-08 17:00:00+00:00,2025-09-09 00:00:00+00:00,7.0,8,1.0,22.49125,69.8475,2.044,ordinary,flagged_facility,Jamnagar (Sikka) marine terminal,14.77,False,True,3,,False
419000964,ASTER STAR,IND,jamnagar_vadinar_sep_oct2025,2025-09-10 22:00:00+00:00,2025-09-11 05:00:00+00:00,7.0,8,1.0,22.49375,69.845,3.14,ordinary,flagged_facility,Jamnagar (Sikka) marine terminal,14.67,False,True,3,,False
419000964,ASTER STAR,IND,jamnagar_vadinar_sep_oct2025,2025-09-11 23:00:00+00:00,2025-09-12 06:00:00+00:00,7.0,5,0.625,22.492,69.846,1.869,ordinary,flagged_facility,Jamnagar (Sikka) marine terminal,14.67,False,True,3,,False
419000964,ASTER STAR,IND,jamnagar_vadinar_sep_oct2025,2025-09-20 07:00:00+00:00,2025-09-20 14:00:00+00:00,7.0,8,1.0,22.49125,69.84875,1.325,ordinary,flagged_facility,Jamnagar (Sikka) marine terminal,14.88,False,True,3,,False
419000964,ASTER STAR,IND,jamnagar_vadinar_sep_oct2025,2025-09-26 07:00:00+00:00,2025-09-26 14:00:00+00:00,7.0,8,1.0,22.51625,69.84,4.865,ordinary,flagged_facility,Jamnagar (Sikka) marine terminal,15.62,False,True,3,,False
419000964,ASTER STAR,IND,jamnagar_vadinar_sep_oct2025,2025-10-09 20:00:00+00:00,2025-10-10 03:00:00+00:00,7.0,8,1.0,22.4925,69.84625,3.325,ordinary,flagged_facility,Jamnagar (Sikka) marine terminal,14.72,False,True,3,,False
419001058,,IND,jamnagar_vadinar_sep_oct2025,2025-09-01 00:00:00+00:00,2025-09-01 07:00:00+00:00,7.0,8,1.0,22.55375,69.83375,4.01,ordinary,flagged_facility,Jamnagar (Sikka) marine terminal,18.05,False,True,3,,False
419001058,,IND,jamnagar_vadinar_sep_oct2025,2025-09-09 13:00:00+00:00,2025-09-09 20:00:00+00:00,7.0,8,1.0,22.56625,69.83875,4.947,ordinary,flagged_facility,Jamnagar (Sikka) marine terminal,19.45,False,True,3,,False
419001058,,IND,jamnagar_vadinar_sep_oct2025,2025-09-22 20:00:00+00:00,2025-09-23 03:00:00+00:00,7.0,7,0.875,22.56429,69.84285,3.358,ordinary,flagged_facility,Jamnagar (Sikka) marine terminal,19.55,False,True,3,,False
419001085,RELTUG SEVENTEEN,IND,jamnagar_vadinar_sep_oct2025,2025-09-08 07:00:00+00:00,2025-09-08 14:00:00+00:00,7.0,8,1.0,22.49625,69.84125,4.993,ordinary,flagged_facility,Jamnagar (Sikka) marine terminal,14.47,False,True,3,,False
419001085,RELTUG SEVENTEEN,IND,jamnagar_vadinar_sep_oct2025,2025-09-22 02:00:00+00:00,2025-09-22 09:00:00+00:00,7.0,8,1.0,22.5,69.83875,3.697,ordinary,flagged_facility,Jamnagar (Sikka) marine terminal,14.47,False,True,3,,False
419001208,DIPPER,IND,jamnagar_vadinar_sep_oct2025,2025-09-11 07:00:00+00:00,2025-09-11 14:00:00+00:00,7.0,8,1.0,22.46375,69.68,2.834,ordinary,flagged_facility,Jamnagar (Sikka) marine terminal,5.57,False,True,3,,False
419001286,TUG KB XI,IND,jamnagar_vadinar_sep_oct2025,2025-09-18 00:00:00+00:00,2025-09-18 07:00:00+00:00,7.0,8,1.0,22.5275,69.6925,2.331,ordinary,flagged_facility,Vadinar terminal / Nayara refinery (EU+UK sanctioned),5.03,False,True,3,,False
419001286,TUG KB XI,IND,jamnagar_vadinar_sep_oct2025,2025-09-22 07:00:00+00:00,2025-09-22 14:00:00+00:00,7.0,8,1.0,22.4525,69.675,4.446,ordinary,flagged_facility,Jamnagar (Sikka) marine terminal,5.26,False,True,3,,False
419001390,KNK ASHIMA,IND,jamnagar_vadinar_sep_oct2025,2025-10-07 19:00:00+00:00,2025-10-08 02:00:00+00:00,7.0,8,1.0,22.44,69.67,0.0,ordinary,flagged_facility,Jamnagar (Sikka) marine terminal,5.26,False,True,3,,False
419001456,MEERA,IND,jamnagar_vadinar_sep_oct2025,2025-09-13 02:00:00+00:00,2025-09-13 09:00:00+00:00,7.0,8,1.0,22.5,69.66,0.0,ordinary,flagged_facility,Vadinar terminal / Nayara refinery (EU+UK sanctioned),5.65,False,True,3,,False
419001456,MEERA,IND,jamnagar_vadinar_sep_oct2025,2025-10-02 21:00:00+00:00,2025-10-03 04:00:00+00:00,7.0,8,1.0,22.44,69.67,0.0,ordinary,flagged_facility,Jamnagar (Sikka) marine terminal,5.26,False,True,3,,False
419001472,OCEAN PRIDE,IND,jamnagar_vadinar_sep_oct2025,2025-09-03 22:00:00+00:00,2025-09-04 05:00:00+00:00,7.0,5,0.625,22.44,69.67,0.0,ordinary,flagged_facility,Jamnagar (Sikka) marine terminal,5.26,False,True,3,,False
419001472,OCEAN PRIDE,IND,jamnagar_vadinar_sep_oct2025,2025-10-02 23:00:00+00:00,2025-10-03 06:00:00+00:00,7.0,8,1.0,22.44125,69.67,0.973,ordinary,flagged_facility,Jamnagar (Sikka) marine terminal,5.29,False,True,3,,False
419001651,KNK NAYRA,IND,jamnagar_vadinar_sep_oct2025,2025-09-20 04:00:00+00:00,2025-09-20 11:00:00+00:00,7.0,8,1.0,22.57375,69.795,4.961,ordinary,flagged_facility,Vadinar terminal / Nayara refinery (EU+UK sanctioned),15.12,False,True,3,,False
419001651,KNK NAYRA,IND,jamnagar_vadinar_sep_oct2025,2025-10-09 16:00:00+00:00,2025-10-09 23:00:00+00:00,7.0,8,1.0,22.5075,69.815,2.7,ordinary,flagged_facility,Jamnagar (Sikka) marine terminal,13.02,False,True,3,,False
419001715,ZINNIA STAR,IND,jamnagar_vadinar_sep_oct2025,2025-09-09 20:00:00+00:00,2025-09-10 03:00:00+00:00,7.0,8,1.0,22.44875,69.6675,4.927,ordinary,flagged_facility,Jamnagar (Sikka) marine terminal,5.78,False,True,3,,False
419001715,ZINNIA STAR,IND,jamnagar_vadinar_sep_oct2025,2025-10-11 16:00:00+00:00,2025-10-11 23:00:00+00:00,7.0,8,1.0,22.44,69.67,0.0,ordinary,flagged_facility,Jamnagar (Sikka) marine terminal,5.26,False,True,3,,False
419001794,RIVER PEARL 10,IND,jamnagar_vadinar_sep_oct2025,2025-09-06 04:00:00+00:00,2025-09-06 11:00:00+00:00,7.0,8,1.0,22.45625,69.6675,4.925,ordinary,flagged_facility,Jamnagar (Sikka) marine terminal,6.13,False,True,3,,False
419014400,M V POONAM,IND,jamnagar_vadinar_sep_oct2025,2025-09-07 18:00:00+00:00,2025-09-08 01:00:00+00:00,7.0,8,1.0,22.50375,69.835,4.63,ordinary,flagged_facility,Jamnagar (Sikka) marine terminal,14.38,False,True,3,,False
419014400,M V POONAM,IND,jamnagar_vadinar_sep_oct2025,2025-10-09 15:00:00+00:00,2025-10-09 22:00:00+00:00,7.0,8,1.0,22.52125,69.815,4.724,ordinary,flagged_facility,Jamnagar (Sikka) marine terminal,14.08,False,True,3,,False
419033600,RELTUG ELEVEN,IND,jamnagar_vadinar_sep_oct2025,2025-09-15 15:00:00+00:00,2025-09-15 22:00:00+00:00,7.0,8,1.0,22.49625,69.84,4.884,ordinary,flagged_facility,Jamnagar (Sikka) marine terminal,14.36,False,True,3,,False
419033600,RELTUG ELEVEN,IND,jamnagar_vadinar_sep_oct2025,2025-09-23 15:00:00+00:00,2025-09-23 22:00:00+00:00,7.0,8,1.0,22.49625,69.84125,4.993,ordinary,flagged_facility,Jamnagar (Sikka) marine terminal,14.47,False,True,3,,False
419033600,RELTUG ELEVEN,IND,jamnagar_vadinar_sep_oct2025,2025-09-29 19:00:00+00:00,2025-09-30 02:00:00+00:00,7.0,8,1.0,22.49625,69.84125,4.993,ordinary,flagged_facility,Jamnagar (Sikka) marine terminal,14.47,False,True,3,,False
419033600,RELTUG ELEVEN,IND,jamnagar_vadinar_sep_oct2025,2025-10-10 08:00:00+00:00,2025-10-10 15:00:00+00:00,7.0,8,1.0,22.49625,69.84125,4.993,ordinary,flagged_facility,Jamnagar (Sikka) marine terminal,14.47,False,True,3,,False
419033900,REL SAGAR,IND,jamnagar_vadinar_sep_oct2025,2025-09-02 02:00:00+00:00,2025-09-02 09:00:00+00:00,7.0,8,1.0,22.57,69.79,0.0,ordinary,flagged_facility,Vadinar terminal / Nayara refinery (EU+UK sanctioned),14.55,False,True,3,,False
419033900,REL SAGAR,IND,jamnagar_vadinar_sep_oct2025,2025-09-30 00:00:00+00:00,2025-09-30 07:00:00+00:00,7.0,8,1.0,22.5725,69.79125,2.143,ordinary,flagged_facility,Vadinar terminal / Nayara refinery (EU+UK sanctioned),14.72,False,True,3,,False
419055150,M.T. BLUE BELL,IND,jamnagar_vadinar_sep_oct2025,2025-09-25 21:00:00+00:00,2025-09-26 04:00:00+00:00,7.0,8,1.0,22.4925,69.855,3.222,ordinary,flagged_facility,Jamnagar (Sikka) marine terminal,15.52,False,True,3,,False
419055150,M.T. BLUE BELL,IND,jamnagar_vadinar_sep_oct2025,2025-10-01 19:00:00+00:00,2025-10-02 02:00:00+00:00,7.0,8,1.0,22.49,69.86,0.0,ordinary,flagged_facility,Jamnagar (Sikka) marine terminal,15.86,False,True,3,,False
419055150,M.T. BLUE BELL,IND,jamnagar_vadinar_sep_oct2025,2025-10-09 13:00:00+00:00,2025-10-09 20:00:00+00:00,7.0,8,1.0,22.4925,69.85625,3.325,ordinary,flagged_facility,Jamnagar (Sikka) marine terminal,15.63,False,True,3,,False
419056200,M.T.IRIS,IND,jamnagar_vadinar_sep_oct2025,2025-09-08 18:00:00+00:00,2025-09-09 01:00:00+00:00,7.0,8,1.0,22.49,69.85875,0.899,ordinary,flagged_facility,Jamnagar (Sikka) marine terminal,15.74,False,True,3,,False
419056200,M.T.IRIS,IND,jamnagar_vadinar_sep_oct2025,2025-09-19 01:00:00+00:00,2025-09-19 08:00:00+00:00,7.0,8,1.0,22.60625,69.83125,2.922,ordinary,flagged_facility,Vadinar terminal / Nayara refinery (EU+UK sanctioned),19.63,False,True,3,,False
419056200,M.T.IRIS,IND,jamnagar_vadinar_sep_oct2025,2025-09-25 13:00:00+00:00,2025-09-25 20:00:00+00:00,7.0,8,1.0,22.49125,69.85625,2.867,ordinary,flagged_facility,Jamnagar (Sikka) marine terminal,15.57,False,True,3,,False
419056200,M.T.IRIS,IND,jamnagar_vadinar_sep_oct2025,2025-10-10 21:00:00+00:00,2025-10-11 04:00:00+00:00,7.0,8,1.0,22.4925,69.8525,2.457,ordinary,flagged_facility,Jamnagar (Sikka) marine terminal,15.29,False,True,3,,False
419057400,RELTUG TWELVE,IND,jamnagar_vadinar_sep_oct2025,2025-09-10 03:00:00+00:00,2025-09-10 10:00:00+00:00,7.0,8,1.0,22.5,69.83125,4.785,ordinary,flagged_facility,Jamnagar (Sikka) marine terminal,13.83,False,True,3,,False
419057400,RELTUG TWELVE,IND,jamnagar_vadinar_sep_oct2025,2025-09-15 21:00:00+00:00,2025-09-16 04:00:00+00:00,7.0,8,1.0,22.49625,69.84125,4.993,ordinary,flagged_facility,Jamnagar (Sikka) marine terminal,14.47,False,True,3,,False
419066300,SB EAGLE,IND,jamnagar_vadinar_sep_oct2025,2025-09-03 03:00:00+00:00,2025-09-03 10:00:00+00:00,7.0,8,1.0,22.5,69.84375,4.811,ordinary,flagged_facility,Jamnagar (Sikka) marine terminal,14.91,False,True,3,,False
419066300,SB EAGLE,IND,jamnagar_vadinar_sep_oct2025,2025-09-25 08:00:00+00:00,2025-09-25 15:00:00+00:00,7.0,8,1.0,22.50375,69.835,3.888,ordinary,flagged_facility,Jamnagar (Sikka) marine terminal,14.38,False,True,3,,False
419066300,SB EAGLE,IND,jamnagar_vadinar_sep_oct2025,2025-09-29 15:00:00+00:00,2025-09-29 22:00:00+00:00,7.0,8,1.0,22.5175,69.81375,4.932,ordinary,flagged_facility,Jamnagar (Sikka) marine terminal,13.69,False,True,3,,False
419071500,M. T. HAZEL,IND,jamnagar_vadinar_sep_oct2025,2025-10-08 09:00:00+00:00,2025-10-08 16:00:00+00:00,7.0,8,1.0,22.49,69.85875,0.899,ordinary,flagged_facility,Jamnagar (Sikka) marine terminal,15.74,False,True,3,,False
419072500,RELTUG 16,IND,jamnagar_vadinar_sep_oct2025,2025-09-01 00:00:00+00:00,2025-09-01 07:00:00+00:00,7.0,8,1.0,22.49125,69.8475,2.044,ordinary,flagged_facility,Jamnagar (Sikka) marine terminal,14.77,False,True,3,,False
419072500,RELTUG 16,IND,jamnagar_vadinar_sep_oct2025,2025-09-15 21:00:00+00:00,2025-09-16 04:00:00+00:00,7.0,8,1.0,22.4975,69.8425,4.92,ordinary,flagged_facility,Jamnagar (Sikka) marine terminal,14.66,False,True,3,,False
419072500,RELTUG 16,IND,jamnagar_vadinar_sep_oct2025,2025-09-22 05:00:00+00:00,2025-09-22 12:00:00+00:00,7.0,8,1.0,22.61375,69.84125,4.933,ordinary,flagged_facility,Vadinar terminal / Nayara refinery (EU+UK sanctioned),20.88,False,True,3,,False
419072700,RELTUG 14,IND,jamnagar_vadinar_sep_oct2025,2025-09-05 03:00:00+00:00,2025-09-05 10:00:00+00:00,7.0,8,1.0,22.59625,69.82,4.882,ordinary,flagged_facility,Vadinar terminal / Nayara refinery (EU+UK sanctioned),18.2,False,True,3,,False
419072700,RELTUG 14,IND,jamnagar_vadinar_sep_oct2025,2025-09-17 15:00:00+00:00,2025-09-17 22:00:00+00:00,7.0,8,1.0,22.49125,69.84875,1.325,ordinary,flagged_facility,Jamnagar (Sikka) marine terminal,14.88,False,True,3,,False
419072900,PARIJAT,IND,jamnagar_vadinar_sep_oct2025,2025-09-02 01:00:00+00:00,2025-09-02 08:00:00+00:00,7.0,8,1.0,22.49125,69.8575,2.045,ordinary,flagged_facility,Jamnagar (Sikka) marine terminal,15.69,False,True,3,,False
419072900,PARIJAT,IND,jamnagar_vadinar_sep_oct2025,2025-09-13 09:00:00+00:00,2025-09-13 16:00:00+00:00,7.0,8,1.0,22.49375,69.855,4.631,ordinary,flagged_facility,Jamnagar (Sikka) marine terminal,15.58,False,True,3,,False
419077200,AKASH,IND,jamnagar_vadinar_sep_oct2025,2025-09-02 16:00:00+00:00,2025-09-02 23:00:00+00:00,7.0,8,1.0,22.51,69.8,0.0,ordinary,flagged_facility,Jamnagar (Sikka) marine terminal,12.11,False,True,3,,False
419077200,AKASH,IND,jamnagar_vadinar_sep_oct2025,2025-09-03 11:00:00+00:00,2025-09-03 18:00:00+00:00,7.0,7,0.875,22.51429,69.82857,4.938,ordinary,flagged_facility,Jamnagar (Sikka) marine terminal,14.57,False,True,3,,False
419077200,AKASH,IND,jamnagar_vadinar_sep_oct2025,2025-09-09 06:00:00+00:00,2025-09-09 13:00:00+00:00,7.0,8,1.0,22.58625,69.8175,4.413,ordinary,flagged_facility,Vadinar terminal / Nayara refinery (EU+UK sanctioned),17.66,False,True,3,,False
419077200,AKASH,IND,jamnagar_vadinar_sep_oct2025,2025-09-21 08:00:00+00:00,2025-09-21 15:00:00+00:00,7.0,8,1.0,22.515,69.8,3.892,ordinary,flagged_facility,Jamnagar (Sikka) marine terminal,12.53,False,True,3,,False
419077200,AKASH,IND,jamnagar_vadinar_sep_oct2025,2025-09-21 18:00:00+00:00,2025-09-22 01:00:00+00:00,7.0,8,1.0,22.51,69.8,0.0,ordinary,flagged_facility,Jamnagar (Sikka) marine terminal,12.11,False,True,3,,False
419077200,AKASH,IND,jamnagar_vadinar_sep_oct2025,2025-09-22 18:00:00+00:00,2025-09-23 01:00:00+00:00,7.0,8,1.0,22.51375,69.80125,3.054,ordinary,flagged_facility,Jamnagar (Sikka) marine terminal,12.51,False,True,3,,False
419077200,AKASH,IND,jamnagar_vadinar_sep_oct2025,2025-09-23 02:00:00+00:00,2025-09-23 09:00:00+00:00,7.0,8,1.0,22.58,69.80125,1.603,ordinary,flagged_facility,Vadinar terminal / Nayara refinery (EU+UK sanctioned),15.88,False,True,3,,False
419077200,AKASH,IND,jamnagar_vadinar_sep_oct2025,2025-10-01 07:00:00+00:00,2025-10-01 14:00:00+00:00,7.0,8,1.0,22.56875,69.795,4.722,ordinary,flagged_facility,Vadinar terminal / Nayara refinery (EU+UK sanctioned),15.03,False,True,3,,False
419077200,AKASH,IND,jamnagar_vadinar_sep_oct2025,2025-10-07 02:00:00+00:00,2025-10-07 09:00:00+00:00,7.0,8,1.0,22.55375,69.80125,4.866,ordinary,flagged_facility,Vadinar terminal / Nayara refinery (EU+UK sanctioned),15.54,False,True,3,,False
419077200,AKASH,IND,jamnagar_vadinar_sep_oct2025,2025-10-11 16:00:00+00:00,2025-10-11 23:00:00+00:00,7.0,8,1.0,22.5075,69.81875,1.946,ordinary,flagged_facility,Jamnagar (Sikka) marine terminal,13.31,False,True,3,,False
419077500,AGNI,IND,jamnagar_vadinar_sep_oct2025,2025-09-06 17:00:00+00:00,2025-09-07 00:00:00+00:00,7.0,8,1.0,22.49875,69.8325,2.044,ordinary,flagged_facility,Jamnagar (Sikka) marine terminal,13.86,False,True,3,,False
419077500,AGNI,IND,jamnagar_vadinar_sep_oct2025,2025-09-13 01:00:00+00:00,2025-09-13 08:00:00+00:00,7.0,8,1.0,22.58625,69.815,4.63,ordinary,flagged_facility,Vadinar terminal / Nayara refinery (EU+UK sanctioned),17.42,False,True,3,,False
419077500,AGNI,IND,jamnagar_vadinar_sep_oct2025,2025-09-28 10:00:00+00:00,2025-09-28 17:00:00+00:00,7.0,8,1.0,22.51625,69.8175,4.925,ordinary,flagged_facility,Jamnagar (Sikka) marine terminal,13.87,False,True,3,,False
419077800,REL DARSHAN,IND,jamnagar_vadinar_sep_oct2025,2025-10-09 23:00:00+00:00,2025-10-10 06:00:00+00:00,7.0,8,1.0,22.49125,69.8425,1.611,ordinary,flagged_facility,Jamnagar (Sikka) marine terminal,14.31,False,True,3,,False
419079300,MV ANJALI,IND,jamnagar_vadinar_sep_oct2025,2025-09-04 03:00:00+00:00,2025-09-04 10:00:00+00:00,7.0,8,1.0,22.49875,69.8425,2.044,ordinary,flagged_facility,Jamnagar (Sikka) marine terminal,14.73,False,True,3,,False
419079300,MV ANJALI,IND,jamnagar_vadinar_sep_oct2025,2025-09-27 14:00:00+00:00,2025-09-27 21:00:00+00:00,7.0,8,1.0,22.5075,69.835,4.971,ordinary,flagged_facility,Jamnagar (Sikka) marine terminal,14.63,False,True,3,,False
419079300,MV ANJALI,IND,jamnagar_vadinar_sep_oct2025,2025-10-11 16:00:00+00:00,2025-10-11 23:00:00+00:00,7.0,8,1.0,22.5,69.84,0.0,ordinary,flagged_facility,Jamnagar (Sikka) marine terminal,14.58,False,True,3,,False
419079400,MV APSARA,IND,jamnagar_vadinar_sep_oct2025,2025-09-16 02:00:00+00:00,2025-09-16 09:00:00+00:00,7.0,8,1.0,22.50125,69.83,1.415,ordinary,flagged_facility,Jamnagar (Sikka) marine terminal,13.8,False,True,3,,False
419084500,ICGS C 143,IND,jamnagar_vadinar_sep_oct2025,2025-09-20 17:00:00+00:00,2025-09-21 00:00:00+00:00,7.0,8,1.0,22.44,69.67,0.0,ordinary,flagged_facility,Jamnagar (Sikka) marine terminal,5.26,False,True,3,,False
419091300,DOLPHIN NO.16,IND,jamnagar_vadinar_sep_oct2025,2025-10-04 09:00:00+00:00,2025-10-04 16:00:00+00:00,7.0,3,0.375,22.69667,69.7,1.266,ordinary,flagged_facility,Vadinar terminal / Nayara refinery (EU+UK sanctioned),17.1,False,True,3,,False
419293000,RELTUG 7,IND,jamnagar_vadinar_sep_oct2025,2025-09-26 07:00:00+00:00,2025-09-26 14:00:00+00:00,7.0,8,1.0,22.585,69.84,4.963,ordinary,flagged_facility,Vadinar terminal / Nayara refinery (EU+UK sanctioned),19.89,False,True,3,,False
419901161,M.T TORQUE,IND,jamnagar_vadinar_sep_oct2025,2025-09-24 00:00:00+00:00,2025-09-24 07:00:00+00:00,7.0,8,1.0,22.585,69.8075,2.792,ordinary,flagged_facility,Vadinar terminal / Nayara refinery (EU+UK sanctioned),16.63,False,True,3,,False
419901161,M.T TORQUE,IND,jamnagar_vadinar_sep_oct2025,2025-10-08 18:00:00+00:00,2025-10-09 01:00:00+00:00,7.0,8,1.0,22.51,69.8,0.0,ordinary,flagged_facility,Jamnagar (Sikka) marine terminal,12.11,False,True,3,,False
419901161,M.T TORQUE,IND,jamnagar_vadinar_sep_oct2025,2025-10-11 04:00:00+00:00,2025-10-11 11:00:00+00:00,7.0,8,1.0,22.5175,69.8,3.614,ordinary,flagged_facility,Jamnagar (Sikka) marine terminal,12.74,False,True,3,,False
419902339,MT MAHADEV,IND,jamnagar_vadinar_sep_oct2025,2025-09-09 10:00:00+00:00,2025-09-09 17:00:00+00:00,7.0,8,1.0,22.54875,69.645,4.156,ordinary,flagged_facility,Vadinar terminal / Nayara refinery (EU+UK sanctioned),0.53,False,True,3,,False
419902339,MT MAHADEV,IND,jamnagar_vadinar_sep_oct2025,2025-09-25 04:00:00+00:00,2025-09-25 11:00:00+00:00,7.0,8,1.0,22.5375,69.67625,4.077,ordinary,flagged_facility,Vadinar terminal / Nayara refinery (EU+UK sanctioned),3.03,False,True,3,,False
419956442,M.T.KB VI,IND,jamnagar_vadinar_sep_oct2025,2025-09-26 21:00:00+00:00,2025-09-27 04:00:00+00:00,7.0,8,1.0,22.50625,69.83,4.865,ordinary,flagged_facility,Jamnagar (Sikka) marine terminal,14.13,False,True,3,,False
419956442,M.T.KB VI,IND,jamnagar_vadinar_sep_oct2025,2025-09-30 20:00:00+00:00,2025-10-01 03:00:00+00:00,7.0,8,1.0,22.58875,69.85875,2.157,ordinary,flagged_facility,Vadinar terminal / Nayara refinery (EU+UK sanctioned),21.86,False,True,3,,False
419956663,M.V. MANGAL MURTI,IND,jamnagar_vadinar_sep_oct2025,2025-09-10 10:00:00+00:00,2025-09-10 17:00:00+00:00,7.0,8,1.0,22.43625,69.66875,2.79,ordinary,flagged_facility,Jamnagar (Sikka) marine terminal,5.31,False,True,3,,False
419956663,M.V. MANGAL MURTI,IND,jamnagar_vadinar_sep_oct2025,2025-09-25 03:00:00+00:00,2025-09-25 10:00:00+00:00,7.0,8,1.0,22.4375,69.67,4.726,ordinary,flagged_facility,Jamnagar (Sikka) marine terminal,5.21,False,True,3,,False
419956753,MARINE . 1,IND,jamnagar_vadinar_sep_oct2025,2025-09-02 03:00:00+00:00,2025-09-02 10:00:00+00:00,7.0,3,0.375,22.43667,69.81333,2.019,ordinary,flagged_facility,Jamnagar (Sikka) marine terminal,9.62,False,True,3,,False
419956753,MARINE . 1,IND,jamnagar_vadinar_sep_oct2025,2025-09-03 16:00:00+00:00,2025-09-03 23:00:00+00:00,7.0,8,1.0,22.55875,69.75625,2.182,ordinary,flagged_facility,Vadinar terminal / Nayara refinery (EU+UK sanctioned),10.95,False,True,3,,False
419956753,MARINE . 1,IND,jamnagar_vadinar_sep_oct2025,2025-09-23 17:00:00+00:00,2025-09-24 00:00:00+00:00,7.0,3,0.375,22.47667,69.78667,4.609,ordinary,flagged_facility,Jamnagar (Sikka) marine terminal,8.59,False,True,3,,False
419956753,MARINE . 1,IND,jamnagar_vadinar_sep_oct2025,2025-10-11 15:00:00+00:00,2025-10-11 22:00:00+00:00,7.0,6,0.75,22.44833,69.805,3.844,ordinary,flagged_facility,Jamnagar (Sikka) marine terminal,8.97,False,True,3,,False
419956787,DAWN II,IND,jamnagar_vadinar_sep_oct2025,2025-09-08 17:00:00+00:00,2025-09-09 00:00:00+00:00,7.0,8,1.0,22.56,69.84,0.0,ordinary,flagged_facility,Jamnagar (Sikka) marine terminal,19.0,False,True,3,,False
419957023,M.T. VISION. 3,IND,jamnagar_vadinar_sep_oct2025,2025-10-09 07:00:00+00:00,2025-10-09 14:00:00+00:00,7.0,8,1.0,22.4425,69.80875,3.614,ordinary,flagged_facility,Jamnagar (Sikka) marine terminal,9.23,False,True,3,,False
419957028,KB 48,IND,jamnagar_vadinar_sep_oct2025,2025-10-04 21:00:00+00:00,2025-10-05 04:00:00+00:00,7.0,3,0.375,22.68,69.65334,0.684,ordinary,flagged_facility,Vadinar terminal / Nayara refinery (EU+UK sanctioned),14.46,False,True,3,,False
419958517,MT RADHA  1,IND,jamnagar_vadinar_sep_oct2025,2025-09-15 13:00:00+00:00,2025-09-15 20:00:00+00:00,7.0,8,1.0,22.43875,69.8025,2.045,ordinary,flagged_facility,Jamnagar (Sikka) marine terminal,8.53,False,True,3,,False
419958525,GAUTAM ANTILLIA,IND,jamnagar_vadinar_sep_oct2025,2025-09-02 12:00:00+00:00,2025-09-02 19:00:00+00:00,7.0,8,1.0,22.485,69.5475,3.9,ordinary,flagged_facility,Vadinar terminal / Nayara refinery (EU+UK sanctioned),12.77,False,True,3,,False
419958525,GAUTAM ANTILLIA,IND,jamnagar_vadinar_sep_oct2025,2025-09-11 03:00:00+00:00,2025-09-11 10:00:00+00:00,7.0,6,0.75,22.39333,69.60667,4.201,ordinary,flagged_facility,Jamnagar (Sikka) marine terminal,12.34,False,True,3,,False
419958525,GAUTAM ANTILLIA,IND,jamnagar_vadinar_sep_oct2025,2025-09-25 02:00:00+00:00,2025-09-25 09:00:00+00:00,7.0,8,1.0,22.48,69.5475,4.455,ordinary,flagged_facility,Vadinar terminal / Nayara refinery (EU+UK sanctioned),13.09,False,True,3,,False
419958525,GAUTAM ANTILLIA,IND,jamnagar_vadinar_sep_oct2025,2025-09-26 03:00:00+00:00,2025-09-26 10:00:00+00:00,7.0,7,0.875,22.49,69.54572,3.387,ordinary,flagged_facility,Vadinar terminal / Nayara refinery (EU+UK sanctioned),12.62,False,True,3,,False
419958525,GAUTAM ANTILLIA,IND,jamnagar_vadinar_sep_oct2025,2025-10-06 18:00:00+00:00,2025-10-07 01:00:00+00:00,7.0,6,0.75,22.49,69.55667,1.306,ordinary,flagged_facility,Vadinar terminal / Nayara refinery (EU+UK sanctioned),11.68,False,True,3,,False
419958545,,IND,jamnagar_vadinar_sep_oct2025,2025-09-13 10:00:00+00:00,2025-09-13 17:00:00+00:00,7.0,4,0.5,22.4625,69.67,3.226,ordinary,flagged_facility,Jamnagar (Sikka) marine terminal,6.28,False,True,3,,False
419958545,,IND,jamnagar_vadinar_sep_oct2025,2025-09-15 10:00:00+00:00,2025-09-15 17:00:00+00:00,7.0,3,0.375,22.45333,69.67333,1.885,ordinary,flagged_facility,Jamnagar (Sikka) marine terminal,5.45,False,True,3,,False
419958545,,IND,jamnagar_vadinar_sep_oct2025,2025-10-01 02:00:00+00:00,2025-10-01 09:00:00+00:00,7.0,3,0.375,22.45333,69.67,3.138,ordinary,flagged_facility,Jamnagar (Sikka) marine terminal,5.76,False,True,3,,False
419958545,,IND,jamnagar_vadinar_sep_oct2025,2025-10-09 03:00:00+00:00,2025-10-09 10:00:00+00:00,7.0,4,0.5,22.4675,69.67,3.757,ordinary,flagged_facility,Jamnagar (Sikka) marine terminal,6.62,False,True,3,,False
419000056,SUCCESS NETRAVATI,IND,jamnagar_vadinar_sep_oct2025,2025-09-04 11:00:00+00:00,2025-09-04 17:00:00+00:00,6.0,7,1.0,22.44,69.67428,0.587,ordinary,flagged_facility,Jamnagar (Sikka) marine terminal,4.83,False,True,3,,False
419000056,SUCCESS NETRAVATI,IND,jamnagar_vadinar_sep_oct2025,2025-09-08 06:00:00+00:00,2025-09-08 12:00:00+00:00,6.0,6,0.857,22.44167,69.67167,2.046,ordinary,flagged_facility,Jamnagar (Sikka) marine terminal,5.13,False,True,3,,False
419000056,SUCCESS NETRAVATI,IND,jamnagar_vadinar_sep_oct2025,2025-09-09 14:00:00+00:00,2025-09-09 20:00:00+00:00,6.0,7,1.0,22.57,69.69286,1.76,ordinary,flagged_facility,Vadinar terminal / Nayara refinery (EU+UK sanctioned),4.93,False,True,3,,False
419000765,CALYPSO FORTUNE,IND,jamnagar_vadinar_sep_oct2025,2025-09-03 20:00:00+00:00,2025-09-04 02:00:00+00:00,6.0,7,1.0,22.59714,69.83143,3.881,ordinary,flagged_facility,Vadinar terminal / Nayara refinery (EU+UK sanctioned),19.35,False,True,3,,False
419000765,CALYPSO FORTUNE,IND,jamnagar_vadinar_sep_oct2025,2025-09-08 19:00:00+00:00,2025-09-09 01:00:00+00:00,6.0,7,1.0,22.58143,69.81286,3.468,ordinary,flagged_facility,Vadinar terminal / Nayara refinery (EU+UK sanctioned),17.08,False,True,3,,False
419000765,CALYPSO FORTUNE,IND,jamnagar_vadinar_sep_oct2025,2025-09-10 08:00:00+00:00,2025-09-10 14:00:00+00:00,6.0,7,1.0,22.55429,69.80429,4.944,ordinary,flagged_facility,Vadinar terminal / Nayara refinery (EU+UK sanctioned),15.85,False,True,3,,False
419000765,CALYPSO FORTUNE,IND,jamnagar_vadinar_sep_oct2025,2025-09-11 04:00:00+00:00,2025-09-11 10:00:00+00:00,6.0,7,1.0,22.58714,69.82857,4.955,ordinary,flagged_facility,Vadinar terminal / Nayara refinery (EU+UK sanctioned),18.79,False,True,3,,False
419000765,CALYPSO FORTUNE,IND,jamnagar_vadinar_sep_oct2025,2025-09-12 19:00:00+00:00,2025-09-13 01:00:00+00:00,6.0,7,1.0,22.58143,69.81429,3.351,ordinary,flagged_facility,Vadinar terminal / Nayara refinery (EU+UK sanctioned),17.23,False,True,3,,False
419000765,CALYPSO FORTUNE,IND,jamnagar_vadinar_sep_oct2025,2025-09-16 03:00:00+00:00,2025-09-16 09:00:00+00:00,6.0,7,1.0,22.56286,69.80714,3.726,ordinary,flagged_facility,Vadinar terminal / Nayara refinery (EU+UK sanctioned),16.2,False,True,3,,False
419000765,CALYPSO FORTUNE,IND,jamnagar_vadinar_sep_oct2025,2025-09-16 10:00:00+00:00,2025-09-16 16:00:00+00:00,6.0,7,1.0,22.59143,69.84714,4.86,ordinary,flagged_facility,Vadinar terminal / Nayara refinery (EU+UK sanctioned),20.76,False,True,3,,False
419000765,CALYPSO FORTUNE,IND,jamnagar_vadinar_sep_oct2025,2025-09-20 16:00:00+00:00,2025-09-20 22:00:00+00:00,6.0,7,1.0,22.59,69.84,4.67,ordinary,flagged_facility,Vadinar terminal / Nayara refinery (EU+UK sanctioned),20.01,False,True,3,,False
419000765,CALYPSO FORTUNE,IND,jamnagar_vadinar_sep_oct2025,2025-09-26 16:00:00+00:00,2025-09-26 22:00:00+00:00,6.0,7,1.0,22.59571,69.84143,4.792,ordinary,flagged_facility,Vadinar terminal / Nayara refinery (EU+UK sanctioned),20.3,False,True,3,,False
419000912,VAILANKANNI,IND,jamnagar_vadinar_sep_oct2025,2025-09-16 08:00:00+00:00,2025-09-16 14:00:00+00:00,6.0,7,1.0,22.56,69.60714,0.734,ordinary,flagged_facility,Vadinar terminal / Nayara refinery (EU+UK sanctioned),4.54,False,True,3,,False
419000964,ASTER STAR,IND,jamnagar_vadinar_sep_oct2025,2025-09-03 00:00:00+00:00,2025-09-03 06:00:00+00:00,6.0,7,1.0,22.51,69.83714,4.508,ordinary,flagged_facility,Jamnagar (Sikka) marine terminal,14.97,False,True,3,,False
419000964,ASTER STAR,IND,jamnagar_vadinar_sep_oct2025,2025-09-03 07:00:00+00:00,2025-09-03 13:00:00+00:00,6.0,7,1.0,22.57571,69.85429,4.14,ordinary,flagged_facility,Vadinar terminal / Nayara refinery (EU+UK sanctioned),21.17,False,True,3,,False
419000964,ASTER STAR,IND,jamnagar_vadinar_sep_oct2025,2025-09-05 07:00:00+00:00,2025-09-05 13:00:00+00:00,6.0,7,1.0,22.49,69.85,0.0,ordinary,flagged_facility,Jamnagar (Sikka) marine terminal,14.93,False,True,3,,False
419000964,ASTER STAR,IND,jamnagar_vadinar_sep_oct2025,2025-09-07 08:00:00+00:00,2025-09-07 14:00:00+00:00,6.0,7,1.0,22.49,69.85,0.0,ordinary,flagged_facility,Jamnagar (Sikka) marine terminal,14.93,False,True,3,,False
419000964,ASTER STAR,IND,jamnagar_vadinar_sep_oct2025,2025-09-28 08:00:00+00:00,2025-09-28 14:00:00+00:00,6.0,7,1.0,22.49,69.85,0.0,ordinary,flagged_facility,Jamnagar (Sikka) marine terminal,14.93,False,True,3,,False
419001058,,IND,jamnagar_vadinar_sep_oct2025,2025-09-22 05:00:00+00:00,2025-09-22 11:00:00+00:00,6.0,7,1.0,22.49143,69.81429,4.533,ordinary,flagged_facility,Jamnagar (Sikka) marine terminal,11.85,False,True,3,,False
419001058,,IND,jamnagar_vadinar_sep_oct2025,2025-10-05 02:00:00+00:00,2025-10-05 08:00:00+00:00,6.0,7,1.0,22.59286,69.83571,1.994,ordinary,flagged_facility,Vadinar terminal / Nayara refinery (EU+UK sanctioned),19.65,False,True,3,,False
419001208,DIPPER,IND,jamnagar_vadinar_sep_oct2025,2025-09-09 07:00:00+00:00,2025-09-09 13:00:00+00:00,6.0,7,1.0,22.51143,69.69857,4.564,ordinary,flagged_facility,Vadinar terminal / Nayara refinery (EU+UK sanctioned),6.58,False,True,3,,False
419001286,TUG KB XI,IND,jamnagar_vadinar_sep_oct2025,2025-09-19 22:00:00+00:00,2025-09-20 04:00:00+00:00,6.0,7,1.0,22.44,69.67,0.0,ordinary,flagged_facility,Jamnagar (Sikka) marine terminal,5.26,False,True,3,,False
419001390,KNK ASHIMA,IND,jamnagar_vadinar_sep_oct2025,2025-09-13 07:00:00+00:00,2025-09-13 13:00:00+00:00,6.0,7,1.0,22.45714,69.66714,4.822,ordinary,flagged_facility,Jamnagar (Sikka) marine terminal,6.21,False,True,3,,False
419001390,KNK ASHIMA,IND,jamnagar_vadinar_sep_oct2025,2025-10-01 05:00:00+00:00,2025-10-01 11:00:00+00:00,6.0,7,1.0,22.45571,69.66714,4.979,ordinary,flagged_facility,Jamnagar (Sikka) marine terminal,6.14,False,True,3,,False
419001390,KNK ASHIMA,IND,jamnagar_vadinar_sep_oct2025,2025-10-08 03:00:00+00:00,2025-10-08 09:00:00+00:00,6.0,7,1.0,22.45571,69.66714,4.979,ordinary,flagged_facility,Jamnagar (Sikka) marine terminal,6.14,False,True,3,,False
419001456,MEERA,IND,jamnagar_vadinar_sep_oct2025,2025-09-01 00:00:00+00:00,2025-09-01 06:00:00+00:00,6.0,7,1.0,22.48429,69.66286,4.979,ordinary,flagged_facility,Vadinar terminal / Nayara refinery (EU+UK sanctioned),7.43,False,True,3,,False
419001456,MEERA,IND,jamnagar_vadinar_sep_oct2025,2025-09-14 12:00:00+00:00,2025-09-14 18:00:00+00:00,6.0,7,1.0,22.45714,69.66714,4.822,ordinary,flagged_facility,Jamnagar (Sikka) marine terminal,6.21,False,True,3,,False
419001456,MEERA,IND,jamnagar_vadinar_sep_oct2025,2025-09-15 05:00:00+00:00,2025-09-15 11:00:00+00:00,6.0,7,1.0,22.45714,69.66714,4.822,ordinary,flagged_facility,Jamnagar (Sikka) marine terminal,6.21,False,True,3,,False
419001456,MEERA,IND,jamnagar_vadinar_sep_oct2025,2025-09-19 13:00:00+00:00,2025-09-19 19:00:00+00:00,6.0,7,1.0,22.45714,69.66714,4.822,ordinary,flagged_facility,Jamnagar (Sikka) marine terminal,6.21,False,True,3,,False
419001456,MEERA,IND,jamnagar_vadinar_sep_oct2025,2025-09-26 12:00:00+00:00,2025-09-26 18:00:00+00:00,6.0,7,1.0,22.45714,69.66714,4.822,ordinary,flagged_facility,Jamnagar (Sikka) marine terminal,6.21,False,True,3,,False
419001456,MEERA,IND,jamnagar_vadinar_sep_oct2025,2025-09-28 23:00:00+00:00,2025-09-29 05:00:00+00:00,6.0,7,1.0,22.45571,69.66714,4.979,ordinary,flagged_facility,Jamnagar (Sikka) marine terminal,6.14,False,True,3,,False
419001456,MEERA,IND,jamnagar_vadinar_sep_oct2025,2025-09-29 11:00:00+00:00,2025-09-29 17:00:00+00:00,6.0,7,1.0,22.45714,69.66714,4.822,ordinary,flagged_facility,Jamnagar (Sikka) marine terminal,6.21,False,True,3,,False
419001456,MEERA,IND,jamnagar_vadinar_sep_oct2025,2025-10-11 14:00:00+00:00,2025-10-11 20:00:00+00:00,6.0,7,1.0,22.45714,69.66714,4.822,ordinary,flagged_facility,Jamnagar (Sikka) marine terminal,6.21,False,True,3,,False
419001472,OCEAN PRIDE,IND,jamnagar_vadinar_sep_oct2025,2025-09-30 23:00:00+00:00,2025-10-01 05:00:00+00:00,6.0,7,1.0,22.44429,69.67,1.747,ordinary,flagged_facility,Jamnagar (Sikka) marine terminal,5.38,False,True,3,,False
419001488,RELTUG NINETEEN,IND,jamnagar_vadinar_sep_oct2025,2025-09-09 07:00:00+00:00,2025-09-09 13:00:00+00:00,6.0,7,1.0,22.51714,69.80572,4.986,ordinary,flagged_facility,Jamnagar (Sikka) marine terminal,13.09,False,True,3,,False
419001613,M.T. OCEAN BIRD,IND,jamnagar_vadinar_sep_oct2025,2025-09-06 14:00:00+00:00,2025-09-06 20:00:00+00:00,6.0,7,1.0,22.44286,69.80571,4.903,ordinary,flagged_facility,Jamnagar (Sikka) marine terminal,8.92,False,True,3,,False
419001649,KASAGISAN,IND,jamnagar_vadinar_sep_oct2025,2025-10-01 04:00:00+00:00,2025-10-01 10:00:00+00:00,6.0,7,1.0,22.54429,69.67714,4.852,ordinary,flagged_facility,Vadinar terminal / Nayara refinery (EU+UK sanctioned),2.86,False,True,3,,False
419001715,ZINNIA STAR,IND,jamnagar_vadinar_sep_oct2025,2025-09-04 10:00:00+00:00,2025-09-04 16:00:00+00:00,6.0,7,1.0,22.45571,69.66714,4.979,ordinary,flagged_facility,Jamnagar (Sikka) marine terminal,6.14,False,True,3,,False
419001715,ZINNIA STAR,IND,jamnagar_vadinar_sep_oct2025,2025-10-06 21:00:00+00:00,2025-10-07 03:00:00+00:00,6.0,7,1.0,22.44143,69.67,0.953,ordinary,flagged_facility,Jamnagar (Sikka) marine terminal,5.29,False,True,3,,False
419001755,SANMAR SAROD,IND,jamnagar_vadinar_sep_oct2025,2025-09-01 00:00:00+00:00,2025-09-01 06:00:00+00:00,6.0,7,1.0,22.59,69.86429,0.587,ordinary,flagged_facility,Vadinar terminal / Nayara refinery (EU+UK sanctioned),22.45,False,True,3,,False
419001755,SANMAR SAROD,IND,jamnagar_vadinar_sep_oct2025,2025-09-18 23:00:00+00:00,2025-09-19 05:00:00+00:00,6.0,7,1.0,22.60286,69.87572,4.824,ordinary,flagged_facility,Vadinar terminal / Nayara refinery (EU+UK sanctioned),23.91,False,True,3,,False
419001794,RIVER PEARL 10,IND,jamnagar_vadinar_sep_oct2025,2025-09-23 11:00:00+00:00,2025-09-23 17:00:00+00:00,6.0,7,1.0,22.45714,69.66857,4.846,ordinary,flagged_facility,Jamnagar (Sikka) marine terminal,6.09,False,True,3,,False
419001794,RIVER PEARL 10,IND,jamnagar_vadinar_sep_oct2025,2025-09-27 02:00:00+00:00,2025-09-27 08:00:00+00:00,6.0,7,1.0,22.45714,69.66714,4.822,ordinary,flagged_facility,Jamnagar (Sikka) marine terminal,6.21,False,True,3,,False
419001885,KB 49,IND,jamnagar_vadinar_sep_oct2025,2025-10-07 03:00:00+00:00,2025-10-07 09:00:00+00:00,6.0,7,1.0,22.53,69.71,0.0,ordinary,flagged_facility,Vadinar terminal / Nayara refinery (EU+UK sanctioned),6.55,False,True,3,,False
419002022,A.E.L.II,IND,jamnagar_vadinar_sep_oct2025,2025-10-07 08:00:00+00:00,2025-10-07 14:00:00+00:00,6.0,7,1.0,22.69,69.77714,1.758,ordinary,flagged_facility,Vadinar terminal / Nayara refinery (EU+UK sanctioned),20.31,False,True,3,,False
419014300,M V APURVA,IND,jamnagar_vadinar_sep_oct2025,2025-09-03 03:00:00+00:00,2025-09-03 09:00:00+00:00,6.0,7,1.0,22.50429,69.83571,2.379,ordinary,flagged_facility,Jamnagar (Sikka) marine terminal,14.48,False,True,3,,False
419014300,M V APURVA,IND,jamnagar_vadinar_sep_oct2025,2025-10-01 02:00:00+00:00,2025-10-01 08:00:00+00:00,6.0,7,1.0,22.5,69.83286,0.733,ordinary,flagged_facility,Jamnagar (Sikka) marine terminal,13.97,False,True,3,,False
419014400,M V POONAM,IND,jamnagar_vadinar_sep_oct2025,2025-09-22 05:00:00+00:00,2025-09-22 11:00:00+00:00,6.0,7,1.0,22.51571,69.83428,4.959,ordinary,flagged_facility,Jamnagar (Sikka) marine terminal,15.12,False,True,3,,False
419014400,M V POONAM,IND,jamnagar_vadinar_sep_oct2025,2025-09-24 04:00:00+00:00,2025-09-24 10:00:00+00:00,6.0,7,1.0,22.50857,69.83286,2.724,ordinary,flagged_facility,Jamnagar (Sikka) marine terminal,14.52,False,True,3,,False
419014400,M V POONAM,IND,jamnagar_vadinar_sep_oct2025,2025-09-26 05:00:00+00:00,2025-09-26 11:00:00+00:00,6.0,7,1.0,22.52,69.82857,4.84,ordinary,flagged_facility,Jamnagar (Sikka) marine terminal,14.99,False,True,3,,False
419014400,M V POONAM,IND,jamnagar_vadinar_sep_oct2025,2025-10-06 18:00:00+00:00,2025-10-07 00:00:00+00:00,6.0,7,1.0,22.50571,69.83,4.916,ordinary,flagged_facility,Jamnagar (Sikka) marine terminal,14.09,False,True,3,,False
419024600,ESSAR TUG XI,IND,jamnagar_vadinar_sep_oct2025,2025-09-23 19:00:00+00:00,2025-09-24 01:00:00+00:00,6.0,7,1.0,22.49571,69.55143,3.974,ordinary,flagged_facility,Vadinar terminal / Nayara refinery (EU+UK sanctioned),11.79,False,True,3,,False
419024600,ESSAR TUG XI,IND,jamnagar_vadinar_sep_oct2025,2025-09-25 12:00:00+00:00,2025-09-25 18:00:00+00:00,6.0,7,1.0,22.49857,69.54286,2.086,ordinary,flagged_facility,Vadinar terminal / Nayara refinery (EU+UK sanctioned),12.4,False,True,3,,False
419024600,ESSAR TUG XI,IND,jamnagar_vadinar_sep_oct2025,2025-09-26 00:00:00+00:00,2025-09-26 06:00:00+00:00,6.0,7,1.0,22.50286,69.54143,2.546,ordinary,flagged_facility,Vadinar terminal / Nayara refinery (EU+UK sanctioned),12.32,False,True,3,,False
419024600,ESSAR TUG XI,IND,jamnagar_vadinar_sep_oct2025,2025-09-26 07:00:00+00:00,2025-09-26 13:00:00+00:00,6.0,7,1.0,22.39429,69.60571,2.38,ordinary,flagged_facility,Jamnagar (Sikka) marine terminal,12.4,False,True,3,,False
419032300,AQUA SUN,IND,jamnagar_vadinar_sep_oct2025,2025-09-03 04:00:00+00:00,2025-09-03 10:00:00+00:00,6.0,6,0.857,22.49667,69.83833,2.041,ordinary,flagged_facility,Jamnagar (Sikka) marine terminal,14.24,False,True,3,,False
419032300,AQUA SUN,IND,jamnagar_vadinar_sep_oct2025,2025-09-19 00:00:00+00:00,2025-09-19 06:00:00+00:00,6.0,7,1.0,22.58714,69.85143,1.933,ordinary,flagged_facility,Vadinar terminal / Nayara refinery (EU+UK sanctioned),21.09,False,True,3,,False
419032300,AQUA SUN,IND,jamnagar_vadinar_sep_oct2025,2025-09-25 03:00:00+00:00,2025-09-25 09:00:00+00:00,6.0,7,1.0,22.48429,69.81286,4.737,ordinary,flagged_facility,Jamnagar (Sikka) marine terminal,11.29,False,True,3,,False
419032300,AQUA SUN,IND,jamnagar_vadinar_sep_oct2025,2025-09-26 03:00:00+00:00,2025-09-26 09:00:00+00:00,6.0,7,1.0,22.55,69.80714,4.744,ordinary,flagged_facility,Jamnagar (Sikka) marine terminal,16.07,False,True,3,,False
419032300,AQUA SUN,IND,jamnagar_vadinar_sep_oct2025,2025-10-03 03:00:00+00:00,2025-10-03 09:00:00+00:00,6.0,7,1.0,22.48714,69.83143,4.908,ordinary,flagged_facility,Jamnagar (Sikka) marine terminal,13.1,False,True,3,,False
419033600,RELTUG ELEVEN,IND,jamnagar_vadinar_sep_oct2025,2025-09-29 12:00:00+00:00,2025-09-29 18:00:00+00:00,6.0,7,1.0,22.49,69.84857,0.881,ordinary,flagged_facility,Jamnagar (Sikka) marine terminal,14.8,False,True,3,,False
419033900,REL SAGAR,IND,jamnagar_vadinar_sep_oct2025,2025-09-01 02:00:00+00:00,2025-09-01 08:00:00+00:00,6.0,7,1.0,22.59,69.81,0.0,ordinary,flagged_facility,Vadinar terminal / Nayara refinery (EU+UK sanctioned),17.02,False,True,3,,False
419033900,REL SAGAR,IND,jamnagar_vadinar_sep_oct2025,2025-09-11 03:00:00+00:00,2025-09-11 09:00:00+00:00,6.0,7,1.0,22.56143,69.82857,3.78,ordinary,flagged_facility,Vadinar terminal / Nayara refinery (EU+UK sanctioned),18.38,False,True,3,,False
419033900,REL SAGAR,IND,jamnagar_vadinar_sep_oct2025,2025-09-11 21:00:00+00:00,2025-09-12 03:00:00+00:00,6.0,7,1.0,22.51857,69.80286,4.932,ordinary,flagged_facility,Jamnagar (Sikka) marine terminal,13.02,False,True,3,,False
419033900,REL SAGAR,IND,jamnagar_vadinar_sep_oct2025,2025-09-26 05:00:00+00:00,2025-09-26 11:00:00+00:00,6.0,7,1.0,22.57,69.79143,0.88,ordinary,flagged_facility,Vadinar terminal / Nayara refinery (EU+UK sanctioned),14.69,False,True,3,,False
419033900,REL SAGAR,IND,jamnagar_vadinar_sep_oct2025,2025-10-05 06:00:00+00:00,2025-10-05 12:00:00+00:00,6.0,7,1.0,22.52714,69.79715,4.822,ordinary,flagged_facility,Jamnagar (Sikka) marine terminal,13.4,False,True,3,,False
419055100,DOLPHIN NO 4,IND,jamnagar_vadinar_sep_oct2025,2025-10-09 14:00:00+00:00,2025-10-09 20:00:00+00:00,6.0,4,0.571,22.6675,69.62,4.807,ordinary,flagged_facility,Vadinar terminal / Nayara refinery (EU+UK sanctioned),13.42,False,True,3,,False
419055100,DOLPHIN NO 4,IND,jamnagar_vadinar_sep_oct2025,2025-10-11 00:00:00+00:00,2025-10-11 06:00:00+00:00,6.0,6,0.857,22.67333,69.655,3.649,ordinary,flagged_facility,Vadinar terminal / Nayara refinery (EU+UK sanctioned),13.72,False,True,3,,False
419055150,M.T. BLUE BELL,IND,jamnagar_vadinar_sep_oct2025,2025-09-18 05:00:00+00:00,2025-09-18 11:00:00+00:00,6.0,7,1.0,22.49429,69.85,3.543,ordinary,flagged_facility,Jamnagar (Sikka) marine terminal,15.15,False,True,3,,False
419055150,M.T. BLUE BELL,IND,jamnagar_vadinar_sep_oct2025,2025-09-23 07:00:00+00:00,2025-09-23 13:00:00+00:00,6.0,7,1.0,22.49143,69.85572,2.808,ordinary,flagged_facility,Jamnagar (Sikka) marine terminal,15.53,False,True,3,,False
419055150,M.T. BLUE BELL,IND,jamnagar_vadinar_sep_oct2025,2025-10-10 01:00:00+00:00,2025-10-10 07:00:00+00:00,6.0,7,1.0,22.49143,69.85572,2.808,ordinary,flagged_facility,Jamnagar (Sikka) marine terminal,15.53,False,True,3,,False
419055150,M.T. BLUE BELL,IND,jamnagar_vadinar_sep_oct2025,2025-10-11 04:00:00+00:00,2025-10-11 10:00:00+00:00,6.0,7,1.0,22.49,69.85857,0.881,ordinary,flagged_facility,Jamnagar (Sikka) marine terminal,15.73,False,True,3,,False
419056200,M.T.IRIS,IND,jamnagar_vadinar_sep_oct2025,2025-09-01 00:00:00+00:00,2025-09-01 06:00:00+00:00,6.0,7,1.0,22.49143,69.85429,2.671,ordinary,flagged_facility,Jamnagar (Sikka) marine terminal,15.4,False,True,3,,False
419056200,M.T.IRIS,IND,jamnagar_vadinar_sep_oct2025,2025-09-06 11:00:00+00:00,2025-09-06 17:00:00+00:00,6.0,7,1.0,22.49429,69.85429,4.537,ordinary,flagged_facility,Jamnagar (Sikka) marine terminal,15.54,False,True,3,,False
419056200,M.T.IRIS,IND,jamnagar_vadinar_sep_oct2025,2025-09-20 17:00:00+00:00,2025-09-20 23:00:00+00:00,6.0,7,1.0,22.49143,69.85714,2.003,ordinary,flagged_facility,Jamnagar (Sikka) marine terminal,15.66,False,True,3,,False
419056200,M.T.IRIS,IND,jamnagar_vadinar_sep_oct2025,2025-09-21 15:00:00+00:00,2025-09-21 21:00:00+00:00,6.0,7,1.0,22.49714,69.85143,4.876,ordinary,flagged_facility,Jamnagar (Sikka) marine terminal,15.43,False,True,3,,False
419056200,M.T.IRIS,IND,jamnagar_vadinar_sep_oct2025,2025-09-26 00:00:00+00:00,2025-09-26 06:00:00+00:00,6.0,7,1.0,22.49429,69.84857,2.011,ordinary,flagged_facility,Jamnagar (Sikka) marine terminal,15.02,False,True,3,,False
419056200,M.T.IRIS,IND,jamnagar_vadinar_sep_oct2025,2025-09-27 11:00:00+00:00,2025-09-27 17:00:00+00:00,6.0,7,1.0,22.49,69.85857,0.881,ordinary,flagged_facility,Jamnagar (Sikka) marine terminal,15.73,False,True,3,,False
419056200,M.T.IRIS,IND,jamnagar_vadinar_sep_oct2025,2025-09-27 22:00:00+00:00,2025-09-28 04:00:00+00:00,6.0,7,1.0,22.49429,69.85,3.543,ordinary,flagged_facility,Jamnagar (Sikka) marine terminal,15.15,False,True,3,,False
419056200,M.T.IRIS,IND,jamnagar_vadinar_sep_oct2025,2025-10-01 17:00:00+00:00,2025-10-01 23:00:00+00:00,6.0,7,1.0,22.49286,69.85572,3.257,ordinary,flagged_facility,Jamnagar (Sikka) marine terminal,15.6,False,True,3,,False
419056200,M.T.IRIS,IND,jamnagar_vadinar_sep_oct2025,2025-10-07 12:00:00+00:00,2025-10-07 18:00:00+00:00,6.0,7,1.0,22.5,69.84286,3.234,ordinary,flagged_facility,Jamnagar (Sikka) marine terminal,14.83,False,True,3,,False
419066300,SB EAGLE,IND,jamnagar_vadinar_sep_oct2025,2025-09-26 16:00:00+00:00,2025-09-26 22:00:00+00:00,6.0,7,1.0,22.51714,69.82,4.779,ordinary,flagged_facility,Jamnagar (Sikka) marine terminal,14.12,False,True,3,,False
419066300,SB EAGLE,IND,jamnagar_vadinar_sep_oct2025,2025-10-01 01:00:00+00:00,2025-10-01 07:00:00+00:00,6.0,7,1.0,22.50143,69.83143,4.73,ordinary,flagged_facility,Jamnagar (Sikka) marine terminal,13.94,False,True,3,,False
419071500,M. T. HAZEL,IND,jamnagar_vadinar_sep_oct2025,2025-09-01 00:00:00+00:00,2025-09-01 06:00:00+00:00,6.0,7,1.0,22.49,69.85857,0.881,ordinary,flagged_facility,Jamnagar (Sikka) marine terminal,15.73,False,True,3,,False
419071500,M. T. HAZEL,IND,jamnagar_vadinar_sep_oct2025,2025-09-01 11:00:00+00:00,2025-09-01 17:00:00+00:00,6.0,7,1.0,22.49286,69.85143,2.34,ordinary,flagged_facility,Jamnagar (Sikka) marine terminal,15.21,False,True,3,,False
419071500,M. T. HAZEL,IND,jamnagar_vadinar_sep_oct2025,2025-09-04 19:00:00+00:00,2025-09-05 01:00:00+00:00,6.0,7,1.0,22.49,69.86,0.0,ordinary,flagged_facility,Jamnagar (Sikka) marine terminal,15.86,False,True,3,,False
419071500,M. T. HAZEL,IND,jamnagar_vadinar_sep_oct2025,2025-09-08 12:00:00+00:00,2025-09-08 18:00:00+00:00,6.0,7,1.0,22.49143,69.85571,1.875,ordinary,flagged_facility,Jamnagar (Sikka) marine terminal,15.53,False,True,3,,False
419071500,M. T. HAZEL,IND,jamnagar_vadinar_sep_oct2025,2025-09-08 22:00:00+00:00,2025-09-09 04:00:00+00:00,6.0,7,1.0,22.49143,69.85714,2.003,ordinary,flagged_facility,Jamnagar (Sikka) marine terminal,15.66,False,True,3,,False
419071500,M. T. HAZEL,IND,jamnagar_vadinar_sep_oct2025,2025-09-23 16:00:00+00:00,2025-09-23 22:00:00+00:00,6.0,7,1.0,22.49,69.86,0.0,ordinary,flagged_facility,Jamnagar (Sikka) marine terminal,15.86,False,True,3,,False
419071500,M. T. HAZEL,IND,jamnagar_vadinar_sep_oct2025,2025-10-07 22:00:00+00:00,2025-10-08 04:00:00+00:00,6.0,7,1.0,22.49,69.85857,0.881,ordinary,flagged_facility,Jamnagar (Sikka) marine terminal,15.73,False,True,3,,False
419072700,RELTUG 14,IND,jamnagar_vadinar_sep_oct2025,2025-09-30 08:00:00+00:00,2025-09-30 14:00:00+00:00,6.0,7,1.0,22.58143,69.79857,4.728,ordinary,flagged_facility,Vadinar terminal / Nayara refinery (EU+UK sanctioned),15.65,False,True,3,,False
419072900,PARIJAT,IND,jamnagar_vadinar_sep_oct2025,2025-09-03 16:00:00+00:00,2025-09-03 22:00:00+00:00,6.0,7,1.0,22.49,69.86,0.0,ordinary,flagged_facility,Jamnagar (Sikka) marine terminal,15.86,False,True,3,,False
419072900,PARIJAT,IND,jamnagar_vadinar_sep_oct2025,2025-09-09 19:00:00+00:00,2025-09-10 01:00:00+00:00,6.0,7,1.0,22.49286,69.85572,3.257,ordinary,flagged_facility,Jamnagar (Sikka) marine terminal,15.6,False,True,3,,False
419072900,PARIJAT,IND,jamnagar_vadinar_sep_oct2025,2025-09-24 07:00:00+00:00,2025-09-24 13:00:00+00:00,6.0,7,1.0,22.49429,69.85286,4.424,ordinary,flagged_facility,Jamnagar (Sikka) marine terminal,15.41,False,True,3,,False
419077200,AKASH,IND,jamnagar_vadinar_sep_oct2025,2025-09-02 02:00:00+00:00,2025-09-02 08:00:00+00:00,6.0,7,1.0,22.57286,69.80143,4.997,ordinary,flagged_facility,Vadinar terminal / Nayara refinery (EU+UK sanctioned),15.76,False,True,3,,False
419077200,AKASH,IND,jamnagar_vadinar_sep_oct2025,2025-09-03 19:00:00+00:00,2025-09-04 01:00:00+00:00,6.0,6,0.857,22.50333,69.82833,2.041,ordinary,flagged_facility,Jamnagar (Sikka) marine terminal,13.8,False,True,3,,False
419077200,AKASH,IND,jamnagar_vadinar_sep_oct2025,2025-09-04 04:00:00+00:00,2025-09-04 10:00:00+00:00,6.0,7,1.0,22.50143,69.83857,1.297,ordinary,flagged_facility,Jamnagar (Sikka) marine terminal,14.54,False,True,3,,False
419077200,AKASH,IND,jamnagar_vadinar_sep_oct2025,2025-09-06 00:00:00+00:00,2025-09-06 06:00:00+00:00,6.0,7,1.0,22.57,69.79,0.0,ordinary,flagged_facility,Vadinar terminal / Nayara refinery (EU+UK sanctioned),14.55,False,True,3,,False
419077200,AKASH,IND,jamnagar_vadinar_sep_oct2025,2025-09-10 02:00:00+00:00,2025-09-10 08:00:00+00:00,6.0,7,1.0,22.59143,69.81,1.271,ordinary,flagged_facility,Vadinar terminal / Nayara refinery (EU+UK sanctioned),17.06,False,True,3,,False
419077200,AKASH,IND,jamnagar_vadinar_sep_oct2025,2025-09-10 18:00:00+00:00,2025-09-11 00:00:00+00:00,6.0,7,1.0,22.59,69.80857,0.879,ordinary,flagged_facility,Vadinar terminal / Nayara refinery (EU+UK sanctioned),16.88,False,True,3,,False
419077200,AKASH,IND,jamnagar_vadinar_sep_oct2025,2025-10-05 05:00:00+00:00,2025-10-05 11:00:00+00:00,6.0,7,1.0,22.56143,69.79,4.72,ordinary,flagged_facility,Vadinar terminal / Nayara refinery (EU+UK sanctioned),14.43,False,True,3,,False
419077500,AGNI,IND,jamnagar_vadinar_sep_oct2025,2025-09-08 05:00:00+00:00,2025-09-08 11:00:00+00:00,6.0,7,1.0,22.56714,69.80286,4.905,ordinary,flagged_facility,Vadinar terminal / Nayara refinery (EU+UK sanctioned),15.81,False,True,3,,False
419077500,AGNI,IND,jamnagar_vadinar_sep_oct2025,2025-09-21 05:00:00+00:00,2025-09-21 11:00:00+00:00,6.0,7,1.0,22.51,69.8,0.0,ordinary,flagged_facility,Jamnagar (Sikka) marine terminal,12.11,False,True,3,,False
419077500,AGNI,IND,jamnagar_vadinar_sep_oct2025,2025-09-28 03:00:00+00:00,2025-09-28 09:00:00+00:00,6.0,7,1.0,22.58857,69.81,0.953,ordinary,flagged_facility,Vadinar terminal / Nayara refinery (EU+UK sanctioned),16.98,False,True,3,,False
419077500,AGNI,IND,jamnagar_vadinar_sep_oct2025,2025-10-01 13:00:00+00:00,2025-10-01 19:00:00+00:00,6.0,7,1.0,22.58,69.80714,3.415,ordinary,flagged_facility,Vadinar terminal / Nayara refinery (EU+UK sanctioned),16.48,False,True,3,,False
419077500,AGNI,IND,jamnagar_vadinar_sep_oct2025,2025-10-04 10:00:00+00:00,2025-10-04 16:00:00+00:00,6.0,7,1.0,22.52714,69.79715,4.822,ordinary,flagged_facility,Jamnagar (Sikka) marine terminal,13.4,False,True,3,,False
419077500,AGNI,IND,jamnagar_vadinar_sep_oct2025,2025-10-10 07:00:00+00:00,2025-10-10 13:00:00+00:00,6.0,7,1.0,22.54714,69.79572,4.154,ordinary,flagged_facility,Vadinar terminal / Nayara refinery (EU+UK sanctioned),14.97,False,True,3,,False
419077800,REL DARSHAN,IND,jamnagar_vadinar_sep_oct2025,2025-10-09 07:00:00+00:00,2025-10-09 13:00:00+00:00,6.0,7,1.0,22.50857,69.80857,4.754,ordinary,flagged_facility,Jamnagar (Sikka) marine terminal,12.62,False,True,3,,False
419079300,MV ANJALI,IND,jamnagar_vadinar_sep_oct2025,2025-09-05 01:00:00+00:00,2025-09-05 07:00:00+00:00,6.0,7,1.0,22.52,69.82571,4.958,ordinary,flagged_facility,Jamnagar (Sikka) marine terminal,14.77,False,True,3,,False
419079300,MV ANJALI,IND,jamnagar_vadinar_sep_oct2025,2025-09-23 19:00:00+00:00,2025-09-24 01:00:00+00:00,6.0,7,1.0,22.5,69.84,0.0,ordinary,flagged_facility,Jamnagar (Sikka) marine terminal,14.58,False,True,3,,False
419079300,MV ANJALI,IND,jamnagar_vadinar_sep_oct2025,2025-10-01 09:00:00+00:00,2025-10-01 15:00:00+00:00,6.0,7,1.0,22.50571,69.83,4.902,ordinary,flagged_facility,Jamnagar (Sikka) marine terminal,14.09,False,True,3,,False
419079300,MV ANJALI,IND,jamnagar_vadinar_sep_oct2025,2025-10-10 04:00:00+00:00,2025-10-10 10:00:00+00:00,6.0,7,1.0,22.50286,69.83,2.165,ordinary,flagged_facility,Jamnagar (Sikka) marine terminal,13.91,False,True,3,,False
419091200,DOLPHIN NO.15,IND,jamnagar_vadinar_sep_oct2025,2025-10-04 10:00:00+00:00,2025-10-04 16:00:00+00:00,6.0,3,0.429,22.69667,69.71,2.085,ordinary,flagged_facility,Vadinar terminal / Nayara refinery (EU+UK sanctioned),17.43,False,True,3,,False
419091400,DOLPHIN NO.17,IND,jamnagar_vadinar_sep_oct2025,2025-09-23 05:00:00+00:00,2025-09-23 11:00:00+00:00,6.0,2,0.286,22.7,69.7,0.0,ordinary,flagged_facility,Vadinar terminal / Nayara refinery (EU+UK sanctioned),17.45,False,True,3,,False
419292000,RELTUG SIX,IND,jamnagar_vadinar_sep_oct2025,2025-09-27 08:00:00+00:00,2025-09-27 14:00:00+00:00,6.0,7,1.0,22.58571,69.84,4.901,ordinary,flagged_facility,Vadinar terminal / Nayara refinery (EU+UK sanctioned),19.91,False,True,3,,False
419293000,RELTUG 7,IND,jamnagar_vadinar_sep_oct2025,2025-09-01 00:00:00+00:00,2025-09-01 06:00:00+00:00,6.0,7,1.0,22.58714,69.86,3.622,ordinary,flagged_facility,Vadinar terminal / Nayara refinery (EU+UK sanctioned),21.95,False,True,3,,False
419293000,RELTUG 7,IND,jamnagar_vadinar_sep_oct2025,2025-09-29 03:00:00+00:00,2025-09-29 09:00:00+00:00,6.0,7,1.0,22.57,69.82286,4.931,ordinary,flagged_facility,Vadinar terminal / Nayara refinery (EU+UK sanctioned),17.89,False,True,3,,False
419901161,M.T TORQUE,IND,jamnagar_vadinar_sep_oct2025,2025-10-08 11:00:00+00:00,2025-10-08 17:00:00+00:00,6.0,7,1.0,22.52571,69.80429,4.944,ordinary,flagged_facility,Jamnagar (Sikka) marine terminal,13.72,False,True,3,,False
419901161,M.T TORQUE,IND,jamnagar_vadinar_sep_oct2025,2025-10-11 17:00:00+00:00,2025-10-11 23:00:00+00:00,6.0,7,1.0,22.59,69.81,0.0,ordinary,flagged_facility,Vadinar terminal / Nayara refinery (EU+UK sanctioned),17.02,False,True,3,,False
419902339,MT MAHADEV,IND,jamnagar_vadinar_sep_oct2025,2025-09-30 11:00:00+00:00,2025-09-30 17:00:00+00:00,6.0,7,1.0,22.43,69.66571,0.587,ordinary,flagged_facility,Jamnagar (Sikka) marine terminal,5.58,False,True,3,,False
419956442,M.T.KB VI,IND,jamnagar_vadinar_sep_oct2025,2025-09-08 06:00:00+00:00,2025-09-08 12:00:00+00:00,6.0,5,0.714,22.566,69.828,4.929,ordinary,flagged_facility,Vadinar terminal / Nayara refinery (EU+UK sanctioned),18.36,False,True,3,,False
419956442,M.T.KB VI,IND,jamnagar_vadinar_sep_oct2025,2025-09-13 03:00:00+00:00,2025-09-13 09:00:00+00:00,6.0,7,1.0,22.58429,69.84,3.038,ordinary,flagged_facility,Vadinar terminal / Nayara refinery (EU+UK sanctioned),19.88,False,True,3,,False
419956442,M.T.KB VI,IND,jamnagar_vadinar_sep_oct2025,2025-10-11 17:00:00+00:00,2025-10-11 23:00:00+00:00,6.0,7,1.0,22.56286,69.84,2.165,ordinary,flagged_facility,Jamnagar (Sikka) marine terminal,19.24,False,True,3,,False
419956505,KB.15,IND,jamnagar_vadinar_sep_oct2025,2025-09-07 04:00:00+00:00,2025-09-07 10:00:00+00:00,6.0,7,1.0,22.43,69.82,0.0,ordinary,flagged_facility,Jamnagar (Sikka) marine terminal,10.28,False,True,3,,False
419956564,M.T.KB-XVII,IND,jamnagar_vadinar_sep_oct2025,2025-09-04 05:00:00+00:00,2025-09-04 11:00:00+00:00,6.0,7,1.0,22.68,69.62286,0.732,ordinary,flagged_facility,Vadinar terminal / Nayara refinery (EU+UK sanctioned),14.72,False,True,3,,False
419956663,M.V. MANGAL MURTI,IND,jamnagar_vadinar_sep_oct2025,2025-09-15 03:00:00+00:00,2025-09-15 09:00:00+00:00,6.0,6,0.857,22.57,69.63,0.0,ordinary,flagged_facility,Vadinar terminal / Nayara refinery (EU+UK sanctioned),3.03,False,True,3,,False
419956663,M.V. MANGAL MURTI,IND,jamnagar_vadinar_sep_oct2025,2025-10-05 12:00:00+00:00,2025-10-05 18:00:00+00:00,6.0,7,1.0,22.43857,69.66857,3.604,ordinary,flagged_facility,Jamnagar (Sikka) marine terminal,5.37,False,True,3,,False
419956663,M.V. MANGAL MURTI,IND,jamnagar_vadinar_sep_oct2025,2025-10-08 09:00:00+00:00,2025-10-08 15:00:00+00:00,6.0,7,1.0,22.45286,69.66286,4.751,ordinary,flagged_facility,Jamnagar (Sikka) marine terminal,6.4,False,True,3,,False
419956753,MARINE . 1,IND,jamnagar_vadinar_sep_oct2025,2025-09-11 21:00:00+00:00,2025-09-12 03:00:00+00:00,6.0,5,0.714,22.442,69.808,1.817,ordinary,flagged_facility,Jamnagar (Sikka) marine terminal,9.14,False,True,3,,False
419956753,MARINE . 1,IND,jamnagar_vadinar_sep_oct2025,2025-09-20 02:00:00+00:00,2025-09-20 08:00:00+00:00,6.0,6,0.857,22.46333,69.79167,4.646,ordinary,flagged_facility,Jamnagar (Sikka) marine terminal,8.25,False,True,3,,False
419956753,MARINE . 1,IND,jamnagar_vadinar_sep_oct2025,2025-09-23 10:00:00+00:00,2025-09-23 16:00:00+00:00,6.0,7,1.0,22.51286,69.75571,2.049,ordinary,flagged_facility,Jamnagar (Sikka) marine terminal,9.92,False,True,3,,False
419956753,MARINE . 1,IND,jamnagar_vadinar_sep_oct2025,2025-10-05 01:00:00+00:00,2025-10-05 07:00:00+00:00,6.0,7,1.0,22.51,69.62,2.054,ordinary,flagged_facility,Vadinar terminal / Nayara refinery (EU+UK sanctioned),5.41,False,True,3,,False
419956753,MARINE . 1,IND,jamnagar_vadinar_sep_oct2025,2025-10-11 08:00:00+00:00,2025-10-11 14:00:00+00:00,6.0,7,1.0,22.56429,69.75,3.948,ordinary,flagged_facility,Vadinar terminal / Nayara refinery (EU+UK sanctioned),10.39,False,True,3,,False
419956787,DAWN II,IND,jamnagar_vadinar_sep_oct2025,2025-10-09 06:00:00+00:00,2025-10-09 12:00:00+00:00,6.0,7,1.0,22.50857,69.82571,4.628,ordinary,flagged_facility,Jamnagar (Sikka) marine terminal,13.94,False,True,3,,False
419956957,MV PAWANSUTH,IND,jamnagar_vadinar_sep_oct2025,2025-09-17 10:00:00+00:00,2025-09-17 16:00:00+00:00,6.0,7,1.0,22.48143,69.82714,4.846,ordinary,flagged_facility,Jamnagar (Sikka) marine terminal,12.41,False,True,3,,False
419957002,M V ANTILLIA  2,IND,jamnagar_vadinar_sep_oct2025,2025-09-03 05:00:00+00:00,2025-09-03 11:00:00+00:00,6.0,7,1.0,22.48571,69.54286,4.039,ordinary,flagged_facility,Vadinar terminal / Nayara refinery (EU+UK sanctioned),13.12,False,True,3,,False
419957002,M V ANTILLIA  2,IND,jamnagar_vadinar_sep_oct2025,2025-09-24 22:00:00+00:00,2025-09-25 04:00:00+00:00,6.0,7,1.0,22.47429,69.54286,2.874,ordinary,flagged_facility,Vadinar terminal / Nayara refinery (EU+UK sanctioned),13.86,False,True,3,,False
419957002,M V ANTILLIA  2,IND,jamnagar_vadinar_sep_oct2025,2025-09-25 21:00:00+00:00,2025-09-26 03:00:00+00:00,6.0,7,1.0,22.5,69.54,3.336,ordinary,flagged_facility,Vadinar terminal / Nayara refinery (EU+UK sanctioned),12.59,False,True,3,,False
419957002,M V ANTILLIA  2,IND,jamnagar_vadinar_sep_oct2025,2025-09-26 04:00:00+00:00,2025-09-26 10:00:00+00:00,6.0,7,1.0,22.40429,69.59143,4.314,ordinary,flagged_facility,Jamnagar (Sikka) marine terminal,13.52,False,True,3,,False
419957002,M V ANTILLIA  2,IND,jamnagar_vadinar_sep_oct2025,2025-10-07 01:00:00+00:00,2025-10-07 07:00:00+00:00,6.0,7,1.0,22.48857,69.55286,4.488,ordinary,flagged_facility,Vadinar terminal / Nayara refinery (EU+UK sanctioned),12.09,False,True,3,,False
419957002,M V ANTILLIA  2,IND,jamnagar_vadinar_sep_oct2025,2025-10-07 14:00:00+00:00,2025-10-07 20:00:00+00:00,6.0,7,1.0,22.49571,69.55714,1.895,ordinary,flagged_facility,Vadinar terminal / Nayara refinery (EU+UK sanctioned),11.29,False,True,3,,False
419957002,M V ANTILLIA  2,IND,jamnagar_vadinar_sep_oct2025,2025-10-08 02:00:00+00:00,2025-10-08 08:00:00+00:00,6.0,7,1.0,22.48429,69.55429,4.944,ordinary,flagged_facility,Vadinar terminal / Nayara refinery (EU+UK sanctioned),12.25,False,True,3,,False
419957006,RAJAVEER  -5,IND,jamnagar_vadinar_sep_oct2025,2025-09-27 11:00:00+00:00,2025-09-27 17:00:00+00:00,6.0,7,1.0,22.45857,69.78857,4.986,ordinary,flagged_facility,Jamnagar (Sikka) marine terminal,7.73,False,True,3,,False
419957028,KB 48,IND,jamnagar_vadinar_sep_oct2025,2025-09-28 06:00:00+00:00,2025-09-28 12:00:00+00:00,6.0,7,1.0,22.68,69.66,0.0,ordinary,flagged_facility,Vadinar terminal / Nayara refinery (EU+UK sanctioned),14.49,False,True,3,,False
419958525,GAUTAM ANTILLIA,IND,jamnagar_vadinar_sep_oct2025,2025-09-03 00:00:00+00:00,2025-09-03 06:00:00+00:00,6.0,7,1.0,22.47714,69.54857,4.133,ordinary,flagged_facility,Vadinar terminal / Nayara refinery (EU+UK sanctioned),13.2,False,True,3,,False
419958525,GAUTAM ANTILLIA,IND,jamnagar_vadinar_sep_oct2025,2025-09-08 22:00:00+00:00,2025-09-09 04:00:00+00:00,6.0,7,1.0,22.49286,69.54286,3.665,ordinary,flagged_facility,Vadinar terminal / Nayara refinery (EU+UK sanctioned),12.71,False,True,3,,False
419958525,GAUTAM ANTILLIA,IND,jamnagar_vadinar_sep_oct2025,2025-09-09 10:00:00+00:00,2025-09-09 16:00:00+00:00,6.0,7,1.0,22.50429,69.54572,1.694,ordinary,flagged_facility,Vadinar terminal / Nayara refinery (EU+UK sanctioned),11.86,False,True,3,,False
419958525,GAUTAM ANTILLIA,IND,jamnagar_vadinar_sep_oct2025,2025-09-25 15:00:00+00:00,2025-09-25 21:00:00+00:00,6.0,5,0.714,22.486,69.544,2.92,ordinary,flagged_facility,Vadinar terminal / Nayara refinery (EU+UK sanctioned),13.01,False,True,3,,False
419958525,GAUTAM ANTILLIA,IND,jamnagar_vadinar_sep_oct2025,2025-10-07 08:00:00+00:00,2025-10-07 14:00:00+00:00,6.0,7,1.0,22.5,69.55286,0.733,ordinary,flagged_facility,Vadinar terminal / Nayara refinery (EU+UK sanctioned),11.42,False,True,3,,False
419958525,GAUTAM ANTILLIA,IND,jamnagar_vadinar_sep_oct2025,2025-10-08 08:00:00+00:00,2025-10-08 14:00:00+00:00,6.0,7,1.0,22.48571,69.54857,2.992,ordinary,flagged_facility,Vadinar terminal / Nayara refinery (EU+UK sanctioned),12.64,False,True,3,,False
419958525,GAUTAM ANTILLIA,IND,jamnagar_vadinar_sep_oct2025,2025-10-09 03:00:00+00:00,2025-10-09 09:00:00+00:00,6.0,4,0.571,22.4,69.5975,3.597,ordinary,flagged_facility,Jamnagar (Sikka) marine terminal,13.03,False,True,3,,False
419958545,,IND,jamnagar_vadinar_sep_oct2025,2025-09-08 19:00:00+00:00,2025-09-09 01:00:00+00:00,6.0,3,0.429,22.46333,69.66667,3.043,ordinary,flagged_facility,Jamnagar (Sikka) marine terminal,6.62,False,True,3,,False
419958545,,IND,jamnagar_vadinar_sep_oct2025,2025-09-20 11:00:00+00:00,2025-09-20 17:00:00+00:00,6.0,3,0.429,22.45333,69.67333,3.266,ordinary,flagged_facility,Jamnagar (Sikka) marine terminal,5.45,False,True,3,,False
419958545,,IND,jamnagar_vadinar_sep_oct2025,2025-09-22 12:00:00+00:00,2025-09-22 18:00:00+00:00,6.0,4,0.571,22.4525,69.6725,1.963,ordinary,flagged_facility,Jamnagar (Sikka) marine terminal,5.49,False,True,3,,False
419958545,,IND,jamnagar_vadinar_sep_oct2025,2025-09-23 03:00:00+00:00,2025-09-23 09:00:00+00:00,6.0,4,0.571,22.455,69.67,2.964,ordinary,flagged_facility,Jamnagar (Sikka) marine terminal,5.84,False,True,3,,False
419958545,,IND,jamnagar_vadinar_sep_oct2025,2025-09-29 11:00:00+00:00,2025-09-29 17:00:00+00:00,6.0,4,0.571,22.45,69.6725,1.699,ordinary,flagged_facility,Jamnagar (Sikka) marine terminal,5.36,False,True,3,,False
352003627,KAYSERI,PAN,jamnagar_vadinar_sep_oct2025,2025-09-05 01:00:00+00:00,2025-09-07 01:00:00+00:00,48.0,49,1.0,22.65959,69.91531,4.77,ordinary,open_water,Vadinar terminal / Nayara refinery (EU+UK sanctioned),29.84,False,False,2,,False
620999986,DASHAN,COM,jamnagar_vadinar_sep_oct2025,2025-09-17 03:00:00+00:00,2025-09-19 03:00:00+00:00,48.0,49,1.0,22.64959,69.89939,3.72,ordinary,open_water,Vadinar terminal / Nayara refinery (EU+UK sanctioned),27.89,False,False,2,,False
667002023,JUMBO,SLE,jamnagar_vadinar_sep_oct2025,2025-10-02 01:00:00+00:00,2025-10-04 01:00:00+00:00,48.0,49,1.0,22.64245,69.91531,1.001,ordinary,open_water,Vadinar terminal / Nayara refinery (EU+UK sanctioned),29.11,False,False,2,,False
219496000,TORM INTEGRITY,DNK,jamnagar_vadinar_sep_oct2025,2025-10-08 08:00:00+00:00,2025-10-10 07:00:00+00:00,47.0,48,1.0,22.63083,69.92021,4.47,ordinary,open_water,Vadinar terminal / Nayara refinery (EU+UK sanctioned),29.16,False,False,2,,False
477149400,SEADAR,HKG,jamnagar_vadinar_sep_oct2025,2025-09-07 04:00:00+00:00,2025-09-09 03:00:00+00:00,47.0,48,1.0,22.65021,69.89771,1.114,ordinary,open_water,Vadinar terminal / Nayara refinery (EU+UK sanctioned),27.76,False,False,2,,False
566737000,MARITIME EQUATOR,SGP,jamnagar_vadinar_sep_oct2025,2025-09-02 22:00:00+00:00,2025-09-04 21:00:00+00:00,47.0,48,1.0,22.62,69.91917,0.94,ordinary,open_water,Vadinar terminal / Nayara refinery (EU+UK sanctioned),28.71,False,False,2,,False
477108200,BAI LU ZUO,HKG,jamnagar_vadinar_sep_oct2025,2025-09-03 12:00:00+00:00,2025-09-05 10:00:00+00:00,46.0,47,1.0,22.65043,69.95915,4.569,ordinary,open_water,Vadinar terminal / Nayara refinery (EU+UK sanctioned),33.64,False,False,2,,False
564957000,PM REGALIA,SGP,jamnagar_vadinar_sep_oct2025,2025-09-12 08:00:00+00:00,2025-09-14 06:00:00+00:00,46.0,47,1.0,22.63,69.92,0.0,ordinary,open_water,Vadinar terminal / Nayara refinery (EU+UK sanctioned),29.11,False,False,2,,False
636020298,KK MARLIN,LBR,jamnagar_vadinar_sep_oct2025,2025-09-30 10:00:00+00:00,2025-10-02 08:00:00+00:00,46.0,47,1.0,22.63064,69.91298,2.532,ordinary,open_water,Vadinar terminal / Nayara refinery (EU+UK sanctioned),28.45,False,False,2,,False
311001100,KOKKARI,BHS,jamnagar_vadinar_sep_oct2025,2025-09-24 06:00:00+00:00,2025-09-26 03:00:00+00:00,45.0,46,1.0,22.66217,69.91587,0.968,ordinary,open_water,Vadinar terminal / Nayara refinery (EU+UK sanctioned),30.01,False,False,2,,False
419956414,,IND,jamnagar_vadinar_sep_oct2025,2025-09-06 09:00:00+00:00,2025-09-08 06:00:00+00:00,45.0,46,1.0,22.56957,70.04261,2.89,ordinary,open_water,Jamnagar (Sikka) marine terminal,36.6,False,False,2,,False
538011472,GEM EMERALD,MHL,jamnagar_vadinar_sep_oct2025,2025-10-10 02:00:00+00:00,2025-10-11 23:00:00+00:00,45.0,46,1.0,22.64,69.94956,2.008,ordinary,open_water,Vadinar terminal / Nayara refinery (EU+UK sanctioned),32.34,False,False,2,,False
636025481,ASHOKA,LBR,jamnagar_vadinar_sep_oct2025,2025-10-09 01:00:00+00:00,2025-10-10 22:00:00+00:00,45.0,46,1.0,22.68,69.945,0.513,ordinary,open_water,Vadinar terminal / Nayara refinery (EU+UK sanctioned),33.55,False,False,2,,False
414474000,YUAN GUI YANG,CHN,jamnagar_vadinar_sep_oct2025,2025-09-26 12:00:00+00:00,2025-09-28 08:00:00+00:00,44.0,45,1.0,22.65489,69.92444,4.593,ordinary,open_water,Vadinar terminal / Nayara refinery (EU+UK sanctioned),30.49,False,False,2,,False
419991649,,IND,jamnagar_vadinar_sep_oct2025,2025-09-13 00:00:00+00:00,2025-09-14 20:00:00+00:00,44.0,45,1.0,22.55489,70.03444,4.704,ordinary,open_water,Jamnagar (Sikka) marine terminal,35.16,False,False,2,,False
566762000,MARITIME POLARIS,SGP,jamnagar_vadinar_sep_oct2025,2025-09-17 19:00:00+00:00,2025-09-19 15:00:00+00:00,44.0,45,1.0,22.62022,69.9,1.087,ordinary,open_water,Vadinar terminal / Nayara refinery (EU+UK sanctioned),26.83,False,False,2,,False
566762000,MARITIME POLARIS,SGP,jamnagar_vadinar_sep_oct2025,2025-09-29 04:00:00+00:00,2025-09-30 23:00:00+00:00,43.0,44,1.0,22.62,69.9,0.0,ordinary,open_water,Vadinar terminal / Nayara refinery (EU+UK sanctioned),26.82,False,False,2,,False
636023475,ELANDRA FIRTH,LBR,jamnagar_vadinar_sep_oct2025,2025-10-05 10:00:00+00:00,2025-10-07 05:00:00+00:00,43.0,44,1.0,22.62,69.89955,2.007,ordinary,open_water,Vadinar terminal / Nayara refinery (EU+UK sanctioned),26.78,False,False,2,,False
419956775,BLUE BELL,IND,jamnagar_vadinar_sep_oct2025,2025-09-07 09:00:00+00:00,2025-09-09 03:00:00+00:00,42.0,43,1.0,22.5914,70.05047,3.181,ordinary,open_water,Jamnagar (Sikka) marine terminal,38.4,False,False,2,,False
419991649,,IND,jamnagar_vadinar_sep_oct2025,2025-09-11 03:00:00+00:00,2025-09-12 21:00:00+00:00,42.0,43,1.0,22.58,70.06,0.0,ordinary,open_water,Jamnagar (Sikka) marine terminal,38.71,False,False,2,,False
370455000,HAIMA,PAN,jamnagar_vadinar_sep_oct2025,2025-09-24 15:00:00+00:00,2025-09-26 07:00:00+00:00,40.0,41,1.0,22.64585,69.91463,2.611,ordinary,open_water,Vadinar terminal / Nayara refinery (EU+UK sanctioned),29.18,False,False,2,,False
419009000,M.T.BLOSSOM,IND,jamnagar_vadinar_sep_oct2025,2025-10-06 07:00:00+00:00,2025-10-07 23:00:00+00:00,40.0,41,1.0,22.62,69.91732,0.751,ordinary,open_water,Vadinar terminal / Nayara refinery (EU+UK sanctioned),28.53,False,False,2,,False
419956725,UNICROWN,IND,jamnagar_vadinar_sep_oct2025,2025-10-10 07:00:00+00:00,2025-10-11 23:00:00+00:00,40.0,41,1.0,22.65,70.04024,1.001,ordinary,open_water,Jamnagar (Sikka) marine terminal,40.99,False,False,2,,False
419956927,M V SEA RANGER,IND,jamnagar_vadinar_sep_oct2025,2025-10-09 23:00:00+00:00,2025-10-11 15:00:00+00:00,40.0,41,1.0,22.65854,70.04024,4.718,ordinary,open_water,Jamnagar (Sikka) marine terminal,41.56,False,False,2,,False
419957023,M.T. VISION. 3,IND,jamnagar_vadinar_sep_oct2025,2025-10-10 07:00:00+00:00,2025-10-11 23:00:00+00:00,40.0,41,1.0,22.64854,70.05,0.949,ordinary,open_water,Jamnagar (Sikka) marine terminal,41.7,False,False,2,,False
419956582,GAUTAM  VARUN,IND,jamnagar_vadinar_sep_oct2025,2025-09-14 11:00:00+00:00,2025-09-16 02:00:00+00:00,39.0,40,1.0,22.6975,70.07,1.946,ordinary,open_water,Vadinar terminal / Nayara refinery (EU+UK sanctioned),46.12,False,False,2,,False
419991649,,IND,jamnagar_vadinar_sep_oct2025,2025-10-10 08:00:00+00:00,2025-10-11 23:00:00+00:00,39.0,40,1.0,22.568,70.042,2.351,ordinary,open_water,Jamnagar (Sikka) marine terminal,36.47,False,False,2,,False
636015457,FPMC P IDEAL,LBR,jamnagar_vadinar_sep_oct2025,2025-09-05 07:00:00+00:00,2025-09-06 22:00:00+00:00,39.0,40,1.0,22.6455,69.95725,4.326,ordinary,open_water,Vadinar terminal / Nayara refinery (EU+UK sanctioned),33.28,False,False,2,,False
255805928,NORDMARLIN,PRT,jamnagar_vadinar_sep_oct2025,2025-09-28 15:00:00+00:00,2025-09-30 05:00:00+00:00,38.0,39,1.0,22.63026,69.92,1.083,ordinary,open_water,Vadinar terminal / Nayara refinery (EU+UK sanctioned),29.12,False,False,2,,False
419001543,M.T.ANJANI,IND,jamnagar_vadinar_sep_oct2025,2025-10-08 08:00:00+00:00,2025-10-09 22:00:00+00:00,38.0,39,1.0,22.55077,70.03051,3.817,ordinary,open_water,Jamnagar (Sikka) marine terminal,34.61,False,False,2,,False
419956582,GAUTAM  VARUN,IND,jamnagar_vadinar_sep_oct2025,2025-09-19 06:00:00+00:00,2025-09-20 20:00:00+00:00,38.0,35,0.897,22.69714,70.07,0.794,ordinary,open_water,Vadinar terminal / Nayara refinery (EU+UK sanctioned),46.11,False,False,2,,False
419956827,PRASIDDHI,IND,jamnagar_vadinar_sep_oct2025,2025-10-08 08:00:00+00:00,2025-10-09 22:00:00+00:00,38.0,39,1.0,22.55051,70.03026,2.387,ordinary,open_water,Jamnagar (Sikka) marine terminal,34.58,False,False,2,,False
256862000,KOURION,MLT,jamnagar_vadinar_sep_oct2025,2025-09-24 19:00:00+00:00,2025-09-26 08:00:00+00:00,37.0,38,1.0,22.63,69.93,0.0,ordinary,open_water,Vadinar terminal / Nayara refinery (EU+UK sanctioned),30.09,False,False,2,,False
352002809,KIRA K,PAN,jamnagar_vadinar_sep_oct2025,2025-09-11 19:00:00+00:00,2025-09-13 08:00:00+00:00,37.0,38,1.0,22.65,69.90026,3.82,ordinary,open_water,Vadinar terminal / Nayara refinery (EU+UK sanctioned),27.99,False,False,2,,False
419075900,M.T. EPSOM FREYA,IND,jamnagar_vadinar_sep_oct2025,2025-09-04 05:00:00+00:00,2025-09-05 18:00:00+00:00,37.0,38,1.0,22.58605,70.05789,4.892,ordinary,open_water,Jamnagar (Sikka) marine terminal,38.81,False,False,2,,False
419000293,DWARKESH,IND,jamnagar_vadinar_sep_oct2025,2025-09-12 08:00:00+00:00,2025-09-13 20:00:00+00:00,36.0,37,1.0,22.67541,69.98513,2.312,ordinary,open_water,Vadinar terminal / Nayara refinery (EU+UK sanctioned),37.12,False,False,2,,False
419001455,M.T. RADHA,IND,jamnagar_vadinar_sep_oct2025,2025-09-24 08:00:00+00:00,2025-09-25 20:00:00+00:00,36.0,37,1.0,22.59054,70.06135,1.377,ordinary,open_water,Jamnagar (Sikka) marine terminal,39.35,False,False,2,,False
566304000,MARITIME NORDIC,SGP,jamnagar_vadinar_sep_oct2025,2025-09-20 17:00:00+00:00,2025-09-22 05:00:00+00:00,36.0,37,1.0,22.62,69.91595,0.61,ordinary,open_water,Vadinar terminal / Nayara refinery (EU+UK sanctioned),28.39,False,False,2,,False
352002809,KIRA K,PAN,jamnagar_vadinar_sep_oct2025,2025-09-04 14:00:00+00:00,2025-09-06 01:00:00+00:00,35.0,36,1.0,22.68,69.9475,0.769,ordinary,open_water,Vadinar terminal / Nayara refinery (EU+UK sanctioned),33.79,False,False,2,,False
357711000,ATLANTIC PIONEER,PAN,jamnagar_vadinar_sep_oct2025,2025-09-30 14:00:00+00:00,2025-10-02 01:00:00+00:00,35.0,36,1.0,22.66,69.91167,4.275,ordinary,open_water,Vadinar terminal / Nayara refinery (EU+UK sanctioned),29.51,False,False,2,,False
419003400,ROSE,IND,jamnagar_vadinar_sep_oct2025,2025-09-01 00:00:00+00:00,2025-09-02 11:00:00+00:00,35.0,26,0.722,22.56615,70.04077,2.109,ordinary,open_water,Jamnagar (Sikka) marine terminal,36.26,False,False,2,,False
477332000,MARITIME ROSEMARY,HKG,jamnagar_vadinar_sep_oct2025,2025-10-08 20:00:00+00:00,2025-10-10 07:00:00+00:00,35.0,36,1.0,22.62083,69.89945,3.808,ordinary,open_water,Vadinar terminal / Nayara refinery (EU+UK sanctioned),26.79,False,False,2,,False
566737000,MARITIME EQUATOR,SGP,jamnagar_vadinar_sep_oct2025,2025-10-03 10:00:00+00:00,2025-10-04 21:00:00+00:00,35.0,36,1.0,22.62028,69.9,1.081,ordinary,open_water,Vadinar terminal / Nayara refinery (EU+UK sanctioned),26.83,False,False,2,,False
667001997,RYMO,SLE,jamnagar_vadinar_sep_oct2025,2025-09-11 18:00:00+00:00,2025-09-13 05:00:00+00:00,35.0,36,1.0,22.67,69.93528,1.922,ordinary,open_water,Vadinar terminal / Nayara refinery (EU+UK sanctioned),32.18,False,False,2,,False
419956582,GAUTAM  VARUN,IND,jamnagar_vadinar_sep_oct2025,2025-09-28 12:00:00+00:00,2025-09-29 22:00:00+00:00,34.0,26,0.743,22.69269,70.04846,2.061,ordinary,open_water,Vadinar terminal / Nayara refinery (EU+UK sanctioned),43.87,False,False,2,,False
419956827,PRASIDDHI,IND,jamnagar_vadinar_sep_oct2025,2025-09-05 15:00:00+00:00,2025-09-07 01:00:00+00:00,34.0,32,0.914,22.68906,70.08062,2.344,ordinary,open_water,Vadinar terminal / Nayara refinery (EU+UK sanctioned),46.83,False,False,2,,False
636019926,CLEAROCEAN MUSTANG,LBR,jamnagar_vadinar_sep_oct2025,2025-09-07 18:00:00+00:00,2025-09-09 04:00:00+00:00,34.0,35,1.0,22.61971,69.91429,3.682,ordinary,open_water,Vadinar terminal / Nayara refinery (EU+UK sanctioned),28.22,False,False,2,,False
256029000,ANWAAR TRABLUS,MLT,jamnagar_vadinar_sep_oct2025,2025-10-10 14:00:00+00:00,2025-10-11 23:00:00+00:00,33.0,34,1.0,22.66,69.91529,0.543,ordinary,open_water,Vadinar terminal / Nayara refinery (EU+UK sanctioned),29.85,False,False,2,,False
477277000,MARITIME JINGAN,HKG,jamnagar_vadinar_sep_oct2025,2025-09-20 15:00:00+00:00,2025-09-22 00:00:00+00:00,33.0,34,1.0,22.62029,69.89971,1.469,ordinary,open_water,Vadinar terminal / Nayara refinery (EU+UK sanctioned),26.8,False,False,2,,False
636024785,ZUMA,LBR,jamnagar_vadinar_sep_oct2025,2025-09-07 19:00:00+00:00,2025-09-09 04:00:00+00:00,33.0,34,1.0,22.65853,69.9547,2.838,ordinary,open_water,Vadinar terminal / Nayara refinery (EU+UK sanctioned),33.53,False,False,2,,False
419956689,,IND,jamnagar_vadinar_sep_oct2025,2025-09-08 00:00:00+00:00,2025-09-09 08:00:00+00:00,32.0,18,0.545,22.52,70.03,0.0,ordinary,open_water,Jamnagar (Sikka) marine terminal,33.39,False,False,2,,False
352004649,MAISTROS,PAN,jamnagar_vadinar_sep_oct2025,2025-09-07 22:00:00+00:00,2025-09-09 05:00:00+00:00,31.0,32,1.0,22.6625,69.94438,4.562,ordinary,open_water,Vadinar terminal / Nayara refinery (EU+UK sanctioned),32.71,False,False,2,,False
419001405,COURAGE,IND,jamnagar_vadinar_sep_oct2025,2025-10-05 04:00:00+00:00,2025-10-06 11:00:00+00:00,31.0,32,1.0,22.63,69.92,0.0,ordinary,open_water,Vadinar terminal / Nayara refinery (EU+UK sanctioned),29.11,False,False,2,,False
477149400,SEADAR,HKG,jamnagar_vadinar_sep_oct2025,2025-09-10 05:00:00+00:00,2025-09-11 12:00:00+00:00,31.0,32,1.0,22.66031,69.94687,1.287,ordinary,open_water,Vadinar terminal / Nayara refinery (EU+UK sanctioned),32.85,False,False,2,,False
419956706,MV KEDARNATH,IND,jamnagar_vadinar_sep_oct2025,2025-09-07 09:00:00+00:00,2025-09-08 15:00:00+00:00,30.0,31,1.0,22.58355,70.05,0.717,ordinary,open_water,Jamnagar (Sikka) marine terminal,37.96,False,False,2,,False
636019764,HUMBLE WARRIOR,LBR,jamnagar_vadinar_sep_oct2025,2025-09-03 19:00:00+00:00,2025-09-05 01:00:00+00:00,30.0,31,1.0,22.66097,69.97839,3.441,ordinary,open_water,Vadinar terminal / Nayara refinery (EU+UK sanctioned),35.9,False,False,2,,False
419000912,VAILANKANNI,IND,jamnagar_vadinar_sep_oct2025,2025-09-09 02:00:00+00:00,2025-09-10 07:00:00+00:00,29.0,30,1.0,22.67033,69.982,3.945,ordinary,open_water,Vadinar terminal / Nayara refinery (EU+UK sanctioned),36.61,False,False,2,,False
563399000,TORM ALICE,SGP,jamnagar_vadinar_sep_oct2025,2025-09-25 15:00:00+00:00,2025-09-26 20:00:00+00:00,29.0,30,1.0,22.62033,69.91433,2.719,ordinary,open_water,Vadinar terminal / Nayara refinery (EU+UK sanctioned),28.24,False,False,2,,False
241456000,THOMAS ZAFIRAS,GRC,jamnagar_vadinar_sep_oct2025,2025-09-15 17:00:00+00:00,2025-09-16 21:00:00+00:00,28.0,29,1.0,22.66931,69.92759,4.992,ordinary,open_water,Vadinar terminal / Nayara refinery (EU+UK sanctioned),31.43,False,False,2,,False
319287200,BELLATRIX,CYM,jamnagar_vadinar_sep_oct2025,2025-09-15 06:00:00+00:00,2025-09-16 10:00:00+00:00,28.0,29,1.0,22.61966,69.91483,3.733,ordinary,open_water,Vadinar terminal / Nayara refinery (EU+UK sanctioned),28.27,False,False,2,,False
419826328,MT GAUTAM  PAWAN,IND,jamnagar_vadinar_sep_oct2025,2025-09-12 05:00:00+00:00,2025-09-13 09:00:00+00:00,28.0,29,1.0,22.69655,70.07,0.729,ordinary,open_water,Vadinar terminal / Nayara refinery (EU+UK sanctioned),46.09,False,False,2,,False
477332000,MARITIME ROSEMARY,HKG,jamnagar_vadinar_sep_oct2025,2025-09-01 21:00:00+00:00,2025-09-03 01:00:00+00:00,28.0,29,1.0,22.62,69.9,0.0,ordinary,open_water,Vadinar terminal / Nayara refinery (EU+UK sanctioned),26.82,False,False,2,,False
477332000,MARITIME ROSEMARY,HKG,jamnagar_vadinar_sep_oct2025,2025-09-25 22:00:00+00:00,2025-09-27 02:00:00+00:00,28.0,29,1.0,22.65069,69.96,1.035,ordinary,open_water,Vadinar terminal / Nayara refinery (EU+UK sanctioned),33.74,False,False,2,,False
419956678,UNIGLORY,IND,jamnagar_vadinar_sep_oct2025,2025-10-06 06:00:00+00:00,2025-10-07 09:00:00+00:00,27.0,28,1.0,22.7,70.04,0.0,ordinary,open_water,Vadinar terminal / Nayara refinery (EU+UK sanctioned),43.36,False,False,2,,False
419956689,,IND,jamnagar_vadinar_sep_oct2025,2025-10-10 04:00:00+00:00,2025-10-11 07:00:00+00:00,27.0,28,1.0,22.64571,70.04214,1.925,ordinary,open_water,Jamnagar (Sikka) marine terminal,40.86,False,False,2,,False
419956827,PRASIDDHI,IND,jamnagar_vadinar_sep_oct2025,2025-09-26 07:00:00+00:00,2025-09-27 10:00:00+00:00,27.0,24,0.857,22.68042,70.07,1.066,ordinary,open_water,Jamnagar (Sikka) marine terminal,45.47,False,False,2,,False
419991649,,IND,jamnagar_vadinar_sep_oct2025,2025-09-09 13:00:00+00:00,2025-09-10 16:00:00+00:00,27.0,28,1.0,22.58107,70.04965,4.329,ordinary,open_water,Jamnagar (Sikka) marine terminal,37.8,False,False,2,,False
477332000,MARITIME ROSEMARY,HKG,jamnagar_vadinar_sep_oct2025,2025-09-23 10:00:00+00:00,2025-09-24 13:00:00+00:00,27.0,28,1.0,22.62071,69.91322,4.028,ordinary,open_water,Vadinar terminal / Nayara refinery (EU+UK sanctioned),28.14,False,False,2,,False
566762000,MARITIME POLARIS,SGP,jamnagar_vadinar_sep_oct2025,2025-09-07 21:00:00+00:00,2025-09-09 00:00:00+00:00,27.0,28,1.0,22.63,69.93357,0.66,ordinary,open_water,Vadinar terminal / Nayara refinery (EU+UK sanctioned),30.44,False,False,2,,False
249182000,NORTHERNLIGHT,MLT,jamnagar_vadinar_sep_oct2025,2025-09-12 19:00:00+00:00,2025-09-13 21:00:00+00:00,26.0,27,1.0,22.62074,69.90111,2.195,ordinary,open_water,Vadinar terminal / Nayara refinery (EU+UK sanctioned),26.95,False,False,2,,False
357711000,ATLANTIC PIONEER,PAN,jamnagar_vadinar_sep_oct2025,2025-09-13 06:00:00+00:00,2025-09-14 08:00:00+00:00,26.0,27,1.0,22.65926,69.91444,4.133,ordinary,open_water,Vadinar terminal / Nayara refinery (EU+UK sanctioned),29.74,False,False,2,,False
419900765,MV JIT SAGAR,IND,jamnagar_vadinar_sep_oct2025,2025-10-09 16:00:00+00:00,2025-10-10 18:00:00+00:00,26.0,27,1.0,22.64074,70.06,2.142,ordinary,open_water,Jamnagar (Sikka) marine terminal,42.05,False,False,2,,False
629009592,JEWEL 1,GMB,jamnagar_vadinar_sep_oct2025,2025-09-03 00:00:00+00:00,2025-09-04 02:00:00+00:00,26.0,27,1.0,22.66037,69.91296,4.956,ordinary,open_water,Vadinar terminal / Nayara refinery (EU+UK sanctioned),29.65,False,False,2,,False
629009634,SIERRA,GMB,jamnagar_vadinar_sep_oct2025,2025-09-05 07:00:00+00:00,2025-09-06 09:00:00+00:00,26.0,27,1.0,22.66148,69.97556,4.834,ordinary,open_water,Vadinar terminal / Nayara refinery (EU+UK sanctioned),35.64,False,False,2,,False
240706000,MARAN HAPPINESS,GRC,jamnagar_vadinar_sep_oct2025,2025-09-28 23:00:00+00:00,2025-09-30 00:00:00+00:00,25.0,21,0.808,22.69952,70.03762,4.999,ordinary,open_water,Vadinar terminal / Nayara refinery (EU+UK sanctioned),43.12,False,False,2,,False
372040000,ELM GALAXY,PAN,jamnagar_vadinar_sep_oct2025,2025-09-03 09:00:00+00:00,2025-09-04 10:00:00+00:00,25.0,26,1.0,22.65,69.96808,4.934,ordinary,open_water,Vadinar terminal / Nayara refinery (EU+UK sanctioned),34.49,False,False,2,,False
419001455,M.T. RADHA,IND,jamnagar_vadinar_sep_oct2025,2025-09-19 08:00:00+00:00,2025-09-20 09:00:00+00:00,25.0,26,1.0,22.55308,70.03231,4.994,ordinary,open_water,Jamnagar (Sikka) marine terminal,34.88,False,False,2,,False
419111111,GAUTAM II,IND,jamnagar_vadinar_sep_oct2025,2025-09-04 19:00:00+00:00,2025-09-05 20:00:00+00:00,25.0,26,1.0,22.59154,70.06308,2.077,ordinary,open_water,Jamnagar (Sikka) marine terminal,39.56,False,False,2,,False
419956927,M V SEA RANGER,IND,jamnagar_vadinar_sep_oct2025,2025-09-06 11:00:00+00:00,2025-09-07 12:00:00+00:00,25.0,26,1.0,22.58615,70.05615,2.445,ordinary,open_water,Jamnagar (Sikka) marine terminal,38.65,False,False,2,,False
636020891,AL BATEEN,LBR,jamnagar_vadinar_sep_oct2025,2025-09-14 22:00:00+00:00,2025-09-15 23:00:00+00:00,25.0,26,1.0,22.64962,69.95769,1.329,ordinary,open_water,Vadinar terminal / Nayara refinery (EU+UK sanctioned),33.47,False,False,2,,False
215736000,M/T MADEIRO,MLT,jamnagar_vadinar_sep_oct2025,2025-09-13 04:00:00+00:00,2025-09-14 04:00:00+00:00,24.0,25,1.0,22.64,69.9376,4.885,ordinary,open_water,Vadinar terminal / Nayara refinery (EU+UK sanctioned),31.17,False,False,2,,False
419001805,VRAJ SAGAR,IND,jamnagar_vadinar_sep_oct2025,2025-10-10 23:00:00+00:00,2025-10-11 23:00:00+00:00,24.0,25,1.0,22.64,70.07,0.0,ordinary,open_water,Jamnagar (Sikka) marine terminal,42.87,False,False,2,,False
419956827,PRASIDDHI,IND,jamnagar_vadinar_sep_oct2025,2025-09-03 20:00:00+00:00,2025-09-04 20:00:00+00:00,24.0,25,1.0,22.694,70.0692,1.044,ordinary,open_water,Vadinar terminal / Nayara refinery (EU+UK sanctioned),45.91,False,False,2,,False
538004854,FLAGSHIP IVY,MHL,jamnagar_vadinar_sep_oct2025,2025-10-09 21:00:00+00:00,2025-10-10 21:00:00+00:00,24.0,25,1.0,22.69,69.9648,0.534,ordinary,open_water,Vadinar terminal / Nayara refinery (EU+UK sanctioned),35.87,False,False,2,,False
566737000,MARITIME EQUATOR,SGP,jamnagar_vadinar_sep_oct2025,2025-09-13 09:00:00+00:00,2025-09-14 09:00:00+00:00,24.0,25,1.0,22.62,69.9164,0.657,ordinary,open_water,Vadinar terminal / Nayara refinery (EU+UK sanctioned),28.44,False,False,2,,False
352005806,GATTACA,PAN,jamnagar_vadinar_sep_oct2025,2025-10-01 05:00:00+00:00,2025-10-02 04:00:00+00:00,23.0,24,1.0,22.67,69.96292,0.727,ordinary,open_water,Vadinar terminal / Nayara refinery (EU+UK sanctioned),34.78,False,False,2,,False
419956706,MV KEDARNATH,IND,jamnagar_vadinar_sep_oct2025,2025-09-10 23:00:00+00:00,2025-09-11 22:00:00+00:00,23.0,24,1.0,22.5675,70.03875,2.756,ordinary,open_water,Jamnagar (Sikka) marine terminal,36.14,False,False,2,,False
477015700,YINGHAO CONFIDENCE,HKG,jamnagar_vadinar_sep_oct2025,2025-09-01 00:00:00+00:00,2025-09-01 23:00:00+00:00,23.0,24,1.0,22.68,69.95,0.0,ordinary,open_water,Vadinar terminal / Nayara refinery (EU+UK sanctioned),34.02,False,False,2,,False
564957000,PM REGALIA,SGP,jamnagar_vadinar_sep_oct2025,2025-09-23 05:00:00+00:00,2025-09-24 04:00:00+00:00,23.0,24,1.0,22.65042,69.89917,2.458,ordinary,open_water,Vadinar terminal / Nayara refinery (EU+UK sanctioned),27.91,False,False,2,,False
667002240,BULLAR,SLE,jamnagar_vadinar_sep_oct2025,2025-10-08 17:00:00+00:00,2025-10-09 16:00:00+00:00,23.0,19,0.792,22.67053,69.96368,1.406,ordinary,open_water,Vadinar terminal / Nayara refinery (EU+UK sanctioned),34.88,False,False,2,,False
249452000,HELLAS APHRODITE,MLT,jamnagar_vadinar_sep_oct2025,2025-09-21 10:00:00+00:00,2025-09-22 08:00:00+00:00,22.0,23,1.0,22.64,69.94956,0.981,ordinary,open_water,Vadinar terminal / Nayara refinery (EU+UK sanctioned),32.34,False,False,2,,False
419000912,VAILANKANNI,IND,jamnagar_vadinar_sep_oct2025,2025-09-05 08:00:00+00:00,2025-09-06 06:00:00+00:00,22.0,23,1.0,22.66043,69.99044,2.097,ordinary,open_water,Vadinar terminal / Nayara refinery (EU+UK sanctioned),37.04,False,False,2,,False
419956775,BLUE BELL,IND,jamnagar_vadinar_sep_oct2025,2025-09-03 06:00:00+00:00,2025-09-04 04:00:00+00:00,22.0,23,1.0,22.57913,70.0487,3.766,ordinary,open_water,Jamnagar (Sikka) marine terminal,37.62,False,False,2,,False
538011162,ADVANTAGE SMART,MHL,jamnagar_vadinar_sep_oct2025,2025-09-23 19:00:00+00:00,2025-09-24 17:00:00+00:00,22.0,23,1.0,22.69,69.96,3.078,ordinary,open_water,Vadinar terminal / Nayara refinery (EU+UK sanctioned),35.42,False,False,2,,False
667001235,THORIN,SLE,jamnagar_vadinar_sep_oct2025,2025-09-07 03:00:00+00:00,2025-09-08 01:00:00+00:00,22.0,23,1.0,22.68,69.94652,0.669,ordinary,open_water,Vadinar terminal / Nayara refinery (EU+UK sanctioned),33.69,False,False,2,,False
419001109,SAGAR URMIKA,IND,jamnagar_vadinar_sep_oct2025,2025-09-26 23:00:00+00:00,2025-09-27 20:00:00+00:00,21.0,22,1.0,22.66182,69.96773,1.554,ordinary,open_water,Vadinar terminal / Nayara refinery (EU+UK sanctioned),34.91,False,False,2,,False
419672000,JAG PUSHPA,IND,jamnagar_vadinar_sep_oct2025,2025-09-30 03:00:00+00:00,2025-10-01 00:00:00+00:00,21.0,22,1.0,22.63045,69.93,1.061,ordinary,open_water,Vadinar terminal / Nayara refinery (EU+UK sanctioned),30.11,False,False,2,,False
419956398,M V RAMESHWAR,IND,jamnagar_vadinar_sep_oct2025,2025-09-02 09:00:00+00:00,2025-09-03 06:00:00+00:00,21.0,22,1.0,22.56773,70.03909,2.181,ordinary,open_water,Jamnagar (Sikka) marine terminal,36.18,False,False,2,,False
538005391,STI CONNAUGHT,MHL,jamnagar_vadinar_sep_oct2025,2025-09-08 12:00:00+00:00,2025-09-09 09:00:00+00:00,21.0,22,1.0,22.68,69.94909,1.958,ordinary,open_water,Vadinar terminal / Nayara refinery (EU+UK sanctioned),33.93,False,False,2,,False
566762000,MARITIME POLARIS,SGP,jamnagar_vadinar_sep_oct2025,2025-10-11 02:00:00+00:00,2025-10-11 23:00:00+00:00,21.0,22,1.0,22.62136,69.89909,3.739,ordinary,open_water,Vadinar terminal / Nayara refinery (EU+UK sanctioned),26.78,False,False,2,,False
419001712,LILAC VICTORIA,IND,jamnagar_vadinar_sep_oct2025,2025-09-19 07:00:00+00:00,2025-09-20 03:00:00+00:00,20.0,21,1.0,22.65048,69.94762,4.999,ordinary,open_water,Vadinar terminal / Nayara refinery (EU+UK sanctioned),32.53,False,False,2,,False
419826328,MT GAUTAM  PAWAN,IND,jamnagar_vadinar_sep_oct2025,2025-09-30 19:00:00+00:00,2025-10-01 15:00:00+00:00,20.0,21,1.0,22.56,70.03619,4.136,ordinary,open_water,Jamnagar (Sikka) marine terminal,35.55,False,False,2,,False
419956679,MV ARUVI,IND,jamnagar_vadinar_sep_oct2025,2025-10-07 08:00:00+00:00,2025-10-08 04:00:00+00:00,20.0,11,0.524,22.64091,70.04637,4.759,ordinary,open_water,Jamnagar (Sikka) marine terminal,40.91,False,False,2,,False
419956775,BLUE BELL,IND,jamnagar_vadinar_sep_oct2025,2025-10-11 00:00:00+00:00,2025-10-11 20:00:00+00:00,20.0,17,0.81,22.64176,70.04059,1.626,ordinary,open_water,Jamnagar (Sikka) marine terminal,40.48,False,False,2,,False
636019233,HIGH VOYAGER,LBR,jamnagar_vadinar_sep_oct2025,2025-10-04 06:00:00+00:00,2025-10-05 02:00:00+00:00,20.0,21,1.0,22.62,69.91524,0.537,ordinary,open_water,Vadinar terminal / Nayara refinery (EU+UK sanctioned),28.32,False,False,2,,False
636025397,SHIRAYUKI,LBR,jamnagar_vadinar_sep_oct2025,2025-09-14 14:00:00+00:00,2025-09-15 10:00:00+00:00,20.0,21,1.0,22.66381,69.91571,0.817,ordinary,open_water,Vadinar terminal / Nayara refinery (EU+UK sanctioned),30.07,False,False,2,,False
219021350,TORM VENTURE,DNK,jamnagar_vadinar_sep_oct2025,2025-10-10 15:00:00+00:00,2025-10-11 10:00:00+00:00,19.0,20,1.0,22.6305,69.9175,4.988,ordinary,open_water,Vadinar terminal / Nayara refinery (EU+UK sanctioned),28.88,False,False,2,,False
419001543,M.T.ANJANI,IND,jamnagar_vadinar_sep_oct2025,2025-10-07 02:00:00+00:00,2025-10-07 21:00:00+00:00,19.0,16,0.8,22.69687,70.07,4.1,ordinary,open_water,Vadinar terminal / Nayara refinery (EU+UK sanctioned),46.1,False,False,2,,False
419003400,ROSE,IND,jamnagar_vadinar_sep_oct2025,2025-09-09 15:00:00+00:00,2025-09-10 10:00:00+00:00,19.0,8,0.4,22.58,70.05,0.0,ordinary,open_water,Jamnagar (Sikka) marine terminal,37.78,False,False,2,,False
419956398,M V RAMESHWAR,IND,jamnagar_vadinar_sep_oct2025,2025-09-03 15:00:00+00:00,2025-09-04 10:00:00+00:00,19.0,20,1.0,22.5785,70.0585,4.314,ordinary,open_water,Jamnagar (Sikka) marine terminal,38.49,False,False,2,,False
419956398,M V RAMESHWAR,IND,jamnagar_vadinar_sep_oct2025,2025-09-14 10:00:00+00:00,2025-09-15 05:00:00+00:00,19.0,19,0.95,22.56947,70.04,2.397,ordinary,open_water,Jamnagar (Sikka) marine terminal,36.35,False,False,2,,False
419956827,PRASIDDHI,IND,jamnagar_vadinar_sep_oct2025,2025-09-24 14:00:00+00:00,2025-09-25 09:00:00+00:00,19.0,20,1.0,22.68,70.07,0.0,ordinary,open_water,Jamnagar (Sikka) marine terminal,45.44,False,False,2,,False
419009000,M.T.BLOSSOM,IND,jamnagar_vadinar_sep_oct2025,2025-09-06 11:00:00+00:00,2025-09-07 05:00:00+00:00,18.0,19,1.0,22.62,69.92,0.0,ordinary,open_water,Vadinar terminal / Nayara refinery (EU+UK sanctioned),28.79,False,False,2,,False
419075900,M.T. EPSOM FREYA,IND,jamnagar_vadinar_sep_oct2025,2025-10-01 02:00:00+00:00,2025-10-01 20:00:00+00:00,18.0,19,1.0,22.68789,70.05211,1.831,ordinary,open_water,Vadinar terminal / Nayara refinery (EU+UK sanctioned),44.03,False,False,2,,False
419956582,GAUTAM  VARUN,IND,jamnagar_vadinar_sep_oct2025,2025-09-26 16:00:00+00:00,2025-09-27 10:00:00+00:00,18.0,17,0.895,22.69588,70.07,1.766,ordinary,open_water,Vadinar terminal / Nayara refinery (EU+UK sanctioned),46.06,False,False,2,,False
419956775,BLUE BELL,IND,jamnagar_vadinar_sep_oct2025,2025-09-04 11:00:00+00:00,2025-09-05 05:00:00+00:00,18.0,19,1.0,22.56263,70.03632,3.352,ordinary,open_water,Jamnagar (Sikka) marine terminal,35.69,False,False,2,,False
538005225,STI DUCHESSA,MHL,jamnagar_vadinar_sep_oct2025,2025-09-01 00:00:00+00:00,2025-09-01 18:00:00+00:00,18.0,19,1.0,22.62053,69.90948,1.434,ordinary,open_water,Vadinar terminal / Nayara refinery (EU+UK sanctioned),27.77,False,False,2,,False
419956398,M V RAMESHWAR,IND,jamnagar_vadinar_sep_oct2025,2025-09-21 09:00:00+00:00,2025-09-22 02:00:00+00:00,17.0,18,1.0,22.69889,70.07667,2.209,ordinary,open_water,Vadinar terminal / Nayara refinery (EU+UK sanctioned),46.82,False,False,2,,False
419956724,MV DHARMA SAGAR,IND,jamnagar_vadinar_sep_oct2025,2025-10-08 03:00:00+00:00,2025-10-08 20:00:00+00:00,17.0,7,0.389,22.69714,70.04286,1.081,ordinary,open_water,Vadinar terminal / Nayara refinery (EU+UK sanctioned),43.52,False,False,2,,False
419956775,BLUE BELL,IND,jamnagar_vadinar_sep_oct2025,2025-09-09 20:00:00+00:00,2025-09-10 13:00:00+00:00,17.0,18,1.0,22.58111,70.04556,3.81,ordinary,open_water,Jamnagar (Sikka) marine terminal,37.43,False,False,2,,False
419956398,M V RAMESHWAR,IND,jamnagar_vadinar_sep_oct2025,2025-09-11 13:00:00+00:00,2025-09-12 05:00:00+00:00,16.0,17,1.0,22.64706,70.02706,2.316,ordinary,open_water,Jamnagar (Sikka) marine terminal,39.71,False,False,2,,False
419956414,,IND,jamnagar_vadinar_sep_oct2025,2025-09-01 23:00:00+00:00,2025-09-02 15:00:00+00:00,16.0,17,1.0,22.57882,70.04823,2.646,ordinary,open_water,Jamnagar (Sikka) marine terminal,37.56,False,False,2,,False
419956689,,IND,jamnagar_vadinar_sep_oct2025,2025-09-07 04:00:00+00:00,2025-09-07 20:00:00+00:00,16.0,9,0.529,22.55111,70.03222,4.694,ordinary,open_water,Jamnagar (Sikka) marine terminal,34.79,False,False,2,,False
419956689,,IND,jamnagar_vadinar_sep_oct2025,2025-09-14 19:00:00+00:00,2025-09-15 11:00:00+00:00,16.0,17,1.0,22.64882,70.02765,2.447,ordinary,open_water,Jamnagar (Sikka) marine terminal,39.88,False,False,2,,False
419956775,BLUE BELL,IND,jamnagar_vadinar_sep_oct2025,2025-09-14 08:00:00+00:00,2025-09-15 00:00:00+00:00,16.0,17,1.0,22.55824,70.03588,4.314,ordinary,open_water,Jamnagar (Sikka) marine terminal,35.45,False,False,2,,False
419001109,SAGAR URMIKA,IND,jamnagar_vadinar_sep_oct2025,2025-09-18 12:00:00+00:00,2025-09-19 03:00:00+00:00,15.0,16,1.0,22.67188,69.9325,4.212,ordinary,open_water,Vadinar terminal / Nayara refinery (EU+UK sanctioned),32.01,False,False,2,,False
419956582,GAUTAM  VARUN,IND,jamnagar_vadinar_sep_oct2025,2025-09-22 16:00:00+00:00,2025-09-23 07:00:00+00:00,15.0,16,1.0,22.7,70.07,0.0,ordinary,open_water,Vadinar terminal / Nayara refinery (EU+UK sanctioned),46.22,False,False,2,,False
419956582,GAUTAM  VARUN,IND,jamnagar_vadinar_sep_oct2025,2025-09-23 16:00:00+00:00,2025-09-24 07:00:00+00:00,15.0,16,1.0,22.7,70.07,0.0,ordinary,open_water,Vadinar terminal / Nayara refinery (EU+UK sanctioned),46.22,False,False,2,,False
419956689,,IND,jamnagar_vadinar_sep_oct2025,2025-09-09 23:00:00+00:00,2025-09-10 14:00:00+00:00,15.0,8,0.5,22.62625,70.03875,3.268,ordinary,open_water,Jamnagar (Sikka) marine terminal,39.34,False,False,2,,False
419956706,MV KEDARNATH,IND,jamnagar_vadinar_sep_oct2025,2025-09-01 22:00:00+00:00,2025-09-02 13:00:00+00:00,15.0,16,1.0,22.58312,70.05125,4.198,ordinary,open_water,Jamnagar (Sikka) marine terminal,38.05,False,False,2,,False
419956706,MV KEDARNATH,IND,jamnagar_vadinar_sep_oct2025,2025-09-09 20:00:00+00:00,2025-09-10 11:00:00+00:00,15.0,14,0.875,22.55286,70.03143,4.549,ordinary,open_water,Jamnagar (Sikka) marine terminal,34.79,False,False,2,,False
419956775,BLUE BELL,IND,jamnagar_vadinar_sep_oct2025,2025-09-05 16:00:00+00:00,2025-09-06 07:00:00+00:00,15.0,16,1.0,22.55375,70.03187,3.462,ordinary,open_water,Jamnagar (Sikka) marine terminal,34.87,False,False,2,,False
477332000,MARITIME ROSEMARY,HKG,jamnagar_vadinar_sep_oct2025,2025-09-09 10:00:00+00:00,2025-09-10 01:00:00+00:00,15.0,16,1.0,22.62,69.91563,0.577,ordinary,open_water,Vadinar terminal / Nayara refinery (EU+UK sanctioned),28.36,False,False,2,,False
352002851,EASTERN QUINCE,PAN,jamnagar_vadinar_sep_oct2025,2025-10-03 20:00:00+00:00,2025-10-04 10:00:00+00:00,14.0,15,1.0,22.63733,69.89733,4.082,ordinary,open_water,Vadinar terminal / Nayara refinery (EU+UK sanctioned),27.18,False,False,2,,False
370455000,HAIMA,PAN,jamnagar_vadinar_sep_oct2025,2025-09-27 07:00:00+00:00,2025-09-27 21:00:00+00:00,14.0,15,1.0,22.67067,69.96533,1.173,ordinary,open_water,Vadinar terminal / Nayara refinery (EU+UK sanctioned),35.04,False,False,2,,False
419001109,SAGAR URMIKA,IND,jamnagar_vadinar_sep_oct2025,2025-09-30 18:00:00+00:00,2025-10-01 08:00:00+00:00,14.0,15,1.0,22.63,69.918,0.821,ordinary,open_water,Vadinar terminal / Nayara refinery (EU+UK sanctioned),28.92,False,False,2,,False
419001455,M.T. RADHA,IND,jamnagar_vadinar_sep_oct2025,2025-09-13 14:00:00+00:00,2025-09-14 04:00:00+00:00,14.0,15,1.0,22.57667,70.046,4.836,ordinary,open_water,Jamnagar (Sikka) marine terminal,37.25,False,False,2,,False
419001883,VIDHYALAXMI-1,IND,jamnagar_vadinar_sep_oct2025,2025-09-29 15:00:00+00:00,2025-09-30 05:00:00+00:00,14.0,15,1.0,22.686,69.97733,2.419,ordinary,open_water,Vadinar terminal / Nayara refinery (EU+UK sanctioned),36.84,False,False,2,,False
419003400,ROSE,IND,jamnagar_vadinar_sep_oct2025,2025-09-03 13:00:00+00:00,2025-09-04 03:00:00+00:00,14.0,14,0.933,22.57143,70.04429,2.798,ordinary,open_water,Jamnagar (Sikka) marine terminal,36.84,False,False,2,,False
419956706,MV KEDARNATH,IND,jamnagar_vadinar_sep_oct2025,2025-09-05 17:00:00+00:00,2025-09-06 07:00:00+00:00,14.0,15,1.0,22.55267,70.03133,3.593,ordinary,open_water,Jamnagar (Sikka) marine terminal,34.77,False,False,2,,False
419956775,BLUE BELL,IND,jamnagar_vadinar_sep_oct2025,2025-09-06 18:00:00+00:00,2025-09-07 08:00:00+00:00,14.0,15,1.0,22.58933,70.052,4.923,ordinary,open_water,Jamnagar (Sikka) marine terminal,38.43,False,False,2,,False
419956775,BLUE BELL,IND,jamnagar_vadinar_sep_oct2025,2025-10-10 04:00:00+00:00,2025-10-10 18:00:00+00:00,14.0,10,0.667,22.643,70.043,4.835,ordinary,open_water,Jamnagar (Sikka) marine terminal,40.76,False,False,2,,False
419956828,,IND,jamnagar_vadinar_sep_oct2025,2025-09-05 04:00:00+00:00,2025-09-05 18:00:00+00:00,14.0,11,0.733,22.56727,70.04182,3.142,ordinary,open_water,Jamnagar (Sikka) marine terminal,36.41,False,False,2,,False
419956828,,IND,jamnagar_vadinar_sep_oct2025,2025-09-09 05:00:00+00:00,2025-09-09 19:00:00+00:00,14.0,15,1.0,22.61667,70.04667,4.091,ordinary,open_water,Jamnagar (Sikka) marine terminal,39.45,False,False,2,,False
667002071,STARLIT,SLE,jamnagar_vadinar_sep_oct2025,2025-09-29 19:00:00+00:00,2025-09-30 09:00:00+00:00,14.0,15,1.0,22.68933,69.96133,1.165,ordinary,open_water,Vadinar terminal / Nayara refinery (EU+UK sanctioned),35.51,False,False,2,,False
353815000,ON PHOENIX,PAN,jamnagar_vadinar_sep_oct2025,2025-09-26 19:00:00+00:00,2025-09-27 08:00:00+00:00,13.0,14,1.0,22.63,69.92,0.0,ordinary,open_water,Vadinar terminal / Nayara refinery (EU+UK sanctioned),29.11,False,False,2,,False
370307000,HELEN M,PAN,jamnagar_vadinar_sep_oct2025,2025-09-08 12:00:00+00:00,2025-09-09 01:00:00+00:00,13.0,14,1.0,22.65357,69.96143,4.363,ordinary,open_water,Vadinar terminal / Nayara refinery (EU+UK sanctioned),33.98,False,False,2,,False
419000293,DWARKESH,IND,jamnagar_vadinar_sep_oct2025,2025-09-24 18:00:00+00:00,2025-09-25 07:00:00+00:00,13.0,14,1.0,22.65214,69.97072,2.202,ordinary,open_water,Vadinar terminal / Nayara refinery (EU+UK sanctioned),34.83,False,False,2,,False
419001109,SAGAR URMIKA,IND,jamnagar_vadinar_sep_oct2025,2025-10-10 06:00:00+00:00,2025-10-10 19:00:00+00:00,13.0,14,1.0,22.69,69.965,0.513,ordinary,open_water,Vadinar terminal / Nayara refinery (EU+UK sanctioned),35.88,False,False,2,,False
419956689,,IND,jamnagar_vadinar_sep_oct2025,2025-09-13 15:00:00+00:00,2025-09-14 04:00:00+00:00,13.0,14,1.0,22.64571,70.03,2.027,ordinary,open_water,Jamnagar (Sikka) marine terminal,39.86,False,False,2,,False
419956689,,IND,jamnagar_vadinar_sep_oct2025,2025-09-14 05:00:00+00:00,2025-09-14 18:00:00+00:00,13.0,14,1.0,22.58286,70.05143,1.912,ordinary,open_water,Jamnagar (Sikka) marine terminal,38.05,False,False,2,,False
419991649,,IND,jamnagar_vadinar_sep_oct2025,2025-09-14 21:00:00+00:00,2025-09-15 10:00:00+00:00,13.0,14,1.0,22.65,70.02643,0.66,ordinary,open_water,Jamnagar (Sikka) marine terminal,39.86,False,False,2,,False
566245000,HAFNIA AUSTRALIA,SGP,jamnagar_vadinar_sep_oct2025,2025-09-06 16:00:00+00:00,2025-09-07 05:00:00+00:00,13.0,14,1.0,22.64429,69.89643,3.869,ordinary,open_water,Vadinar terminal / Nayara refinery (EU+UK sanctioned),27.38,False,False,2,,False
249245000,COSTAS P,MLT,jamnagar_vadinar_sep_oct2025,2025-09-01 11:00:00+00:00,2025-09-01 23:00:00+00:00,12.0,13,1.0,22.66077,69.97154,2.212,ordinary,open_water,Vadinar terminal / Nayara refinery (EU+UK sanctioned),35.23,False,False,2,,False
419001883,VIDHYALAXMI-1,IND,jamnagar_vadinar_sep_oct2025,2025-09-01 09:00:00+00:00,2025-09-01 21:00:00+00:00,12.0,13,1.0,22.66385,69.97923,1.299,ordinary,open_water,Vadinar terminal / Nayara refinery (EU+UK sanctioned),36.09,False,False,2,,False
419003400,ROSE,IND,jamnagar_vadinar_sep_oct2025,2025-09-04 16:00:00+00:00,2025-09-05 04:00:00+00:00,12.0,7,0.538,22.64286,70.07,0.794,ordinary,open_water,Jamnagar (Sikka) marine terminal,43.04,False,False,2,,False
419003400,ROSE,IND,jamnagar_vadinar_sep_oct2025,2025-09-05 05:00:00+00:00,2025-09-05 17:00:00+00:00,12.0,5,0.385,22.558,70.034,3.919,ordinary,open_water,Jamnagar (Sikka) marine terminal,35.26,False,False,2,,False
419075900,M.T. EPSOM FREYA,IND,jamnagar_vadinar_sep_oct2025,2025-10-05 05:00:00+00:00,2025-10-05 17:00:00+00:00,12.0,8,0.615,22.7,70.045,3.59,ordinary,open_water,Vadinar terminal / Nayara refinery (EU+UK sanctioned),43.84,False,False,2,,False
419075900,M.T. EPSOM FREYA,IND,jamnagar_vadinar_sep_oct2025,2025-10-09 14:00:00+00:00,2025-10-10 02:00:00+00:00,12.0,13,1.0,22.68,70.04923,0.947,ordinary,open_water,Vadinar terminal / Nayara refinery (EU+UK sanctioned),43.45,False,False,2,,False
419956398,M V RAMESHWAR,IND,jamnagar_vadinar_sep_oct2025,2025-09-13 03:00:00+00:00,2025-09-13 15:00:00+00:00,12.0,13,1.0,22.64692,70.02769,4.701,ordinary,open_water,Jamnagar (Sikka) marine terminal,39.75,False,False,2,,False
419956706,MV KEDARNATH,IND,jamnagar_vadinar_sep_oct2025,2025-09-04 10:00:00+00:00,2025-09-04 22:00:00+00:00,12.0,13,1.0,22.57769,70.04308,3.662,ordinary,open_water,Jamnagar (Sikka) marine terminal,37.03,False,False,2,,False
419956994,MT JENNIFER,IND,jamnagar_vadinar_sep_oct2025,2025-09-04 14:00:00+00:00,2025-09-05 02:00:00+00:00,12.0,13,1.0,22.68,70.05769,0.789,ordinary,open_water,Vadinar terminal / Nayara refinery (EU+UK sanctioned),44.27,False,False,2,,False
419956994,MT JENNIFER,IND,jamnagar_vadinar_sep_oct2025,2025-09-15 14:00:00+00:00,2025-09-16 02:00:00+00:00,12.0,13,1.0,22.69,70.08,0.0,ordinary,open_water,Vadinar terminal / Nayara refinery (EU+UK sanctioned),46.8,False,False,2,,False
447276000,AL ADAILIAH,KWT,jamnagar_vadinar_sep_oct2025,2025-09-13 10:00:00+00:00,2025-09-13 22:00:00+00:00,12.0,13,1.0,22.64385,69.94846,4.969,ordinary,open_water,Vadinar terminal / Nayara refinery (EU+UK sanctioned),32.37,False,False,2,,False
563243300,PM DUKE,SGP,jamnagar_vadinar_sep_oct2025,2025-09-10 01:00:00+00:00,2025-09-10 13:00:00+00:00,12.0,13,1.0,22.66,69.96923,0.947,ordinary,open_water,Vadinar terminal / Nayara refinery (EU+UK sanctioned),34.98,False,False,2,,False
629009592,JEWEL 1,GMB,jamnagar_vadinar_sep_oct2025,2025-10-05 13:00:00+00:00,2025-10-06 01:00:00+00:00,12.0,13,1.0,22.65462,69.89846,1.843,ordinary,open_water,Vadinar terminal / Nayara refinery (EU+UK sanctioned),28.03,False,False,2,,False
636024677,MUGELLO,LBR,jamnagar_vadinar_sep_oct2025,2025-09-27 16:00:00+00:00,2025-09-28 04:00:00+00:00,12.0,13,1.0,22.65385,69.89692,2.994,ordinary,open_water,Vadinar terminal / Nayara refinery (EU+UK sanctioned),27.85,False,False,2,,False
219021350,TORM VENTURE,DNK,jamnagar_vadinar_sep_oct2025,2025-10-11 11:00:00+00:00,2025-10-11 22:00:00+00:00,11.0,12,1.0,22.63,69.92,0.0,ordinary,open_water,Vadinar terminal / Nayara refinery (EU+UK sanctioned),29.11,False,False,2,,False
419000293,DWARKESH,IND,jamnagar_vadinar_sep_oct2025,2025-09-02 22:00:00+00:00,2025-09-03 09:00:00+00:00,11.0,12,1.0,22.62333,69.92083,3.559,ordinary,open_water,Vadinar terminal / Nayara refinery (EU+UK sanctioned),28.98,False,False,2,,False
419001883,VIDHYALAXMI-1,IND,jamnagar_vadinar_sep_oct2025,2025-10-09 21:00:00+00:00,2025-10-10 08:00:00+00:00,11.0,12,1.0,22.67167,69.96333,2.661,ordinary,open_water,Vadinar terminal / Nayara refinery (EU+UK sanctioned),34.89,False,False,2,,False
419075900,M.T. EPSOM FREYA,IND,jamnagar_vadinar_sep_oct2025,2025-09-26 19:00:00+00:00,2025-09-27 06:00:00+00:00,11.0,12,1.0,22.59583,70.06333,3.86,ordinary,open_water,Jamnagar (Sikka) marine terminal,39.8,False,False,2,,False
419956582,GAUTAM  VARUN,IND,jamnagar_vadinar_sep_oct2025,2025-09-21 13:00:00+00:00,2025-09-22 00:00:00+00:00,11.0,12,1.0,22.7,70.07,0.0,ordinary,open_water,Vadinar terminal / Nayara refinery (EU+UK sanctioned),46.22,False,False,2,,False
419956706,MV KEDARNATH,IND,jamnagar_vadinar_sep_oct2025,2025-09-06 21:00:00+00:00,2025-09-07 08:00:00+00:00,11.0,12,1.0,22.62917,70.05583,3.394,ordinary,open_water,Jamnagar (Sikka) marine terminal,40.99,False,False,2,,False
419956775,BLUE BELL,IND,jamnagar_vadinar_sep_oct2025,2025-09-13 15:00:00+00:00,2025-09-14 02:00:00+00:00,11.0,12,1.0,22.575,70.0425,3.062,ordinary,open_water,Jamnagar (Sikka) marine terminal,36.85,False,False,2,,False
419956994,MT JENNIFER,IND,jamnagar_vadinar_sep_oct2025,2025-09-19 03:00:00+00:00,2025-09-19 14:00:00+00:00,11.0,10,0.833,22.683,70.077,2.022,ordinary,open_water,Jamnagar (Sikka) marine terminal,46.21,False,False,2,,False
538011161,ADVANTAGE SOLO,MHL,jamnagar_vadinar_sep_oct2025,2025-09-16 16:00:00+00:00,2025-09-17 03:00:00+00:00,11.0,12,1.0,22.63333,69.89667,4.571,ordinary,open_water,Vadinar terminal / Nayara refinery (EU+UK sanctioned),26.97,False,False,2,,False
636019926,CLEAROCEAN MUSTANG,LBR,jamnagar_vadinar_sep_oct2025,2025-09-10 07:00:00+00:00,2025-09-10 18:00:00+00:00,11.0,12,1.0,22.65083,69.97,1.019,ordinary,open_water,Vadinar terminal / Nayara refinery (EU+UK sanctioned),34.71,False,False,2,,False
636021815,FRONT EAGLE,LBR,jamnagar_vadinar_sep_oct2025,2025-10-11 12:00:00+00:00,2025-10-11 23:00:00+00:00,11.0,12,1.0,22.67,69.92667,3.762,ordinary,open_water,Vadinar terminal / Nayara refinery (EU+UK sanctioned),31.38,False,False,2,,False
319297100,SAIPH,CYM,jamnagar_vadinar_sep_oct2025,2025-09-01 00:00:00+00:00,2025-09-01 10:00:00+00:00,10.0,11,1.0,22.62909,69.91545,4.773,ordinary,open_water,Vadinar terminal / Nayara refinery (EU+UK sanctioned),28.64,False,False,2,,False
373834000,SEA SHELL,PAN,jamnagar_vadinar_sep_oct2025,2025-10-01 14:00:00+00:00,2025-10-02 00:00:00+00:00,10.0,11,1.0,22.65273,69.9,0.809,ordinary,open_water,Vadinar terminal / Nayara refinery (EU+UK sanctioned),28.09,False,False,2,,False
419000912,VAILANKANNI,IND,jamnagar_vadinar_sep_oct2025,2025-09-19 04:00:00+00:00,2025-09-19 14:00:00+00:00,10.0,11,1.0,22.62273,69.90364,4.064,ordinary,open_water,Vadinar terminal / Nayara refinery (EU+UK sanctioned),27.27,False,False,2,,False
419001405,COURAGE,IND,jamnagar_vadinar_sep_oct2025,2025-10-04 17:00:00+00:00,2025-10-05 03:00:00+00:00,10.0,11,1.0,22.63273,69.91454,4.958,ordinary,open_water,Vadinar terminal / Nayara refinery (EU+UK sanctioned),28.67,False,False,2,,False
419075900,M.T. EPSOM FREYA,IND,jamnagar_vadinar_sep_oct2025,2025-09-27 07:00:00+00:00,2025-09-27 17:00:00+00:00,10.0,8,0.727,22.69125,70.0475,1.801,ordinary,open_water,Vadinar terminal / Nayara refinery (EU+UK sanctioned),43.72,False,False,2,,False
419956394,VEER SURESHWARAM,IND,jamnagar_vadinar_sep_oct2025,2025-09-04 18:00:00+00:00,2025-09-05 04:00:00+00:00,10.0,5,0.455,22.608,70.06,4.782,ordinary,open_water,Jamnagar (Sikka) marine terminal,40.14,False,False,2,,False
419956398,M V RAMESHWAR,IND,jamnagar_vadinar_sep_oct2025,2025-09-05 15:00:00+00:00,2025-09-06 01:00:00+00:00,10.0,11,1.0,22.57909,70.04455,3.563,ordinary,open_water,Jamnagar (Sikka) marine terminal,37.23,False,False,2,,False
419956398,M V RAMESHWAR,IND,jamnagar_vadinar_sep_oct2025,2025-09-13 16:00:00+00:00,2025-09-14 02:00:00+00:00,10.0,11,1.0,22.57545,70.04546,0.826,ordinary,open_water,Jamnagar (Sikka) marine terminal,37.14,False,False,2,,False
419956655,MV SAHAJ SAGAR,IND,jamnagar_vadinar_sep_oct2025,2025-10-07 18:00:00+00:00,2025-10-08 04:00:00+00:00,10.0,11,1.0,22.7,70.04637,0.653,ordinary,open_water,Vadinar terminal / Nayara refinery (EU+UK sanctioned),43.97,False,False,2,,False
419956706,MV KEDARNATH,IND,jamnagar_vadinar_sep_oct2025,2025-09-10 12:00:00+00:00,2025-09-10 22:00:00+00:00,10.0,11,1.0,22.64182,70.05818,3.543,ordinary,open_water,Jamnagar (Sikka) marine terminal,41.97,False,False,2,,False
419956706,MV KEDARNATH,IND,jamnagar_vadinar_sep_oct2025,2025-09-12 04:00:00+00:00,2025-09-12 14:00:00+00:00,10.0,8,0.727,22.5825,70.05,4.157,ordinary,open_water,Jamnagar (Sikka) marine terminal,37.9,False,False,2,,False
419956706,MV KEDARNATH,IND,jamnagar_vadinar_sep_oct2025,2025-09-13 23:00:00+00:00,2025-09-14 09:00:00+00:00,10.0,9,0.818,22.60556,70.05445,4.975,ordinary,open_water,Jamnagar (Sikka) marine terminal,39.51,False,False,2,,False
419991649,,IND,jamnagar_vadinar_sep_oct2025,2025-09-09 02:00:00+00:00,2025-09-09 12:00:00+00:00,10.0,11,1.0,22.64273,70.05364,4.766,ordinary,open_water,Jamnagar (Sikka) marine terminal,41.64,False,False,2,,False
477332000,MARITIME ROSEMARY,HKG,jamnagar_vadinar_sep_oct2025,2025-09-13 10:00:00+00:00,2025-09-13 20:00:00+00:00,10.0,11,1.0,22.66182,69.96727,3.452,ordinary,open_water,Vadinar terminal / Nayara refinery (EU+UK sanctioned),34.86,False,False,2,,False
477913400,SEAODYSSEY,HKG,jamnagar_vadinar_sep_oct2025,2025-10-09 18:00:00+00:00,2025-10-10 04:00:00+00:00,10.0,11,1.0,22.63273,69.89727,3.771,ordinary,open_water,Vadinar terminal / Nayara refinery (EU+UK sanctioned),27.0,False,False,2,,False
563217300,HAFNIA PRECISION,SGP,jamnagar_vadinar_sep_oct2025,2025-10-11 10:00:00+00:00,2025-10-11 20:00:00+00:00,10.0,11,1.0,22.63545,69.89546,4.937,ordinary,open_water,Vadinar terminal / Nayara refinery (EU+UK sanctioned),26.93,False,False,2,,False
667002359,NACHOS,SLE,jamnagar_vadinar_sep_oct2025,2025-09-30 00:00:00+00:00,2025-09-30 10:00:00+00:00,10.0,11,1.0,22.63455,69.89637,3.152,ordinary,open_water,Vadinar terminal / Nayara refinery (EU+UK sanctioned),26.98,False,False,2,,False
419001109,SAGAR URMIKA,IND,jamnagar_vadinar_sep_oct2025,2025-09-24 00:00:00+00:00,2025-09-24 09:00:00+00:00,9.0,10,1.0,22.662,69.969,2.204,ordinary,open_water,Vadinar terminal / Nayara refinery (EU+UK sanctioned),35.03,False,False,2,,False
419001543,M.T.ANJANI,IND,jamnagar_vadinar_sep_oct2025,2025-10-07 22:00:00+00:00,2025-10-08 07:00:00+00:00,9.0,10,1.0,22.597,70.068,3.76,ordinary,open_water,Jamnagar (Sikka) marine terminal,40.28,False,False,2,,False
419003400,ROSE,IND,jamnagar_vadinar_sep_oct2025,2025-09-09 00:00:00+00:00,2025-09-09 09:00:00+00:00,9.0,4,0.4,22.5575,70.0325,1.589,ordinary,open_water,Jamnagar (Sikka) marine terminal,35.1,False,False,2,,False
419826328,MT GAUTAM  PAWAN,IND,jamnagar_vadinar_sep_oct2025,2025-09-20 19:00:00+00:00,2025-09-21 04:00:00+00:00,9.0,10,1.0,22.694,70.069,3.782,ordinary,open_water,Vadinar terminal / Nayara refinery (EU+UK sanctioned),45.89,False,False,2,,False
419956398,M V RAMESHWAR,IND,jamnagar_vadinar_sep_oct2025,2025-09-09 06:00:00+00:00,2025-09-09 15:00:00+00:00,9.0,10,1.0,22.644,70.044,4.931,ordinary,open_water,Jamnagar (Sikka) marine terminal,40.91,False,False,2,,False
419956398,M V RAMESHWAR,IND,jamnagar_vadinar_sep_oct2025,2025-09-12 11:00:00+00:00,2025-09-12 20:00:00+00:00,9.0,10,1.0,22.648,70.026,2.464,ordinary,open_water,Jamnagar (Sikka) marine terminal,39.69,False,False,2,,False
419956582,GAUTAM  VARUN,IND,jamnagar_vadinar_sep_oct2025,2025-09-30 15:00:00+00:00,2025-10-01 00:00:00+00:00,9.0,10,1.0,22.7,70.07,0.0,ordinary,open_water,Vadinar terminal / Nayara refinery (EU+UK sanctioned),46.22,False,False,2,,False
419956689,,IND,jamnagar_vadinar_sep_oct2025,2025-10-11 14:00:00+00:00,2025-10-11 23:00:00+00:00,9.0,10,1.0,22.642,70.04,0.89,ordinary,open_water,Jamnagar (Sikka) marine terminal,40.45,False,False,2,,False
419956706,MV KEDARNATH,IND,jamnagar_vadinar_sep_oct2025,2025-09-13 13:00:00+00:00,2025-09-13 22:00:00+00:00,9.0,7,0.7,22.56143,70.03429,2.621,ordinary,open_water,Jamnagar (Sikka) marine terminal,35.44,False,False,2,,False
419956775,BLUE BELL,IND,jamnagar_vadinar_sep_oct2025,2025-09-05 06:00:00+00:00,2025-09-05 15:00:00+00:00,9.0,10,1.0,22.606,70.048,4.961,ordinary,open_water,Jamnagar (Sikka) marine terminal,38.96,False,False,2,,False
419956775,BLUE BELL,IND,jamnagar_vadinar_sep_oct2025,2025-09-06 08:00:00+00:00,2025-09-06 17:00:00+00:00,9.0,10,1.0,22.625,70.045,3.926,ordinary,open_water,Jamnagar (Sikka) marine terminal,39.8,False,False,2,,False
419956775,BLUE BELL,IND,jamnagar_vadinar_sep_oct2025,2025-09-13 05:00:00+00:00,2025-09-13 14:00:00+00:00,9.0,10,1.0,22.639,70.066,4.38,ordinary,open_water,Jamnagar (Sikka) marine terminal,42.46,False,False,2,,False
419956827,PRASIDDHI,IND,jamnagar_vadinar_sep_oct2025,2025-10-07 22:00:00+00:00,2025-10-08 07:00:00+00:00,9.0,10,1.0,22.595,70.066,3.94,ordinary,open_water,Jamnagar (Sikka) marine terminal,40.0,False,False,2,,False
419956828,,IND,jamnagar_vadinar_sep_oct2025,2025-09-05 19:00:00+00:00,2025-09-06 04:00:00+00:00,9.0,10,1.0,22.643,70.044,4.537,ordinary,open_water,Jamnagar (Sikka) marine terminal,40.84,False,False,2,,False
419956927,M V SEA RANGER,IND,jamnagar_vadinar_sep_oct2025,2025-09-12 19:00:00+00:00,2025-09-13 04:00:00+00:00,9.0,7,0.7,22.61571,70.03857,3.974,ordinary,open_water,Jamnagar (Sikka) marine terminal,38.69,False,False,2,,False
419956994,MT JENNIFER,IND,jamnagar_vadinar_sep_oct2025,2025-09-03 16:00:00+00:00,2025-09-04 01:00:00+00:00,9.0,7,0.7,22.69143,70.06857,0.964,ordinary,open_water,Vadinar terminal / Nayara refinery (EU+UK sanctioned),45.75,False,False,2,,False
419956994,MT JENNIFER,IND,jamnagar_vadinar_sep_oct2025,2025-09-30 17:00:00+00:00,2025-10-01 02:00:00+00:00,9.0,4,0.4,22.6975,70.0475,1.312,ordinary,open_water,Vadinar terminal / Nayara refinery (EU+UK sanctioned),43.97,False,False,2,,False
419991649,,IND,jamnagar_vadinar_sep_oct2025,2025-09-10 17:00:00+00:00,2025-09-11 02:00:00+00:00,9.0,10,1.0,22.586,70.059,4.979,ordinary,open_water,Jamnagar (Sikka) marine terminal,38.9,False,False,2,,False
538009607,SUNNY LIGER,MHL,jamnagar_vadinar_sep_oct2025,2025-09-02 02:00:00+00:00,2025-09-02 11:00:00+00:00,9.0,10,1.0,22.63,69.92,0.0,ordinary,open_water,Vadinar terminal / Nayara refinery (EU+UK sanctioned),29.11,False,False,2,,False
538011264,CAPE TAINARON,MHL,jamnagar_vadinar_sep_oct2025,2025-10-08 16:00:00+00:00,2025-10-09 01:00:00+00:00,9.0,10,1.0,22.65,69.9,0.0,ordinary,open_water,Vadinar terminal / Nayara refinery (EU+UK sanctioned),27.97,False,False,2,,False
563153800,HAFNIA EXPERIENCE,SGP,jamnagar_vadinar_sep_oct2025,2025-09-09 03:00:00+00:00,2025-09-09 12:00:00+00:00,9.0,10,1.0,22.65,69.969,0.924,ordinary,open_water,Vadinar terminal / Nayara refinery (EU+UK sanctioned),34.58,False,False,2,,False
249452000,HELLAS APHRODITE,MLT,jamnagar_vadinar_sep_oct2025,2025-09-24 01:00:00+00:00,2025-09-24 09:00:00+00:00,8.0,9,1.0,22.66111,69.97,0.988,ordinary,open_water,Vadinar terminal / Nayara refinery (EU+UK sanctioned),35.1,False,False,2,,False
311000222,EMERALD SPIRIT,BHS,jamnagar_vadinar_sep_oct2025,2025-09-01 00:00:00+00:00,2025-09-01 08:00:00+00:00,8.0,9,1.0,22.66778,69.92556,4.15,ordinary,open_water,Vadinar terminal / Nayara refinery (EU+UK sanctioned),31.17,False,False,2,,False
419001769,VAITARNA,IND,jamnagar_vadinar_sep_oct2025,2025-09-01 00:00:00+00:00,2025-09-01 08:00:00+00:00,8.0,9,1.0,22.69,70.08,0.0,ordinary,open_water,Vadinar terminal / Nayara refinery (EU+UK sanctioned),46.8,False,False,2,,False
419001883,VIDHYALAXMI-1,IND,jamnagar_vadinar_sep_oct2025,2025-09-09 02:00:00+00:00,2025-09-09 10:00:00+00:00,8.0,9,1.0,22.66556,69.97556,3.096,ordinary,open_water,Vadinar terminal / Nayara refinery (EU+UK sanctioned),35.8,False,False,2,,False
419055150,M.T. BLUE BELL,IND,jamnagar_vadinar_sep_oct2025,2025-09-03 06:00:00+00:00,2025-09-03 14:00:00+00:00,8.0,9,1.0,22.64333,69.92778,4.396,ordinary,open_water,Vadinar terminal / Nayara refinery (EU+UK sanctioned),30.35,False,False,2,,False
419672000,JAG PUSHPA,IND,jamnagar_vadinar_sep_oct2025,2025-09-03 18:00:00+00:00,2025-09-04 02:00:00+00:00,8.0,9,1.0,22.64222,69.92,0.865,ordinary,open_water,Vadinar terminal / Nayara refinery (EU+UK sanctioned),29.55,False,False,2,,False
419900765,MV JIT SAGAR,IND,jamnagar_vadinar_sep_oct2025,2025-09-09 02:00:00+00:00,2025-09-09 10:00:00+00:00,8.0,4,0.444,22.5875,70.0475,2.618,ordinary,open_water,Jamnagar (Sikka) marine terminal,37.93,False,False,2,,False
419956394,VEER SURESHWARAM,IND,jamnagar_vadinar_sep_oct2025,2025-09-03 13:00:00+00:00,2025-09-03 21:00:00+00:00,8.0,5,0.556,22.622,70.064,4.886,ordinary,open_water,Jamnagar (Sikka) marine terminal,41.28,False,False,2,,False
419956398,M V RAMESHWAR,IND,jamnagar_vadinar_sep_oct2025,2025-09-01 10:00:00+00:00,2025-09-01 18:00:00+00:00,8.0,9,1.0,22.63889,70.07333,3.639,ordinary,open_water,Jamnagar (Sikka) marine terminal,43.09,False,False,2,,False
419956398,M V RAMESHWAR,IND,jamnagar_vadinar_sep_oct2025,2025-09-10 06:00:00+00:00,2025-09-10 14:00:00+00:00,8.0,9,1.0,22.55556,70.03222,4.243,ordinary,open_water,Jamnagar (Sikka) marine terminal,34.98,False,False,2,,False
419956582,GAUTAM  VARUN,IND,jamnagar_vadinar_sep_oct2025,2025-09-27 17:00:00+00:00,2025-09-28 01:00:00+00:00,8.0,9,1.0,22.7,70.03,0.0,ordinary,open_water,Vadinar terminal / Nayara refinery (EU+UK sanctioned),42.42,False,False,2,,False
419956655,MV SAHAJ SAGAR,IND,jamnagar_vadinar_sep_oct2025,2025-10-10 16:00:00+00:00,2025-10-11 00:00:00+00:00,8.0,9,1.0,22.7,70.04111,0.912,ordinary,open_water,Vadinar terminal / Nayara refinery (EU+UK sanctioned),43.47,False,False,2,,False
419956706,MV KEDARNATH,IND,jamnagar_vadinar_sep_oct2025,2025-09-12 15:00:00+00:00,2025-09-12 23:00:00+00:00,8.0,9,1.0,22.61556,70.05889,4.057,ordinary,open_water,Jamnagar (Sikka) marine terminal,40.46,False,False,2,,False
419956706,MV KEDARNATH,IND,jamnagar_vadinar_sep_oct2025,2025-09-13 04:00:00+00:00,2025-09-13 12:00:00+00:00,8.0,9,1.0,22.64111,70.06555,1.361,ordinary,open_water,Jamnagar (Sikka) marine terminal,42.55,False,False,2,,False
419956775,BLUE BELL,IND,jamnagar_vadinar_sep_oct2025,2025-09-11 00:00:00+00:00,2025-09-11 08:00:00+00:00,8.0,9,1.0,22.61,70.05333,4.654,ordinary,open_water,Jamnagar (Sikka) marine terminal,39.66,False,False,2,,False
419956828,,IND,jamnagar_vadinar_sep_oct2025,2025-09-06 10:00:00+00:00,2025-09-06 18:00:00+00:00,8.0,6,0.667,22.61667,70.05333,3.951,ordinary,open_water,Jamnagar (Sikka) marine terminal,40.04,False,False,2,,False
419956842,EURHYLAN,IND,jamnagar_vadinar_sep_oct2025,2025-10-04 16:00:00+00:00,2025-10-05 00:00:00+00:00,8.0,8,0.889,22.7,70.04,0.0,ordinary,open_water,Vadinar terminal / Nayara refinery (EU+UK sanctioned),43.36,False,False,2,,False
419956927,M V SEA RANGER,IND,jamnagar_vadinar_sep_oct2025,2025-09-11 09:00:00+00:00,2025-09-11 17:00:00+00:00,8.0,8,0.889,22.6125,70.0375,4.733,ordinary,open_water,Jamnagar (Sikka) marine terminal,38.41,False,False,2,,False
419956927,M V SEA RANGER,IND,jamnagar_vadinar_sep_oct2025,2025-09-11 18:00:00+00:00,2025-09-12 02:00:00+00:00,8.0,6,0.667,22.635,70.03333,2.863,ordinary,open_water,Jamnagar (Sikka) marine terminal,39.44,False,False,2,,False
419956927,M V SEA RANGER,IND,jamnagar_vadinar_sep_oct2025,2025-09-13 19:00:00+00:00,2025-09-14 03:00:00+00:00,8.0,9,1.0,22.64,70.03,0.0,ordinary,open_water,Jamnagar (Sikka) marine terminal,39.48,False,False,2,,False
419956994,MT JENNIFER,IND,jamnagar_vadinar_sep_oct2025,2025-09-25 16:00:00+00:00,2025-09-26 00:00:00+00:00,8.0,9,1.0,22.7,70.06,0.0,ordinary,open_water,Vadinar terminal / Nayara refinery (EU+UK sanctioned),45.27,False,False,2,,False
538010455,AL HIYAR,MHL,jamnagar_vadinar_sep_oct2025,2025-10-10 02:00:00+00:00,2025-10-10 10:00:00+00:00,8.0,9,1.0,22.67111,69.96333,1.046,ordinary,open_water,Vadinar terminal / Nayara refinery (EU+UK sanctioned),34.87,False,False,2,,False
319297200,MINTAKA,CYM,jamnagar_vadinar_sep_oct2025,2025-10-11 16:00:00+00:00,2025-10-11 23:00:00+00:00,7.0,8,1.0,22.62,69.91,0.0,ordinary,open_water,Vadinar terminal / Nayara refinery (EU+UK sanctioned),27.81,False,False,2,,False
419000912,VAILANKANNI,IND,jamnagar_vadinar_sep_oct2025,2025-09-13 08:00:00+00:00,2025-09-13 15:00:00+00:00,7.0,8,1.0,22.63375,69.93375,3.972,ordinary,open_water,Vadinar terminal / Nayara refinery (EU+UK sanctioned),30.58,False,False,2,,False
419001455,M.T. RADHA,IND,jamnagar_vadinar_sep_oct2025,2025-10-11 08:00:00+00:00,2025-10-11 15:00:00+00:00,7.0,3,0.375,22.7,70.04,0.0,ordinary,open_water,Vadinar terminal / Nayara refinery (EU+UK sanctioned),43.36,False,False,2,,False
419001584,MT CENTURY,IND,jamnagar_vadinar_sep_oct2025,2025-10-06 21:00:00+00:00,2025-10-07 04:00:00+00:00,7.0,8,1.0,22.68625,69.9525,3.406,ordinary,open_water,Vadinar terminal / Nayara refinery (EU+UK sanctioned),34.55,False,False,2,,False
419001718,SHAMBHU SAGAR,IND,jamnagar_vadinar_sep_oct2025,2025-10-11 16:00:00+00:00,2025-10-11 23:00:00+00:00,7.0,8,1.0,22.69,70.03,0.0,ordinary,open_water,Vadinar terminal / Nayara refinery (EU+UK sanctioned),42.0,False,False,2,,False
419003400,ROSE,IND,jamnagar_vadinar_sep_oct2025,2025-09-06 01:00:00+00:00,2025-09-06 08:00:00+00:00,7.0,8,1.0,22.55,70.03,0.0,ordinary,open_water,Jamnagar (Sikka) marine terminal,34.53,False,False,2,,False
419003400,ROSE,IND,jamnagar_vadinar_sep_oct2025,2025-09-06 09:00:00+00:00,2025-09-06 16:00:00+00:00,7.0,4,0.5,22.6225,70.0475,4.897,ordinary,open_water,Jamnagar (Sikka) marine terminal,39.87,False,False,2,,False
419009000,M.T.BLOSSOM,IND,jamnagar_vadinar_sep_oct2025,2025-09-15 16:00:00+00:00,2025-09-15 23:00:00+00:00,7.0,8,1.0,22.64,69.94,0.0,ordinary,open_water,Vadinar terminal / Nayara refinery (EU+UK sanctioned),31.41,False,False,2,,False
419055150,M.T. BLUE BELL,IND,jamnagar_vadinar_sep_oct2025,2025-09-02 03:00:00+00:00,2025-09-02 10:00:00+00:00,7.0,8,1.0,22.63375,69.91875,4.774,ordinary,open_water,Vadinar terminal / Nayara refinery (EU+UK sanctioned),29.12,False,False,2,,False
419055150,M.T. BLUE BELL,IND,jamnagar_vadinar_sep_oct2025,2025-09-07 04:00:00+00:00,2025-09-07 11:00:00+00:00,7.0,8,1.0,22.65375,69.9125,4.829,ordinary,open_water,Vadinar terminal / Nayara refinery (EU+UK sanctioned),29.31,False,False,2,,False
419056200,M.T.IRIS,IND,jamnagar_vadinar_sep_oct2025,2025-09-05 04:00:00+00:00,2025-09-05 11:00:00+00:00,7.0,8,1.0,22.6475,69.93375,3.98,ordinary,open_water,Vadinar terminal / Nayara refinery (EU+UK sanctioned),31.08,False,False,2,,False
419056200,M.T.IRIS,IND,jamnagar_vadinar_sep_oct2025,2025-09-22 04:00:00+00:00,2025-09-22 11:00:00+00:00,7.0,8,1.0,22.64125,69.92125,4.415,ordinary,open_water,Vadinar terminal / Nayara refinery (EU+UK sanctioned),29.64,False,False,2,,False
419826328,MT GAUTAM  PAWAN,IND,jamnagar_vadinar_sep_oct2025,2025-10-05 08:00:00+00:00,2025-10-05 15:00:00+00:00,7.0,8,1.0,22.62875,70.06,3.197,ordinary,open_water,Jamnagar (Sikka) marine terminal,41.33,False,False,2,,False
419956394,VEER SURESHWARAM,IND,jamnagar_vadinar_sep_oct2025,2025-09-02 15:00:00+00:00,2025-09-02 22:00:00+00:00,7.0,3,0.375,22.63667,70.06667,3.043,ordinary,open_water,Jamnagar (Sikka) marine terminal,42.38,False,False,2,,False
419956398,M V RAMESHWAR,IND,jamnagar_vadinar_sep_oct2025,2025-09-05 01:00:00+00:00,2025-09-05 08:00:00+00:00,7.0,8,1.0,22.56875,70.03875,2.63,ordinary,open_water,Jamnagar (Sikka) marine terminal,36.2,False,False,2,,False
419956398,M V RAMESHWAR,IND,jamnagar_vadinar_sep_oct2025,2025-09-09 16:00:00+00:00,2025-09-09 23:00:00+00:00,7.0,8,1.0,22.56875,70.04,2.576,ordinary,open_water,Jamnagar (Sikka) marine terminal,36.31,False,False,2,,False
419956582,GAUTAM  VARUN,IND,jamnagar_vadinar_sep_oct2025,2025-09-24 16:00:00+00:00,2025-09-24 23:00:00+00:00,7.0,8,1.0,22.7,70.07,0.0,ordinary,open_water,Vadinar terminal / Nayara refinery (EU+UK sanctioned),46.22,False,False,2,,False
419956582,GAUTAM  VARUN,IND,jamnagar_vadinar_sep_oct2025,2025-09-25 16:00:00+00:00,2025-09-25 23:00:00+00:00,7.0,8,1.0,22.7,70.07,0.0,ordinary,open_water,Vadinar terminal / Nayara refinery (EU+UK sanctioned),46.22,False,False,2,,False
419956582,GAUTAM  VARUN,IND,jamnagar_vadinar_sep_oct2025,2025-10-03 04:00:00+00:00,2025-10-03 11:00:00+00:00,7.0,4,0.5,22.5675,70.0375,1.135,ordinary,open_water,Jamnagar (Sikka) marine terminal,36.02,False,False,2,,False
419956679,MV ARUVI,IND,jamnagar_vadinar_sep_oct2025,2025-09-29 06:00:00+00:00,2025-09-29 13:00:00+00:00,7.0,4,0.5,22.6575,70.04,0.834,ordinary,open_water,Jamnagar (Sikka) marine terminal,41.47,False,False,2,,False
419956679,MV ARUVI,IND,jamnagar_vadinar_sep_oct2025,2025-10-03 04:00:00+00:00,2025-10-03 11:00:00+00:00,7.0,3,0.375,22.65667,70.04,0.741,ordinary,open_water,Jamnagar (Sikka) marine terminal,41.42,False,False,2,,False
419956679,MV ARUVI,IND,jamnagar_vadinar_sep_oct2025,2025-10-06 20:00:00+00:00,2025-10-07 03:00:00+00:00,7.0,4,0.5,22.645,70.045,3.926,ordinary,open_water,Jamnagar (Sikka) marine terminal,41.06,False,False,2,,False
419956679,MV ARUVI,IND,jamnagar_vadinar_sep_oct2025,2025-10-10 08:00:00+00:00,2025-10-10 15:00:00+00:00,7.0,3,0.375,22.58667,70.04667,3.951,ordinary,open_water,Jamnagar (Sikka) marine terminal,37.81,False,False,2,,False
419956689,,IND,jamnagar_vadinar_sep_oct2025,2025-09-06 18:00:00+00:00,2025-09-07 01:00:00+00:00,7.0,3,0.375,22.65333,70.04,1.266,ordinary,open_water,Jamnagar (Sikka) marine terminal,41.19,False,False,2,,False
419956689,,IND,jamnagar_vadinar_sep_oct2025,2025-09-13 00:00:00+00:00,2025-09-13 07:00:00+00:00,7.0,8,1.0,22.64125,70.03,4.036,ordinary,open_water,Jamnagar (Sikka) marine terminal,39.57,False,False,2,,False
419956706,MV KEDARNATH,IND,jamnagar_vadinar_sep_oct2025,2025-09-06 13:00:00+00:00,2025-09-06 20:00:00+00:00,7.0,8,1.0,22.5725,70.04125,2.756,ordinary,open_water,Jamnagar (Sikka) marine terminal,36.61,False,False,2,,False
419956706,MV KEDARNATH,IND,jamnagar_vadinar_sep_oct2025,2025-09-09 12:00:00+00:00,2025-09-09 19:00:00+00:00,7.0,8,1.0,22.64625,70.04,1.807,ordinary,open_water,Jamnagar (Sikka) marine terminal,40.72,False,False,2,,False
419956706,MV KEDARNATH,IND,jamnagar_vadinar_sep_oct2025,2025-09-14 10:00:00+00:00,2025-09-14 17:00:00+00:00,7.0,8,1.0,22.57375,70.04375,3.362,ordinary,open_water,Jamnagar (Sikka) marine terminal,36.9,False,False,2,,False
419956753,MARINE . 1,IND,jamnagar_vadinar_sep_oct2025,2025-09-03 02:00:00+00:00,2025-09-03 09:00:00+00:00,7.0,8,1.0,22.65875,70.05125,4.343,ordinary,open_water,Jamnagar (Sikka) marine terminal,42.48,False,False,2,,False
419956753,MARINE . 1,IND,jamnagar_vadinar_sep_oct2025,2025-10-06 17:00:00+00:00,2025-10-07 00:00:00+00:00,7.0,8,1.0,22.66625,70.0375,3.427,ordinary,open_water,Vadinar terminal / Nayara refinery (EU+UK sanctioned),41.82,False,False,2,,False
419956753,MARINE . 1,IND,jamnagar_vadinar_sep_oct2025,2025-10-07 01:00:00+00:00,2025-10-07 08:00:00+00:00,7.0,8,1.0,22.6325,69.98125,4.327,ordinary,open_water,Jamnagar (Sikka) marine terminal,35.03,False,False,2,,False
419956764,MV SHANTINATH,IND,jamnagar_vadinar_sep_oct2025,2025-10-11 08:00:00+00:00,2025-10-11 15:00:00+00:00,7.0,3,0.375,22.7,70.03667,0.684,ordinary,open_water,Vadinar terminal / Nayara refinery (EU+UK sanctioned),43.05,False,False,2,,False
419956775,BLUE BELL,IND,jamnagar_vadinar_sep_oct2025,2025-10-09 20:00:00+00:00,2025-10-10 03:00:00+00:00,7.0,4,0.5,22.5775,70.045,3.424,ordinary,open_water,Jamnagar (Sikka) marine terminal,37.2,False,False,2,,False
419956828,,IND,jamnagar_vadinar_sep_oct2025,2025-09-12 15:00:00+00:00,2025-09-12 22:00:00+00:00,7.0,8,1.0,22.5975,70.0575,2.648,ordinary,open_water,Jamnagar (Sikka) marine terminal,39.35,False,False,2,,False
419956927,M V SEA RANGER,IND,jamnagar_vadinar_sep_oct2025,2025-10-08 08:00:00+00:00,2025-10-08 15:00:00+00:00,7.0,8,1.0,22.7,70.04,0.0,ordinary,open_water,Vadinar terminal / Nayara refinery (EU+UK sanctioned),43.36,False,False,2,,False
419956927,M V SEA RANGER,IND,jamnagar_vadinar_sep_oct2025,2025-10-11 16:00:00+00:00,2025-10-11 23:00:00+00:00,7.0,8,1.0,22.57875,70.0425,3.445,ordinary,open_water,Jamnagar (Sikka) marine terminal,37.03,False,False,2,,False
419956994,MT JENNIFER,IND,jamnagar_vadinar_sep_oct2025,2025-09-28 18:00:00+00:00,2025-09-29 01:00:00+00:00,7.0,8,1.0,22.69,70.04,0.0,ordinary,open_water,Vadinar terminal / Nayara refinery (EU+UK sanctioned),42.95,False,False,2,,False
419956994,MT JENNIFER,IND,jamnagar_vadinar_sep_oct2025,2025-10-02 13:00:00+00:00,2025-10-02 20:00:00+00:00,7.0,5,0.625,22.694,70.048,1.985,ordinary,open_water,Vadinar terminal / Nayara refinery (EU+UK sanctioned),43.88,False,False,2,,False
538005300,FLAGSHIP SAGE,MHL,jamnagar_vadinar_sep_oct2025,2025-09-01 00:00:00+00:00,2025-09-01 07:00:00+00:00,7.0,8,1.0,22.66,69.9475,1.795,ordinary,open_water,Vadinar terminal / Nayara refinery (EU+UK sanctioned),32.9,False,False,2,,False
563016200,HAFNIA SHANNON,SGP,jamnagar_vadinar_sep_oct2025,2025-09-18 15:00:00+00:00,2025-09-18 22:00:00+00:00,7.0,8,1.0,22.6425,69.895,4.085,ordinary,open_water,Vadinar terminal / Nayara refinery (EU+UK sanctioned),27.17,False,False,2,,False
563285100,PM EARL,SGP,jamnagar_vadinar_sep_oct2025,2025-10-05 20:00:00+00:00,2025-10-06 03:00:00+00:00,7.0,8,1.0,22.61625,69.9,4.486,ordinary,open_water,Vadinar terminal / Nayara refinery (EU+UK sanctioned),26.7,False,False,2,,False
636024677,MUGELLO,LBR,jamnagar_vadinar_sep_oct2025,2025-09-30 06:00:00+00:00,2025-09-30 13:00:00+00:00,7.0,8,1.0,22.66,69.97,0.0,ordinary,open_water,Vadinar terminal / Nayara refinery (EU+UK sanctioned),35.05,False,False,2,,False
636024789,ROBOLA,LBR,jamnagar_vadinar_sep_oct2025,2025-09-02 18:00:00+00:00,2025-09-03 01:00:00+00:00,7.0,8,1.0,22.6475,69.91625,1.864,ordinary,open_water,Vadinar terminal / Nayara refinery (EU+UK sanctioned),29.4,False,False,2,,False
667002023,JUMBO,SLE,jamnagar_vadinar_sep_oct2025,2025-10-01 17:00:00+00:00,2025-10-02 00:00:00+00:00,7.0,8,1.0,22.64125,69.90625,4.845,ordinary,open_water,Vadinar terminal / Nayara refinery (EU+UK sanctioned),28.2,False,False,2,,False
232057630,ENERGY DIONE,GBR,jamnagar_vadinar_sep_oct2025,2025-10-07 02:00:00+00:00,2025-10-07 08:00:00+00:00,6.0,7,1.0,22.65143,69.89857,0.964,ordinary,open_water,Vadinar terminal / Nayara refinery (EU+UK sanctioned),27.9,False,False,2,,False
256862000,KOURION,MLT,jamnagar_vadinar_sep_oct2025,2025-09-24 12:00:00+00:00,2025-09-24 18:00:00+00:00,6.0,7,1.0,22.63714,69.92286,4.972,ordinary,open_water,Vadinar terminal / Nayara refinery (EU+UK sanctioned),29.64,False,False,2,,False
352005437,BALU 6,PAN,jamnagar_vadinar_sep_oct2025,2025-09-06 05:00:00+00:00,2025-09-06 11:00:00+00:00,6.0,7,1.0,22.68286,69.94285,2.476,ordinary,open_water,Vadinar terminal / Nayara refinery (EU+UK sanctioned),33.49,False,False,2,,False
419000293,DWARKESH,IND,jamnagar_vadinar_sep_oct2025,2025-09-30 05:00:00+00:00,2025-09-30 11:00:00+00:00,6.0,7,1.0,22.66,69.96857,0.88,ordinary,open_water,Vadinar terminal / Nayara refinery (EU+UK sanctioned),34.91,False,False,2,,False
419000912,VAILANKANNI,IND,jamnagar_vadinar_sep_oct2025,2025-09-30 10:00:00+00:00,2025-09-30 16:00:00+00:00,6.0,7,1.0,22.63,69.93,0.0,ordinary,open_water,Vadinar terminal / Nayara refinery (EU+UK sanctioned),30.09,False,False,2,,False
419003400,ROSE,IND,jamnagar_vadinar_sep_oct2025,2025-09-04 04:00:00+00:00,2025-09-04 10:00:00+00:00,6.0,7,1.0,22.65286,70.04,0.794,ordinary,open_water,Jamnagar (Sikka) marine terminal,41.16,False,False,2,,False
419055150,M.T. BLUE BELL,IND,jamnagar_vadinar_sep_oct2025,2025-09-04 03:00:00+00:00,2025-09-04 09:00:00+00:00,6.0,7,1.0,22.65,69.94143,4.112,ordinary,open_water,Vadinar terminal / Nayara refinery (EU+UK sanctioned),31.92,False,False,2,,False
419055150,M.T. BLUE BELL,IND,jamnagar_vadinar_sep_oct2025,2025-09-27 05:00:00+00:00,2025-09-27 11:00:00+00:00,6.0,7,1.0,22.65,69.93429,4.849,ordinary,open_water,Vadinar terminal / Nayara refinery (EU+UK sanctioned),31.23,False,False,2,,False
419055150,M.T. BLUE BELL,IND,jamnagar_vadinar_sep_oct2025,2025-10-02 05:00:00+00:00,2025-10-02 11:00:00+00:00,6.0,7,1.0,22.64,69.90857,2.929,ordinary,open_water,Vadinar terminal / Nayara refinery (EU+UK sanctioned),28.37,False,False,2,,False
419056200,M.T.IRIS,IND,jamnagar_vadinar_sep_oct2025,2025-09-20 06:00:00+00:00,2025-09-20 12:00:00+00:00,6.0,7,1.0,22.65143,69.94143,3.083,ordinary,open_water,Vadinar terminal / Nayara refinery (EU+UK sanctioned),31.97,False,False,2,,False
419826328,MT GAUTAM  PAWAN,IND,jamnagar_vadinar_sep_oct2025,2025-10-01 16:00:00+00:00,2025-10-01 22:00:00+00:00,6.0,7,1.0,22.67,70.04,0.0,ordinary,open_water,Vadinar terminal / Nayara refinery (EU+UK sanctioned),42.2,False,False,2,,False
419900765,MV JIT SAGAR,IND,jamnagar_vadinar_sep_oct2025,2025-10-11 10:00:00+00:00,2025-10-11 16:00:00+00:00,6.0,3,0.429,22.63,70.04333,1.306,ordinary,open_water,Jamnagar (Sikka) marine terminal,39.97,False,False,2,,False
419956394,VEER SURESHWARAM,IND,jamnagar_vadinar_sep_oct2025,2025-09-01 14:00:00+00:00,2025-09-01 20:00:00+00:00,6.0,3,0.429,22.58667,70.05,4.237,ordinary,open_water,Jamnagar (Sikka) marine terminal,38.11,False,False,2,,False
419956398,M V RAMESHWAR,IND,jamnagar_vadinar_sep_oct2025,2025-09-01 19:00:00+00:00,2025-09-02 01:00:00+00:00,6.0,7,1.0,22.57571,70.04286,3.223,ordinary,open_water,Jamnagar (Sikka) marine terminal,36.91,False,False,2,,False
419956398,M V RAMESHWAR,IND,jamnagar_vadinar_sep_oct2025,2025-09-02 02:00:00+00:00,2025-09-02 08:00:00+00:00,6.0,7,1.0,22.64429,70.07,2.889,ordinary,open_water,Jamnagar (Sikka) marine terminal,43.13,False,False,2,,False
419956398,M V RAMESHWAR,IND,jamnagar_vadinar_sep_oct2025,2025-09-14 03:00:00+00:00,2025-09-14 09:00:00+00:00,6.0,7,1.0,22.64571,70.02714,2.19,ordinary,open_water,Jamnagar (Sikka) marine terminal,39.63,False,False,2,,False
419956409,MT SEA SHELL,IND,jamnagar_vadinar_sep_oct2025,2025-10-09 21:00:00+00:00,2025-10-10 03:00:00+00:00,6.0,5,0.714,22.574,70.044,3.325,ordinary,open_water,Jamnagar (Sikka) marine terminal,36.94,False,False,2,,False
419956409,MT SEA SHELL,IND,jamnagar_vadinar_sep_oct2025,2025-10-10 04:00:00+00:00,2025-10-10 10:00:00+00:00,6.0,5,0.714,22.654,70.036,2.421,ordinary,open_water,Jamnagar (Sikka) marine terminal,40.91,False,False,2,,False
419956582,GAUTAM  VARUN,IND,jamnagar_vadinar_sep_oct2025,2025-09-12 04:00:00+00:00,2025-09-12 10:00:00+00:00,6.0,7,1.0,22.7,70.07,0.0,ordinary,open_water,Vadinar terminal / Nayara refinery (EU+UK sanctioned),46.22,False,False,2,,False
419956678,UNIGLORY,IND,jamnagar_vadinar_sep_oct2025,2025-09-04 16:00:00+00:00,2025-09-04 22:00:00+00:00,6.0,7,1.0,22.59,70.06,0.0,ordinary,open_water,Jamnagar (Sikka) marine terminal,39.2,False,False,2,,False
419956678,UNIGLORY,IND,jamnagar_vadinar_sep_oct2025,2025-09-21 14:00:00+00:00,2025-09-21 20:00:00+00:00,6.0,7,1.0,22.59,70.06,0.0,ordinary,open_water,Jamnagar (Sikka) marine terminal,39.2,False,False,2,,False
419956689,,IND,jamnagar_vadinar_sep_oct2025,2025-09-09 09:00:00+00:00,2025-09-09 15:00:00+00:00,6.0,4,0.571,22.58,70.0425,3.424,ordinary,open_water,Jamnagar (Sikka) marine terminal,37.09,False,False,2,,False
419956689,,IND,jamnagar_vadinar_sep_oct2025,2025-09-11 01:00:00+00:00,2025-09-11 07:00:00+00:00,6.0,3,0.429,22.65,70.02333,0.684,ordinary,open_water,Jamnagar (Sikka) marine terminal,39.61,False,False,2,,False
419956689,,IND,jamnagar_vadinar_sep_oct2025,2025-09-13 08:00:00+00:00,2025-09-13 14:00:00+00:00,6.0,7,1.0,22.57714,70.04286,3.726,ordinary,open_water,Jamnagar (Sikka) marine terminal,36.98,False,False,2,,False
419956706,MV KEDARNATH,IND,jamnagar_vadinar_sep_oct2025,2025-09-05 05:00:00+00:00,2025-09-05 11:00:00+00:00,6.0,7,1.0,22.55857,70.03286,4.932,ordinary,open_water,Jamnagar (Sikka) marine terminal,35.18,False,False,2,,False
419956724,MV DHARMA SAGAR,IND,jamnagar_vadinar_sep_oct2025,2025-10-10 17:00:00+00:00,2025-10-10 23:00:00+00:00,6.0,7,1.0,22.69143,70.04,0.953,ordinary,open_water,Vadinar terminal / Nayara refinery (EU+UK sanctioned),43.01,False,False,2,,False
419956775,BLUE BELL,IND,jamnagar_vadinar_sep_oct2025,2025-09-09 13:00:00+00:00,2025-09-09 19:00:00+00:00,6.0,7,1.0,22.64286,70.04,1.43,ordinary,open_water,Jamnagar (Sikka) marine terminal,40.5,False,False,2,,False
419956775,BLUE BELL,IND,jamnagar_vadinar_sep_oct2025,2025-09-12 08:00:00+00:00,2025-09-12 14:00:00+00:00,6.0,7,1.0,22.56143,70.03714,3.95,ordinary,open_water,Jamnagar (Sikka) marine terminal,35.71,False,False,2,,False
419956775,BLUE BELL,IND,jamnagar_vadinar_sep_oct2025,2025-09-12 15:00:00+00:00,2025-09-12 21:00:00+00:00,6.0,7,1.0,22.64857,70.06428,1.05,ordinary,open_water,Jamnagar (Sikka) marine terminal,42.91,False,False,2,,False
419956775,BLUE BELL,IND,jamnagar_vadinar_sep_oct2025,2025-09-12 22:00:00+00:00,2025-09-13 04:00:00+00:00,6.0,7,1.0,22.56143,70.03714,4.889,ordinary,open_water,Jamnagar (Sikka) marine terminal,35.71,False,False,2,,False
419956927,M V SEA RANGER,IND,jamnagar_vadinar_sep_oct2025,2025-09-10 05:00:00+00:00,2025-09-10 11:00:00+00:00,6.0,4,0.571,22.59,70.0425,4.455,ordinary,open_water,Jamnagar (Sikka) marine terminal,37.6,False,False,2,,False
419956927,M V SEA RANGER,IND,jamnagar_vadinar_sep_oct2025,2025-09-21 10:00:00+00:00,2025-09-21 16:00:00+00:00,6.0,7,1.0,22.69,70.07571,2.491,ordinary,open_water,Vadinar terminal / Nayara refinery (EU+UK sanctioned),46.39,False,False,2,,False
447276000,AL ADAILIAH,KWT,jamnagar_vadinar_sep_oct2025,2025-09-13 23:00:00+00:00,2025-09-14 05:00:00+00:00,6.0,7,1.0,22.64,69.95,0.0,ordinary,open_water,Vadinar terminal / Nayara refinery (EU+UK sanctioned),32.38,False,False,2,,False
538005225,STI DUCHESSA,MHL,jamnagar_vadinar_sep_oct2025,2025-09-16 14:00:00+00:00,2025-09-16 20:00:00+00:00,6.0,7,1.0,22.62571,69.91143,4.994,ordinary,open_water,Vadinar terminal / Nayara refinery (EU+UK sanctioned),28.13,False,False,2,,False
538010455,AL HIYAR,MHL,jamnagar_vadinar_sep_oct2025,2025-10-09 19:00:00+00:00,2025-10-10 01:00:00+00:00,6.0,7,1.0,22.67571,69.95571,4.951,ordinary,open_water,Vadinar terminal / Nayara refinery (EU+UK sanctioned),34.35,False,False,2,,False
566304000,MARITIME NORDIC,SGP,jamnagar_vadinar_sep_oct2025,2025-09-01 00:00:00+00:00,2025-09-01 06:00:00+00:00,6.0,7,1.0,22.63,69.93,0.0,ordinary,open_water,Vadinar terminal / Nayara refinery (EU+UK sanctioned),30.09,False,False,2,,False
