mmsi,ship_name,flag,window,episode_start,episode_end,duration_h,n_bins,continuity,centroid_lat,centroid_lon,radius_km,dwell_tier,location_class,nearest_facility,nearest_facility_km,resident_fixture,domestic_flag,dwell_score,trigger_category,escalate
419001053,OCEAN AQUAMARINE,IND,india_mangalore_dec2025_jan2026,2025-12-01 00:00:00+00:00,2026-01-12 05:00:00+00:00,1013.0,1012,0.998,12.93,74.81929,1.007,prolonged,open_water,Jamnagar (Sikka) marine terminal,1186.1,False,False,4,prolonged_dwell_open_water,False
419002080,COASTAL ANTARAA,IND,india_mangalore_dec2025_jan2026,2025-12-10 12:00:00+00:00,2026-01-14 23:00:00+00:00,851.0,852,1.0,12.93001,74.82,1.111,prolonged,open_water,Jamnagar (Sikka) marine terminal,1186.14,False,False,4,prolonged_dwell_open_water,False
419001850,OCEAN SPLENDOUR,IND,india_mangalore_dec2025_jan2026,2025-12-03 07:00:00+00:00,2025-12-27 08:00:00+00:00,577.0,577,0.998,12.92315,74.81135,2.436,prolonged,open_water,Jamnagar (Sikka) marine terminal,1186.41,False,False,4,prolonged_dwell_open_water,False
419000167,OCEAN ICON,IND,india_mangalore_dec2025_jan2026,2025-12-01 00:00:00+00:00,2025-12-24 02:00:00+00:00,554.0,552,0.995,12.92455,74.8125,2.512,prolonged,open_water,Jamnagar (Sikka) marine terminal,1186.32,False,False,4,prolonged_dwell_open_water,False
419779000,SCI MUKTA,IND,india_mangalore_dec2025_jan2026,2025-12-13 08:00:00+00:00,2025-12-31 06:00:00+00:00,430.0,430,0.998,12.91947,74.67923,3.837,prolonged,open_water,Jamnagar (Sikka) marine terminal,1180.5,False,False,4,prolonged_dwell_open_water,False
419000167,OCEAN ICON,IND,india_mangalore_dec2025_jan2026,2025-12-26 17:00:00+00:00,2026-01-12 03:00:00+00:00,394.0,393,0.995,12.92242,74.81114,2.442,prolonged,open_water,Jamnagar (Sikka) marine terminal,1186.47,False,False,4,prolonged_dwell_open_water,False
419801746,YOJAKA DHRUV,IND,india_mangalore_dec2025_jan2026,2025-12-16 10:00:00+00:00,2025-12-30 16:00:00+00:00,342.0,336,0.98,12.92946,74.80203,2.273,prolonged,open_water,Jamnagar (Sikka) marine terminal,1185.33,False,False,4,prolonged_dwell_open_water,False
419001850,OCEAN SPLENDOUR,IND,india_mangalore_dec2025_jan2026,2025-12-27 11:00:00+00:00,2026-01-09 08:00:00+00:00,309.0,310,1.0,12.92352,74.81097,2.078,prolonged,open_water,Jamnagar (Sikka) marine terminal,1186.35,False,False,4,prolonged_dwell_open_water,False
419001902,BURAQ 11,IND,india_mangalore_dec2025_jan2026,2025-12-19 16:00:00+00:00,2026-01-01 04:00:00+00:00,300.0,300,0.997,12.915,74.67303,4.045,prolonged,open_water,Jamnagar (Sikka) marine terminal,1180.65,False,False,4,prolonged_dwell_open_water,False
419801746,YOJAKA DHRUV,IND,india_mangalore_dec2025_jan2026,2025-12-02 05:00:00+00:00,2025-12-14 04:00:00+00:00,287.0,288,1.0,12.92931,74.80184,4.651,prolonged,open_water,Jamnagar (Sikka) marine terminal,1185.34,False,False,4,prolonged_dwell_open_water,False
419000117,DOLPHIN NO.2,IND,india_mangalore_dec2025_jan2026,2025-12-02 07:00:00+00:00,2025-12-14 02:00:00+00:00,283.0,279,0.982,12.92233,74.81061,3.327,prolonged,open_water,Jamnagar (Sikka) marine terminal,1186.45,False,False,4,prolonged_dwell_open_water,False
419779000,SCI MUKTA,IND,india_mangalore_dec2025_jan2026,2025-12-01 00:00:00+00:00,2025-12-12 11:00:00+00:00,275.0,276,1.0,12.91145,74.66232,2.301,prolonged,open_water,Jamnagar (Sikka) marine terminal,1180.51,False,False,4,prolonged_dwell_open_water,False
419001902,BURAQ 11,IND,india_mangalore_dec2025_jan2026,2026-01-03 17:00:00+00:00,2026-01-14 09:00:00+00:00,256.0,253,0.984,12.90897,74.6619,3.669,prolonged,open_water,Jamnagar (Sikka) marine terminal,1180.74,False,False,4,prolonged_dwell_open_water,False
419000533,OCEAN ENDURANCE,IND,india_mangalore_dec2025_jan2026,2025-12-28 10:00:00+00:00,2026-01-07 11:00:00+00:00,241.0,242,1.0,12.92521,74.81264,3.585,prolonged,open_water,Jamnagar (Sikka) marine terminal,1186.26,False,False,4,prolonged_dwell_open_water,False
636023001,LIMA TRADER,LBR,india_mangalore_dec2025_jan2026,2025-12-06 05:00:00+00:00,2025-12-15 12:00:00+00:00,223.0,216,0.964,12.95,74.62,0.0,prolonged,open_water,Jamnagar (Sikka) marine terminal,1174.66,False,False,4,prolonged_dwell_open_water,False
419001902,BURAQ 11,IND,india_mangalore_dec2025_jan2026,2025-12-01 15:00:00+00:00,2025-12-10 11:00:00+00:00,212.0,213,1.0,12.9062,74.65939,2.71,prolonged,open_water,Jamnagar (Sikka) marine terminal,1180.9,False,False,4,prolonged_dwell_open_water,False
419000633,SAMUDRA RATNAKAR,IND,india_mangalore_dec2025_jan2026,2025-12-01 04:00:00+00:00,2025-12-09 18:00:00+00:00,206.0,207,1.0,12.93,74.8187,0.943,prolonged,open_water,Jamnagar (Sikka) marine terminal,1186.08,False,False,4,prolonged_dwell_open_water,False
419000533,OCEAN ENDURANCE,IND,india_mangalore_dec2025_jan2026,2025-12-04 22:00:00+00:00,2025-12-13 10:00:00+00:00,204.0,205,1.0,12.9219,74.81083,2.244,prolonged,open_water,Jamnagar (Sikka) marine terminal,1186.51,False,False,4,prolonged_dwell_open_water,False
248550000,PERTH I,MLT,india_mangalore_dec2025_jan2026,2025-12-06 13:00:00+00:00,2025-12-14 18:00:00+00:00,197.0,198,1.0,12.9299,74.81985,3.417,prolonged,open_water,Jamnagar (Sikka) marine terminal,1186.14,False,False,4,prolonged_dwell_open_water,False
419779000,SCI MUKTA,IND,india_mangalore_dec2025_jan2026,2026-01-06 18:00:00+00:00,2026-01-14 23:00:00+00:00,197.0,193,0.975,12.92,74.68,0.0,prolonged,open_water,Jamnagar (Sikka) marine terminal,1180.48,False,False,4,prolonged_dwell_open_water,False
419000117,DOLPHIN NO.2,IND,india_mangalore_dec2025_jan2026,2025-12-30 02:00:00+00:00,2026-01-07 00:00:00+00:00,190.0,184,0.963,12.92266,74.81087,2.404,prolonged,open_water,Jamnagar (Sikka) marine terminal,1186.43,False,False,4,prolonged_dwell_open_water,False
370356000,LUCKY EILEEN,PAN,india_mangalore_dec2025_jan2026,2026-01-04 21:00:00+00:00,2026-01-12 16:00:00+00:00,187.0,187,0.995,12.92995,74.81979,4.452,prolonged,open_water,Jamnagar (Sikka) marine terminal,1186.13,False,False,4,prolonged_dwell_open_water,False
419000274,OCEAN HARMONY,IND,india_mangalore_dec2025_jan2026,2025-12-16 10:00:00+00:00,2025-12-24 02:00:00+00:00,184.0,185,1.0,12.93686,74.81816,3.146,prolonged,open_water,Jamnagar (Sikka) marine terminal,1185.37,False,False,4,prolonged_dwell_open_water,False
419000533,OCEAN ENDURANCE,IND,india_mangalore_dec2025_jan2026,2026-01-07 13:00:00+00:00,2026-01-14 23:00:00+00:00,178.0,177,0.989,12.92373,74.81164,4.532,prolonged,open_water,Jamnagar (Sikka) marine terminal,1186.36,False,False,4,prolonged_dwell_open_water,False
419956204,BLUE DAIMOND,IND,india_mangalore_dec2025_jan2026,2025-12-01 00:00:00+00:00,2025-12-08 00:00:00+00:00,168.0,169,1.0,12.86,74.83,0.0,extended,open_water,Jamnagar (Sikka) marine terminal,1193.6,False,False,3,,False
419017300,DCI DREDGE XVI,IND,india_mangalore_dec2025_jan2026,2026-01-08 02:00:00+00:00,2026-01-14 23:00:00+00:00,165.0,166,1.0,12.93036,74.82,1.072,extended,open_water,Jamnagar (Sikka) marine terminal,1186.1,False,False,3,,False
636093244,GASCHEM EUROPE,LBR,india_mangalore_dec2025_jan2026,2025-12-26 06:00:00+00:00,2026-01-02 02:00:00+00:00,164.0,165,1.0,12.96,74.6,0.0,extended,open_water,Jamnagar (Sikka) marine terminal,1172.72,False,False,3,,False
419000274,OCEAN HARMONY,IND,india_mangalore_dec2025_jan2026,2025-12-07 06:00:00+00:00,2025-12-14 01:00:00+00:00,163.0,164,1.0,12.93488,74.81762,3.42,extended,open_water,Jamnagar (Sikka) marine terminal,1185.54,False,False,3,,False
419801746,YOJAKA DHRUV,IND,india_mangalore_dec2025_jan2026,2026-01-02 16:00:00+00:00,2026-01-09 09:00:00+00:00,161.0,153,0.944,12.92974,74.80301,2.166,extended,open_water,Jamnagar (Sikka) marine terminal,1185.35,False,False,3,,False
419000274,OCEAN HARMONY,IND,india_mangalore_dec2025_jan2026,2025-12-31 10:00:00+00:00,2026-01-07 01:00:00+00:00,159.0,160,1.0,12.93731,74.81844,4.589,extended,open_water,Jamnagar (Sikka) marine terminal,1185.34,False,False,3,,False
419001902,BURAQ 11,IND,india_mangalore_dec2025_jan2026,2025-12-11 14:00:00+00:00,2025-12-17 23:00:00+00:00,153.0,154,1.0,12.91065,74.66513,3.988,extended,open_water,Jamnagar (Sikka) marine terminal,1180.72,False,False,3,,False
419000175,VISHVA EKTA,IND,india_mangalore_dec2025_jan2026,2025-12-16 10:00:00+00:00,2025-12-22 17:00:00+00:00,151.0,152,1.0,12.93,74.81987,1.07,extended,open_water,Jamnagar (Sikka) marine terminal,1186.13,False,False,3,,False
419779000,SCI MUKTA,IND,india_mangalore_dec2025_jan2026,2025-12-31 10:00:00+00:00,2026-01-06 14:00:00+00:00,148.0,149,1.0,12.93584,74.81846,1.123,extended,open_water,Jamnagar (Sikka) marine terminal,1185.48,False,False,3,,False
256459000,PERISTIL,MLT,india_mangalore_dec2025_jan2026,2025-12-28 05:00:00+00:00,2026-01-03 02:00:00+00:00,141.0,142,1.0,12.93,74.82,0.0,extended,open_water,Jamnagar (Sikka) marine terminal,1186.14,False,False,3,,False
419000177,VISHVA BANDHAN,IND,india_mangalore_dec2025_jan2026,2026-01-03 21:00:00+00:00,2026-01-09 17:00:00+00:00,140.0,141,1.0,12.92993,74.81972,3.404,extended,open_water,Jamnagar (Sikka) marine terminal,1186.13,False,False,3,,False
419000533,OCEAN ENDURANCE,IND,india_mangalore_dec2025_jan2026,2025-12-22 10:00:00+00:00,2025-12-28 05:00:00+00:00,139.0,140,1.0,12.92429,74.81271,3.577,extended,open_water,Jamnagar (Sikka) marine terminal,1186.36,False,False,3,,False
357740000,CHEMROAD WING,PAN,india_mangalore_dec2025_jan2026,2025-12-29 08:00:00+00:00,2026-01-04 02:00:00+00:00,138.0,133,0.957,12.97992,74.60015,2.418,extended,open_water,Jamnagar (Sikka) marine terminal,1170.73,False,False,3,,False
419912968,AL  AQSA,IND,india_mangalore_dec2025_jan2026,2025-12-17 13:00:00+00:00,2025-12-23 03:00:00+00:00,134.0,114,0.844,12.86368,74.29553,1.824,extended,open_water,Jamnagar (Sikka) marine terminal,1168.7,False,False,3,,False
419000274,OCEAN HARMONY,IND,india_mangalore_dec2025_jan2026,2026-01-09 12:00:00+00:00,2026-01-14 23:00:00+00:00,131.0,132,1.0,12.93553,74.8172,1.962,extended,open_water,Jamnagar (Sikka) marine terminal,1185.45,False,False,3,,False
538004551,LMZ ARIEL,MHL,india_mangalore_dec2025_jan2026,2025-12-08 01:00:00+00:00,2025-12-13 11:00:00+00:00,130.0,131,1.0,12.92985,74.81947,4.415,extended,open_water,Jamnagar (Sikka) marine terminal,1186.13,False,False,3,,False
636023001,LIMA TRADER,LBR,india_mangalore_dec2025_jan2026,2025-12-15 15:00:00+00:00,2025-12-21 01:00:00+00:00,130.0,131,1.0,12.93,74.82,0.0,extended,open_water,Jamnagar (Sikka) marine terminal,1186.14,False,False,3,,False
371651000,TAI SUCCESS,PAN,india_mangalore_dec2025_jan2026,2025-12-29 10:00:00+00:00,2026-01-03 19:00:00+00:00,129.0,130,1.0,12.93,74.82,0.0,extended,open_water,Jamnagar (Sikka) marine terminal,1186.14,False,False,3,,False
419001984,,IND,india_mangalore_dec2025_jan2026,2025-12-01 02:00:00+00:00,2025-12-06 11:00:00+00:00,129.0,124,0.954,12.93847,74.81806,4.608,extended,open_water,Jamnagar (Sikka) marine terminal,1185.2,False,False,3,,False
354332000,TAN BINH 259,PAN,india_mangalore_dec2025_jan2026,2026-01-04 14:00:00+00:00,2026-01-09 21:00:00+00:00,127.0,127,0.992,12.93,74.82,0.0,extended,open_water,Jamnagar (Sikka) marine terminal,1186.14,False,False,3,,False
538006490,SILVER EBALINA,MHL,india_mangalore_dec2025_jan2026,2025-12-15 07:00:00+00:00,2025-12-20 11:00:00+00:00,124.0,125,1.0,12.96712,74.65408,1.019,extended,open_water,Jamnagar (Sikka) marine terminal,1174.54,False,False,3,,False
419000177,VISHVA BANDHAN,IND,india_mangalore_dec2025_jan2026,2025-12-04 16:00:00+00:00,2025-12-09 19:00:00+00:00,123.0,124,1.0,12.94,74.69178,0.891,extended,open_water,Jamnagar (Sikka) marine terminal,1179.03,False,False,3,,False
538009291,FIVOS,MHL,india_mangalore_dec2025_jan2026,2025-12-05 02:00:00+00:00,2025-12-10 04:00:00+00:00,122.0,123,1.0,12.93,74.82,0.0,extended,open_water,Jamnagar (Sikka) marine terminal,1186.14,False,False,3,,False
419001654,KAVIRAJ,IND,india_mangalore_dec2025_jan2026,2025-12-29 15:00:00+00:00,2026-01-03 16:00:00+00:00,121.0,112,0.918,12.90438,74.65697,3.042,extended,open_water,Jamnagar (Sikka) marine terminal,1180.96,False,False,3,,False
419001984,,IND,india_mangalore_dec2025_jan2026,2025-12-15 04:00:00+00:00,2025-12-20 05:00:00+00:00,121.0,122,1.0,12.93803,74.81787,4.568,extended,open_water,Jamnagar (Sikka) marine terminal,1185.24,False,False,3,,False
538009334,COMMON ATLAS,MHL,india_mangalore_dec2025_jan2026,2025-12-08 08:00:00+00:00,2025-12-13 07:00:00+00:00,119.0,120,1.0,12.97,74.63983,1.066,extended,open_water,Jamnagar (Sikka) marine terminal,1173.58,False,False,3,,False
419050311,JEHOVANISSI NET 199%,IND,india_mangalore_dec2025_jan2026,2025-12-13 05:00:00+00:00,2025-12-18 03:00:00+00:00,118.0,109,0.916,13.15807,74.5545,3.85,extended,open_water,Jamnagar (Sikka) marine terminal,1150.73,False,False,3,,False
538009334,COMMON ATLAS,MHL,india_mangalore_dec2025_jan2026,2025-12-13 09:00:00+00:00,2025-12-18 04:00:00+00:00,115.0,110,0.948,12.92991,74.81964,3.396,extended,open_water,Jamnagar (Sikka) marine terminal,1186.13,False,False,3,,False
563105700,ASL IXORA,SGP,india_mangalore_dec2025_jan2026,2025-12-08 16:00:00+00:00,2025-12-13 11:00:00+00:00,115.0,116,1.0,12.92991,74.81957,4.428,extended,open_water,Jamnagar (Sikka) marine terminal,1186.13,False,False,3,,False
354332000,TAN BINH 259,PAN,india_mangalore_dec2025_jan2026,2026-01-10 07:00:00+00:00,2026-01-14 23:00:00+00:00,112.0,113,1.0,12.93,74.82,0.0,extended,open_water,Jamnagar (Sikka) marine terminal,1186.14,False,False,3,,False
636015166,FLEVES,LBR,india_mangalore_dec2025_jan2026,2025-12-19 13:00:00+00:00,2025-12-24 04:00:00+00:00,111.0,112,1.0,12.93938,74.61,4.336,extended,open_water,Jamnagar (Sikka) marine terminal,1175.26,False,False,3,,False
419001654,KAVIRAJ,IND,india_mangalore_dec2025_jan2026,2025-12-20 12:00:00+00:00,2025-12-25 02:00:00+00:00,110.0,106,0.955,12.91689,74.67509,3.305,extended,open_water,Jamnagar (Sikka) marine terminal,1180.56,False,False,3,,False
538008175,YASA VENUS,MHL,india_mangalore_dec2025_jan2026,2025-12-29 01:00:00+00:00,2026-01-02 15:00:00+00:00,110.0,111,1.0,12.93,74.82,0.0,extended,open_water,Jamnagar (Sikka) marine terminal,1186.14,False,False,3,,False
419001470,CORONET,IND,india_mangalore_dec2025_jan2026,2025-12-04 16:00:00+00:00,2025-12-09 04:00:00+00:00,108.0,109,1.0,12.98018,74.60963,4.827,extended,open_water,Jamnagar (Sikka) marine terminal,1171.15,False,False,3,,False
419956204,BLUE DAIMOND,IND,india_mangalore_dec2025_jan2026,2025-12-08 09:00:00+00:00,2025-12-12 21:00:00+00:00,108.0,85,0.78,12.86082,74.22941,3.401,extended,open_water,Jamnagar (Sikka) marine terminal,1166.11,False,False,3,,False
447274000,GAS UMM AL ROWAISAT,KWT,india_mangalore_dec2025_jan2026,2025-12-30 16:00:00+00:00,2026-01-04 03:00:00+00:00,107.0,108,1.0,12.99769,74.61287,2.704,extended,open_water,Jamnagar (Sikka) marine terminal,1169.54,False,False,3,,False
219641000,TORM DAMINI,DNK,india_mangalore_dec2025_jan2026,2026-01-10 13:00:00+00:00,2026-01-14 23:00:00+00:00,106.0,107,1.0,12.96944,74.64,1.05,extended,open_water,Jamnagar (Sikka) marine terminal,1173.65,False,False,3,,False
477881600,SEAFRONTIER,HKG,india_mangalore_dec2025_jan2026,2025-12-01 19:00:00+00:00,2025-12-06 04:00:00+00:00,105.0,106,1.0,12.92,74.81,0.0,extended,open_water,Jamnagar (Sikka) marine terminal,1186.65,False,False,3,,False
538010490,DUBAI GALACTIC,MHL,india_mangalore_dec2025_jan2026,2026-01-10 14:00:00+00:00,2026-01-14 23:00:00+00:00,105.0,106,1.0,12.93,74.82,0.0,extended,open_water,Jamnagar (Sikka) marine terminal,1186.14,False,False,3,,False
419000905,DAWN MANSAROVAR,IND,india_mangalore_dec2025_jan2026,2025-12-05 00:00:00+00:00,2025-12-09 08:00:00+00:00,104.0,105,1.0,12.98,74.63409,0.64,extended,open_water,Jamnagar (Sikka) marine terminal,1172.31,False,False,3,,False
563105700,ASL IXORA,SGP,india_mangalore_dec2025_jan2026,2025-12-04 05:00:00+00:00,2025-12-08 13:00:00+00:00,104.0,105,1.0,12.95,74.6,0.0,extended,open_water,Jamnagar (Sikka) marine terminal,1173.73,False,False,3,,False
419000178,VISHVA VIKAS,IND,india_mangalore_dec2025_jan2026,2025-12-18 01:00:00+00:00,2025-12-22 08:00:00+00:00,103.0,104,1.0,12.93,74.82,0.0,extended,open_water,Jamnagar (Sikka) marine terminal,1186.14,False,False,3,,False
352005142,CL SPRUCE,PAN,india_mangalore_dec2025_jan2026,2026-01-03 12:00:00+00:00,2026-01-07 18:00:00+00:00,102.0,103,1.0,12.93,74.8199,1.073,extended,open_water,Jamnagar (Sikka) marine terminal,1186.13,False,False,3,,False
419000248,87,IND,india_mangalore_dec2025_jan2026,2025-12-01 00:00:00+00:00,2025-12-05 05:00:00+00:00,101.0,102,1.0,12.93,74.8198,1.063,extended,open_water,Jamnagar (Sikka) marine terminal,1186.13,False,False,3,,False
419000178,VISHVA VIKAS,IND,india_mangalore_dec2025_jan2026,2025-12-22 11:00:00+00:00,2025-12-26 14:00:00+00:00,99.0,100,1.0,12.9691,74.64,1.483,extended,open_water,Jamnagar (Sikka) marine terminal,1173.68,False,False,3,,False
419322000,SAMUDRA SHAUDHIKAMA,IND,india_mangalore_dec2025_jan2026,2025-12-04 08:00:00+00:00,2025-12-08 11:00:00+00:00,99.0,100,1.0,12.93,74.82,0.0,extended,open_water,Jamnagar (Sikka) marine terminal,1186.14,False,False,3,,False
215622000,TAXIDIARA,MLT,india_mangalore_dec2025_jan2026,2025-12-29 16:00:00+00:00,2026-01-02 15:00:00+00:00,95.0,96,1.0,12.93,74.8199,1.073,extended,open_water,Jamnagar (Sikka) marine terminal,1186.13,False,False,3,,False
419000117,DOLPHIN NO.2,IND,india_mangalore_dec2025_jan2026,2026-01-10 07:00:00+00:00,2026-01-14 06:00:00+00:00,95.0,95,0.99,12.92274,74.81021,3.372,extended,open_water,Jamnagar (Sikka) marine terminal,1186.39,False,False,3,,False
419000274,OCEAN HARMONY,IND,india_mangalore_dec2025_jan2026,2025-12-02 09:00:00+00:00,2025-12-06 08:00:00+00:00,95.0,96,1.0,12.9375,74.81865,2.805,extended,open_water,Jamnagar (Sikka) marine terminal,1185.33,False,False,3,,False
419001746,SARATHI,IND,india_mangalore_dec2025_jan2026,2025-12-14 12:00:00+00:00,2025-12-18 06:00:00+00:00,90.0,91,1.0,12.93846,74.81835,4.636,extended,open_water,Jamnagar (Sikka) marine terminal,1185.22,False,False,3,,False
667001608,CHONGCHON,SLE,india_mangalore_dec2025_jan2026,2025-12-06 06:00:00+00:00,2025-12-10 00:00:00+00:00,90.0,91,1.0,12.96011,74.65945,1.503,extended,open_water,Jamnagar (Sikka) marine terminal,1175.49,False,False,3,,False
419000533,OCEAN ENDURANCE,IND,india_mangalore_dec2025_jan2026,2025-12-13 12:00:00+00:00,2025-12-17 05:00:00+00:00,89.0,88,0.978,12.92216,74.81068,2.226,extended,open_water,Jamnagar (Sikka) marine terminal,1186.47,False,False,3,,False
419001654,KAVIRAJ,IND,india_mangalore_dec2025_jan2026,2025-12-16 06:00:00+00:00,2025-12-19 23:00:00+00:00,89.0,90,1.0,12.91711,74.67533,3.34,extended,open_water,Jamnagar (Sikka) marine terminal,1180.55,False,False,3,,False
563105200,CHEM GUARD,SGP,india_mangalore_dec2025_jan2026,2025-12-11 16:00:00+00:00,2025-12-15 08:00:00+00:00,88.0,76,0.854,12.92013,74.81,1.097,extended,open_water,Jamnagar (Sikka) marine terminal,1186.64,False,False,3,,False
414071000,GUO YUAN 18,CHN,india_mangalore_dec2025_jan2026,2025-12-11 19:00:00+00:00,2025-12-15 10:00:00+00:00,87.0,88,1.0,13.0,74.59204,1.407,extended,open_water,Jamnagar (Sikka) marine terminal,1168.34,False,False,3,,False
419000177,VISHVA BANDHAN,IND,india_mangalore_dec2025_jan2026,2025-12-01 00:00:00+00:00,2025-12-04 15:00:00+00:00,87.0,88,1.0,12.92989,74.81955,4.425,extended,open_water,Jamnagar (Sikka) marine terminal,1186.13,False,False,3,,False
419180269,MOTHER NET 2_99%,IND,india_mangalore_dec2025_jan2026,2025-12-16 05:00:00+00:00,2025-12-19 20:00:00+00:00,87.0,78,0.886,13.29436,74.60372,4.949,extended,open_water,Jamnagar (Sikka) marine terminal,1139.44,False,False,3,,False
419000274,OCEAN HARMONY,IND,india_mangalore_dec2025_jan2026,2025-12-24 14:00:00+00:00,2025-12-28 04:00:00+00:00,86.0,87,1.0,12.9354,74.81851,3.532,extended,open_water,Jamnagar (Sikka) marine terminal,1185.53,False,False,3,,False
664288000,SEYCHELLES PIONEER,SYC,india_mangalore_dec2025_jan2026,2025-12-24 19:00:00+00:00,2025-12-28 09:00:00+00:00,86.0,87,1.0,12.92989,74.80954,4.424,extended,open_water,Jamnagar (Sikka) marine terminal,1185.65,False,False,3,,False
353544000,BORETI,PAN,india_mangalore_dec2025_jan2026,2025-12-06 04:00:00+00:00,2025-12-09 17:00:00+00:00,85.0,86,1.0,12.93,74.81,0.0,extended,open_water,Jamnagar (Sikka) marine terminal,1185.66,False,False,3,,False
419472000,DESH RAKSHAK,IND,india_mangalore_dec2025_jan2026,2025-12-26 22:00:00+00:00,2025-12-30 11:00:00+00:00,85.0,85,0.988,12.984,74.61918,4.268,extended,open_water,Jamnagar (Sikka) marine terminal,1171.21,False,False,3,,False
414037000,GUO HAI LIAN 818,CHN,india_mangalore_dec2025_jan2026,2025-12-21 19:00:00+00:00,2025-12-25 07:00:00+00:00,84.0,85,1.0,12.93,74.82,0.0,extended,open_water,Jamnagar (Sikka) marine terminal,1186.14,False,False,3,,False
419001655,PINE GAS,IND,india_mangalore_dec2025_jan2026,2025-12-14 06:00:00+00:00,2025-12-17 18:00:00+00:00,84.0,82,0.965,12.92,74.81,0.0,extended,open_water,Jamnagar (Sikka) marine terminal,1186.65,False,False,3,,False
314571000,OBE GRANDE,BRB,india_mangalore_dec2025_jan2026,2025-12-08 04:00:00+00:00,2025-12-11 15:00:00+00:00,83.0,84,1.0,12.98,74.6,0.0,extended,open_water,Jamnagar (Sikka) marine terminal,1170.72,False,False,3,,False
371651000,TAI SUCCESS,PAN,india_mangalore_dec2025_jan2026,2025-12-25 20:00:00+00:00,2025-12-29 07:00:00+00:00,83.0,84,1.0,12.96536,74.62,0.596,extended,open_water,Jamnagar (Sikka) marine terminal,1173.12,False,False,3,,False
419081116,SHALOOM NET 1-99%,IND,india_mangalore_dec2025_jan2026,2025-12-12 10:00:00+00:00,2025-12-15 21:00:00+00:00,83.0,63,0.75,13.44111,74.55587,3.557,extended,open_water,Jamnagar (Sikka) marine terminal,1122.52,False,False,3,,False
419322000,SAMUDRA SHAUDHIKAMA,IND,india_mangalore_dec2025_jan2026,2025-12-14 00:00:00+00:00,2025-12-17 11:00:00+00:00,83.0,78,0.929,12.92987,74.81962,2.392,extended,open_water,Jamnagar (Sikka) marine terminal,1186.13,False,False,3,,False
563131300,MARITIME GUARDIAN,SGP,india_mangalore_dec2025_jan2026,2025-12-04 19:00:00+00:00,2025-12-08 06:00:00+00:00,83.0,84,1.0,12.96976,74.60012,2.445,extended,open_water,Jamnagar (Sikka) marine terminal,1171.75,False,False,3,,False
311001788,LISBON,BHS,india_mangalore_dec2025_jan2026,2025-12-08 21:00:00+00:00,2025-12-12 07:00:00+00:00,82.0,83,1.0,12.93361,74.81349,3.933,extended,open_water,Jamnagar (Sikka) marine terminal,1185.47,False,False,3,,False
419322000,SAMUDRA SHAUDHIKAMA,IND,india_mangalore_dec2025_jan2026,2025-12-23 01:00:00+00:00,2025-12-26 11:00:00+00:00,82.0,83,1.0,12.93,74.82,0.0,extended,open_water,Jamnagar (Sikka) marine terminal,1186.14,False,False,3,,False
419678778,BETHAL NET 1(62%,IND,india_mangalore_dec2025_jan2026,2025-12-12 09:00:00+00:00,2025-12-15 19:00:00+00:00,82.0,64,0.771,13.22875,74.59797,3.58,extended,open_water,Jamnagar (Sikka) marine terminal,1145.71,False,False,3,,False
314571000,OBE GRANDE,BRB,india_mangalore_dec2025_jan2026,2025-12-12 04:00:00+00:00,2025-12-15 13:00:00+00:00,81.0,82,1.0,12.92988,74.82,1.098,extended,open_water,Jamnagar (Sikka) marine terminal,1186.15,False,False,3,,False
355091000,BUNGO PRINCESS,PAN,india_mangalore_dec2025_jan2026,2025-12-06 07:00:00+00:00,2025-12-09 16:00:00+00:00,81.0,82,1.0,12.93963,74.81963,3.883,extended,open_water,Jamnagar (Sikka) marine terminal,1185.16,False,False,3,,False
419322000,SAMUDRA SHAUDHIKAMA,IND,india_mangalore_dec2025_jan2026,2026-01-01 02:00:00+00:00,2026-01-04 11:00:00+00:00,81.0,82,1.0,12.93,74.82,0.0,extended,open_water,Jamnagar (Sikka) marine terminal,1186.14,False,False,3,,False
373885000,LUCTOR,PAN,india_mangalore_dec2025_jan2026,2025-12-09 16:00:00+00:00,2025-12-13 00:00:00+00:00,80.0,81,1.0,12.92,74.8095,4.282,extended,open_water,Jamnagar (Sikka) marine terminal,1186.63,False,False,3,,False
419000175,VISHVA EKTA,IND,india_mangalore_dec2025_jan2026,2025-12-12 22:00:00+00:00,2025-12-16 05:00:00+00:00,79.0,79,0.988,12.94987,74.6,1.098,extended,open_water,Jamnagar (Sikka) marine terminal,1173.74,False,False,3,,False
419001984,,IND,india_mangalore_dec2025_jan2026,2025-12-06 18:00:00+00:00,2025-12-10 00:00:00+00:00,78.0,78,0.987,12.93667,74.81654,4.372,extended,open_water,Jamnagar (Sikka) marine terminal,1185.31,False,False,3,,False
649555000,PACIFIC EXPLORER,MLI,india_mangalore_dec2025_jan2026,2025-12-03 18:00:00+00:00,2025-12-06 23:00:00+00:00,77.0,78,1.0,12.95,74.68,0.0,extended,open_water,Jamnagar (Sikka) marine terminal,1177.47,False,False,3,,False
419000117,DOLPHIN NO.2,IND,india_mangalore_dec2025_jan2026,2025-12-24 04:00:00+00:00,2025-12-27 08:00:00+00:00,76.0,76,0.987,12.92395,74.81118,2.392,extended,open_water,Jamnagar (Sikka) marine terminal,1186.32,False,False,3,,False
538009085,DHALKUT,MHL,india_mangalore_dec2025_jan2026,2025-12-19 20:00:00+00:00,2025-12-23 00:00:00+00:00,76.0,76,0.987,12.91158,74.63842,2.86,extended,open_water,Jamnagar (Sikka) marine terminal,1179.38,False,False,3,,False
419000117,DOLPHIN NO.2,IND,india_mangalore_dec2025_jan2026,2025-12-21 00:00:00+00:00,2025-12-24 03:00:00+00:00,75.0,76,1.0,12.90618,74.65013,2.645,extended,open_water,Jamnagar (Sikka) marine terminal,1180.46,False,False,3,,False
419001310,PENNA SURAKSHA,IND,india_mangalore_dec2025_jan2026,2025-12-02 04:00:00+00:00,2025-12-05 07:00:00+00:00,75.0,76,1.0,12.94,74.82,0.0,extended,open_water,Jamnagar (Sikka) marine terminal,1185.14,False,False,3,,False
419000633,SAMUDRA RATNAKAR,IND,india_mangalore_dec2025_jan2026,2025-12-10 06:00:00+00:00,2025-12-13 08:00:00+00:00,74.0,75,1.0,12.93,74.81947,2.109,extended,open_water,Jamnagar (Sikka) marine terminal,1186.11,False,False,3,,False
419471000,DESH PREM,IND,india_mangalore_dec2025_jan2026,2025-12-07 17:00:00+00:00,2025-12-10 19:00:00+00:00,74.0,75,1.0,12.92013,74.81,1.097,extended,open_water,Jamnagar (Sikka) marine terminal,1186.64,False,False,3,,False
419000274,OCEAN HARMONY,IND,india_mangalore_dec2025_jan2026,2025-12-28 07:00:00+00:00,2025-12-31 07:00:00+00:00,72.0,73,1.0,12.93534,74.81712,1.948,extended,open_water,Jamnagar (Sikka) marine terminal,1185.47,False,False,3,,False
563276600,PRABHU MIHIKAA,SGP,india_mangalore_dec2025_jan2026,2026-01-10 04:00:00+00:00,2026-01-13 04:00:00+00:00,72.0,72,0.986,12.98625,74.72722,3.022,extended,open_water,Jamnagar (Sikka) marine terminal,1176.09,False,False,3,,False
215622000,TAXIDIARA,MLT,india_mangalore_dec2025_jan2026,2025-12-26 14:00:00+00:00,2025-12-29 13:00:00+00:00,71.0,71,0.986,12.95,74.6,0.0,extended,open_water,Jamnagar (Sikka) marine terminal,1173.73,False,False,3,,False
419001746,SARATHI,IND,india_mangalore_dec2025_jan2026,2025-12-23 01:00:00+00:00,2025-12-26 00:00:00+00:00,71.0,72,1.0,12.93819,74.81861,2.857,extended,open_water,Jamnagar (Sikka) marine terminal,1185.26,False,False,3,,False
419001746,SARATHI,IND,india_mangalore_dec2025_jan2026,2026-01-04 07:00:00+00:00,2026-01-07 06:00:00+00:00,71.0,72,1.0,12.93736,74.81792,4.54,extended,open_water,Jamnagar (Sikka) marine terminal,1185.31,False,False,3,,False
636019233,HIGH VOYAGER,LBR,india_mangalore_dec2025_jan2026,2025-12-28 14:00:00+00:00,2025-12-31 13:00:00+00:00,71.0,72,1.0,12.95,74.62,0.0,extended,open_water,Jamnagar (Sikka) marine terminal,1174.66,False,False,3,,False
352005578,BAO TAI HAI,PAN,india_mangalore_dec2025_jan2026,2025-12-21 16:00:00+00:00,2025-12-24 14:00:00+00:00,70.0,71,1.0,12.93,74.81972,1.053,extended,open_water,Jamnagar (Sikka) marine terminal,1186.13,False,False,3,,False
419000248,87,IND,india_mangalore_dec2025_jan2026,2025-12-05 09:00:00+00:00,2025-12-08 06:00:00+00:00,69.0,70,1.0,12.92971,74.81886,4.348,extended,open_water,Jamnagar (Sikka) marine terminal,1186.11,False,False,3,,False
419740112,MOTHER NET 1_82%,IND,india_mangalore_dec2025_jan2026,2025-12-17 01:00:00+00:00,2025-12-19 21:00:00+00:00,68.0,57,0.826,13.30316,74.5993,4.257,extended,open_water,Jamnagar (Sikka) marine terminal,1138.35,False,False,3,,False
538012084,MARIA FAITH,MHL,india_mangalore_dec2025_jan2026,2026-01-08 15:00:00+00:00,2026-01-11 10:00:00+00:00,67.0,62,0.912,12.92016,74.81,1.094,extended,open_water,Jamnagar (Sikka) marine terminal,1186.64,False,False,3,,False
649555000,PACIFIC EXPLORER,MLI,india_mangalore_dec2025_jan2026,2025-12-09 12:00:00+00:00,2025-12-12 07:00:00+00:00,67.0,68,1.0,12.96,74.67015,1.068,extended,open_water,Jamnagar (Sikka) marine terminal,1176.01,False,False,3,,False
636024742,ALIAKMON I,LBR,india_mangalore_dec2025_jan2026,2025-12-02 04:00:00+00:00,2025-12-04 22:00:00+00:00,66.0,67,1.0,12.89851,74.64881,4.449,extended,open_water,Jamnagar (Sikka) marine terminal,1181.17,False,False,3,,False
419001654,KAVIRAJ,IND,india_mangalore_dec2025_jan2026,2026-01-12 06:00:00+00:00,2026-01-14 23:00:00+00:00,65.0,59,0.894,12.91712,74.67627,3.425,extended,open_water,Jamnagar (Sikka) marine terminal,1180.59,False,False,3,,False
419001850,OCEAN SPLENDOUR,IND,india_mangalore_dec2025_jan2026,2026-01-12 07:00:00+00:00,2026-01-14 23:00:00+00:00,64.0,65,1.0,12.922,74.81092,1.326,extended,open_water,Jamnagar (Sikka) marine terminal,1186.5,False,False,3,,False
419678778,BETHAL NET 1(62%,IND,india_mangalore_dec2025_jan2026,2025-12-17 10:00:00+00:00,2025-12-20 02:00:00+00:00,64.0,64,0.985,13.2375,74.60719,4.736,extended,open_water,Jamnagar (Sikka) marine terminal,1145.28,False,False,3,,False
419731184,VINNARASI NET 3N_78%,IND,india_mangalore_dec2025_jan2026,2025-12-17 12:00:00+00:00,2025-12-20 04:00:00+00:00,64.0,41,0.631,13.56659,74.29634,4.202,extended,open_water,Jamnagar (Sikka) marine terminal,1097.7,False,False,3,,False
636013373,IOANNA,LBR,india_mangalore_dec2025_jan2026,2026-01-12 06:00:00+00:00,2026-01-14 22:00:00+00:00,64.0,65,1.0,12.9,74.65,0.0,extended,open_water,Jamnagar (Sikka) marine terminal,1181.08,False,False,3,,False
636020693,CRUDE LEVANTE,LBR,india_mangalore_dec2025_jan2026,2025-12-27 09:00:00+00:00,2025-12-30 01:00:00+00:00,64.0,63,0.969,12.89968,74.64984,2.435,extended,open_water,Jamnagar (Sikka) marine terminal,1181.1,False,False,3,,False
419000167,OCEAN ICON,IND,india_mangalore_dec2025_jan2026,2026-01-12 07:00:00+00:00,2026-01-14 22:00:00+00:00,63.0,64,1.0,12.9,74.65266,1.372,extended,open_water,Jamnagar (Sikka) marine terminal,1181.2,False,False,3,,False
419001043,C-448,IND,india_mangalore_dec2025_jan2026,2025-12-04 14:00:00+00:00,2025-12-07 05:00:00+00:00,63.0,64,1.0,12.92,74.81,0.0,extended,open_water,Jamnagar (Sikka) marine terminal,1186.65,False,False,3,,False
419001654,KAVIRAJ,IND,india_mangalore_dec2025_jan2026,2025-12-26 11:00:00+00:00,2025-12-29 02:00:00+00:00,63.0,53,0.828,12.91151,74.67189,2.695,extended,open_water,Jamnagar (Sikka) marine terminal,1180.95,False,False,3,,False
419001654,KAVIRAJ,IND,india_mangalore_dec2025_jan2026,2026-01-05 10:00:00+00:00,2026-01-08 01:00:00+00:00,63.0,46,0.719,12.9037,74.65544,3.221,extended,open_water,Jamnagar (Sikka) marine terminal,1180.96,False,False,3,,False
419472000,DESH RAKSHAK,IND,india_mangalore_dec2025_jan2026,2025-12-30 14:00:00+00:00,2026-01-02 05:00:00+00:00,63.0,64,1.0,12.92016,74.80984,1.528,extended,open_water,Jamnagar (Sikka) marine terminal,1186.63,False,False,3,,False
477925900,JIA FOISON,HKG,india_mangalore_dec2025_jan2026,2025-12-21 16:00:00+00:00,2025-12-24 07:00:00+00:00,63.0,64,1.0,12.93,74.81,0.0,extended,open_water,Jamnagar (Sikka) marine terminal,1185.66,False,False,3,,False
249799000,ELENI M II,MLT,india_mangalore_dec2025_jan2026,2025-12-21 17:00:00+00:00,2025-12-24 07:00:00+00:00,62.0,63,1.0,12.95,74.62,0.0,extended,open_water,Jamnagar (Sikka) marine terminal,1174.66,False,False,3,,False
511100268,ARIHANT,PLW,india_mangalore_dec2025_jan2026,2026-01-05 15:00:00+00:00,2026-01-08 05:00:00+00:00,62.0,59,0.937,12.93746,74.81881,2.164,extended,open_water,Jamnagar (Sikka) marine terminal,1185.34,False,False,3,,False
538005068,SEA PROTEUS,MHL,india_mangalore_dec2025_jan2026,2025-12-17 21:00:00+00:00,2025-12-20 11:00:00+00:00,62.0,63,1.0,12.93,74.81,0.0,extended,open_water,Jamnagar (Sikka) marine terminal,1185.66,False,False,3,,False
636017478,STAR MACARENA,LBR,india_mangalore_dec2025_jan2026,2025-12-10 23:00:00+00:00,2025-12-13 13:00:00+00:00,62.0,63,1.0,12.92984,74.80984,1.528,extended,open_water,Jamnagar (Sikka) marine terminal,1185.67,False,False,3,,False
636024286,STAR SINGAPORE,LBR,india_mangalore_dec2025_jan2026,2026-01-10 07:00:00+00:00,2026-01-12 21:00:00+00:00,62.0,63,1.0,12.93,74.82,0.0,extended,open_water,Jamnagar (Sikka) marine terminal,1186.14,False,False,3,,False
371720000,GLOBE POLARIS,PAN,india_mangalore_dec2025_jan2026,2025-12-05 12:00:00+00:00,2025-12-08 01:00:00+00:00,61.0,62,1.0,12.98984,74.59096,1.468,extended,open_water,Jamnagar (Sikka) marine terminal,1169.31,False,False,3,,False
419000167,OCEAN ICON,IND,india_mangalore_dec2025_jan2026,2025-12-24 03:00:00+00:00,2025-12-26 16:00:00+00:00,61.0,61,0.984,12.90033,74.64951,2.373,extended,open_water,Jamnagar (Sikka) marine terminal,1181.02,False,False,3,,False
248550000,PERTH I,MLT,india_mangalore_dec2025_jan2026,2025-12-03 22:00:00+00:00,2025-12-06 10:00:00+00:00,60.0,61,1.0,13.0,74.63,0.0,extended,open_water,Jamnagar (Sikka) marine terminal,1170.11,False,False,3,,False
419000533,OCEAN ENDURANCE,IND,india_mangalore_dec2025_jan2026,2025-12-18 01:00:00+00:00,2025-12-20 13:00:00+00:00,60.0,61,1.0,12.90033,74.64935,4.265,extended,open_water,Jamnagar (Sikka) marine terminal,1181.01,False,False,3,,False
419001053,OCEAN AQUAMARINE,IND,india_mangalore_dec2025_jan2026,2026-01-12 11:00:00+00:00,2026-01-14 23:00:00+00:00,60.0,61,1.0,12.93,74.81082,0.995,extended,open_water,Jamnagar (Sikka) marine terminal,1185.7,False,False,3,,False
419080986,SHALOOM NET 3-99%,IND,india_mangalore_dec2025_jan2026,2025-12-12 10:00:00+00:00,2025-12-14 22:00:00+00:00,60.0,49,0.803,13.42388,74.56326,4.082,extended,open_water,Jamnagar (Sikka) marine terminal,1124.59,False,False,3,,False
636015928,SEA VIBE,LBR,india_mangalore_dec2025_jan2026,2025-12-20 06:00:00+00:00,2025-12-22 18:00:00+00:00,60.0,60,0.984,12.92,74.80933,4.263,extended,open_water,Jamnagar (Sikka) marine terminal,1186.62,False,False,3,,False
419000533,OCEAN ENDURANCE,IND,india_mangalore_dec2025_jan2026,2025-12-02 10:00:00+00:00,2025-12-04 21:00:00+00:00,59.0,60,1.0,12.89983,74.65033,1.515,extended,open_water,Jamnagar (Sikka) marine terminal,1181.11,False,False,3,,False
636015166,FLEVES,LBR,india_mangalore_dec2025_jan2026,2025-12-24 05:00:00+00:00,2025-12-26 16:00:00+00:00,59.0,52,0.867,12.9,74.65019,1.063,extended,open_water,Jamnagar (Sikka) marine terminal,1181.09,False,False,3,,False
419001746,SARATHI,IND,india_mangalore_dec2025_jan2026,2025-12-03 07:00:00+00:00,2025-12-05 17:00:00+00:00,58.0,59,1.0,12.93864,74.81966,2.323,extended,open_water,Jamnagar (Sikka) marine terminal,1185.26,False,False,3,,False
419001902,BURAQ 11,IND,india_mangalore_dec2025_jan2026,2026-01-01 05:00:00+00:00,2026-01-03 15:00:00+00:00,58.0,59,1.0,12.93102,74.81966,1.053,extended,open_water,Jamnagar (Sikka) marine terminal,1186.02,False,False,3,,False
563105200,CHEM GUARD,SGP,india_mangalore_dec2025_jan2026,2025-12-09 04:00:00+00:00,2025-12-11 14:00:00+00:00,58.0,59,1.0,12.95,74.6,0.0,extended,open_water,Jamnagar (Sikka) marine terminal,1173.73,False,False,3,,False
419000175,VISHVA EKTA,IND,india_mangalore_dec2025_jan2026,2026-01-10 08:00:00+00:00,2026-01-12 17:00:00+00:00,57.0,57,0.983,12.95,74.6,0.0,extended,open_water,Jamnagar (Sikka) marine terminal,1173.73,False,False,3,,False
538011327,SC EQUATOR,MHL,india_mangalore_dec2025_jan2026,2025-12-28 18:00:00+00:00,2025-12-31 03:00:00+00:00,57.0,58,1.0,12.92,74.81,0.0,extended,open_water,Jamnagar (Sikka) marine terminal,1186.65,False,False,3,,False
574005600,APOLLO OCEAN,VNM,india_mangalore_dec2025_jan2026,2025-12-27 03:00:00+00:00,2025-12-29 12:00:00+00:00,57.0,58,1.0,12.92,74.80931,4.261,extended,open_water,Jamnagar (Sikka) marine terminal,1186.62,False,False,3,,False
636018158,BRAVEHEART I,LBR,india_mangalore_dec2025_jan2026,2025-12-09 15:00:00+00:00,2025-12-12 00:00:00+00:00,57.0,58,1.0,12.96966,74.6,1.074,extended,open_water,Jamnagar (Sikka) marine terminal,1171.75,False,False,3,,False
636020982,NAVE CONSTELLATION,LBR,india_mangalore_dec2025_jan2026,2025-12-18 04:00:00+00:00,2025-12-20 13:00:00+00:00,57.0,58,1.0,12.90017,74.65,1.093,extended,open_water,Jamnagar (Sikka) marine terminal,1181.06,False,False,3,,False
419000117,DOLPHIN NO.2,IND,india_mangalore_dec2025_jan2026,2025-12-27 17:00:00+00:00,2025-12-30 01:00:00+00:00,56.0,53,0.93,12.9,74.65,0.0,extended,open_water,Jamnagar (Sikka) marine terminal,1181.08,False,False,3,,False
419180269,MOTHER NET 2_99%,IND,india_mangalore_dec2025_jan2026,2025-12-12 10:00:00+00:00,2025-12-14 18:00:00+00:00,56.0,52,0.912,13.29231,74.58788,3.195,extended,open_water,Jamnagar (Sikka) marine terminal,1138.89,False,False,3,,False
371604000,ROSE M,PAN,india_mangalore_dec2025_jan2026,2025-12-02 14:00:00+00:00,2025-12-04 21:00:00+00:00,55.0,56,1.0,12.92,74.80928,4.258,extended,open_water,Jamnagar (Sikka) marine terminal,1186.62,False,False,3,,False
419001746,SARATHI,IND,india_mangalore_dec2025_jan2026,2026-01-09 22:00:00+00:00,2026-01-12 05:00:00+00:00,55.0,54,0.964,12.93815,74.81778,4.193,extended,open_water,Jamnagar (Sikka) marine terminal,1185.22,False,False,3,,False
419957166,GANESH KRIPA,IND,india_mangalore_dec2025_jan2026,2025-12-20 17:00:00+00:00,2025-12-23 00:00:00+00:00,55.0,55,0.982,12.58945,74.37364,4.526,extended,open_water,Jamnagar (Sikka) marine terminal,1200.02,False,False,3,,False
538006489,SILVER EUPLECTA,MHL,india_mangalore_dec2025_jan2026,2025-12-04 14:00:00+00:00,2025-12-06 21:00:00+00:00,55.0,56,1.0,12.96786,74.62,0.874,extended,open_water,Jamnagar (Sikka) marine terminal,1172.87,False,False,3,,False
649555000,PACIFIC EXPLORER,MLI,india_mangalore_dec2025_jan2026,2025-12-07 04:00:00+00:00,2025-12-09 11:00:00+00:00,55.0,56,1.0,12.92018,74.80964,2.392,extended,open_water,Jamnagar (Sikka) marine terminal,1186.62,False,False,3,,False
667001608,CHONGCHON,SLE,india_mangalore_dec2025_jan2026,2025-12-31 07:00:00+00:00,2026-01-02 14:00:00+00:00,55.0,53,0.946,12.92,74.81,0.0,extended,open_water,Jamnagar (Sikka) marine terminal,1186.65,False,False,3,,False
370653000,OCEAN GAS,PAN,india_mangalore_dec2025_jan2026,2025-12-17 18:00:00+00:00,2025-12-20 00:00:00+00:00,54.0,55,1.0,12.92,74.81,0.0,extended,open_water,Jamnagar (Sikka) marine terminal,1186.65,False,False,3,,False
351517000,VALIANT,PAN,india_mangalore_dec2025_jan2026,2025-12-16 05:00:00+00:00,2025-12-18 10:00:00+00:00,53.0,54,1.0,12.93,74.82,0.0,extended,open_water,Jamnagar (Sikka) marine terminal,1186.14,False,False,3,,False
419001984,,IND,india_mangalore_dec2025_jan2026,2025-12-28 22:00:00+00:00,2025-12-31 03:00:00+00:00,53.0,54,1.0,12.93611,74.81648,3.383,extended,open_water,Jamnagar (Sikka) marine terminal,1185.36,False,False,3,,False
419120725,DORNIKA NET1_99%,IND,india_mangalore_dec2025_jan2026,2025-12-17 12:00:00+00:00,2025-12-19 17:00:00+00:00,53.0,53,0.981,13.3617,74.56736,4.269,extended,open_water,Jamnagar (Sikka) marine terminal,1130.98,False,False,3,,False
419522674,MINNALANNAI-1_35%,IND,india_mangalore_dec2025_jan2026,2025-12-17 16:00:00+00:00,2025-12-19 21:00:00+00:00,53.0,50,0.926,13.3026,74.5254,3.087,extended,open_water,Jamnagar (Sikka) marine terminal,1134.89,False,False,3,,False
563206300,STOLT MOMIJI,SGP,india_mangalore_dec2025_jan2026,2025-12-03 13:00:00+00:00,2025-12-05 18:00:00+00:00,53.0,54,1.0,12.96852,74.65222,3.155,extended,open_water,Jamnagar (Sikka) marine terminal,1174.31,False,False,3,,False
636022938,W-EMERALD,LBR,india_mangalore_dec2025_jan2026,2025-12-15 15:00:00+00:00,2025-12-17 20:00:00+00:00,53.0,54,1.0,12.93,74.81,0.0,extended,open_water,Jamnagar (Sikka) marine terminal,1185.66,False,False,3,,False
419000175,VISHVA EKTA,IND,india_mangalore_dec2025_jan2026,2026-01-12 19:00:00+00:00,2026-01-14 23:00:00+00:00,52.0,53,1.0,12.93,74.82,0.0,extended,open_water,Jamnagar (Sikka) marine terminal,1186.14,False,False,3,,False
419001310,PENNA SURAKSHA,IND,india_mangalore_dec2025_jan2026,2025-12-25 01:00:00+00:00,2025-12-27 05:00:00+00:00,52.0,53,1.0,12.93981,74.82,1.091,extended,open_water,Jamnagar (Sikka) marine terminal,1185.16,False,False,3,,False
419001850,OCEAN SPLENDOUR,IND,india_mangalore_dec2025_jan2026,2025-12-01 00:00:00+00:00,2025-12-03 04:00:00+00:00,52.0,53,1.0,12.92434,74.81113,4.484,extended,open_water,Jamnagar (Sikka) marine terminal,1186.28,False,False,3,,False
419322000,SAMUDRA SHAUDHIKAMA,IND,india_mangalore_dec2025_jan2026,2026-01-10 07:00:00+00:00,2026-01-12 11:00:00+00:00,52.0,53,1.0,12.93,74.82,0.0,extended,open_water,Jamnagar (Sikka) marine terminal,1186.14,False,False,3,,False
538005068,SEA PROTEUS,MHL,india_mangalore_dec2025_jan2026,2025-12-15 14:00:00+00:00,2025-12-17 18:00:00+00:00,52.0,53,1.0,12.97,74.62,0.0,extended,open_water,Jamnagar (Sikka) marine terminal,1172.65,False,False,3,,False
538007493,ASTARTE,MHL,india_mangalore_dec2025_jan2026,2026-01-03 01:00:00+00:00,2026-01-05 05:00:00+00:00,52.0,53,1.0,12.93,74.81,0.0,extended,open_water,Jamnagar (Sikka) marine terminal,1185.66,False,False,3,,False
636020982,NAVE CONSTELLATION,LBR,india_mangalore_dec2025_jan2026,2025-12-15 23:00:00+00:00,2025-12-18 03:00:00+00:00,52.0,53,1.0,12.92811,74.61019,4.496,extended,open_water,Jamnagar (Sikka) marine terminal,1176.4,False,False,3,,False
351170000,SAKIZAYA BRAVE,PAN,india_mangalore_dec2025_jan2026,2025-12-22 15:00:00+00:00,2025-12-24 18:00:00+00:00,51.0,52,1.0,12.92981,74.80961,2.389,extended,open_water,Jamnagar (Sikka) marine terminal,1185.66,False,False,3,,False
419000177,VISHVA BANDHAN,IND,india_mangalore_dec2025_jan2026,2026-01-01 16:00:00+00:00,2026-01-03 19:00:00+00:00,51.0,52,1.0,12.9425,74.6425,1.165,extended,open_water,Jamnagar (Sikka) marine terminal,1176.46,False,False,3,,False
419001746,SARATHI,IND,india_mangalore_dec2025_jan2026,2025-12-01 00:00:00+00:00,2025-12-03 03:00:00+00:00,51.0,52,1.0,12.93846,74.81904,4.703,extended,open_water,Jamnagar (Sikka) marine terminal,1185.25,False,False,3,,False
419001746,SARATHI,IND,india_mangalore_dec2025_jan2026,2025-12-09 13:00:00+00:00,2025-12-11 16:00:00+00:00,51.0,52,1.0,12.93615,74.81654,4.348,extended,open_water,Jamnagar (Sikka) marine terminal,1185.36,False,False,3,,False
564024000,BOONYA NAREE,SGP,india_mangalore_dec2025_jan2026,2025-12-07 19:00:00+00:00,2025-12-09 22:00:00+00:00,51.0,52,1.0,12.94,74.82,0.0,extended,open_water,Jamnagar (Sikka) marine terminal,1185.14,False,False,3,,False
636020544,HONWAY,LBR,india_mangalore_dec2025_jan2026,2025-12-11 14:00:00+00:00,2025-12-13 17:00:00+00:00,51.0,52,1.0,12.98,74.61019,1.063,extended,open_water,Jamnagar (Sikka) marine terminal,1171.19,False,False,3,,False
419000274,OCEAN HARMONY,IND,india_mangalore_dec2025_jan2026,2026-01-07 06:00:00+00:00,2026-01-09 08:00:00+00:00,50.0,49,0.961,12.93633,74.81775,3.513,extended,open_water,Jamnagar (Sikka) marine terminal,1185.4,False,False,3,,False
563295300,CHOLA INTEGRITY,SGP,india_mangalore_dec2025_jan2026,2025-12-28 15:00:00+00:00,2025-12-30 17:00:00+00:00,50.0,51,1.0,12.9298,74.80961,2.388,extended,open_water,Jamnagar (Sikka) marine terminal,1185.66,False,False,3,,False
636015928,SEA VIBE,LBR,india_mangalore_dec2025_jan2026,2025-12-18 03:00:00+00:00,2025-12-20 05:00:00+00:00,50.0,51,1.0,12.97,74.62,0.0,extended,open_water,Jamnagar (Sikka) marine terminal,1172.65,False,False,3,,False
636023772,NAV VIDYA,LBR,india_mangalore_dec2025_jan2026,2025-12-29 21:00:00+00:00,2025-12-31 23:00:00+00:00,50.0,51,1.0,12.93,74.81,0.0,extended,open_water,Jamnagar (Sikka) marine terminal,1185.66,False,False,3,,False
356212000,CHEMROAD ECHO,PAN,india_mangalore_dec2025_jan2026,2026-01-11 14:00:00+00:00,2026-01-13 15:00:00+00:00,49.0,50,1.0,12.92,74.8094,2.102,extended,open_water,Jamnagar (Sikka) marine terminal,1186.63,False,False,3,,False
419001746,SARATHI,IND,india_mangalore_dec2025_jan2026,2025-12-18 10:00:00+00:00,2025-12-20 11:00:00+00:00,49.0,50,1.0,12.9392,74.8194,3.835,extended,open_water,Jamnagar (Sikka) marine terminal,1185.19,False,False,3,,False
419001984,,IND,india_mangalore_dec2025_jan2026,2025-12-22 22:00:00+00:00,2025-12-24 23:00:00+00:00,49.0,50,1.0,12.9384,74.8188,2.887,extended,open_water,Jamnagar (Sikka) marine terminal,1185.24,False,False,3,,False
352003714,XIANG YANG,PAN,india_mangalore_dec2025_jan2026,2026-01-07 07:00:00+00:00,2026-01-09 07:00:00+00:00,48.0,49,1.0,12.9298,74.80939,3.366,ordinary,open_water,Jamnagar (Sikka) marine terminal,1185.65,False,False,2,,False
419001746,SARATHI,IND,india_mangalore_dec2025_jan2026,2026-01-07 10:00:00+00:00,2026-01-09 10:00:00+00:00,48.0,49,1.0,12.93551,74.81735,4.4,ordinary,open_water,Jamnagar (Sikka) marine terminal,1185.46,False,False,2,,False
419001984,,IND,india_mangalore_dec2025_jan2026,2026-01-04 13:00:00+00:00,2026-01-06 13:00:00+00:00,48.0,49,1.0,12.93857,74.81939,2.946,ordinary,open_water,Jamnagar (Sikka) marine terminal,1185.26,False,False,2,,False
419090456,MARIYAVALGA NET1_99%,IND,india_mangalore_dec2025_jan2026,2025-12-12 10:00:00+00:00,2025-12-14 10:00:00+00:00,48.0,41,0.837,13.31122,74.55195,3.478,ordinary,open_water,Jamnagar (Sikka) marine terminal,1135.29,False,False,2,,False
419090456,MARIYAVALGA NET1_99%,IND,india_mangalore_dec2025_jan2026,2025-12-16 10:00:00+00:00,2025-12-18 10:00:00+00:00,48.0,31,0.633,13.29839,74.48484,2.11,ordinary,open_water,Jamnagar (Sikka) marine terminal,1133.4,False,False,2,,False
538005607,SASEBO ECO,MHL,india_mangalore_dec2025_jan2026,2026-01-04 18:00:00+00:00,2026-01-06 18:00:00+00:00,48.0,49,1.0,12.93,74.81,0.0,ordinary,open_water,Jamnagar (Sikka) marine terminal,1185.66,False,False,2,,False
636021214,TAHO EUDAIMONIA,LBR,india_mangalore_dec2025_jan2026,2025-12-31 20:00:00+00:00,2026-01-02 20:00:00+00:00,48.0,49,1.0,12.93,74.81,0.0,ordinary,open_water,Jamnagar (Sikka) marine terminal,1185.66,False,False,2,,False
314878000,A A P,BRB,india_mangalore_dec2025_jan2026,2025-12-12 09:00:00+00:00,2025-12-14 08:00:00+00:00,47.0,47,0.979,12.93957,74.81936,3.855,ordinary,open_water,Jamnagar (Sikka) marine terminal,1185.15,False,False,2,,False
419001984,,IND,india_mangalore_dec2025_jan2026,2026-01-10 07:00:00+00:00,2026-01-12 06:00:00+00:00,47.0,48,1.0,12.93646,74.81646,4.355,ordinary,open_water,Jamnagar (Sikka) marine terminal,1185.32,False,False,2,,False
419160511,SREERAGNI NET5_85%,IND,india_mangalore_dec2025_jan2026,2025-12-01 00:00:00+00:00,2025-12-02 23:00:00+00:00,47.0,47,0.979,13.34,74.70127,0.944,ordinary,open_water,Jamnagar (Sikka) marine terminal,1139.61,False,False,2,,False
419522674,MINNALANNAI-1_35%,IND,india_mangalore_dec2025_jan2026,2025-12-12 10:00:00+00:00,2025-12-14 09:00:00+00:00,47.0,44,0.917,13.23159,74.62909,4.423,ordinary,open_water,Jamnagar (Sikka) marine terminal,1146.91,False,False,2,,False
419740308,PRAMMA NET 1_99%,IND,india_mangalore_dec2025_jan2026,2025-12-19 11:00:00+00:00,2025-12-21 10:00:00+00:00,47.0,31,0.646,13.55258,74.48452,3.106,ordinary,open_water,Jamnagar (Sikka) marine terminal,1107.99,False,False,2,,False
477340400,TIAN E ZUO,HKG,india_mangalore_dec2025_jan2026,2025-12-09 05:00:00+00:00,2025-12-11 04:00:00+00:00,47.0,48,1.0,12.92,74.81,0.0,ordinary,open_water,Jamnagar (Sikka) marine terminal,1186.65,False,False,2,,False
538008468,SM NEW ORLEANS,MHL,india_mangalore_dec2025_jan2026,2025-12-19 04:00:00+00:00,2025-12-21 03:00:00+00:00,47.0,48,1.0,12.93,74.81,0.0,ordinary,open_water,Jamnagar (Sikka) marine terminal,1185.66,False,False,2,,False
636024375,BEAGLE,LBR,india_mangalore_dec2025_jan2026,2025-12-10 01:00:00+00:00,2025-12-12 00:00:00+00:00,47.0,48,1.0,12.93,74.81,0.0,ordinary,open_water,Jamnagar (Sikka) marine terminal,1185.66,False,False,2,,False
229289000,SEATREASURE,MLT,india_mangalore_dec2025_jan2026,2025-12-16 15:00:00+00:00,2025-12-18 13:00:00+00:00,46.0,47,1.0,12.92,74.80957,2.121,ordinary,open_water,Jamnagar (Sikka) marine terminal,1186.63,False,False,2,,False
373729000,GAS YOUNG,PAN,india_mangalore_dec2025_jan2026,2025-12-26 19:00:00+00:00,2025-12-28 17:00:00+00:00,46.0,47,1.0,12.92021,74.81,1.088,ordinary,open_water,Jamnagar (Sikka) marine terminal,1186.63,False,False,2,,False
419001746,SARATHI,IND,india_mangalore_dec2025_jan2026,2025-12-26 04:00:00+00:00,2025-12-28 02:00:00+00:00,46.0,47,1.0,12.9383,74.81872,3.719,ordinary,open_water,Jamnagar (Sikka) marine terminal,1185.25,False,False,2,,False
538006490,SILVER EBALINA,MHL,india_mangalore_dec2025_jan2026,2025-12-20 12:00:00+00:00,2025-12-22 10:00:00+00:00,46.0,47,1.0,12.92979,74.80957,2.384,ordinary,open_water,Jamnagar (Sikka) marine terminal,1185.66,False,False,2,,False
357498000,BW MESSINA,PAN,india_mangalore_dec2025_jan2026,2026-01-09 12:00:00+00:00,2026-01-11 09:00:00+00:00,45.0,45,0.978,12.96756,74.65845,4.785,ordinary,open_water,Jamnagar (Sikka) marine terminal,1174.7,False,False,2,,False
419000274,OCEAN HARMONY,IND,india_mangalore_dec2025_jan2026,2025-12-14 09:00:00+00:00,2025-12-16 06:00:00+00:00,45.0,45,0.978,12.93733,74.818,2.742,ordinary,open_water,Jamnagar (Sikka) marine terminal,1185.31,False,False,2,,False
419001655,PINE GAS,IND,india_mangalore_dec2025_jan2026,2025-12-31 04:00:00+00:00,2026-01-02 01:00:00+00:00,45.0,46,1.0,12.92022,74.80913,3.157,ordinary,open_water,Jamnagar (Sikka) marine terminal,1186.59,False,False,2,,False
419180269,MOTHER NET 2_99%,IND,india_mangalore_dec2025_jan2026,2025-12-10 10:00:00+00:00,2025-12-12 07:00:00+00:00,45.0,43,0.935,13.31488,74.5893,4.991,ordinary,open_water,Jamnagar (Sikka) marine terminal,1136.7,False,False,2,,False
419956204,BLUE DAIMOND,IND,india_mangalore_dec2025_jan2026,2025-12-30 05:00:00+00:00,2026-01-01 02:00:00+00:00,45.0,35,0.761,12.85914,74.82943,2.339,ordinary,open_water,Jamnagar (Sikka) marine terminal,1193.66,False,False,2,,False
538003747,GLEAMSTAR,MHL,india_mangalore_dec2025_jan2026,2026-01-10 22:00:00+00:00,2026-01-12 19:00:00+00:00,45.0,46,1.0,12.92978,74.80935,3.361,ordinary,open_water,Jamnagar (Sikka) marine terminal,1185.65,False,False,2,,False
538005632,SARV SHAKTI,MHL,india_mangalore_dec2025_jan2026,2025-12-04 23:00:00+00:00,2025-12-06 20:00:00+00:00,45.0,46,1.0,12.92,74.81,0.0,ordinary,open_water,Jamnagar (Sikka) marine terminal,1186.65,False,False,2,,False
636024375,BEAGLE,LBR,india_mangalore_dec2025_jan2026,2025-12-07 19:00:00+00:00,2025-12-09 16:00:00+00:00,45.0,46,1.0,12.99957,74.59021,3.892,ordinary,open_water,Jamnagar (Sikka) marine terminal,1168.3,False,False,2,,False
636093244,GASCHEM EUROPE,LBR,india_mangalore_dec2025_jan2026,2025-12-24 07:00:00+00:00,2025-12-26 04:00:00+00:00,45.0,46,1.0,12.92,74.80935,3.181,ordinary,open_water,Jamnagar (Sikka) marine terminal,1186.62,False,False,2,,False
256459000,PERISTIL,MLT,india_mangalore_dec2025_jan2026,2025-12-26 06:00:00+00:00,2025-12-28 02:00:00+00:00,44.0,45,1.0,12.94978,74.63,1.535,ordinary,open_water,Jamnagar (Sikka) marine terminal,1175.15,False,False,2,,False
413309980,HUA YANG MEI GUI,CHN,india_mangalore_dec2025_jan2026,2025-12-01 00:00:00+00:00,2025-12-02 20:00:00+00:00,44.0,45,1.0,12.98,74.63089,0.987,ordinary,open_water,Jamnagar (Sikka) marine terminal,1172.16,False,False,2,,False
419001654,KAVIRAJ,IND,india_mangalore_dec2025_jan2026,2025-12-14 03:00:00+00:00,2025-12-15 23:00:00+00:00,44.0,28,0.622,12.91214,74.66857,3.378,ordinary,open_water,Jamnagar (Sikka) marine terminal,1180.73,False,False,2,,False
419002026,GREEN SHAKTI,IND,india_mangalore_dec2025_jan2026,2025-12-22 20:00:00+00:00,2025-12-24 16:00:00+00:00,44.0,45,1.0,12.92022,74.81,1.087,ordinary,open_water,Jamnagar (Sikka) marine terminal,1186.63,False,False,2,,False
419672000,JAG PUSHPA,IND,india_mangalore_dec2025_jan2026,2025-12-29 17:00:00+00:00,2025-12-31 13:00:00+00:00,44.0,45,1.0,12.92022,74.80978,1.518,ordinary,open_water,Jamnagar (Sikka) marine terminal,1186.62,False,False,2,,False
538005631,MANASAROVAR,MHL,india_mangalore_dec2025_jan2026,2026-01-06 14:00:00+00:00,2026-01-08 10:00:00+00:00,44.0,45,1.0,12.92022,74.81,1.087,ordinary,open_water,Jamnagar (Sikka) marine terminal,1186.63,False,False,2,,False
311000345,COBRA,BHS,india_mangalore_dec2025_jan2026,2025-12-18 10:00:00+00:00,2025-12-20 05:00:00+00:00,43.0,44,1.0,12.92,74.81,0.0,ordinary,open_water,Jamnagar (Sikka) marine terminal,1186.65,False,False,2,,False
419001746,SARATHI,IND,india_mangalore_dec2025_jan2026,2025-12-07 11:00:00+00:00,2025-12-09 06:00:00+00:00,43.0,44,1.0,12.93659,74.81682,4.396,ordinary,open_water,Jamnagar (Sikka) marine terminal,1185.33,False,False,2,,False
419001746,SARATHI,IND,india_mangalore_dec2025_jan2026,2026-01-01 04:00:00+00:00,2026-01-02 23:00:00+00:00,43.0,44,1.0,12.93727,74.81795,3.587,ordinary,open_water,Jamnagar (Sikka) marine terminal,1185.32,False,False,2,,False
419001838,WILLOWS,IND,india_mangalore_dec2025_jan2026,2026-01-10 02:00:00+00:00,2026-01-11 21:00:00+00:00,43.0,44,1.0,12.94955,74.61955,3.035,ordinary,open_water,Jamnagar (Sikka) marine terminal,1174.68,False,False,2,,False
419731315,VACHANAM NET 1_99%,IND,india_mangalore_dec2025_jan2026,2025-12-13 05:00:00+00:00,2025-12-15 00:00:00+00:00,43.0,22,0.5,12.11227,75.05682,3.584,ordinary,open_water,Jamnagar (Sikka) marine terminal,1279.15,False,False,2,,False
538011936,EUNICE,MHL,india_mangalore_dec2025_jan2026,2025-12-18 05:00:00+00:00,2025-12-20 00:00:00+00:00,43.0,44,1.0,12.94977,74.62068,3.358,ordinary,open_water,Jamnagar (Sikka) marine terminal,1174.72,False,False,2,,False
548774000,AUSTIN TRADER,PHL,india_mangalore_dec2025_jan2026,2025-12-03 05:00:00+00:00,2025-12-05 00:00:00+00:00,43.0,44,1.0,12.92977,74.81909,4.374,ordinary,open_water,Jamnagar (Sikka) marine terminal,1186.12,False,False,2,,False
572242220,BREEZE,TUV,india_mangalore_dec2025_jan2026,2026-01-13 04:00:00+00:00,2026-01-14 23:00:00+00:00,43.0,44,1.0,12.96455,74.61978,1.933,ordinary,open_water,Jamnagar (Sikka) marine terminal,1173.19,False,False,2,,False
352002622,MANILA I,PAN,india_mangalore_dec2025_jan2026,2025-12-13 13:00:00+00:00,2025-12-15 07:00:00+00:00,42.0,43,1.0,13.0,74.63,0.0,ordinary,open_water,Jamnagar (Sikka) marine terminal,1170.11,False,False,2,,False
357498000,BW MESSINA,PAN,india_mangalore_dec2025_jan2026,2026-01-11 11:00:00+00:00,2026-01-13 05:00:00+00:00,42.0,43,1.0,12.92023,74.80953,1.499,ordinary,open_water,Jamnagar (Sikka) marine terminal,1186.61,False,False,2,,False
419000177,VISHVA BANDHAN,IND,india_mangalore_dec2025_jan2026,2025-12-09 22:00:00+00:00,2025-12-11 16:00:00+00:00,42.0,43,1.0,12.93,74.82,0.0,ordinary,open_water,Jamnagar (Sikka) marine terminal,1186.14,False,False,2,,False
419002041,BW CHINOOK,IND,india_mangalore_dec2025_jan2026,2025-12-01 00:00:00+00:00,2025-12-02 18:00:00+00:00,42.0,43,1.0,12.96,74.61326,1.814,ordinary,open_water,Jamnagar (Sikka) marine terminal,1173.34,False,False,2,,False
419473000,DESH GAURAV,IND,india_mangalore_dec2025_jan2026,2025-12-26 02:00:00+00:00,2025-12-27 20:00:00+00:00,42.0,43,1.0,12.92,74.8093,2.092,ordinary,open_water,Jamnagar (Sikka) marine terminal,1186.62,False,False,2,,False
447274000,GAS UMM AL ROWAISAT,KWT,india_mangalore_dec2025_jan2026,2026-01-04 05:00:00+00:00,2026-01-05 23:00:00+00:00,42.0,43,1.0,12.92,74.81,0.0,ordinary,open_water,Jamnagar (Sikka) marine terminal,1186.65,False,False,2,,False
636016671,SANTA CRUZ,LBR,india_mangalore_dec2025_jan2026,2026-01-08 03:00:00+00:00,2026-01-09 21:00:00+00:00,42.0,42,0.977,12.92976,74.80952,2.378,ordinary,open_water,Jamnagar (Sikka) marine terminal,1185.66,False,False,2,,False
664288000,SEYCHELLES PIONEER,SYC,india_mangalore_dec2025_jan2026,2025-12-23 00:00:00+00:00,2025-12-24 18:00:00+00:00,42.0,43,1.0,12.9493,74.6407,4.77,ordinary,open_water,Jamnagar (Sikka) marine terminal,1175.7,False,False,2,,False
419000862,DAWN MADURAI,IND,india_mangalore_dec2025_jan2026,2025-12-31 02:00:00+00:00,2026-01-01 19:00:00+00:00,41.0,42,1.0,12.96,74.63928,1.006,ordinary,open_water,Jamnagar (Sikka) marine terminal,1174.56,False,False,2,,False
419066900,HSC VALIYAPANI,IND,india_mangalore_dec2025_jan2026,2025-12-14 09:00:00+00:00,2025-12-16 02:00:00+00:00,41.0,40,0.952,12.85875,74.8295,3.833,ordinary,open_water,Jamnagar (Sikka) marine terminal,1193.7,False,False,2,,False
419070067,ROSA MYSTICA 1_84%,IND,india_mangalore_dec2025_jan2026,2025-12-14 10:00:00+00:00,2025-12-16 03:00:00+00:00,41.0,36,0.857,12.68861,74.75028,4.421,ordinary,open_water,Jamnagar (Sikka) marine terminal,1206.98,False,False,2,,False
419120727,MOTHER NET3_84%,IND,india_mangalore_dec2025_jan2026,2025-12-17 12:00:00+00:00,2025-12-19 05:00:00+00:00,41.0,42,1.0,13.27405,74.60548,4.922,ordinary,open_water,Jamnagar (Sikka) marine terminal,1141.55,False,False,2,,False
419471000,DESH PREM,IND,india_mangalore_dec2025_jan2026,2025-12-22 06:00:00+00:00,2025-12-23 23:00:00+00:00,41.0,42,1.0,12.92024,74.80976,1.515,ordinary,open_water,Jamnagar (Sikka) marine terminal,1186.62,False,False,2,,False
419740112,MOTHER NET 1_82%,IND,india_mangalore_dec2025_jan2026,2025-12-11 07:00:00+00:00,2025-12-13 00:00:00+00:00,41.0,31,0.738,13.31613,74.58323,4.032,ordinary,open_water,Jamnagar (Sikka) marine terminal,1136.29,False,False,2,,False
419901183,,IND,india_mangalore_dec2025_jan2026,2025-12-01 13:00:00+00:00,2025-12-03 06:00:00+00:00,41.0,42,1.0,12.85857,74.82905,4.76,ordinary,open_water,Jamnagar (Sikka) marine terminal,1193.69,False,False,2,,False
538011973,ULUSOY-17,MHL,india_mangalore_dec2025_jan2026,2025-12-23 08:00:00+00:00,2025-12-25 01:00:00+00:00,41.0,42,1.0,12.965,74.6,0.556,ordinary,open_water,Jamnagar (Sikka) marine terminal,1172.22,False,False,2,,False
352002622,MANILA I,PAN,india_mangalore_dec2025_jan2026,2025-12-15 09:00:00+00:00,2025-12-17 01:00:00+00:00,40.0,41,1.0,12.92024,74.81,1.085,ordinary,open_water,Jamnagar (Sikka) marine terminal,1186.63,False,False,2,,False
352005861,ALPINE SPIRIT,PAN,india_mangalore_dec2025_jan2026,2025-12-28 20:00:00+00:00,2025-12-30 12:00:00+00:00,40.0,41,1.0,12.92024,74.80951,2.115,ordinary,open_water,Jamnagar (Sikka) marine terminal,1186.61,False,False,2,,False
419001413,DARYA SHAAN,IND,india_mangalore_dec2025_jan2026,2026-01-07 08:00:00+00:00,2026-01-09 00:00:00+00:00,40.0,41,1.0,12.94,74.82,0.0,ordinary,open_water,Jamnagar (Sikka) marine terminal,1185.14,False,False,2,,False
419001426,KESTREL,IND,india_mangalore_dec2025_jan2026,2025-12-19 14:00:00+00:00,2025-12-21 06:00:00+00:00,40.0,41,1.0,12.92,74.81,0.0,ordinary,open_water,Jamnagar (Sikka) marine terminal,1186.65,False,False,2,,False
419001481,M.T.PATRIOT,IND,india_mangalore_dec2025_jan2026,2025-12-27 03:00:00+00:00,2025-12-28 19:00:00+00:00,40.0,41,1.0,12.92,74.80853,4.177,ordinary,open_water,Jamnagar (Sikka) marine terminal,1186.58,False,False,2,,False
419001632,HARVEST,IND,india_mangalore_dec2025_jan2026,2025-12-11 09:00:00+00:00,2025-12-13 01:00:00+00:00,40.0,41,1.0,12.92,74.81,0.0,ordinary,open_water,Jamnagar (Sikka) marine terminal,1186.65,False,False,2,,False
419001746,SARATHI,IND,india_mangalore_dec2025_jan2026,2025-12-12 12:00:00+00:00,2025-12-14 04:00:00+00:00,40.0,41,1.0,12.93854,74.81854,3.716,ordinary,open_water,Jamnagar (Sikka) marine terminal,1185.22,False,False,2,,False
419047877,DEVA MAHATHUVAM 244%,IND,india_mangalore_dec2025_jan2026,2025-12-17 10:00:00+00:00,2025-12-19 02:00:00+00:00,40.0,41,1.0,13.15951,74.59805,2.18,ordinary,open_water,Jamnagar (Sikka) marine terminal,1152.64,False,False,2,,False
419090456,MARIYAVALGA NET1_99%,IND,india_mangalore_dec2025_jan2026,2025-12-18 11:00:00+00:00,2025-12-20 03:00:00+00:00,40.0,41,1.0,13.38171,74.5361,4.279,ordinary,open_water,Jamnagar (Sikka) marine terminal,1127.49,False,False,2,,False
419120725,DORNIKA NET1_99%,IND,india_mangalore_dec2025_jan2026,2025-12-13 07:00:00+00:00,2025-12-14 23:00:00+00:00,40.0,40,0.976,13.37525,74.57,2.808,ordinary,open_water,Jamnagar (Sikka) marine terminal,1129.76,False,False,2,,False
419956204,BLUE DAIMOND,IND,india_mangalore_dec2025_jan2026,2025-12-17 10:00:00+00:00,2025-12-19 02:00:00+00:00,40.0,37,0.902,12.85892,74.22919,3.422,ordinary,open_water,Jamnagar (Sikka) marine terminal,1166.29,False,False,2,,False
538008124,ATALANTA T,MHL,india_mangalore_dec2025_jan2026,2026-01-06 07:00:00+00:00,2026-01-07 23:00:00+00:00,40.0,41,1.0,12.92024,74.80902,4.23,ordinary,open_water,Jamnagar (Sikka) marine terminal,1186.58,False,False,2,,False
248113000,SAMOS,MLT,india_mangalore_dec2025_jan2026,2026-01-07 06:00:00+00:00,2026-01-08 21:00:00+00:00,39.0,27,0.675,12.90074,74.64926,2.991,ordinary,open_water,Jamnagar (Sikka) marine terminal,1180.97,False,False,2,,False
419001654,KAVIRAJ,IND,india_mangalore_dec2025_jan2026,2026-01-03 18:00:00+00:00,2026-01-05 09:00:00+00:00,39.0,40,1.0,12.93,74.81975,1.057,ordinary,open_water,Jamnagar (Sikka) marine terminal,1186.13,False,False,2,,False
419001984,,IND,india_mangalore_dec2025_jan2026,2025-12-25 10:00:00+00:00,2025-12-27 01:00:00+00:00,39.0,37,0.925,12.93784,74.81838,2.811,ordinary,open_water,Jamnagar (Sikka) marine terminal,1185.28,False,False,2,,False
419508076,ST FRANCIS NET1 71%,IND,india_mangalore_dec2025_jan2026,2025-12-18 10:00:00+00:00,2025-12-20 01:00:00+00:00,39.0,35,0.875,13.31114,74.57,3.209,ordinary,open_water,Jamnagar (Sikka) marine terminal,1136.15,False,False,2,,False
419672000,JAG PUSHPA,IND,india_mangalore_dec2025_jan2026,2025-12-06 08:00:00+00:00,2025-12-07 23:00:00+00:00,39.0,40,1.0,12.92025,74.81,1.084,ordinary,open_water,Jamnagar (Sikka) marine terminal,1186.63,False,False,2,,False
419801746,YOJAKA DHRUV,IND,india_mangalore_dec2025_jan2026,2026-01-11 14:00:00+00:00,2026-01-13 05:00:00+00:00,39.0,40,1.0,12.92975,74.80225,2.236,ordinary,open_water,Jamnagar (Sikka) marine terminal,1185.31,False,False,2,,False
636018158,BRAVEHEART I,LBR,india_mangalore_dec2025_jan2026,2025-12-12 03:00:00+00:00,2025-12-13 18:00:00+00:00,39.0,40,1.0,12.92975,74.8095,2.375,ordinary,open_water,Jamnagar (Sikka) marine terminal,1185.66,False,False,2,,False
636020544,HONWAY,LBR,india_mangalore_dec2025_jan2026,2025-12-13 20:00:00+00:00,2025-12-15 11:00:00+00:00,39.0,40,1.0,12.93,74.81,0.0,ordinary,open_water,Jamnagar (Sikka) marine terminal,1185.66,False,False,2,,False
352005381,DARIKA,PAN,india_mangalore_dec2025_jan2026,2025-12-25 11:00:00+00:00,2025-12-27 01:00:00+00:00,38.0,39,1.0,12.92,74.81,0.0,ordinary,open_water,Jamnagar (Sikka) marine terminal,1186.65,False,False,2,,False
419002026,GREEN SHAKTI,IND,india_mangalore_dec2025_jan2026,2025-12-21 03:00:00+00:00,2025-12-22 17:00:00+00:00,38.0,39,1.0,12.98,74.63025,1.056,ordinary,open_water,Jamnagar (Sikka) marine terminal,1172.13,False,False,2,,False
419672000,JAG PUSHPA,IND,india_mangalore_dec2025_jan2026,2025-12-18 08:00:00+00:00,2025-12-19 22:00:00+00:00,38.0,39,1.0,12.92,74.81,0.0,ordinary,open_water,Jamnagar (Sikka) marine terminal,1186.65,False,False,2,,False
219638000,TORM DIWATA,DNK,india_mangalore_dec2025_jan2026,2025-12-21 09:00:00+00:00,2025-12-22 22:00:00+00:00,37.0,38,1.0,12.92,74.81,0.0,ordinary,open_water,Jamnagar (Sikka) marine terminal,1186.65,False,False,2,,False
229350000,MED PACIFIC,MLT,india_mangalore_dec2025_jan2026,2026-01-12 05:00:00+00:00,2026-01-13 18:00:00+00:00,37.0,38,1.0,12.95,74.65921,3.166,ordinary,open_water,Jamnagar (Sikka) marine terminal,1176.5,False,False,2,,False
413398860,YUN DING 19,CHN,india_mangalore_dec2025_jan2026,2025-12-29 08:00:00+00:00,2025-12-30 21:00:00+00:00,37.0,38,1.0,12.92974,74.81947,2.372,ordinary,open_water,Jamnagar (Sikka) marine terminal,1186.14,False,False,2,,False
419001654,KAVIRAJ,IND,india_mangalore_dec2025_jan2026,2025-12-06 14:00:00+00:00,2025-12-08 03:00:00+00:00,37.0,38,1.0,12.92974,74.81842,4.303,ordinary,open_water,Jamnagar (Sikka) marine terminal,1186.09,False,False,2,,False
419001838,WILLOWS,IND,india_mangalore_dec2025_jan2026,2026-01-12 00:00:00+00:00,2026-01-13 13:00:00+00:00,37.0,38,1.0,12.92,74.81,0.0,ordinary,open_water,Jamnagar (Sikka) marine terminal,1186.65,False,False,2,,False
419001850,OCEAN SPLENDOUR,IND,india_mangalore_dec2025_jan2026,2026-01-10 14:00:00+00:00,2026-01-12 03:00:00+00:00,37.0,38,1.0,12.92132,74.81,0.966,ordinary,open_water,Jamnagar (Sikka) marine terminal,1186.52,False,False,2,,False
419080338,THEVALAYAM NET 1_99%,IND,india_mangalore_dec2025_jan2026,2025-12-17 13:00:00+00:00,2025-12-19 02:00:00+00:00,37.0,29,0.763,12.15241,74.96207,4.267,ordinary,open_water,Jamnagar (Sikka) marine terminal,1270.7,False,False,2,,False
419090454,MARIYAVALGA NET3_89%,IND,india_mangalore_dec2025_jan2026,2025-12-18 11:00:00+00:00,2025-12-20 00:00:00+00:00,37.0,32,0.842,13.35719,74.54625,4.778,ordinary,open_water,Jamnagar (Sikka) marine terminal,1130.43,False,False,2,,False
538003747,GLEAMSTAR,MHL,india_mangalore_dec2025_jan2026,2025-12-02 15:00:00+00:00,2025-12-04 04:00:00+00:00,37.0,38,1.0,12.93,74.81,0.0,ordinary,open_water,Jamnagar (Sikka) marine terminal,1185.66,False,False,2,,False
538005632,SARV SHAKTI,MHL,india_mangalore_dec2025_jan2026,2025-12-03 07:00:00+00:00,2025-12-04 20:00:00+00:00,37.0,38,1.0,12.98,74.63,0.0,ordinary,open_water,Jamnagar (Sikka) marine terminal,1172.12,False,False,2,,False
563315400,TORM DAVAO,SGP,india_mangalore_dec2025_jan2026,2026-01-08 22:00:00+00:00,2026-01-10 11:00:00+00:00,37.0,22,0.579,12.92,74.80773,3.005,ordinary,open_water,Jamnagar (Sikka) marine terminal,1186.55,False,False,2,,False
667001608,CHONGCHON,SLE,india_mangalore_dec2025_jan2026,2025-12-10 01:00:00+00:00,2025-12-11 14:00:00+00:00,37.0,38,1.0,12.92026,74.80868,3.109,ordinary,open_water,Jamnagar (Sikka) marine terminal,1186.57,False,False,2,,False
219627000,ADRIATIC GAS,DNK,india_mangalore_dec2025_jan2026,2025-12-03 07:00:00+00:00,2025-12-04 19:00:00+00:00,36.0,37,1.0,12.92,74.80892,4.218,ordinary,open_water,Jamnagar (Sikka) marine terminal,1186.6,False,False,2,,False
352001167,SEA GULL 18,PAN,india_mangalore_dec2025_jan2026,2026-01-13 11:00:00+00:00,2026-01-14 23:00:00+00:00,36.0,37,1.0,12.93405,74.82,0.661,ordinary,open_water,Jamnagar (Sikka) marine terminal,1185.74,False,False,2,,False
357740000,CHEMROAD WING,PAN,india_mangalore_dec2025_jan2026,2026-01-04 06:00:00+00:00,2026-01-05 18:00:00+00:00,36.0,37,1.0,12.93973,74.82,1.082,ordinary,open_water,Jamnagar (Sikka) marine terminal,1185.17,False,False,2,,False
373885000,LUCTOR,PAN,india_mangalore_dec2025_jan2026,2025-12-07 20:00:00+00:00,2025-12-09 08:00:00+00:00,36.0,37,1.0,12.96757,74.61919,3.718,ordinary,open_water,Jamnagar (Sikka) marine terminal,1172.86,False,False,2,,False
419000905,DAWN MANSAROVAR,IND,india_mangalore_dec2025_jan2026,2025-12-09 12:00:00+00:00,2025-12-11 00:00:00+00:00,36.0,37,1.0,12.92,74.80946,2.109,ordinary,open_water,Jamnagar (Sikka) marine terminal,1186.63,False,False,2,,False
419001604,MT BABYLON,IND,india_mangalore_dec2025_jan2026,2026-01-06 22:00:00+00:00,2026-01-08 10:00:00+00:00,36.0,35,0.946,12.96914,74.63371,1.224,ordinary,open_water,Jamnagar (Sikka) marine terminal,1173.38,False,False,2,,False
419017300,DCI DREDGE XVI,IND,india_mangalore_dec2025_jan2026,2025-12-23 02:00:00+00:00,2025-12-24 14:00:00+00:00,36.0,37,1.0,12.93,74.81973,1.055,ordinary,open_water,Jamnagar (Sikka) marine terminal,1186.13,False,False,2,,False
419047877,DEVA MAHATHUVAM 244%,IND,india_mangalore_dec2025_jan2026,2025-12-19 10:00:00+00:00,2025-12-20 22:00:00+00:00,36.0,36,0.973,13.18278,74.59361,4.393,ordinary,open_water,Jamnagar (Sikka) marine terminal,1150.1,False,False,2,,False
419060956,YMV NET4_86%,IND,india_mangalore_dec2025_jan2026,2025-12-16 11:00:00+00:00,2025-12-17 23:00:00+00:00,36.0,26,0.703,13.52846,74.375,3.211,ordinary,open_water,Jamnagar (Sikka) marine terminal,1105.2,False,False,2,,False
419090456,MARIYAVALGA NET1_99%,IND,india_mangalore_dec2025_jan2026,2025-12-10 10:00:00+00:00,2025-12-11 22:00:00+00:00,36.0,30,0.811,13.32233,74.56233,4.196,ordinary,open_water,Jamnagar (Sikka) marine terminal,1134.67,False,False,2,,False
441504000,BUM SHIN,KOR,india_mangalore_dec2025_jan2026,2026-01-05 12:00:00+00:00,2026-01-07 00:00:00+00:00,36.0,37,1.0,12.93,74.81919,2.079,ordinary,open_water,Jamnagar (Sikka) marine terminal,1186.1,False,False,2,,False
636093254,GASCHEM AMERICA,LBR,india_mangalore_dec2025_jan2026,2026-01-13 11:00:00+00:00,2026-01-14 23:00:00+00:00,36.0,37,1.0,12.98,74.64,0.0,ordinary,open_water,Jamnagar (Sikka) marine terminal,1172.59,False,False,2,,False
419345250,DORNICKA2NET99%,IND,india_mangalore_dec2025_jan2026,2025-12-12 11:00:00+00:00,2025-12-13 22:00:00+00:00,35.0,29,0.806,13.36034,74.57655,3.373,ordinary,open_water,Jamnagar (Sikka) marine terminal,1131.56,False,False,2,,False
419345253,THANNAM NET199%,IND,india_mangalore_dec2025_jan2026,2025-12-18 11:00:00+00:00,2025-12-19 22:00:00+00:00,35.0,35,0.972,13.16943,74.63286,2.295,ordinary,open_water,Jamnagar (Sikka) marine terminal,1153.3,False,False,2,,False
419474000,DESH BHAKT,IND,india_mangalore_dec2025_jan2026,2026-01-09 21:00:00+00:00,2026-01-11 08:00:00+00:00,35.0,29,0.806,12.92,74.81,0.0,ordinary,open_water,Jamnagar (Sikka) marine terminal,1186.65,False,False,2,,False
419740308,PRAMMA NET 1_99%,IND,india_mangalore_dec2025_jan2026,2025-12-13 11:00:00+00:00,2025-12-14 22:00:00+00:00,35.0,27,0.75,13.7263,74.47704,3.215,ordinary,open_water,Jamnagar (Sikka) marine terminal,1090.35,False,False,2,,False
351366000,HEUNG-A PIONEER,PAN,india_mangalore_dec2025_jan2026,2025-12-03 08:00:00+00:00,2025-12-04 18:00:00+00:00,34.0,35,1.0,12.95,74.65343,0.712,ordinary,open_water,Jamnagar (Sikka) marine terminal,1176.22,False,False,2,,False
419000103,SWARNA MALA,IND,india_mangalore_dec2025_jan2026,2025-12-20 17:00:00+00:00,2025-12-22 03:00:00+00:00,34.0,35,1.0,12.92,74.81,0.0,ordinary,open_water,Jamnagar (Sikka) marine terminal,1186.65,False,False,2,,False
419000178,VISHVA VIKAS,IND,india_mangalore_dec2025_jan2026,2025-12-26 17:00:00+00:00,2025-12-28 03:00:00+00:00,34.0,35,1.0,12.92971,74.81914,2.339,ordinary,open_water,Jamnagar (Sikka) marine terminal,1186.13,False,False,2,,False
419160511,SREERAGNI NET5_85%,IND,india_mangalore_dec2025_jan2026,2025-12-27 23:00:00+00:00,2025-12-29 09:00:00+00:00,34.0,33,0.943,13.34,74.7,0.0,ordinary,open_water,Jamnagar (Sikka) marine terminal,1139.55,False,False,2,,False
419180852,JEHOVAH NISSI NET-2_,IND,india_mangalore_dec2025_jan2026,2025-12-16 09:00:00+00:00,2025-12-17 19:00:00+00:00,34.0,20,0.571,13.1445,74.567,4.912,ordinary,open_water,Jamnagar (Sikka) marine terminal,1152.68,False,False,2,,False
419300906,THANAM NET 2(99%,IND,india_mangalore_dec2025_jan2026,2025-12-18 10:00:00+00:00,2025-12-19 20:00:00+00:00,34.0,33,0.943,13.15667,74.63727,2.31,ordinary,open_water,Jamnagar (Sikka) marine terminal,1154.78,False,False,2,,False
419473000,DESH GAURAV,IND,india_mangalore_dec2025_jan2026,2025-12-05 10:00:00+00:00,2025-12-06 20:00:00+00:00,34.0,35,1.0,12.92,74.81,0.0,ordinary,open_water,Jamnagar (Sikka) marine terminal,1186.65,False,False,2,,False
419740312,THAANAM NET 3_99%,IND,india_mangalore_dec2025_jan2026,2025-12-18 09:00:00+00:00,2025-12-19 19:00:00+00:00,34.0,33,0.943,13.14333,74.64303,3.284,ordinary,open_water,Jamnagar (Sikka) marine terminal,1156.39,False,False,2,,False
314001028,MULAN,BRB,india_mangalore_dec2025_jan2026,2026-01-12 09:00:00+00:00,2026-01-13 18:00:00+00:00,33.0,34,1.0,12.92971,74.80941,2.364,ordinary,open_water,Jamnagar (Sikka) marine terminal,1185.66,False,False,2,,False
419001746,SARATHI,IND,india_mangalore_dec2025_jan2026,2026-01-12 09:00:00+00:00,2026-01-13 18:00:00+00:00,33.0,34,1.0,12.93794,74.81882,1.302,ordinary,open_water,Jamnagar (Sikka) marine terminal,1185.29,False,False,2,,False
419521210,OMIGA NET-2  100%,IND,india_mangalore_dec2025_jan2026,2025-12-18 04:00:00+00:00,2025-12-19 13:00:00+00:00,33.0,32,0.941,13.08781,74.63531,4.914,ordinary,open_water,Jamnagar (Sikka) marine terminal,1161.57,False,False,2,,False
419801746,YOJAKA DHRUV,IND,india_mangalore_dec2025_jan2026,2026-01-13 14:00:00+00:00,2026-01-14 23:00:00+00:00,33.0,34,1.0,12.92912,74.80441,1.692,ordinary,open_water,Jamnagar (Sikka) marine terminal,1185.48,False,False,2,,False
419905650,VINNARASI NET 1N 71%,IND,india_mangalore_dec2025_jan2026,2025-12-11 15:00:00+00:00,2025-12-13 00:00:00+00:00,33.0,23,0.676,13.34043,74.70869,3.282,ordinary,open_water,Jamnagar (Sikka) marine terminal,1139.93,False,False,2,,False
419905650,VINNARASI NET 1N 71%,IND,india_mangalore_dec2025_jan2026,2025-12-18 10:00:00+00:00,2025-12-19 19:00:00+00:00,33.0,25,0.735,13.5412,74.3044,2.898,ordinary,open_water,Jamnagar (Sikka) marine terminal,1100.62,False,False,2,,False
419957166,GANESH KRIPA,IND,india_mangalore_dec2025_jan2026,2025-12-25 12:00:00+00:00,2025-12-26 21:00:00+00:00,33.0,27,0.794,12.6537,74.47926,1.086,ordinary,open_water,Jamnagar (Sikka) marine terminal,1198.14,False,False,2,,False
538005631,MANASAROVAR,MHL,india_mangalore_dec2025_jan2026,2026-01-05 04:00:00+00:00,2026-01-06 13:00:00+00:00,33.0,34,1.0,12.96912,74.6603,3.878,ordinary,open_water,Jamnagar (Sikka) marine terminal,1174.63,False,False,2,,False
538009985,DINO,MHL,india_mangalore_dec2025_jan2026,2025-12-16 07:00:00+00:00,2025-12-17 16:00:00+00:00,33.0,34,1.0,12.89824,74.64941,4.474,ordinary,open_water,Jamnagar (Sikka) marine terminal,1181.23,False,False,2,,False
419000117,DOLPHIN NO.2,IND,india_mangalore_dec2025_jan2026,2025-12-16 07:00:00+00:00,2025-12-17 15:00:00+00:00,32.0,33,1.0,12.8997,74.65061,2.362,ordinary,open_water,Jamnagar (Sikka) marine terminal,1181.14,False,False,2,,False
419000545,,IND,india_mangalore_dec2025_jan2026,2025-12-15 07:00:00+00:00,2025-12-16 15:00:00+00:00,32.0,31,0.939,12.92032,74.81032,1.503,ordinary,open_water,Jamnagar (Sikka) marine terminal,1186.64,False,False,2,,False
419001352,TCI EXPRESS,IND,india_mangalore_dec2025_jan2026,2025-12-26 13:00:00+00:00,2025-12-27 21:00:00+00:00,32.0,33,1.0,12.93,74.81,0.0,ordinary,open_water,Jamnagar (Sikka) marine terminal,1185.66,False,False,2,,False
419001604,MT BABYLON,IND,india_mangalore_dec2025_jan2026,2025-12-06 15:00:00+00:00,2025-12-07 23:00:00+00:00,32.0,33,1.0,13.0,74.63,0.0,ordinary,open_water,Jamnagar (Sikka) marine terminal,1170.11,False,False,2,,False
419001632,HARVEST,IND,india_mangalore_dec2025_jan2026,2025-12-23 21:00:00+00:00,2025-12-25 05:00:00+00:00,32.0,33,1.0,12.9203,74.80969,1.505,ordinary,open_water,Jamnagar (Sikka) marine terminal,1186.61,False,False,2,,False
419001669,BW OAK,IND,india_mangalore_dec2025_jan2026,2025-12-11 01:00:00+00:00,2025-12-12 09:00:00+00:00,32.0,30,0.909,12.92,74.80866,3.107,ordinary,open_water,Jamnagar (Sikka) marine terminal,1186.59,False,False,2,,False
419345253,THANNAM NET199%,IND,india_mangalore_dec2025_jan2026,2026-01-06 11:00:00+00:00,2026-01-07 19:00:00+00:00,32.0,20,0.606,13.1095,74.649,3.282,ordinary,open_water,Jamnagar (Sikka) marine terminal,1160.05,False,False,2,,False
538006489,SILVER EUPLECTA,MHL,india_mangalore_dec2025_jan2026,2025-12-07 00:00:00+00:00,2025-12-08 08:00:00+00:00,32.0,33,1.0,12.92,74.81,0.0,ordinary,open_water,Jamnagar (Sikka) marine terminal,1186.65,False,False,2,,False
563020300,ARDMORE-GIBRALTAR,SGP,india_mangalore_dec2025_jan2026,2026-01-10 13:00:00+00:00,2026-01-11 21:00:00+00:00,32.0,33,1.0,12.92,74.81,0.0,ordinary,open_water,Jamnagar (Sikka) marine terminal,1186.65,False,False,2,,False
563276600,PRABHU MIHIKAA,SGP,india_mangalore_dec2025_jan2026,2026-01-13 07:00:00+00:00,2026-01-14 15:00:00+00:00,32.0,33,1.0,12.92,74.81,0.0,ordinary,open_water,Jamnagar (Sikka) marine terminal,1186.65,False,False,2,,False
314878000,A A P,BRB,india_mangalore_dec2025_jan2026,2025-12-10 23:00:00+00:00,2025-12-12 06:00:00+00:00,31.0,32,1.0,12.95,74.66,0.0,ordinary,open_water,Jamnagar (Sikka) marine terminal,1176.53,False,False,2,,False
352005370,SEA BRIGHT,PAN,india_mangalore_dec2025_jan2026,2026-01-13 16:00:00+00:00,2026-01-14 23:00:00+00:00,31.0,32,1.0,12.94969,74.73,1.077,ordinary,open_water,Jamnagar (Sikka) marine terminal,1179.87,False,False,2,,False
419001654,KAVIRAJ,IND,india_mangalore_dec2025_jan2026,2025-12-10 05:00:00+00:00,2025-12-11 12:00:00+00:00,31.0,30,0.938,12.901,74.65033,1.449,ordinary,open_water,Jamnagar (Sikka) marine terminal,1180.99,False,False,2,,False
419001654,KAVIRAJ,IND,india_mangalore_dec2025_jan2026,2026-01-08 15:00:00+00:00,2026-01-09 22:00:00+00:00,31.0,17,0.531,12.93353,74.81353,1.005,ordinary,open_water,Jamnagar (Sikka) marine terminal,1185.48,False,False,2,,False
574005600,APOLLO OCEAN,VNM,india_mangalore_dec2025_jan2026,2025-12-25 17:00:00+00:00,2025-12-27 00:00:00+00:00,31.0,32,1.0,12.98875,74.64,0.973,ordinary,open_water,Jamnagar (Sikka) marine terminal,1171.71,False,False,2,,False
419000961,DAWN HARIDWAR,IND,india_mangalore_dec2025_jan2026,2025-12-24 05:00:00+00:00,2025-12-25 11:00:00+00:00,30.0,31,1.0,12.92032,74.80871,3.112,ordinary,open_water,Jamnagar (Sikka) marine terminal,1186.56,False,False,2,,False
419001386,VARADA,IND,india_mangalore_dec2025_jan2026,2025-12-29 19:00:00+00:00,2025-12-31 01:00:00+00:00,30.0,31,1.0,12.93,74.81,0.0,ordinary,open_water,Jamnagar (Sikka) marine terminal,1185.66,False,False,2,,False
419001984,,IND,india_mangalore_dec2025_jan2026,2025-12-27 08:00:00+00:00,2025-12-28 14:00:00+00:00,30.0,31,1.0,12.93968,74.82,1.076,ordinary,open_water,Jamnagar (Sikka) marine terminal,1185.17,False,False,2,,False
419120727,MOTHER NET3_84%,IND,india_mangalore_dec2025_jan2026,2025-12-16 05:00:00+00:00,2025-12-17 11:00:00+00:00,30.0,26,0.839,13.29538,74.60423,3.961,ordinary,open_water,Jamnagar (Sikka) marine terminal,1139.36,False,False,2,,False
419521210,OMIGA NET-2  100%,IND,india_mangalore_dec2025_jan2026,2025-12-19 14:00:00+00:00,2025-12-20 20:00:00+00:00,30.0,31,1.0,13.10839,74.58581,3.91,ordinary,open_water,Jamnagar (Sikka) marine terminal,1157.18,False,False,2,,False
419672000,JAG PUSHPA,IND,india_mangalore_dec2025_jan2026,2025-12-28 08:00:00+00:00,2025-12-29 14:00:00+00:00,30.0,31,1.0,12.98032,74.63645,1.143,ordinary,open_water,Jamnagar (Sikka) marine terminal,1172.39,False,False,2,,False
518100960,SARVESHWAR,COK,india_mangalore_dec2025_jan2026,2026-01-05 01:00:00+00:00,2026-01-06 07:00:00+00:00,30.0,31,1.0,12.92,74.81,0.0,ordinary,open_water,Jamnagar (Sikka) marine terminal,1186.65,False,False,2,,False
636015014,POLA,LBR,india_mangalore_dec2025_jan2026,2025-12-01 00:00:00+00:00,2025-12-02 06:00:00+00:00,30.0,31,1.0,12.89903,74.64968,2.117,ordinary,open_water,Jamnagar (Sikka) marine terminal,1181.16,False,False,2,,False
636019233,HIGH VOYAGER,LBR,india_mangalore_dec2025_jan2026,2025-12-31 14:00:00+00:00,2026-01-01 20:00:00+00:00,30.0,31,1.0,12.92,74.80838,3.076,ordinary,open_water,Jamnagar (Sikka) marine terminal,1186.58,False,False,2,,False
636020364,SOLAR ROMA,LBR,india_mangalore_dec2025_jan2026,2025-12-21 16:00:00+00:00,2025-12-22 22:00:00+00:00,30.0,31,1.0,12.96968,74.65839,1.09,ordinary,open_water,Jamnagar (Sikka) marine terminal,1174.49,False,False,2,,False
667001608,CHONGCHON,SLE,india_mangalore_dec2025_jan2026,2025-12-29 22:00:00+00:00,2025-12-31 04:00:00+00:00,30.0,31,1.0,12.96419,74.62,0.646,ordinary,open_water,Jamnagar (Sikka) marine terminal,1173.24,False,False,2,,False
667002508,ZERBA,SLE,india_mangalore_dec2025_jan2026,2025-12-27 12:00:00+00:00,2025-12-28 18:00:00+00:00,30.0,31,1.0,12.92968,74.81903,3.325,ordinary,open_water,Jamnagar (Sikka) marine terminal,1186.12,False,False,2,,False
351170000,SAKIZAYA BRAVE,PAN,india_mangalore_dec2025_jan2026,2025-12-21 09:00:00+00:00,2025-12-22 14:00:00+00:00,29.0,30,1.0,12.95,74.64,0.0,ordinary,open_water,Jamnagar (Sikka) marine terminal,1175.6,False,False,2,,False
371720000,GLOBE POLARIS,PAN,india_mangalore_dec2025_jan2026,2025-12-08 04:00:00+00:00,2025-12-09 09:00:00+00:00,29.0,29,0.967,12.92,74.81,0.0,ordinary,open_water,Jamnagar (Sikka) marine terminal,1186.65,False,False,2,,False
419001126,SSL VISAKHAPATNAM,IND,india_mangalore_dec2025_jan2026,2025-12-21 08:00:00+00:00,2025-12-22 13:00:00+00:00,29.0,30,1.0,12.95,74.66,0.0,ordinary,open_water,Jamnagar (Sikka) marine terminal,1176.53,False,False,2,,False
419001984,,IND,india_mangalore_dec2025_jan2026,2025-12-12 23:00:00+00:00,2025-12-14 04:00:00+00:00,29.0,30,1.0,12.93767,74.81667,4.433,ordinary,open_water,Jamnagar (Sikka) marine terminal,1185.21,False,False,2,,False
419001984,,IND,india_mangalore_dec2025_jan2026,2025-12-31 20:00:00+00:00,2026-01-02 01:00:00+00:00,29.0,30,1.0,12.93767,74.81867,2.178,ordinary,open_water,Jamnagar (Sikka) marine terminal,1185.31,False,False,2,,False
419473000,DESH GAURAV,IND,india_mangalore_dec2025_jan2026,2026-01-11 11:00:00+00:00,2026-01-12 16:00:00+00:00,29.0,30,1.0,12.92,74.80866,4.191,ordinary,open_water,Jamnagar (Sikka) marine terminal,1186.59,False,False,2,,False
538090721,SUNBIRD ARROW,MHL,india_mangalore_dec2025_jan2026,2025-12-31 19:00:00+00:00,2026-01-02 00:00:00+00:00,29.0,30,1.0,12.96,74.62,0.0,ordinary,open_water,Jamnagar (Sikka) marine terminal,1173.66,False,False,2,,False
419000117,DOLPHIN NO.2,IND,india_mangalore_dec2025_jan2026,2025-12-01 00:00:00+00:00,2025-12-02 04:00:00+00:00,28.0,29,1.0,12.9,74.65,0.0,ordinary,open_water,Jamnagar (Sikka) marine terminal,1181.08,False,False,2,,False
419000274,OCEAN HARMONY,IND,india_mangalore_dec2025_jan2026,2025-12-01 00:00:00+00:00,2025-12-02 04:00:00+00:00,28.0,29,1.0,12.93724,74.81724,4.468,ordinary,open_water,Jamnagar (Sikka) marine terminal,1185.28,False,False,2,,False
419001483,TCI ANAND,IND,india_mangalore_dec2025_jan2026,2025-12-11 10:00:00+00:00,2025-12-12 14:00:00+00:00,28.0,29,1.0,12.93,74.81,0.0,ordinary,open_water,Jamnagar (Sikka) marine terminal,1185.66,False,False,2,,False
419001746,SARATHI,IND,india_mangalore_dec2025_jan2026,2025-12-29 21:00:00+00:00,2025-12-31 01:00:00+00:00,28.0,29,1.0,12.93897,74.81862,3.751,ordinary,open_water,Jamnagar (Sikka) marine terminal,1185.18,False,False,2,,False
419681983,,IND,india_mangalore_dec2025_jan2026,2025-12-03 12:00:00+00:00,2025-12-04 16:00:00+00:00,28.0,17,0.586,12.77118,74.05176,4.26,ordinary,open_water,Jamnagar (Sikka) marine terminal,1167.75,False,False,2,,False
563206300,STOLT MOMIJI,SGP,india_mangalore_dec2025_jan2026,2025-12-05 19:00:00+00:00,2025-12-06 23:00:00+00:00,28.0,29,1.0,12.92034,74.80896,2.056,ordinary,open_water,Jamnagar (Sikka) marine terminal,1186.57,False,False,2,,False
565365000,MV DANAYA NAREE,SGP,india_mangalore_dec2025_jan2026,2026-01-10 07:00:00+00:00,2026-01-11 11:00:00+00:00,28.0,29,1.0,12.94,74.82,0.0,ordinary,open_water,Jamnagar (Sikka) marine terminal,1185.14,False,False,2,,False
636093244,GASCHEM EUROPE,LBR,india_mangalore_dec2025_jan2026,2026-01-02 09:00:00+00:00,2026-01-03 13:00:00+00:00,28.0,29,1.0,12.92,74.81,0.0,ordinary,open_water,Jamnagar (Sikka) marine terminal,1186.65,False,False,2,,False
219627000,ADRIATIC GAS,DNK,india_mangalore_dec2025_jan2026,2025-12-02 03:00:00+00:00,2025-12-03 06:00:00+00:00,27.0,28,1.0,12.98,74.62,0.0,ordinary,open_water,Jamnagar (Sikka) marine terminal,1171.65,False,False,2,,False
374391000,MSC TIGER F,PAN,india_mangalore_dec2025_jan2026,2025-12-31 05:00:00+00:00,2026-01-01 08:00:00+00:00,27.0,28,1.0,12.92964,74.80964,1.497,ordinary,open_water,Jamnagar (Sikka) marine terminal,1185.68,False,False,2,,False
419000117,DOLPHIN NO.2,IND,india_mangalore_dec2025_jan2026,2025-12-19 20:00:00+00:00,2025-12-20 23:00:00+00:00,27.0,28,1.0,12.92214,74.81,2.262,ordinary,open_water,Jamnagar (Sikka) marine terminal,1186.44,False,False,2,,False
419000533,OCEAN ENDURANCE,IND,india_mangalore_dec2025_jan2026,2025-12-01 00:00:00+00:00,2025-12-02 03:00:00+00:00,27.0,28,1.0,12.92321,74.81178,1.326,ordinary,open_water,Jamnagar (Sikka) marine terminal,1186.42,False,False,2,,False
419001604,MT BABYLON,IND,india_mangalore_dec2025_jan2026,2026-01-08 15:00:00+00:00,2026-01-09 18:00:00+00:00,27.0,21,0.75,12.92,74.81,0.0,ordinary,open_water,Jamnagar (Sikka) marine terminal,1186.65,False,False,2,,False
419001631,SM MANALI,IND,india_mangalore_dec2025_jan2026,2026-01-04 09:00:00+00:00,2026-01-05 12:00:00+00:00,27.0,28,1.0,12.93,74.81,0.0,ordinary,open_water,Jamnagar (Sikka) marine terminal,1185.66,False,False,2,,False
419001654,KAVIRAJ,IND,india_mangalore_dec2025_jan2026,2025-12-01 00:00:00+00:00,2025-12-02 03:00:00+00:00,27.0,28,1.0,12.91857,74.67821,2.857,ordinary,open_water,Jamnagar (Sikka) marine terminal,1180.54,False,False,2,,False
419001669,BW OAK,IND,india_mangalore_dec2025_jan2026,2025-12-13 01:00:00+00:00,2025-12-14 04:00:00+00:00,27.0,18,0.643,12.92111,74.80944,1.422,ordinary,open_water,Jamnagar (Sikka) marine terminal,1186.52,False,False,2,,False
419001984,,IND,india_mangalore_dec2025_jan2026,2026-01-07 11:00:00+00:00,2026-01-08 14:00:00+00:00,27.0,20,0.714,12.935,74.8155,3.228,ordinary,open_water,Jamnagar (Sikka) marine terminal,1185.42,False,False,2,,False
419058812,OMEGA NET 1_99%,IND,india_mangalore_dec2025_jan2026,2025-12-18 19:00:00+00:00,2025-12-19 22:00:00+00:00,27.0,25,0.893,13.0836,74.6144,4.99,ordinary,open_water,Jamnagar (Sikka) marine terminal,1161.01,False,False,2,,False
419190769,JERO NET 5-99%,IND,india_mangalore_dec2025_jan2026,2025-12-16 03:00:00+00:00,2025-12-17 06:00:00+00:00,27.0,21,0.75,13.32667,74.35048,4.927,ordinary,open_water,Jamnagar (Sikka) marine terminal,1124.32,False,False,2,,False
419950737,ASHIYANA,IND,india_mangalore_dec2025_jan2026,2025-12-07 12:00:00+00:00,2025-12-08 15:00:00+00:00,27.0,20,0.714,12.3585,74.582,4.475,ordinary,open_water,Jamnagar (Sikka) marine terminal,1232.65,False,False,2,,False
538009291,FIVOS,MHL,india_mangalore_dec2025_jan2026,2025-12-03 21:00:00+00:00,2025-12-05 00:00:00+00:00,27.0,28,1.0,12.95,74.63678,0.736,ordinary,open_water,Jamnagar (Sikka) marine terminal,1175.44,False,False,2,,False
548923200,CHELSEA PROVIDENCE,PHL,india_mangalore_dec2025_jan2026,2026-01-08 09:00:00+00:00,2026-01-09 12:00:00+00:00,27.0,28,1.0,12.96607,74.61,0.675,ordinary,open_water,Jamnagar (Sikka) marine terminal,1172.58,False,False,2,,False
636024742,ALIAKMON I,LBR,india_mangalore_dec2025_jan2026,2025-12-01 00:00:00+00:00,2025-12-02 03:00:00+00:00,27.0,28,1.0,12.93,74.62,0.0,ordinary,open_water,Jamnagar (Sikka) marine terminal,1176.67,False,False,2,,False
413398860,YUN DING 19,CHN,india_mangalore_dec2025_jan2026,2025-12-28 04:00:00+00:00,2025-12-29 06:00:00+00:00,26.0,27,1.0,12.96667,74.63963,3.144,ordinary,open_water,Jamnagar (Sikka) marine terminal,1173.91,False,False,2,,False
419001604,MT BABYLON,IND,india_mangalore_dec2025_jan2026,2025-12-08 00:00:00+00:00,2025-12-09 02:00:00+00:00,26.0,27,1.0,12.92,74.80926,2.087,ordinary,open_water,Jamnagar (Sikka) marine terminal,1186.62,False,False,2,,False
419001746,SARATHI,IND,india_mangalore_dec2025_jan2026,2025-12-28 09:00:00+00:00,2025-12-29 11:00:00+00:00,26.0,27,1.0,12.93444,74.81222,4.85,ordinary,open_water,Jamnagar (Sikka) marine terminal,1185.32,False,False,2,,False
419017300,DCI DREDGE XVI,IND,india_mangalore_dec2025_jan2026,2025-12-06 08:00:00+00:00,2025-12-07 10:00:00+00:00,26.0,27,1.0,12.92963,74.81852,4.31,ordinary,open_water,Jamnagar (Sikka) marine terminal,1186.1,False,False,2,,False
419160511,SREERAGNI NET5_85%,IND,india_mangalore_dec2025_jan2026,2025-12-26 05:00:00+00:00,2025-12-27 07:00:00+00:00,26.0,17,0.63,13.34,74.70059,1.019,ordinary,open_water,Jamnagar (Sikka) marine terminal,1139.58,False,False,2,,False
419740312,THAANAM NET 3_99%,IND,india_mangalore_dec2025_jan2026,2025-12-16 00:00:00+00:00,2025-12-17 02:00:00+00:00,26.0,27,1.0,13.11148,74.65852,4.286,ordinary,open_water,Jamnagar (Sikka) marine terminal,1160.31,False,False,2,,False
419956204,BLUE DAIMOND,IND,india_mangalore_dec2025_jan2026,2025-12-14 01:00:00+00:00,2025-12-15 03:00:00+00:00,26.0,17,0.63,12.86059,74.23,1.047,ordinary,open_water,Jamnagar (Sikka) marine terminal,1166.16,False,False,2,,False
538006489,SILVER EUPLECTA,MHL,india_mangalore_dec2025_jan2026,2025-12-01 00:00:00+00:00,2025-12-02 02:00:00+00:00,26.0,27,1.0,12.92,74.80852,4.175,ordinary,open_water,Jamnagar (Sikka) marine terminal,1186.58,False,False,2,,False
538011973,ULUSOY-17,MHL,india_mangalore_dec2025_jan2026,2025-12-25 03:00:00+00:00,2025-12-26 05:00:00+00:00,26.0,27,1.0,12.93,74.80963,1.043,ordinary,open_water,Jamnagar (Sikka) marine terminal,1185.64,False,False,2,,False
538090721,SUNBIRD ARROW,MHL,india_mangalore_dec2025_jan2026,2026-01-02 03:00:00+00:00,2026-01-03 05:00:00+00:00,26.0,27,1.0,12.92963,74.80926,2.346,ordinary,open_water,Jamnagar (Sikka) marine terminal,1185.66,False,False,2,,False
548774000,AUSTIN TRADER,PHL,india_mangalore_dec2025_jan2026,2025-12-02 01:00:00+00:00,2025-12-03 03:00:00+00:00,26.0,27,1.0,12.94,74.64074,2.088,ordinary,open_water,Jamnagar (Sikka) marine terminal,1176.63,False,False,2,,False
636020693,CRUDE LEVANTE,LBR,india_mangalore_dec2025_jan2026,2025-12-26 06:00:00+00:00,2025-12-27 08:00:00+00:00,26.0,27,1.0,12.93,74.61,0.0,ordinary,open_water,Jamnagar (Sikka) marine terminal,1176.2,False,False,2,,False
419000117,DOLPHIN NO.2,IND,india_mangalore_dec2025_jan2026,2025-12-18 05:00:00+00:00,2025-12-19 06:00:00+00:00,25.0,26,1.0,12.925,74.81192,1.884,ordinary,open_water,Jamnagar (Sikka) marine terminal,1186.25,False,False,2,,False
419001352,TCI EXPRESS,IND,india_mangalore_dec2025_jan2026,2026-01-13 22:00:00+00:00,2026-01-14 23:00:00+00:00,25.0,26,1.0,12.93,74.81,0.0,ordinary,open_water,Jamnagar (Sikka) marine terminal,1185.66,False,False,2,,False
419001453,HARI ANAND,IND,india_mangalore_dec2025_jan2026,2025-12-29 12:00:00+00:00,2025-12-30 13:00:00+00:00,25.0,26,1.0,12.92,74.80923,2.084,ordinary,open_water,Jamnagar (Sikka) marine terminal,1186.62,False,False,2,,False
419001632,HARVEST,IND,india_mangalore_dec2025_jan2026,2025-12-22 17:00:00+00:00,2025-12-23 18:00:00+00:00,25.0,26,1.0,12.97115,74.61923,2.956,ordinary,open_water,Jamnagar (Sikka) marine terminal,1172.5,False,False,2,,False
419001686,SANMAR SLOKA,IND,india_mangalore_dec2025_jan2026,2025-12-24 01:00:00+00:00,2025-12-25 02:00:00+00:00,25.0,26,1.0,12.99,74.63115,0.959,ordinary,open_water,Jamnagar (Sikka) marine terminal,1171.17,False,False,2,,False
419002083,CULTURE,IND,india_mangalore_dec2025_jan2026,2026-01-07 12:00:00+00:00,2026-01-08 13:00:00+00:00,25.0,26,1.0,12.92,74.80923,2.084,ordinary,open_water,Jamnagar (Sikka) marine terminal,1186.62,False,False,2,,False
419801746,YOJAKA DHRUV,IND,india_mangalore_dec2025_jan2026,2025-12-01 00:00:00+00:00,2025-12-02 01:00:00+00:00,25.0,26,1.0,12.93077,74.80269,4.139,ordinary,open_water,Jamnagar (Sikka) marine terminal,1185.23,False,False,2,,False
419950103,VIKRAM,IND,india_mangalore_dec2025_jan2026,2025-12-01 00:00:00+00:00,2025-12-02 01:00:00+00:00,25.0,26,1.0,13.04192,74.47154,4.237,ordinary,open_water,Jamnagar (Sikka) marine terminal,1158.55,False,False,2,,False
538009214,ECO MALIBU,MHL,india_mangalore_dec2025_jan2026,2025-12-14 16:00:00+00:00,2025-12-15 17:00:00+00:00,25.0,20,0.769,12.8995,74.6495,1.475,ordinary,open_water,Jamnagar (Sikka) marine terminal,1181.11,False,False,2,,False
548923200,CHELSEA PROVIDENCE,PHL,india_mangalore_dec2025_jan2026,2026-01-09 18:00:00+00:00,2026-01-10 19:00:00+00:00,25.0,23,0.885,12.92043,74.81,1.064,ordinary,open_water,Jamnagar (Sikka) marine terminal,1186.61,False,False,2,,False
566312000,MARITIME KELLY ANNE,SGP,india_mangalore_dec2025_jan2026,2025-12-21 04:00:00+00:00,2025-12-22 05:00:00+00:00,25.0,26,1.0,12.92038,74.80846,4.169,ordinary,open_water,Jamnagar (Sikka) marine terminal,1186.54,False,False,2,,False
419000970,SSL GUJARAT,IND,india_mangalore_dec2025_jan2026,2025-12-14 08:00:00+00:00,2025-12-15 08:00:00+00:00,24.0,25,1.0,12.95,74.64,0.0,ordinary,open_water,Jamnagar (Sikka) marine terminal,1175.6,False,False,2,,False
419001386,VARADA,IND,india_mangalore_dec2025_jan2026,2025-12-21 13:00:00+00:00,2025-12-22 13:00:00+00:00,24.0,25,1.0,12.93,74.81,0.0,ordinary,open_water,Jamnagar (Sikka) marine terminal,1185.66,False,False,2,,False
419001631,SM MANALI,IND,india_mangalore_dec2025_jan2026,2026-01-12 06:00:00+00:00,2026-01-13 06:00:00+00:00,24.0,25,1.0,12.93,74.81,0.0,ordinary,open_water,Jamnagar (Sikka) marine terminal,1185.66,False,False,2,,False
419001850,OCEAN SPLENDOUR,IND,india_mangalore_dec2025_jan2026,2026-01-09 11:00:00+00:00,2026-01-10 11:00:00+00:00,24.0,24,0.96,12.92292,74.80958,1.377,ordinary,open_water,Jamnagar (Sikka) marine terminal,1186.34,False,False,2,,False
419081116,SHALOOM NET 1-99%,IND,india_mangalore_dec2025_jan2026,2025-12-17 05:00:00+00:00,2025-12-18 05:00:00+00:00,24.0,19,0.76,13.37053,74.36,3.451,ordinary,open_water,Jamnagar (Sikka) marine terminal,1120.34,False,False,2,,False
419107877,KOHINOOR,IND,india_mangalore_dec2025_jan2026,2025-12-21 01:00:00+00:00,2025-12-22 01:00:00+00:00,24.0,25,1.0,12.9248,74.3436,3.687,ordinary,open_water,Jamnagar (Sikka) marine terminal,1164.61,False,False,2,,False
419522674,MINNALANNAI-1_35%,IND,india_mangalore_dec2025_jan2026,2025-12-15 03:00:00+00:00,2025-12-16 03:00:00+00:00,24.0,18,0.72,13.22611,74.54889,2.906,ordinary,open_water,Jamnagar (Sikka) marine terminal,1143.65,False,False,2,,False
419740044,KREUPASANAM NET1_84%,IND,india_mangalore_dec2025_jan2026,2025-12-16 04:00:00+00:00,2025-12-17 04:00:00+00:00,24.0,15,0.6,13.32,74.45067,3.876,ordinary,open_water,Jamnagar (Sikka) marine terminal,1129.63,False,False,2,,False
419826905,SH,IND,india_mangalore_dec2025_jan2026,2026-01-03 03:00:00+00:00,2026-01-04 03:00:00+00:00,24.0,17,0.68,12.94,74.82,0.0,ordinary,open_water,Jamnagar (Sikka) marine terminal,1185.14,False,False,2,,False
511101469,ANJANEYA,PLW,india_mangalore_dec2025_jan2026,2025-12-13 15:00:00+00:00,2025-12-14 15:00:00+00:00,24.0,25,1.0,12.92,74.81,0.0,ordinary,open_water,Jamnagar (Sikka) marine terminal,1186.65,False,False,2,,False
518998204,BITUMEN STAR,COK,india_mangalore_dec2025_jan2026,2026-01-12 00:00:00+00:00,2026-01-13 00:00:00+00:00,24.0,25,1.0,12.93,74.82,0.0,ordinary,open_water,Jamnagar (Sikka) marine terminal,1186.14,False,False,2,,False
636017792,HYDE PARK,LBR,india_mangalore_dec2025_jan2026,2025-12-25 19:00:00+00:00,2025-12-26 19:00:00+00:00,24.0,23,0.92,12.92957,74.81913,2.33,ordinary,open_water,Jamnagar (Sikka) marine terminal,1186.14,False,False,2,,False
419000545,,IND,india_mangalore_dec2025_jan2026,2025-12-18 04:00:00+00:00,2025-12-19 03:00:00+00:00,23.0,24,1.0,12.92,74.81,0.0,ordinary,open_water,Jamnagar (Sikka) marine terminal,1186.65,False,False,2,,False
419001746,SARATHI,IND,india_mangalore_dec2025_jan2026,2025-12-21 14:00:00+00:00,2025-12-22 13:00:00+00:00,23.0,24,1.0,12.9375,74.81625,4.384,ordinary,open_water,Jamnagar (Sikka) marine terminal,1185.21,False,False,2,,False
419002047,OCEAN ALLIANCE,IND,india_mangalore_dec2025_jan2026,2025-12-15 04:00:00+00:00,2025-12-16 03:00:00+00:00,23.0,19,0.792,13.35,74.69947,1.024,ordinary,open_water,Jamnagar (Sikka) marine terminal,1138.53,False,False,2,,False
419345249,JERO 3NET99%,IND,india_mangalore_dec2025_jan2026,2025-12-16 03:00:00+00:00,2025-12-17 02:00:00+00:00,23.0,13,0.542,13.32462,74.35231,2.748,ordinary,open_water,Jamnagar (Sikka) marine terminal,1124.61,False,False,2,,False
419345253,THANNAM NET199%,IND,india_mangalore_dec2025_jan2026,2025-12-16 03:00:00+00:00,2025-12-17 02:00:00+00:00,23.0,20,0.833,13.1305,74.6495,3.392,ordinary,open_water,Jamnagar (Sikka) marine terminal,1157.98,False,False,2,,False
419471000,DESH PREM,IND,india_mangalore_dec2025_jan2026,2025-12-21 05:00:00+00:00,2025-12-22 04:00:00+00:00,23.0,24,1.0,12.96875,74.6,0.973,ordinary,open_water,Jamnagar (Sikka) marine terminal,1171.85,False,False,2,,False
419740307,AMMA NET 1_93%,IND,india_mangalore_dec2025_jan2026,2025-12-13 08:00:00+00:00,2025-12-14 07:00:00+00:00,23.0,22,0.917,13.64909,74.48682,2.15,ordinary,open_water,Jamnagar (Sikka) marine terminal,1098.49,False,False,2,,False
419801746,YOJAKA DHRUV,IND,india_mangalore_dec2025_jan2026,2026-01-10 07:00:00+00:00,2026-01-11 06:00:00+00:00,23.0,24,1.0,12.92958,74.80417,2.07,ordinary,open_water,Jamnagar (Sikka) marine terminal,1185.42,False,False,2,,False
566312000,MARITIME KELLY ANNE,SGP,india_mangalore_dec2025_jan2026,2025-12-20 04:00:00+00:00,2025-12-21 03:00:00+00:00,23.0,24,1.0,12.96917,74.63625,4.233,ordinary,open_water,Jamnagar (Sikka) marine terminal,1173.5,False,False,2,,False
351366000,HEUNG-A PIONEER,PAN,india_mangalore_dec2025_jan2026,2025-12-04 19:00:00+00:00,2025-12-05 17:00:00+00:00,22.0,23,1.0,12.92,74.80869,2.026,ordinary,open_water,Jamnagar (Sikka) marine terminal,1186.59,False,False,2,,False
352004577,GAS FATE,PAN,india_mangalore_dec2025_jan2026,2025-12-05 02:00:00+00:00,2025-12-06 00:00:00+00:00,22.0,23,1.0,12.93957,74.82,1.064,ordinary,open_water,Jamnagar (Sikka) marine terminal,1185.19,False,False,2,,False
419001043,C-448,IND,india_mangalore_dec2025_jan2026,2025-12-22 17:00:00+00:00,2025-12-23 15:00:00+00:00,22.0,23,1.0,12.92087,74.80869,3.768,ordinary,open_water,Jamnagar (Sikka) marine terminal,1186.51,False,False,2,,False
419001356,AMNS TUFMAX,IND,india_mangalore_dec2025_jan2026,2026-01-03 04:00:00+00:00,2026-01-04 02:00:00+00:00,22.0,23,1.0,12.92957,74.81913,2.33,ordinary,open_water,Jamnagar (Sikka) marine terminal,1186.14,False,False,2,,False
419001413,DARYA SHAAN,IND,india_mangalore_dec2025_jan2026,2025-12-18 05:00:00+00:00,2025-12-19 03:00:00+00:00,22.0,23,1.0,12.93957,74.82,1.064,ordinary,open_water,Jamnagar (Sikka) marine terminal,1185.19,False,False,2,,False
419001631,SM MANALI,IND,india_mangalore_dec2025_jan2026,2025-12-14 11:00:00+00:00,2025-12-15 09:00:00+00:00,22.0,20,0.87,12.93,74.81,0.0,ordinary,open_water,Jamnagar (Sikka) marine terminal,1185.66,False,False,2,,False
419001632,HARVEST,IND,india_mangalore_dec2025_jan2026,2025-12-10 09:00:00+00:00,2025-12-11 07:00:00+00:00,22.0,23,1.0,12.97043,74.62,2.431,ordinary,open_water,Jamnagar (Sikka) marine terminal,1172.61,False,False,2,,False
419001655,PINE GAS,IND,india_mangalore_dec2025_jan2026,2025-12-30 02:00:00+00:00,2025-12-31 00:00:00+00:00,22.0,23,1.0,12.98,74.63869,0.942,ordinary,open_water,Jamnagar (Sikka) marine terminal,1172.53,False,False,2,,False
419001669,BW OAK,IND,india_mangalore_dec2025_jan2026,2025-12-10 01:00:00+00:00,2025-12-10 23:00:00+00:00,22.0,23,1.0,12.98565,74.64043,3.035,ordinary,open_water,Jamnagar (Sikka) marine terminal,1172.04,False,False,2,,False
419090454,MARIYAVALGA NET3_89%,IND,india_mangalore_dec2025_jan2026,2025-12-17 01:00:00+00:00,2025-12-17 23:00:00+00:00,22.0,19,0.826,13.27895,74.49105,4.719,ordinary,open_water,Jamnagar (Sikka) marine terminal,1135.64,False,False,2,,False
419107877,KOHINOOR,IND,india_mangalore_dec2025_jan2026,2025-12-19 18:00:00+00:00,2025-12-20 16:00:00+00:00,22.0,23,1.0,12.93609,74.27478,4.947,ordinary,open_water,Jamnagar (Sikka) marine terminal,1160.43,False,False,2,,False
419181024,FR NET BUOY 1_99%,IND,india_mangalore_dec2025_jan2026,2025-12-04 09:00:00+00:00,2025-12-05 07:00:00+00:00,22.0,16,0.696,12.2275,74.44313,4.184,ordinary,open_water,Jamnagar (Sikka) marine terminal,1239.96,False,False,2,,False
419506211,SINAN INDTN15MM6751,IND,india_mangalore_dec2025_jan2026,2025-12-20 14:00:00+00:00,2025-12-21 12:00:00+00:00,22.0,13,0.565,12.14769,74.94923,4.31,ordinary,open_water,Jamnagar (Sikka) marine terminal,1270.58,False,False,2,,False
419951499,NAMAN III,IND,india_mangalore_dec2025_jan2026,2025-12-12 04:00:00+00:00,2025-12-13 02:00:00+00:00,22.0,16,0.696,13.12,74.12,0.0,ordinary,open_water,Jamnagar (Sikka) marine terminal,1134.96,False,False,2,,False
311075900,KINGBIRD ARROW,BHS,india_mangalore_dec2025_jan2026,2025-12-01 20:00:00+00:00,2025-12-02 17:00:00+00:00,21.0,22,1.0,12.93,74.80909,0.985,ordinary,open_water,Jamnagar (Sikka) marine terminal,1185.61,False,False,2,,False
352002555,FORTUNE GAS,PAN,india_mangalore_dec2025_jan2026,2025-12-24 20:00:00+00:00,2025-12-25 17:00:00+00:00,21.0,22,1.0,12.93909,74.81955,1.447,ordinary,open_water,Jamnagar (Sikka) marine terminal,1185.21,False,False,2,,False
414071000,GUO YUAN 18,CHN,india_mangalore_dec2025_jan2026,2025-12-15 12:00:00+00:00,2025-12-16 09:00:00+00:00,21.0,22,1.0,12.92955,74.80863,3.28,ordinary,open_water,Jamnagar (Sikka) marine terminal,1185.64,False,False,2,,False
419000178,VISHVA VIKAS,IND,india_mangalore_dec2025_jan2026,2026-01-14 02:00:00+00:00,2026-01-14 23:00:00+00:00,21.0,22,1.0,12.94955,74.63954,1.482,ordinary,open_water,Jamnagar (Sikka) marine terminal,1175.62,False,False,2,,False
419001654,KAVIRAJ,IND,india_mangalore_dec2025_jan2026,2026-01-10 15:00:00+00:00,2026-01-11 12:00:00+00:00,21.0,19,0.864,12.92947,74.80789,4.24,ordinary,open_water,Jamnagar (Sikka) marine terminal,1185.61,False,False,2,,False
419001984,,IND,india_mangalore_dec2025_jan2026,2026-01-02 09:00:00+00:00,2026-01-03 06:00:00+00:00,21.0,22,1.0,12.93727,74.81864,2.137,ordinary,open_water,Jamnagar (Sikka) marine terminal,1185.35,False,False,2,,False
419180269,MOTHER NET 2_99%,IND,india_mangalore_dec2025_jan2026,2026-01-11 22:00:00+00:00,2026-01-12 19:00:00+00:00,21.0,16,0.727,13.32812,74.60313,4.715,ordinary,open_water,Jamnagar (Sikka) marine terminal,1136.05,False,False,2,,False
419473000,DESH GAURAV,IND,india_mangalore_dec2025_jan2026,2025-12-25 01:00:00+00:00,2025-12-25 22:00:00+00:00,21.0,22,1.0,12.95,74.63864,3.103,ordinary,open_water,Jamnagar (Sikka) marine terminal,1175.53,False,False,2,,False
419740045,KREUPASANAM NET2_91%,IND,india_mangalore_dec2025_jan2026,2025-12-16 04:00:00+00:00,2025-12-17 01:00:00+00:00,21.0,14,0.636,13.29,74.455,4.481,ordinary,open_water,Jamnagar (Sikka) marine terminal,1132.84,False,False,2,,False
419740188,JOSHWA NETBUOY 3_85%,IND,india_mangalore_dec2025_jan2026,2025-12-06 15:00:00+00:00,2025-12-07 12:00:00+00:00,21.0,11,0.5,12.41455,74.05909,4.064,ordinary,open_water,Jamnagar (Sikka) marine terminal,1204.77,False,False,2,,False
419801746,YOJAKA DHRUV,IND,india_mangalore_dec2025_jan2026,2025-12-15 09:00:00+00:00,2025-12-16 06:00:00+00:00,21.0,22,1.0,12.93,74.80137,2.316,ordinary,open_water,Jamnagar (Sikka) marine terminal,1185.24,False,False,2,,False
419902386,,IND,india_mangalore_dec2025_jan2026,2025-12-23 06:00:00+00:00,2025-12-24 03:00:00+00:00,21.0,17,0.773,12.67353,74.33,4.055,ordinary,open_water,Jamnagar (Sikka) marine terminal,1189.56,False,False,2,,False
419950102,ADHI,IND,india_mangalore_dec2025_jan2026,2025-12-01 05:00:00+00:00,2025-12-02 02:00:00+00:00,21.0,18,0.818,12.88389,74.56,3.768,ordinary,open_water,Jamnagar (Sikka) marine terminal,1178.53,False,False,2,,False
419957166,GANESH KRIPA,IND,india_mangalore_dec2025_jan2026,2025-12-31 03:00:00+00:00,2026-01-01 00:00:00+00:00,21.0,22,1.0,13.01545,74.5,2.032,ordinary,open_water,Jamnagar (Sikka) marine terminal,1162.52,False,False,2,,False
419957303,SHRI PANCHAMI,IND,india_mangalore_dec2025_jan2026,2025-12-10 19:00:00+00:00,2025-12-11 16:00:00+00:00,21.0,12,0.545,13.0825,74.1325,2.071,ordinary,open_water,Jamnagar (Sikka) marine terminal,1139.32,False,False,2,,False
538011936,EUNICE,MHL,india_mangalore_dec2025_jan2026,2025-12-20 03:00:00+00:00,2025-12-21 00:00:00+00:00,21.0,22,1.0,12.92,74.81,0.0,ordinary,open_water,Jamnagar (Sikka) marine terminal,1186.65,False,False,2,,False
563131300,MARITIME GUARDIAN,SGP,india_mangalore_dec2025_jan2026,2025-12-08 10:00:00+00:00,2025-12-09 07:00:00+00:00,21.0,22,1.0,12.92,74.80954,1.034,ordinary,open_water,Jamnagar (Sikka) marine terminal,1186.63,False,False,2,,False
636017309,GROTON,LBR,india_mangalore_dec2025_jan2026,2025-12-17 02:00:00+00:00,2025-12-17 23:00:00+00:00,21.0,22,1.0,12.94818,74.63954,4.37,ordinary,open_water,Jamnagar (Sikka) marine terminal,1175.76,False,False,2,,False
255915837,SPIRIT OF BERTRAM,PRT,india_mangalore_dec2025_jan2026,2026-01-11 02:00:00+00:00,2026-01-11 22:00:00+00:00,20.0,21,1.0,12.93,74.81,0.0,ordinary,open_water,Jamnagar (Sikka) marine terminal,1185.66,False,False,2,,False
352003811,DM BEA,PAN,india_mangalore_dec2025_jan2026,2025-12-29 19:00:00+00:00,2025-12-30 15:00:00+00:00,20.0,21,1.0,12.97048,74.63905,2.995,ordinary,open_water,Jamnagar (Sikka) marine terminal,1173.5,False,False,2,,False
352005370,SEA BRIGHT,PAN,india_mangalore_dec2025_jan2026,2026-01-09 15:00:00+00:00,2026-01-10 11:00:00+00:00,20.0,20,0.952,12.93,74.819,0.976,ordinary,open_water,Jamnagar (Sikka) marine terminal,1186.09,False,False,2,,False
419000970,SSL GUJARAT,IND,india_mangalore_dec2025_jan2026,2025-12-28 22:00:00+00:00,2025-12-29 18:00:00+00:00,20.0,21,1.0,12.92952,74.80809,4.262,ordinary,open_water,Jamnagar (Sikka) marine terminal,1185.61,False,False,2,,False
419001352,TCI EXPRESS,IND,india_mangalore_dec2025_jan2026,2026-01-03 11:00:00+00:00,2026-01-04 07:00:00+00:00,20.0,21,1.0,12.93,74.81,0.0,ordinary,open_water,Jamnagar (Sikka) marine terminal,1185.66,False,False,2,,False
419001654,KAVIRAJ,IND,india_mangalore_dec2025_jan2026,2025-12-04 08:00:00+00:00,2025-12-05 04:00:00+00:00,20.0,21,1.0,12.93,74.81952,1.032,ordinary,open_water,Jamnagar (Sikka) marine terminal,1186.12,False,False,2,,False
419001746,SARATHI,IND,india_mangalore_dec2025_jan2026,2026-01-14 03:00:00+00:00,2026-01-14 23:00:00+00:00,20.0,21,1.0,12.93905,74.81952,2.356,ordinary,open_water,Jamnagar (Sikka) marine terminal,1185.21,False,False,2,,False
419001984,,IND,india_mangalore_dec2025_jan2026,2026-01-14 03:00:00+00:00,2026-01-14 23:00:00+00:00,20.0,20,0.952,12.938,74.8175,3.59,ordinary,open_water,Jamnagar (Sikka) marine terminal,1185.22,False,False,2,,False
419060954,SMILE NET2_79%,IND,india_mangalore_dec2025_jan2026,2026-01-13 03:00:00+00:00,2026-01-13 23:00:00+00:00,20.0,9,0.429,13.79444,74.37778,2.017,ordinary,open_water,Jamnagar (Sikka) marine terminal,1078.77,False,False,2,,False
419081064,GAGULTHA NET-699%,IND,india_mangalore_dec2025_jan2026,2025-12-03 10:00:00+00:00,2025-12-04 06:00:00+00:00,20.0,12,0.571,12.22083,74.32833,3.806,ordinary,open_water,Jamnagar (Sikka) marine terminal,1235.78,False,False,2,,False
419107877,KOHINOOR,IND,india_mangalore_dec2025_jan2026,2025-12-18 04:00:00+00:00,2025-12-19 00:00:00+00:00,20.0,16,0.762,12.9925,74.23812,1.983,ordinary,open_water,Jamnagar (Sikka) marine terminal,1153.08,False,False,2,,False
419519391,FISH NET-1 SHIBANO,IND,india_mangalore_dec2025_jan2026,2025-12-17 05:00:00+00:00,2025-12-18 01:00:00+00:00,20.0,8,0.381,12.64875,74.77375,4.326,ordinary,open_water,Jamnagar (Sikka) marine terminal,1212.07,False,False,2,,False
419740161,AALAYAM NET 1_85%,IND,india_mangalore_dec2025_jan2026,2025-12-17 13:00:00+00:00,2025-12-18 09:00:00+00:00,20.0,10,0.476,12.161,75.039,4.446,ordinary,open_water,Jamnagar (Sikka) marine terminal,1273.43,False,False,2,,False
419776438,THIRUPADAL NET 2_98%,IND,india_mangalore_dec2025_jan2026,2025-12-17 09:00:00+00:00,2025-12-18 05:00:00+00:00,20.0,11,0.524,13.41909,74.42091,1.692,ordinary,open_water,Jamnagar (Sikka) marine terminal,1118.31,False,False,2,,False
419902178,,IND,india_mangalore_dec2025_jan2026,2025-12-12 06:00:00+00:00,2025-12-13 02:00:00+00:00,20.0,16,0.762,13.18937,73.9625,1.896,ordinary,open_water,Jamnagar (Sikka) marine terminal,1121.13,False,False,2,,False
419950610,MARINE BLUE,IND,india_mangalore_dec2025_jan2026,2026-01-11 02:00:00+00:00,2026-01-11 22:00:00+00:00,20.0,18,0.857,12.68556,74.56667,4.995,ordinary,open_water,Jamnagar (Sikka) marine terminal,1198.84,False,False,2,,False
518998204,BITUMEN STAR,COK,india_mangalore_dec2025_jan2026,2026-01-10 09:00:00+00:00,2026-01-11 05:00:00+00:00,20.0,21,1.0,12.96381,74.6,0.688,ordinary,open_water,Jamnagar (Sikka) marine terminal,1172.34,False,False,2,,False
565365000,MV DANAYA NAREE,SGP,india_mangalore_dec2025_jan2026,2026-01-09 01:00:00+00:00,2026-01-09 21:00:00+00:00,20.0,19,0.905,12.93947,74.81947,1.471,ordinary,open_water,Jamnagar (Sikka) marine terminal,1185.17,False,False,2,,False
636020440,MSC KANU F,LBR,india_mangalore_dec2025_jan2026,2026-01-05 11:00:00+00:00,2026-01-06 07:00:00+00:00,20.0,21,1.0,12.94952,74.6419,4.262,ordinary,open_water,Jamnagar (Sikka) marine terminal,1175.73,False,False,2,,False
649555000,PACIFIC EXPLORER,MLI,india_mangalore_dec2025_jan2026,2025-12-12 10:00:00+00:00,2025-12-13 06:00:00+00:00,20.0,21,1.0,12.92,74.81,0.0,ordinary,open_water,Jamnagar (Sikka) marine terminal,1186.65,False,False,2,,False
419001126,SSL VISAKHAPATNAM,IND,india_mangalore_dec2025_jan2026,2025-12-22 14:00:00+00:00,2025-12-23 09:00:00+00:00,19.0,20,1.0,12.93,74.809,0.975,ordinary,open_water,Jamnagar (Sikka) marine terminal,1185.61,False,False,2,,False
419001654,KAVIRAJ,IND,india_mangalore_dec2025_jan2026,2025-12-12 18:00:00+00:00,2025-12-13 13:00:00+00:00,19.0,15,0.75,12.9,74.65,0.0,ordinary,open_water,Jamnagar (Sikka) marine terminal,1181.08,False,False,2,,False
419001686,SANMAR SLOKA,IND,india_mangalore_dec2025_jan2026,2025-12-25 06:00:00+00:00,2025-12-26 01:00:00+00:00,19.0,20,1.0,12.92,74.808,4.119,ordinary,open_water,Jamnagar (Sikka) marine terminal,1186.56,False,False,2,,False
419001796,BOURBON,IND,india_mangalore_dec2025_jan2026,2026-01-02 14:00:00+00:00,2026-01-03 09:00:00+00:00,19.0,20,1.0,12.92,74.81,0.0,ordinary,open_water,Jamnagar (Sikka) marine terminal,1186.65,False,False,2,,False
419001984,,IND,india_mangalore_dec2025_jan2026,2025-12-11 05:00:00+00:00,2025-12-12 00:00:00+00:00,19.0,20,1.0,12.938,74.8185,2.833,ordinary,open_water,Jamnagar (Sikka) marine terminal,1185.27,False,False,2,,False
419050311,JEHOVANISSI NET 199%,IND,india_mangalore_dec2025_jan2026,2026-01-10 05:00:00+00:00,2026-01-11 00:00:00+00:00,19.0,13,0.65,13.3,74.57461,4.321,ordinary,open_water,Jamnagar (Sikka) marine terminal,1137.49,False,False,2,,False
419067100,H S C CHERIYAPANI,IND,india_mangalore_dec2025_jan2026,2025-12-27 09:00:00+00:00,2025-12-28 04:00:00+00:00,19.0,20,1.0,12.86,74.83,0.0,ordinary,open_water,Jamnagar (Sikka) marine terminal,1193.6,False,False,2,,False
419130526,LORDJESUS NET2_87%,IND,india_mangalore_dec2025_jan2026,2025-12-13 00:00:00+00:00,2025-12-13 19:00:00+00:00,19.0,12,0.6,13.34,74.71,0.0,ordinary,open_water,Jamnagar (Sikka) marine terminal,1140.04,False,False,2,,False
419130528,LORDJESUS NET4_99%,IND,india_mangalore_dec2025_jan2026,2025-12-13 00:00:00+00:00,2025-12-13 19:00:00+00:00,19.0,9,0.45,13.34,74.71,0.0,ordinary,open_water,Jamnagar (Sikka) marine terminal,1140.04,False,False,2,,False
419326711,AIS BUOY-6711  100%,IND,india_mangalore_dec2025_jan2026,2026-01-11 02:00:00+00:00,2026-01-11 21:00:00+00:00,19.0,16,0.8,12.69,74.56562,4.95,ordinary,open_water,Jamnagar (Sikka) marine terminal,1198.34,False,False,2,,False
419473000,DESH GAURAV,IND,india_mangalore_dec2025_jan2026,2025-12-17 12:00:00+00:00,2025-12-18 07:00:00+00:00,19.0,20,1.0,12.92,74.808,4.119,ordinary,open_water,Jamnagar (Sikka) marine terminal,1186.56,False,False,2,,False
419731184,VINNARASI NET 3N_78%,IND,india_mangalore_dec2025_jan2026,2025-12-12 05:00:00+00:00,2025-12-13 00:00:00+00:00,19.0,12,0.6,13.34,74.71,0.0,ordinary,open_water,Jamnagar (Sikka) marine terminal,1140.04,False,False,2,,False
419731779,PAYANAMATHA NET1_99%,IND,india_mangalore_dec2025_jan2026,2025-12-15 20:00:00+00:00,2025-12-16 15:00:00+00:00,19.0,11,0.55,12.57091,74.81455,2.377,ordinary,open_water,Jamnagar (Sikka) marine terminal,1221.79,False,False,2,,False
419757000,SWARNA KALASH,IND,india_mangalore_dec2025_jan2026,2026-01-08 16:00:00+00:00,2026-01-09 11:00:00+00:00,19.0,20,1.0,12.92,74.81,0.0,ordinary,open_water,Jamnagar (Sikka) marine terminal,1186.65,False,False,2,,False
419779000,SCI MUKTA,IND,india_mangalore_dec2025_jan2026,2025-12-12 12:00:00+00:00,2025-12-13 07:00:00+00:00,19.0,20,1.0,12.9375,74.816,4.36,ordinary,open_water,Jamnagar (Sikka) marine terminal,1185.2,False,False,2,,False
419956204,BLUE DAIMOND,IND,india_mangalore_dec2025_jan2026,2025-12-29 05:00:00+00:00,2025-12-30 00:00:00+00:00,19.0,14,0.7,12.84143,74.29,0.953,ordinary,open_water,Jamnagar (Sikka) marine terminal,1170.72,False,False,2,,False
419957166,GANESH KRIPA,IND,india_mangalore_dec2025_jan2026,2025-12-17 06:00:00+00:00,2025-12-18 01:00:00+00:00,19.0,14,0.7,13.02286,74.49286,2.6,ordinary,open_water,Jamnagar (Sikka) marine terminal,1161.45,False,False,2,,False
419957166,GANESH KRIPA,IND,india_mangalore_dec2025_jan2026,2026-01-12 14:00:00+00:00,2026-01-13 09:00:00+00:00,19.0,18,0.9,12.68944,74.64667,2.914,ordinary,open_water,Jamnagar (Sikka) marine terminal,1202.09,False,False,2,,False
419957303,SHRI PANCHAMI,IND,india_mangalore_dec2025_jan2026,2026-01-13 04:00:00+00:00,2026-01-13 23:00:00+00:00,19.0,9,0.45,13.20778,74.34778,2.419,ordinary,open_water,Jamnagar (Sikka) marine terminal,1136.17,False,False,2,,False
477654500,MOUNT CAMERON,HKG,india_mangalore_dec2025_jan2026,2025-12-09 05:00:00+00:00,2025-12-10 00:00:00+00:00,19.0,20,1.0,12.9295,74.808,4.252,ordinary,open_water,Jamnagar (Sikka) marine terminal,1185.61,False,False,2,,False
636017309,GROTON,LBR,india_mangalore_dec2025_jan2026,2025-12-18 00:00:00+00:00,2025-12-18 19:00:00+00:00,19.0,20,1.0,12.9295,74.808,4.252,ordinary,open_water,Jamnagar (Sikka) marine terminal,1185.61,False,False,2,,False
229350000,MED PACIFIC,MLT,india_mangalore_dec2025_jan2026,2026-01-14 05:00:00+00:00,2026-01-14 23:00:00+00:00,18.0,19,1.0,12.92737,74.81,0.819,ordinary,open_water,Jamnagar (Sikka) marine terminal,1185.92,False,False,2,,False
257780000,LINKEN,NOR,india_mangalore_dec2025_jan2026,2026-01-02 14:00:00+00:00,2026-01-03 08:00:00+00:00,18.0,19,1.0,12.94947,74.66947,1.471,ordinary,open_water,Jamnagar (Sikka) marine terminal,1177.03,False,False,2,,False
413572220,HUA CHUANG 66,CHN,india_mangalore_dec2025_jan2026,2026-01-01 17:00:00+00:00,2026-01-02 11:00:00+00:00,18.0,19,1.0,12.92947,74.80895,2.308,ordinary,open_water,Jamnagar (Sikka) marine terminal,1185.66,False,False,2,,False
419001746,SARATHI,IND,india_mangalore_dec2025_jan2026,2026-01-03 09:00:00+00:00,2026-01-04 03:00:00+00:00,18.0,19,1.0,12.93895,74.81895,1.389,ordinary,open_water,Jamnagar (Sikka) marine terminal,1185.2,False,False,2,,False
419011527,ST.PAUL NET 1_89%,IND,india_mangalore_dec2025_jan2026,2025-12-17 10:00:00+00:00,2025-12-18 04:00:00+00:00,18.0,19,1.0,12.71789,74.74369,4.57,ordinary,open_water,Jamnagar (Sikka) marine terminal,1203.73,False,False,2,,False
419050311,JEHOVANISSI NET 199%,IND,india_mangalore_dec2025_jan2026,2025-12-12 10:00:00+00:00,2025-12-13 04:00:00+00:00,18.0,19,1.0,13.15789,74.55421,4.928,ordinary,open_water,Jamnagar (Sikka) marine terminal,1150.73,False,False,2,,False
419081327,MANIKYA NET 1-94%,IND,india_mangalore_dec2025_jan2026,2025-12-09 07:00:00+00:00,2025-12-10 01:00:00+00:00,18.0,13,0.684,13.51538,74.51846,4.372,ordinary,open_water,Jamnagar (Sikka) marine terminal,1113.32,False,False,2,,False
419087652,SELVAMATHA NET-2_85%,IND,india_mangalore_dec2025_jan2026,2025-12-13 05:00:00+00:00,2025-12-13 23:00:00+00:00,18.0,10,0.526,12.067,75.035,4.016,ordinary,open_water,Jamnagar (Sikka) marine terminal,1282.68,False,False,2,,False
419181024,FR NET BUOY 1_99%,IND,india_mangalore_dec2025_jan2026,2025-12-03 10:00:00+00:00,2025-12-04 04:00:00+00:00,18.0,13,0.684,12.28923,74.34461,4.561,ordinary,open_water,Jamnagar (Sikka) marine terminal,1229.46,False,False,2,,False
419301092,REO NET 1_82%,IND,india_mangalore_dec2025_jan2026,2025-12-14 05:00:00+00:00,2025-12-14 23:00:00+00:00,18.0,19,1.0,12.42263,74.87579,4.985,ordinary,open_water,Jamnagar (Sikka) marine terminal,1239.53,False,False,2,,False
419519415,NET VINCENT D PAUL-1,IND,india_mangalore_dec2025_jan2026,2025-12-02 04:00:00+00:00,2025-12-02 22:00:00+00:00,18.0,13,0.684,12.17615,74.41769,4.819,ordinary,open_water,Jamnagar (Sikka) marine terminal,1244.13,False,False,2,,False
419740044,KREUPASANAM NET1_84%,IND,india_mangalore_dec2025_jan2026,2025-12-14 09:00:00+00:00,2025-12-15 03:00:00+00:00,18.0,13,0.684,13.32923,74.43769,4.921,ordinary,open_water,Jamnagar (Sikka) marine terminal,1128.1,False,False,2,,False
419740307,AMMA NET 1_93%,IND,india_mangalore_dec2025_jan2026,2025-12-17 02:00:00+00:00,2025-12-17 20:00:00+00:00,18.0,14,0.737,13.58571,74.51572,3.736,ordinary,open_water,Jamnagar (Sikka) marine terminal,1106.19,False,False,2,,False
538009085,DHALKUT,MHL,india_mangalore_dec2025_jan2026,2025-12-23 09:00:00+00:00,2025-12-24 03:00:00+00:00,18.0,14,0.737,12.9,74.64929,1.007,ordinary,open_water,Jamnagar (Sikka) marine terminal,1181.05,False,False,2,,False
538090720,BLUEBIRD ARROW,MHL,india_mangalore_dec2025_jan2026,2025-12-28 11:00:00+00:00,2025-12-29 05:00:00+00:00,18.0,19,1.0,12.92947,74.80895,2.308,ordinary,open_water,Jamnagar (Sikka) marine terminal,1185.66,False,False,2,,False
229289000,SEATREASURE,MLT,india_mangalore_dec2025_jan2026,2025-12-15 17:00:00+00:00,2025-12-16 10:00:00+00:00,17.0,18,1.0,12.95,74.64056,1.024,ordinary,open_water,Jamnagar (Sikka) marine terminal,1175.62,False,False,2,,False
352002220,PINAR GAS,PAN,india_mangalore_dec2025_jan2026,2025-12-06 07:00:00+00:00,2025-12-07 00:00:00+00:00,17.0,18,1.0,12.92,74.81,0.0,ordinary,open_water,Jamnagar (Sikka) marine terminal,1186.65,False,False,2,,False
352004412,JKT MIRACLE,PAN,india_mangalore_dec2025_jan2026,2026-01-14 06:00:00+00:00,2026-01-14 23:00:00+00:00,17.0,18,1.0,12.92,74.81,0.0,ordinary,open_water,Jamnagar (Sikka) marine terminal,1186.65,False,False,2,,False
419000533,OCEAN ENDURANCE,IND,india_mangalore_dec2025_jan2026,2025-12-21 14:00:00+00:00,2025-12-22 07:00:00+00:00,17.0,18,1.0,12.92167,74.80944,2.115,ordinary,open_water,Jamnagar (Sikka) marine terminal,1186.46,False,False,2,,False
419000545,,IND,india_mangalore_dec2025_jan2026,2025-12-19 08:00:00+00:00,2025-12-20 01:00:00+00:00,17.0,18,1.0,12.91944,74.80778,4.227,ordinary,open_water,Jamnagar (Sikka) marine terminal,1186.6,False,False,2,,False
419001481,M.T.PATRIOT,IND,india_mangalore_dec2025_jan2026,2025-12-26 09:00:00+00:00,2025-12-27 02:00:00+00:00,17.0,18,1.0,12.96056,74.66111,3.276,ordinary,open_water,Jamnagar (Sikka) marine terminal,1175.53,False,False,2,,False
419001984,,IND,india_mangalore_dec2025_jan2026,2026-01-03 07:00:00+00:00,2026-01-04 00:00:00+00:00,17.0,18,1.0,12.93444,74.81333,4.964,ordinary,open_water,Jamnagar (Sikka) marine terminal,1185.38,False,False,2,,False
419011527,ST.PAUL NET 1_89%,IND,india_mangalore_dec2025_jan2026,2025-12-16 10:00:00+00:00,2025-12-17 03:00:00+00:00,17.0,18,1.0,12.74611,74.71722,4.714,ordinary,open_water,Jamnagar (Sikka) marine terminal,1199.66,False,False,2,,False
419017300,DCI DREDGE XVI,IND,india_mangalore_dec2025_jan2026,2025-12-13 16:00:00+00:00,2025-12-14 09:00:00+00:00,17.0,18,1.0,12.92833,74.76444,4.442,ordinary,open_water,Jamnagar (Sikka) marine terminal,1183.64,False,False,2,,False
419060954,SMILE NET2_79%,IND,india_mangalore_dec2025_jan2026,2025-12-15 03:00:00+00:00,2025-12-15 20:00:00+00:00,17.0,11,0.611,13.30636,74.51818,3.062,ordinary,open_water,Jamnagar (Sikka) marine terminal,1134.17,False,False,2,,False
419064387,SMIL NET-4_86%,IND,india_mangalore_dec2025_jan2026,2025-12-15 03:00:00+00:00,2025-12-15 20:00:00+00:00,17.0,9,0.5,13.26556,74.53556,4.711,ordinary,open_water,Jamnagar (Sikka) marine terminal,1139.08,False,False,2,,False
419066900,HSC VALIYAPANI,IND,india_mangalore_dec2025_jan2026,2026-01-07 09:00:00+00:00,2026-01-08 02:00:00+00:00,17.0,17,0.944,12.86,74.83,0.0,ordinary,open_water,Jamnagar (Sikka) marine terminal,1193.6,False,False,2,,False
419070067,ROSA MYSTICA 1_84%,IND,india_mangalore_dec2025_jan2026,2025-12-16 07:00:00+00:00,2025-12-17 00:00:00+00:00,17.0,16,0.889,12.64188,74.78375,3.004,ordinary,open_water,Jamnagar (Sikka) marine terminal,1213.23,False,False,2,,False
419078906,JERO NET1(97%,IND,india_mangalore_dec2025_jan2026,2025-12-16 03:00:00+00:00,2025-12-16 20:00:00+00:00,17.0,12,0.667,13.3075,74.35167,4.98,ordinary,open_water,Jamnagar (Sikka) marine terminal,1126.3,False,False,2,,False
419080338,THEVALAYAM NET 1_99%,IND,india_mangalore_dec2025_jan2026,2025-12-13 09:00:00+00:00,2025-12-14 02:00:00+00:00,17.0,10,0.556,12.297,74.91,4.781,ordinary,open_water,Jamnagar (Sikka) marine terminal,1253.75,False,False,2,,False
419180269,MOTHER NET 2_99%,IND,india_mangalore_dec2025_jan2026,2026-01-14 05:00:00+00:00,2026-01-14 22:00:00+00:00,17.0,12,0.667,13.33833,74.57833,2.572,ordinary,open_water,Jamnagar (Sikka) marine terminal,1133.84,False,False,2,,False
419250311,GAGULTHA NET5_99%,IND,india_mangalore_dec2025_jan2026,2025-12-01 13:00:00+00:00,2025-12-02 06:00:00+00:00,17.0,7,0.389,12.36714,74.02571,2.755,ordinary,open_water,Jamnagar (Sikka) marine terminal,1208.33,False,False,2,,False
419271111,ANTONYSAJIN NET1_75%,IND,india_mangalore_dec2025_jan2026,2025-12-07 10:00:00+00:00,2025-12-08 03:00:00+00:00,17.0,18,1.0,12.31556,74.13,4.633,ordinary,open_water,Jamnagar (Sikka) marine terminal,1217.86,False,False,2,,False
419300906,THANAM NET 2(99%,IND,india_mangalore_dec2025_jan2026,2025-12-17 07:00:00+00:00,2025-12-18 00:00:00+00:00,17.0,17,0.944,12.75353,74.70059,4.629,ordinary,open_water,Jamnagar (Sikka) marine terminal,1198.14,False,False,2,,False
419345253,THANNAM NET199%,IND,india_mangalore_dec2025_jan2026,2025-12-17 07:00:00+00:00,2025-12-18 00:00:00+00:00,17.0,17,0.944,12.76765,74.69588,3.434,ordinary,open_water,Jamnagar (Sikka) marine terminal,1196.5,False,False,2,,False
419446012,HARSHA _NET_1-89%,IND,india_mangalore_dec2025_jan2026,2025-12-02 10:00:00+00:00,2025-12-03 03:00:00+00:00,17.0,13,0.722,12.66154,74.12385,3.92,ordinary,open_water,Jamnagar (Sikka) marine terminal,1182.01,False,False,2,,False
419471000,DESH PREM,IND,india_mangalore_dec2025_jan2026,2025-12-06 12:00:00+00:00,2025-12-07 05:00:00+00:00,17.0,18,1.0,12.93333,74.61389,4.72,ordinary,open_water,Jamnagar (Sikka) marine terminal,1176.05,False,False,2,,False
419731184,VINNARASI NET 3N_78%,IND,india_mangalore_dec2025_jan2026,2025-12-16 10:00:00+00:00,2025-12-17 03:00:00+00:00,17.0,10,0.556,13.391,74.485,3.61,ordinary,open_water,Jamnagar (Sikka) marine terminal,1124.14,False,False,2,,False
419731370,ALLELUYA NET 1_99%,IND,india_mangalore_dec2025_jan2026,2025-12-16 10:00:00+00:00,2025-12-17 03:00:00+00:00,17.0,14,0.778,13.44286,74.40929,4.207,ordinary,open_water,Jamnagar (Sikka) marine terminal,1115.38,False,False,2,,False
419731779,PAYANAMATHA NET1_99%,IND,india_mangalore_dec2025_jan2026,2025-12-17 05:00:00+00:00,2025-12-17 22:00:00+00:00,17.0,17,0.944,12.56412,74.79294,4.703,ordinary,open_water,Jamnagar (Sikka) marine terminal,1221.46,False,False,2,,False
419740312,THAANAM NET 3_99%,IND,india_mangalore_dec2025_jan2026,2025-12-17 06:00:00+00:00,2025-12-17 23:00:00+00:00,17.0,17,0.944,12.74765,74.70529,3.961,ordinary,open_water,Jamnagar (Sikka) marine terminal,1198.95,False,False,2,,False
419789351,JERO NET299%,IND,india_mangalore_dec2025_jan2026,2025-12-16 03:00:00+00:00,2025-12-16 20:00:00+00:00,17.0,12,0.667,13.34,74.3475,2.921,ordinary,open_water,Jamnagar (Sikka) marine terminal,1122.84,False,False,2,,False
419902178,,IND,india_mangalore_dec2025_jan2026,2025-12-11 04:00:00+00:00,2025-12-11 21:00:00+00:00,17.0,12,0.667,13.195,73.96,3.523,ordinary,open_water,Jamnagar (Sikka) marine terminal,1120.44,False,False,2,,False
419905558,SAMSON,IND,india_mangalore_dec2025_jan2026,2025-12-07 10:00:00+00:00,2025-12-08 03:00:00+00:00,17.0,14,0.778,12.59286,74.04429,4.156,ordinary,open_water,Jamnagar (Sikka) marine terminal,1185.78,False,False,2,,False
419956204,BLUE DAIMOND,IND,india_mangalore_dec2025_jan2026,2025-12-16 02:00:00+00:00,2025-12-16 19:00:00+00:00,17.0,16,0.889,12.86,74.23,0.0,ordinary,open_water,Jamnagar (Sikka) marine terminal,1166.22,False,False,2,,False
477881600,SEAFRONTIER,HKG,india_mangalore_dec2025_jan2026,2025-12-01 00:00:00+00:00,2025-12-01 17:00:00+00:00,17.0,18,1.0,12.95889,74.64055,3.82,ordinary,open_water,Jamnagar (Sikka) marine terminal,1174.73,False,False,2,,False
511100268,ARIHANT,PLW,india_mangalore_dec2025_jan2026,2026-01-04 06:00:00+00:00,2026-01-04 23:00:00+00:00,17.0,9,0.5,12.92,74.81,0.0,ordinary,open_water,Jamnagar (Sikka) marine terminal,1186.65,False,False,2,,False
538010696,GINGA PIONEER,MHL,india_mangalore_dec2025_jan2026,2025-12-09 17:00:00+00:00,2025-12-10 10:00:00+00:00,17.0,18,1.0,12.94,74.82,0.0,ordinary,open_water,Jamnagar (Sikka) marine terminal,1185.14,False,False,2,,False
563020300,ARDMORE-GIBRALTAR,SGP,india_mangalore_dec2025_jan2026,2026-01-09 17:00:00+00:00,2026-01-10 10:00:00+00:00,17.0,18,1.0,12.96722,74.62167,3.618,ordinary,open_water,Jamnagar (Sikka) marine terminal,1173.01,False,False,2,,False
563276600,PRABHU MIHIKAA,SGP,india_mangalore_dec2025_jan2026,2026-01-08 12:00:00+00:00,2026-01-09 05:00:00+00:00,17.0,17,0.944,12.94941,74.65941,2.35,ordinary,open_water,Jamnagar (Sikka) marine terminal,1176.56,False,False,2,,False
636020364,SOLAR ROMA,LBR,india_mangalore_dec2025_jan2026,2025-12-23 01:00:00+00:00,2025-12-23 18:00:00+00:00,17.0,18,1.0,12.92,74.81,0.0,ordinary,open_water,Jamnagar (Sikka) marine terminal,1186.65,False,False,2,,False
352002220,PINAR GAS,PAN,india_mangalore_dec2025_jan2026,2025-12-07 11:00:00+00:00,2025-12-08 03:00:00+00:00,16.0,9,0.529,12.92,74.81,0.0,ordinary,open_water,Jamnagar (Sikka) marine terminal,1186.65,False,False,2,,False
374391000,MSC TIGER F,PAN,india_mangalore_dec2025_jan2026,2025-12-20 19:00:00+00:00,2025-12-21 11:00:00+00:00,16.0,17,1.0,12.93,74.81,0.0,ordinary,open_water,Jamnagar (Sikka) marine terminal,1185.66,False,False,2,,False
419000117,DOLPHIN NO.2,IND,india_mangalore_dec2025_jan2026,2026-01-07 03:00:00+00:00,2026-01-07 19:00:00+00:00,16.0,17,1.0,12.90059,74.64882,1.418,ordinary,open_water,Jamnagar (Sikka) marine terminal,1180.96,False,False,2,,False
419001126,SSL VISAKHAPATNAM,IND,india_mangalore_dec2025_jan2026,2026-01-04 20:00:00+00:00,2026-01-05 12:00:00+00:00,16.0,17,1.0,12.95,74.65824,3.06,ordinary,open_water,Jamnagar (Sikka) marine terminal,1176.45,False,False,2,,False
419001470,CORONET,IND,india_mangalore_dec2025_jan2026,2025-12-09 08:00:00+00:00,2025-12-10 00:00:00+00:00,16.0,17,1.0,12.92059,74.81,1.047,ordinary,open_water,Jamnagar (Sikka) marine terminal,1186.6,False,False,2,,False
419001654,KAVIRAJ,IND,india_mangalore_dec2025_jan2026,2025-12-03 10:00:00+00:00,2025-12-04 02:00:00+00:00,16.0,17,1.0,12.92941,74.81706,4.151,ordinary,open_water,Jamnagar (Sikka) marine terminal,1186.06,False,False,2,,False
419001654,KAVIRAJ,IND,india_mangalore_dec2025_jan2026,2026-01-11 13:00:00+00:00,2026-01-12 05:00:00+00:00,16.0,16,0.941,12.915,74.675,4.909,ordinary,open_water,Jamnagar (Sikka) marine terminal,1180.75,False,False,2,,False
419001655,PINE GAS,IND,india_mangalore_dec2025_jan2026,2025-12-13 12:00:00+00:00,2025-12-14 04:00:00+00:00,16.0,17,1.0,12.98176,74.63588,4.299,ordinary,open_water,Jamnagar (Sikka) marine terminal,1172.22,False,False,2,,False
419001746,SARATHI,IND,india_mangalore_dec2025_jan2026,2025-12-06 05:00:00+00:00,2025-12-06 21:00:00+00:00,16.0,17,1.0,12.93706,74.81882,1.237,ordinary,open_water,Jamnagar (Sikka) marine terminal,1185.38,False,False,2,,False
419001984,,IND,india_mangalore_dec2025_jan2026,2025-12-12 06:00:00+00:00,2025-12-12 22:00:00+00:00,16.0,14,0.824,12.93643,74.81286,4.991,ordinary,open_water,Jamnagar (Sikka) marine terminal,1185.15,False,False,2,,False
419001984,,IND,india_mangalore_dec2025_jan2026,2026-01-12 14:00:00+00:00,2026-01-13 06:00:00+00:00,16.0,17,1.0,12.93882,74.81941,1.415,ordinary,open_water,Jamnagar (Sikka) marine terminal,1185.23,False,False,2,,False
419011527,ST.PAUL NET 1_89%,IND,india_mangalore_dec2025_jan2026,2025-12-15 10:00:00+00:00,2025-12-16 02:00:00+00:00,16.0,17,1.0,12.87412,74.69588,1.878,ordinary,open_water,Jamnagar (Sikka) marine terminal,1185.82,False,False,2,,False
419011527,ST.PAUL NET 1_89%,IND,india_mangalore_dec2025_jan2026,2025-12-29 10:00:00+00:00,2025-12-30 02:00:00+00:00,16.0,14,0.824,12.78571,74.69643,2.634,ordinary,open_water,Jamnagar (Sikka) marine terminal,1194.72,False,False,2,,False
419011527,ST.PAUL NET 1_89%,IND,india_mangalore_dec2025_jan2026,2026-01-14 07:00:00+00:00,2026-01-14 23:00:00+00:00,16.0,16,0.941,13.00687,74.685,3.037,ordinary,open_water,Jamnagar (Sikka) marine terminal,1172.02,False,False,2,,False
419047877,DEVA MAHATHUVAM 244%,IND,india_mangalore_dec2025_jan2026,2025-12-16 04:00:00+00:00,2025-12-16 20:00:00+00:00,16.0,10,0.588,13.216,74.526,3.181,ordinary,open_water,Jamnagar (Sikka) marine terminal,1143.59,False,False,2,,False
419067100,H S C CHERIYAPANI,IND,india_mangalore_dec2025_jan2026,2025-12-19 09:00:00+00:00,2025-12-20 01:00:00+00:00,16.0,17,1.0,12.85941,74.82883,2.294,ordinary,open_water,Jamnagar (Sikka) marine terminal,1193.6,False,False,2,,False
419070611,UK SENSE NET_1_51%,IND,india_mangalore_dec2025_jan2026,2025-12-19 12:00:00+00:00,2025-12-20 04:00:00+00:00,16.0,13,0.765,13.56077,74.52154,2.484,ordinary,open_water,Jamnagar (Sikka) marine terminal,1108.95,False,False,2,,False
419090916,RITHU NET1(87%,IND,india_mangalore_dec2025_jan2026,2025-12-12 08:00:00+00:00,2025-12-13 00:00:00+00:00,16.0,15,0.882,13.526,74.19533,3.141,ordinary,open_water,Jamnagar (Sikka) marine terminal,1097.13,False,False,2,,False
419107877,KOHINOOR,IND,india_mangalore_dec2025_jan2026,2025-12-12 05:00:00+00:00,2025-12-12 21:00:00+00:00,16.0,14,0.824,12.61143,74.35929,2.298,ordinary,open_water,Jamnagar (Sikka) marine terminal,1197.16,False,False,2,,False
419130840,SELVAMATHA NET1_99%,IND,india_mangalore_dec2025_jan2026,2025-12-15 06:00:00+00:00,2025-12-15 22:00:00+00:00,16.0,17,1.0,13.15118,74.58059,2.356,ordinary,open_water,Jamnagar (Sikka) marine terminal,1152.65,False,False,2,,False
419180852,JEHOVAH NISSI NET-2_,IND,india_mangalore_dec2025_jan2026,2025-12-14 00:00:00+00:00,2025-12-14 16:00:00+00:00,16.0,11,0.647,13.14,74.55909,3.337,ordinary,open_water,Jamnagar (Sikka) marine terminal,1152.76,False,False,2,,False
419271111,ANTONYSAJIN NET1_75%,IND,india_mangalore_dec2025_jan2026,2025-12-10 11:00:00+00:00,2025-12-11 03:00:00+00:00,16.0,12,0.706,12.70083,74.03417,4.379,ordinary,open_water,Jamnagar (Sikka) marine terminal,1174.25,False,False,2,,False
419300906,THANAM NET 2(99%,IND,india_mangalore_dec2025_jan2026,2025-12-16 10:00:00+00:00,2025-12-17 02:00:00+00:00,16.0,16,0.941,13.11687,74.65188,2.073,ordinary,open_water,Jamnagar (Sikka) marine terminal,1159.45,False,False,2,,False
419324408,ST FRANCIS NET 2,IND,india_mangalore_dec2025_jan2026,2025-12-19 10:00:00+00:00,2025-12-20 02:00:00+00:00,16.0,17,1.0,13.30471,74.57529,4.259,ordinary,open_water,Jamnagar (Sikka) marine terminal,1137.05,False,False,2,,False
419324408,ST FRANCIS NET 2,IND,india_mangalore_dec2025_jan2026,2025-12-20 05:00:00+00:00,2025-12-20 21:00:00+00:00,16.0,16,0.941,13.15875,74.57375,3.78,ordinary,open_water,Jamnagar (Sikka) marine terminal,1151.57,False,False,2,,False
419401011,ARUNSAJIN NET-2_62%,IND,india_mangalore_dec2025_jan2026,2025-12-07 11:00:00+00:00,2025-12-08 03:00:00+00:00,16.0,17,1.0,12.28824,74.13941,3.202,ordinary,open_water,Jamnagar (Sikka) marine terminal,1221.06,False,False,2,,False
419446014,HARSHA_NET_3-77%,IND,india_mangalore_dec2025_jan2026,2025-12-02 11:00:00+00:00,2025-12-03 03:00:00+00:00,16.0,12,0.706,12.6275,74.135,3.464,ordinary,open_water,Jamnagar (Sikka) marine terminal,1185.97,False,False,2,,False
419520640,CHRIST NET-3  100%,IND,india_mangalore_dec2025_jan2026,2025-12-14 06:00:00+00:00,2025-12-14 22:00:00+00:00,16.0,9,0.529,13.51889,74.53111,2.637,ordinary,open_water,Jamnagar (Sikka) marine terminal,1113.58,False,False,2,,False
419521210,OMIGA NET-2  100%,IND,india_mangalore_dec2025_jan2026,2025-12-17 08:00:00+00:00,2025-12-18 00:00:00+00:00,16.0,7,0.412,12.76,74.72143,3.463,ordinary,open_water,Jamnagar (Sikka) marine terminal,1198.46,False,False,2,,False
419522061,VINAGATHAI NET-1_,IND,india_mangalore_dec2025_jan2026,2026-01-12 10:00:00+00:00,2026-01-13 02:00:00+00:00,16.0,16,0.941,12.64125,74.78375,4.823,ordinary,open_water,Jamnagar (Sikka) marine terminal,1213.29,False,False,2,,False
419678707,RETHU NET 2(61%,IND,india_mangalore_dec2025_jan2026,2025-12-13 07:00:00+00:00,2025-12-13 23:00:00+00:00,16.0,15,0.882,13.57,74.158,2.955,ordinary,open_water,Jamnagar (Sikka) marine terminal,1091.0,False,False,2,,False
419678778,BETHAL NET 1(62%,IND,india_mangalore_dec2025_jan2026,2025-12-11 07:00:00+00:00,2025-12-11 23:00:00+00:00,16.0,17,1.0,13.24588,74.5947,3.828,ordinary,open_water,Jamnagar (Sikka) marine terminal,1143.85,False,False,2,,False
419678778,BETHAL NET 1(62%,IND,india_mangalore_dec2025_jan2026,2025-12-16 04:00:00+00:00,2025-12-16 20:00:00+00:00,16.0,10,0.588,13.325,74.413,2.881,ordinary,open_water,Jamnagar (Sikka) marine terminal,1127.38,False,False,2,,False
419740046,BETHLEHEM NET 2_99%,IND,india_mangalore_dec2025_jan2026,2025-12-13 04:00:00+00:00,2025-12-13 20:00:00+00:00,16.0,8,0.471,12.135,75.0075,3.094,ordinary,open_water,Jamnagar (Sikka) marine terminal,1274.56,False,False,2,,False
419740308,PRAMMA NET 1_99%,IND,india_mangalore_dec2025_jan2026,2025-12-10 03:00:00+00:00,2025-12-10 19:00:00+00:00,16.0,13,0.765,13.62154,74.50385,3.192,ordinary,open_water,Jamnagar (Sikka) marine terminal,1102.05,False,False,2,,False
419776438,THIRUPADAL NET 2_98%,IND,india_mangalore_dec2025_jan2026,2025-12-16 10:00:00+00:00,2025-12-17 02:00:00+00:00,16.0,7,0.412,13.44286,74.43571,3.39,ordinary,open_water,Jamnagar (Sikka) marine terminal,1116.62,False,False,2,,False
419902178,,IND,india_mangalore_dec2025_jan2026,2025-12-13 09:00:00+00:00,2025-12-14 01:00:00+00:00,16.0,11,0.647,13.19455,73.97728,4.363,ordinary,open_water,Jamnagar (Sikka) marine terminal,1121.22,False,False,2,,False
419950613,IQRA 2,IND,india_mangalore_dec2025_jan2026,2025-12-03 13:00:00+00:00,2025-12-04 05:00:00+00:00,16.0,15,0.882,12.74133,74.59,2.076,ordinary,open_water,Jamnagar (Sikka) marine terminal,1194.27,False,False,2,,False
419956204,BLUE DAIMOND,IND,india_mangalore_dec2025_jan2026,2025-12-28 10:00:00+00:00,2025-12-29 02:00:00+00:00,16.0,13,0.765,12.96769,74.15077,1.316,ordinary,open_water,Jamnagar (Sikka) marine terminal,1151.82,False,False,2,,False
538005631,MANASAROVAR,MHL,india_mangalore_dec2025_jan2026,2025-12-01 00:00:00+00:00,2025-12-01 16:00:00+00:00,16.0,17,1.0,12.92,74.81,0.0,ordinary,open_water,Jamnagar (Sikka) marine terminal,1186.65,False,False,2,,False
538010696,GINGA PIONEER,MHL,india_mangalore_dec2025_jan2026,2025-12-08 23:00:00+00:00,2025-12-09 15:00:00+00:00,16.0,17,1.0,12.94941,74.65765,4.212,ordinary,open_water,Jamnagar (Sikka) marine terminal,1176.48,False,False,2,,False
565365000,MV DANAYA NAREE,SGP,india_mangalore_dec2025_jan2026,2026-01-08 08:00:00+00:00,2026-01-09 00:00:00+00:00,16.0,14,0.824,12.97,74.66,0.0,ordinary,open_water,Jamnagar (Sikka) marine terminal,1174.53,False,False,2,,False
636016671,SANTA CRUZ,LBR,india_mangalore_dec2025_jan2026,2026-01-10 07:00:00+00:00,2026-01-10 23:00:00+00:00,16.0,17,1.0,12.93,74.81,0.0,ordinary,open_water,Jamnagar (Sikka) marine terminal,1185.66,False,False,2,,False
636020930,MSC PATNAREE III,LBR,india_mangalore_dec2025_jan2026,2025-12-13 02:00:00+00:00,2025-12-13 18:00:00+00:00,16.0,17,1.0,12.93,74.81,0.0,ordinary,open_water,Jamnagar (Sikka) marine terminal,1185.66,False,False,2,,False
255915837,SPIRIT OF BERTRAM,PRT,india_mangalore_dec2025_jan2026,2025-12-12 06:00:00+00:00,2025-12-12 21:00:00+00:00,15.0,16,1.0,12.93,74.82,0.0,ordinary,open_water,Jamnagar (Sikka) marine terminal,1186.14,False,False,2,,False
257780000,LINKEN,NOR,india_mangalore_dec2025_jan2026,2026-01-03 11:00:00+00:00,2026-01-04 02:00:00+00:00,15.0,16,1.0,12.92,74.81,0.0,ordinary,open_water,Jamnagar (Sikka) marine terminal,1186.65,False,False,2,,False
311000345,COBRA,BHS,india_mangalore_dec2025_jan2026,2025-12-17 16:00:00+00:00,2025-12-18 07:00:00+00:00,15.0,16,1.0,12.95,74.60062,1.016,ordinary,open_water,Jamnagar (Sikka) marine terminal,1173.76,False,False,2,,False
374391000,MSC TIGER F,PAN,india_mangalore_dec2025_jan2026,2025-12-11 13:00:00+00:00,2025-12-12 04:00:00+00:00,15.0,16,1.0,12.93,74.82,0.0,ordinary,open_water,Jamnagar (Sikka) marine terminal,1186.14,False,False,2,,False
419000568,C 427,IND,india_mangalore_dec2025_jan2026,2025-12-28 09:00:00+00:00,2025-12-29 00:00:00+00:00,15.0,16,1.0,12.93625,74.81,4.965,ordinary,open_water,Jamnagar (Sikka) marine terminal,1185.04,False,False,2,,False
419000568,C 427,IND,india_mangalore_dec2025_jan2026,2025-12-29 01:00:00+00:00,2025-12-29 16:00:00+00:00,15.0,10,0.625,12.93,74.82,0.0,ordinary,open_water,Jamnagar (Sikka) marine terminal,1186.14,False,False,2,,False
419001126,SSL VISAKHAPATNAM,IND,india_mangalore_dec2025_jan2026,2026-01-05 13:00:00+00:00,2026-01-06 04:00:00+00:00,15.0,16,1.0,12.93,74.80937,1.015,ordinary,open_water,Jamnagar (Sikka) marine terminal,1185.63,False,False,2,,False
419001352,TCI EXPRESS,IND,india_mangalore_dec2025_jan2026,2025-12-05 15:00:00+00:00,2025-12-06 06:00:00+00:00,15.0,16,1.0,12.93,74.81,0.0,ordinary,open_water,Jamnagar (Sikka) marine terminal,1185.66,False,False,2,,False
419001618,SM NEYYAR,IND,india_mangalore_dec2025_jan2026,2025-12-08 13:00:00+00:00,2025-12-09 04:00:00+00:00,15.0,16,1.0,12.93,74.81,0.0,ordinary,open_water,Jamnagar (Sikka) marine terminal,1185.66,False,False,2,,False
419001746,SARATHI,IND,india_mangalore_dec2025_jan2026,2025-12-20 15:00:00+00:00,2025-12-21 06:00:00+00:00,15.0,16,1.0,12.93937,74.82,1.042,ordinary,open_water,Jamnagar (Sikka) marine terminal,1185.21,False,False,2,,False
419001746,SARATHI,IND,india_mangalore_dec2025_jan2026,2025-12-31 02:00:00+00:00,2025-12-31 17:00:00+00:00,15.0,15,0.938,12.93533,74.81333,4.997,ordinary,open_water,Jamnagar (Sikka) marine terminal,1185.29,False,False,2,,False
419001902,BURAQ 11,IND,india_mangalore_dec2025_jan2026,2025-12-19 00:00:00+00:00,2025-12-19 15:00:00+00:00,15.0,16,1.0,12.93,74.82,0.0,ordinary,open_water,Jamnagar (Sikka) marine terminal,1186.14,False,False,2,,False
419001984,,IND,india_mangalore_dec2025_jan2026,2025-12-10 07:00:00+00:00,2025-12-10 22:00:00+00:00,15.0,16,1.0,12.94,74.82,0.0,ordinary,open_water,Jamnagar (Sikka) marine terminal,1185.14,False,False,2,,False
419001984,,IND,india_mangalore_dec2025_jan2026,2025-12-20 12:00:00+00:00,2025-12-21 03:00:00+00:00,15.0,16,1.0,12.93812,74.81687,3.049,ordinary,open_water,Jamnagar (Sikka) marine terminal,1185.18,False,False,2,,False
419009000,M.T.BLOSSOM,IND,india_mangalore_dec2025_jan2026,2026-01-07 10:00:00+00:00,2026-01-08 01:00:00+00:00,15.0,15,0.938,12.92,74.806,4.985,ordinary,open_water,Jamnagar (Sikka) marine terminal,1186.46,False,False,2,,False
419011527,ST.PAUL NET 1_89%,IND,india_mangalore_dec2025_jan2026,2025-12-12 10:00:00+00:00,2025-12-13 01:00:00+00:00,15.0,16,1.0,12.42813,74.84437,4.911,ordinary,open_water,Jamnagar (Sikka) marine terminal,1237.52,False,False,2,,False
419011527,ST.PAUL NET 1_89%,IND,india_mangalore_dec2025_jan2026,2026-01-05 10:00:00+00:00,2026-01-06 01:00:00+00:00,15.0,16,1.0,13.0075,74.67687,3.372,ordinary,open_water,Jamnagar (Sikka) marine terminal,1171.57,False,False,2,,False
419011527,ST.PAUL NET 1_89%,IND,india_mangalore_dec2025_jan2026,2026-01-06 10:00:00+00:00,2026-01-07 01:00:00+00:00,15.0,16,1.0,13.01,74.6725,3.837,ordinary,open_water,Jamnagar (Sikka) marine terminal,1171.12,False,False,2,,False
419011527,ST.PAUL NET 1_89%,IND,india_mangalore_dec2025_jan2026,2026-01-12 10:00:00+00:00,2026-01-13 01:00:00+00:00,15.0,16,1.0,12.6775,74.785,4.087,ordinary,open_water,Jamnagar (Sikka) marine terminal,1209.71,False,False,2,,False
419011527,ST.PAUL NET 1_89%,IND,india_mangalore_dec2025_jan2026,2026-01-13 11:00:00+00:00,2026-01-14 02:00:00+00:00,15.0,15,0.938,12.67467,74.76866,2.97,ordinary,open_water,Jamnagar (Sikka) marine terminal,1209.23,False,False,2,,False
419031099,ST ANTONY NET1_89%,IND,india_mangalore_dec2025_jan2026,2025-12-18 10:00:00+00:00,2025-12-19 01:00:00+00:00,15.0,15,0.938,12.29067,74.952,3.519,ordinary,open_water,Jamnagar (Sikka) marine terminal,1256.34,False,False,2,,False
419041106,NITHIYAJEEVANET1_99%,IND,india_mangalore_dec2025_jan2026,2025-12-07 11:00:00+00:00,2025-12-08 02:00:00+00:00,15.0,16,1.0,12.035,74.47313,3.018,ordinary,open_water,Jamnagar (Sikka) marine terminal,1260.93,False,False,2,,False
419070067,ROSA MYSTICA 1_84%,IND,india_mangalore_dec2025_jan2026,2025-12-13 09:00:00+00:00,2025-12-14 00:00:00+00:00,15.0,14,0.875,13.15857,74.525,4.965,ordinary,open_water,Jamnagar (Sikka) marine terminal,1149.3,False,False,2,,False
419076243,ALPHA NET-1_61%,IND,india_mangalore_dec2025_jan2026,2025-12-12 10:00:00+00:00,2025-12-13 01:00:00+00:00,15.0,16,1.0,13.16125,74.58562,3.507,ordinary,open_water,Jamnagar (Sikka) marine terminal,1151.88,False,False,2,,False
419076243,ALPHA NET-1_61%,IND,india_mangalore_dec2025_jan2026,2025-12-13 10:00:00+00:00,2025-12-14 01:00:00+00:00,15.0,15,0.938,13.14733,74.59866,1.933,ordinary,open_water,Jamnagar (Sikka) marine terminal,1153.89,False,False,2,,False
419076243,ALPHA NET-1_61%,IND,india_mangalore_dec2025_jan2026,2025-12-15 11:00:00+00:00,2025-12-16 02:00:00+00:00,15.0,14,0.875,13.09786,74.57286,2.829,ordinary,open_water,Jamnagar (Sikka) marine terminal,1157.63,False,False,2,,False
419076243,ALPHA NET-1_61%,IND,india_mangalore_dec2025_jan2026,2025-12-16 10:00:00+00:00,2025-12-17 01:00:00+00:00,15.0,16,1.0,13.04375,74.6025,2.763,ordinary,open_water,Jamnagar (Sikka) marine terminal,1164.44,False,False,2,,False
419076243,ALPHA NET-1_61%,IND,india_mangalore_dec2025_jan2026,2025-12-17 10:00:00+00:00,2025-12-18 01:00:00+00:00,15.0,16,1.0,12.7125,74.71125,4.147,ordinary,open_water,Jamnagar (Sikka) marine terminal,1202.76,False,False,2,,False
419076243,ALPHA NET-1_61%,IND,india_mangalore_dec2025_jan2026,2025-12-18 10:00:00+00:00,2025-12-19 01:00:00+00:00,15.0,16,1.0,13.04125,74.60375,2.458,ordinary,open_water,Jamnagar (Sikka) marine terminal,1164.75,False,False,2,,False
419076243,ALPHA NET-1_61%,IND,india_mangalore_dec2025_jan2026,2025-12-19 11:00:00+00:00,2025-12-20 02:00:00+00:00,15.0,16,1.0,13.05438,74.60562,4.127,ordinary,open_water,Jamnagar (Sikka) marine terminal,1163.52,False,False,2,,False
419107706,DHEVAMAHATHVAM BOAT,IND,india_mangalore_dec2025_jan2026,2025-12-18 09:00:00+00:00,2025-12-19 00:00:00+00:00,15.0,16,1.0,13.1275,74.61875,4.145,ordinary,open_water,Jamnagar (Sikka) marine terminal,1156.82,False,False,2,,False
419120727,MOTHER NET3_84%,IND,india_mangalore_dec2025_jan2026,2026-01-13 03:00:00+00:00,2026-01-13 18:00:00+00:00,15.0,14,0.875,13.33357,74.575,4.875,ordinary,open_water,Jamnagar (Sikka) marine terminal,1134.16,False,False,2,,False
419120727,MOTHER NET3_84%,IND,india_mangalore_dec2025_jan2026,2026-01-14 08:00:00+00:00,2026-01-14 23:00:00+00:00,15.0,11,0.688,13.35273,74.56454,1.498,ordinary,open_water,Jamnagar (Sikka) marine terminal,1131.74,False,False,2,,False
419141034,SELVAMATHA NET2_98%,IND,india_mangalore_dec2025_jan2026,2025-12-15 06:00:00+00:00,2025-12-15 21:00:00+00:00,15.0,16,1.0,13.13563,74.58687,2.869,ordinary,open_water,Jamnagar (Sikka) marine terminal,1154.5,False,False,2,,False
419160780,MESSIYAI NET5_83%,IND,india_mangalore_dec2025_jan2026,2025-12-07 13:00:00+00:00,2025-12-08 04:00:00+00:00,15.0,13,0.812,12.46,74.06538,3.541,ordinary,open_water,Jamnagar (Sikka) marine terminal,1200.34,False,False,2,,False
419250308,GAGULTHA NET2_99%,IND,india_mangalore_dec2025_jan2026,2025-12-03 14:00:00+00:00,2025-12-04 05:00:00+00:00,15.0,8,0.5,12.16125,74.34625,4.824,ordinary,open_water,Jamnagar (Sikka) marine terminal,1242.65,False,False,2,,False
419251136,CHRIST NET1_99%,IND,india_mangalore_dec2025_jan2026,2025-12-14 07:00:00+00:00,2025-12-14 22:00:00+00:00,15.0,13,0.812,12.35692,74.88923,4.685,ordinary,open_water,Jamnagar (Sikka) marine terminal,1246.76,False,False,2,,False
419300906,THANAM NET 2(99%,IND,india_mangalore_dec2025_jan2026,2025-12-15 11:00:00+00:00,2025-12-16 02:00:00+00:00,15.0,11,0.688,13.11818,74.67818,1.979,ordinary,open_water,Jamnagar (Sikka) marine terminal,1160.58,False,False,2,,False
419301092,REO NET 1_82%,IND,india_mangalore_dec2025_jan2026,2025-12-16 04:00:00+00:00,2025-12-16 19:00:00+00:00,15.0,10,0.625,12.354,74.899,2.924,ordinary,open_water,Jamnagar (Sikka) marine terminal,1247.51,False,False,2,,False
419310114,RANGA  NET1_99%,IND,india_mangalore_dec2025_jan2026,2025-12-12 09:00:00+00:00,2025-12-13 00:00:00+00:00,15.0,13,0.812,13.58692,74.48692,4.248,ordinary,open_water,Jamnagar (Sikka) marine terminal,1104.68,False,False,2,,False
419401024,ARUNSAJIN NET-4_80%,IND,india_mangalore_dec2025_jan2026,2025-12-07 11:00:00+00:00,2025-12-08 02:00:00+00:00,15.0,15,0.938,12.264,74.142,4.096,ordinary,open_water,Jamnagar (Sikka) marine terminal,1223.66,False,False,2,,False
419446012,HARSHA _NET_1-89%,IND,india_mangalore_dec2025_jan2026,2025-12-04 10:00:00+00:00,2025-12-05 01:00:00+00:00,15.0,13,0.812,12.67077,74.15462,2.939,ordinary,open_water,Jamnagar (Sikka) marine terminal,1182.35,False,False,2,,False
419508076,ST FRANCIS NET1 71%,IND,india_mangalore_dec2025_jan2026,2025-12-17 10:00:00+00:00,2025-12-18 01:00:00+00:00,15.0,16,1.0,13.29375,74.55,0.695,ordinary,open_water,Jamnagar (Sikka) marine terminal,1136.94,False,False,2,,False
419522053,BETHEL NET-2  59%,IND,india_mangalore_dec2025_jan2026,2025-12-19 11:00:00+00:00,2025-12-20 02:00:00+00:00,15.0,16,1.0,13.24313,74.61375,4.12,ordinary,open_water,Jamnagar (Sikka) marine terminal,1145.03,False,False,2,,False
419522162,BETHEL NET-3  48%,IND,india_mangalore_dec2025_jan2026,2025-12-18 07:00:00+00:00,2025-12-18 22:00:00+00:00,15.0,6,0.375,13.215,74.61667,3.334,ordinary,open_water,Jamnagar (Sikka) marine terminal,1147.98,False,False,2,,False
419576361,BIBLE NET 1-95%,IND,india_mangalore_dec2025_jan2026,2025-12-17 12:00:00+00:00,2025-12-18 03:00:00+00:00,15.0,11,0.688,12.56727,74.31364,4.452,ordinary,open_water,Jamnagar (Sikka) marine terminal,1199.69,False,False,2,,False
419576361,BIBLE NET 1-95%,IND,india_mangalore_dec2025_jan2026,2025-12-21 11:00:00+00:00,2025-12-22 02:00:00+00:00,15.0,11,0.688,12.13364,74.95364,3.012,ordinary,open_water,Jamnagar (Sikka) marine terminal,1272.2,False,False,2,,False
419672000,JAG PUSHPA,IND,india_mangalore_dec2025_jan2026,2025-12-17 15:00:00+00:00,2025-12-18 06:00:00+00:00,15.0,16,1.0,12.97,74.63312,0.745,ordinary,open_water,Jamnagar (Sikka) marine terminal,1173.27,False,False,2,,False
419678707,RETHU NET 2(61%,IND,india_mangalore_dec2025_jan2026,2025-12-12 08:00:00+00:00,2025-12-12 23:00:00+00:00,15.0,13,0.812,13.53692,74.19538,2.209,ordinary,open_water,Jamnagar (Sikka) marine terminal,1096.04,False,False,2,,False
419711124,DEVAANNAI NET4(99%,IND,india_mangalore_dec2025_jan2026,2025-12-14 04:00:00+00:00,2025-12-14 19:00:00+00:00,15.0,11,0.688,13.12364,74.65091,3.421,ordinary,open_water,Jamnagar (Sikka) marine terminal,1158.73,False,False,2,,False
419731213,AUSTIN NETBUOY 2_37%,IND,india_mangalore_dec2025_jan2026,2025-12-05 11:00:00+00:00,2025-12-06 02:00:00+00:00,15.0,9,0.562,12.46222,73.92111,3.487,ordinary,open_water,Jamnagar (Sikka) marine terminal,1194.33,False,False,2,,False
419731213,AUSTIN NETBUOY 2_37%,IND,india_mangalore_dec2025_jan2026,2025-12-06 15:00:00+00:00,2025-12-07 06:00:00+00:00,15.0,9,0.562,12.55778,73.96889,4.674,ordinary,open_water,Jamnagar (Sikka) marine terminal,1186.35,False,False,2,,False
419731370,ALLELUYA NET 1_99%,IND,india_mangalore_dec2025_jan2026,2025-12-12 10:00:00+00:00,2025-12-13 01:00:00+00:00,15.0,16,1.0,13.16562,74.65,1.737,ordinary,open_water,Jamnagar (Sikka) marine terminal,1154.5,False,False,2,,False
419731370,ALLELUYA NET 1_99%,IND,india_mangalore_dec2025_jan2026,2025-12-13 10:00:00+00:00,2025-12-14 01:00:00+00:00,15.0,16,1.0,13.15813,74.64438,1.09,ordinary,open_water,Jamnagar (Sikka) marine terminal,1154.98,False,False,2,,False
419731916,YMV NET 5_73%,IND,india_mangalore_dec2025_jan2026,2025-12-16 11:00:00+00:00,2025-12-17 02:00:00+00:00,15.0,12,0.75,13.51167,74.38417,4.219,ordinary,open_water,Jamnagar (Sikka) marine terminal,1107.31,False,False,2,,False
419740045,KREUPASANAM NET2_91%,IND,india_mangalore_dec2025_jan2026,2025-12-15 05:00:00+00:00,2025-12-15 20:00:00+00:00,15.0,10,0.625,13.299,74.458,2.345,ordinary,open_water,Jamnagar (Sikka) marine terminal,1132.08,False,False,2,,False
419740068,SEPPNIYA NET 2_90%,IND,india_mangalore_dec2025_jan2026,2025-12-13 07:00:00+00:00,2025-12-13 22:00:00+00:00,15.0,13,0.812,13.36308,74.54846,3.131,ordinary,open_water,Jamnagar (Sikka) marine terminal,1129.94,False,False,2,,False
419740112,MOTHER NET 1_82%,IND,india_mangalore_dec2025_jan2026,2025-12-14 03:00:00+00:00,2025-12-14 18:00:00+00:00,15.0,14,0.875,13.30143,74.58,1.271,ordinary,open_water,Jamnagar (Sikka) marine terminal,1137.6,False,False,2,,False
419902239,,IND,india_mangalore_dec2025_jan2026,2026-01-10 11:00:00+00:00,2026-01-11 02:00:00+00:00,15.0,14,0.875,13.08,73.99857,0.929,ordinary,open_water,Jamnagar (Sikka) marine terminal,1133.85,False,False,2,,False
419905650,VINNARASI NET 1N 71%,IND,india_mangalore_dec2025_jan2026,2025-12-17 09:00:00+00:00,2025-12-18 00:00:00+00:00,15.0,11,0.688,13.53182,74.32818,4.252,ordinary,open_water,Jamnagar (Sikka) marine terminal,1102.67,False,False,2,,False
419950567,DAKSH,IND,india_mangalore_dec2025_jan2026,2025-12-19 13:00:00+00:00,2025-12-20 04:00:00+00:00,15.0,10,0.625,12.35,74.567,0.761,ordinary,open_water,Jamnagar (Sikka) marine terminal,1232.86,False,False,2,,False
419951499,NAMAN III,IND,india_mangalore_dec2025_jan2026,2025-12-21 12:00:00+00:00,2025-12-22 03:00:00+00:00,15.0,12,0.75,12.63167,74.29167,2.23,ordinary,open_water,Jamnagar (Sikka) marine terminal,1192.17,False,False,2,,False
419957166,GANESH KRIPA,IND,india_mangalore_dec2025_jan2026,2025-12-10 05:00:00+00:00,2025-12-10 20:00:00+00:00,15.0,15,0.938,13.018,74.378,3.634,ordinary,open_water,Jamnagar (Sikka) marine terminal,1156.71,False,False,2,,False
419957303,SHRI PANCHAMI,IND,india_mangalore_dec2025_jan2026,2026-01-12 08:00:00+00:00,2026-01-12 23:00:00+00:00,15.0,15,0.938,13.06533,74.50267,2.989,ordinary,open_water,Jamnagar (Sikka) marine terminal,1157.63,False,False,2,,False
563276600,PRABHU MIHIKAA,SGP,india_mangalore_dec2025_jan2026,2026-01-09 06:00:00+00:00,2026-01-09 21:00:00+00:00,15.0,14,0.875,12.96,74.72,0.0,ordinary,open_water,Jamnagar (Sikka) marine terminal,1178.37,False,False,2,,False
9131448,ONWA31448,,india_mangalore_dec2025_jan2026,2025-12-26 08:00:00+00:00,2025-12-26 22:00:00+00:00,14.0,11,0.733,12.99727,74.13091,1.419,ordinary,open_water,Jamnagar (Sikka) marine terminal,1147.94,False,False,2,,False
249799000,ELENI M II,MLT,india_mangalore_dec2025_jan2026,2025-12-24 12:00:00+00:00,2025-12-25 02:00:00+00:00,14.0,15,1.0,12.93,74.81,0.0,ordinary,open_water,Jamnagar (Sikka) marine terminal,1185.66,False,False,2,,False
352003811,DM BEA,PAN,india_mangalore_dec2025_jan2026,2025-12-30 16:00:00+00:00,2025-12-31 06:00:00+00:00,14.0,15,1.0,12.92067,74.80866,2.024,ordinary,open_water,Jamnagar (Sikka) marine terminal,1186.52,False,False,2,,False
354995000,ROLEX,PAN,india_mangalore_dec2025_jan2026,2025-12-06 13:00:00+00:00,2025-12-07 03:00:00+00:00,14.0,15,1.0,13.16,74.34867,4.885,ordinary,open_water,Jamnagar (Sikka) marine terminal,1141.04,False,False,2,,False
419000117,DOLPHIN NO.2,IND,india_mangalore_dec2025_jan2026,2025-12-15 02:00:00+00:00,2025-12-15 16:00:00+00:00,14.0,15,1.0,12.9,74.65,0.0,ordinary,open_water,Jamnagar (Sikka) marine terminal,1181.08,False,False,2,,False
419000117,DOLPHIN NO.2,IND,india_mangalore_dec2025_jan2026,2026-01-14 09:00:00+00:00,2026-01-14 23:00:00+00:00,14.0,15,1.0,12.92133,74.81,0.964,ordinary,open_water,Jamnagar (Sikka) marine terminal,1186.52,False,False,2,,False
419000533,OCEAN ENDURANCE,IND,india_mangalore_dec2025_jan2026,2025-12-17 09:00:00+00:00,2025-12-17 23:00:00+00:00,14.0,15,1.0,12.924,74.814,0.932,ordinary,open_water,Jamnagar (Sikka) marine terminal,1186.45,False,False,2,,False
419000970,SSL GUJARAT,IND,india_mangalore_dec2025_jan2026,2026-01-12 16:00:00+00:00,2026-01-13 06:00:00+00:00,14.0,15,1.0,12.95,74.64,0.0,ordinary,open_water,Jamnagar (Sikka) marine terminal,1175.6,False,False,2,,False
419001654,KAVIRAJ,IND,india_mangalore_dec2025_jan2026,2025-12-05 13:00:00+00:00,2025-12-06 03:00:00+00:00,14.0,15,1.0,12.92867,74.814,4.865,ordinary,open_water,Jamnagar (Sikka) marine terminal,1185.98,False,False,2,,False
419001669,BW OAK,IND,india_mangalore_dec2025_jan2026,2025-12-12 10:00:00+00:00,2025-12-13 00:00:00+00:00,14.0,15,1.0,12.948,74.662,4.348,ordinary,open_water,Jamnagar (Sikka) marine terminal,1176.83,False,False,2,,False
419001796,BOURBON,IND,india_mangalore_dec2025_jan2026,2026-01-01 21:00:00+00:00,2026-01-02 11:00:00+00:00,14.0,15,1.0,12.96533,74.638,4.964,ordinary,open_water,Jamnagar (Sikka) marine terminal,1173.96,False,False,2,,False
419001902,BURAQ 11,IND,india_mangalore_dec2025_jan2026,2025-12-01 00:00:00+00:00,2025-12-01 14:00:00+00:00,14.0,15,1.0,12.92933,74.818,3.207,ordinary,open_water,Jamnagar (Sikka) marine terminal,1186.11,False,False,2,,False
419001902,BURAQ 11,IND,india_mangalore_dec2025_jan2026,2025-12-18 09:00:00+00:00,2025-12-18 23:00:00+00:00,14.0,15,1.0,12.92,74.68,0.0,ordinary,open_water,Jamnagar (Sikka) marine terminal,1180.48,False,False,2,,False
419008930,,IND,india_mangalore_dec2025_jan2026,2025-12-30 11:00:00+00:00,2025-12-31 01:00:00+00:00,14.0,12,0.8,13.02333,74.675,3.014,ordinary,open_water,Jamnagar (Sikka) marine terminal,1169.9,False,False,2,,False
419011527,ST.PAUL NET 1_89%,IND,india_mangalore_dec2025_jan2026,2026-01-11 11:00:00+00:00,2026-01-12 01:00:00+00:00,14.0,15,1.0,12.67467,74.784,4.777,ordinary,open_water,Jamnagar (Sikka) marine terminal,1209.95,False,False,2,,False
419031099,ST ANTONY NET1_89%,IND,india_mangalore_dec2025_jan2026,2025-12-19 11:00:00+00:00,2025-12-20 01:00:00+00:00,14.0,9,0.6,12.26444,74.94444,1.716,ordinary,open_water,Jamnagar (Sikka) marine terminal,1258.62,False,False,2,,False
419060954,SMILE NET2_79%,IND,india_mangalore_dec2025_jan2026,2025-12-16 11:00:00+00:00,2025-12-17 01:00:00+00:00,14.0,12,0.8,13.35,74.31333,3.355,ordinary,open_water,Jamnagar (Sikka) marine terminal,1120.26,False,False,2,,False
419064405,KR DENISTEN NET2_90%,IND,india_mangalore_dec2025_jan2026,2025-12-01 09:00:00+00:00,2025-12-01 23:00:00+00:00,14.0,15,1.0,13.26667,74.36667,4.832,ordinary,open_water,Jamnagar (Sikka) marine terminal,1131.1,False,False,2,,False
419065046,JK NIWAS NET 4-93%,IND,india_mangalore_dec2025_jan2026,2025-12-04 11:00:00+00:00,2025-12-05 01:00:00+00:00,14.0,11,0.733,12.72545,74.12182,2.443,ordinary,open_water,Jamnagar (Sikka) marine terminal,1175.37,False,False,2,,False
419075979,ALLELUIA NET2_99%,IND,india_mangalore_dec2025_jan2026,2025-12-13 11:00:00+00:00,2025-12-14 01:00:00+00:00,14.0,15,1.0,13.13533,74.64867,2.899,ordinary,open_water,Jamnagar (Sikka) marine terminal,1157.46,False,False,2,,False
419077167,ALPHA NET-2_91%,IND,india_mangalore_dec2025_jan2026,2025-12-13 11:00:00+00:00,2025-12-14 01:00:00+00:00,14.0,15,1.0,13.122,74.60667,4.595,ordinary,open_water,Jamnagar (Sikka) marine terminal,1156.8,False,False,2,,False
419077167,ALPHA NET-2_91%,IND,india_mangalore_dec2025_jan2026,2025-12-16 11:00:00+00:00,2025-12-17 01:00:00+00:00,14.0,15,1.0,13.02733,74.61267,4.385,ordinary,open_water,Jamnagar (Sikka) marine terminal,1166.56,False,False,2,,False
419077167,ALPHA NET-2_91%,IND,india_mangalore_dec2025_jan2026,2025-12-19 11:00:00+00:00,2025-12-20 01:00:00+00:00,14.0,15,1.0,13.03267,74.61267,4.372,ordinary,open_water,Jamnagar (Sikka) marine terminal,1166.03,False,False,2,,False
419080338,THEVALAYAM NET 1_99%,IND,india_mangalore_dec2025_jan2026,2025-12-14 08:00:00+00:00,2025-12-14 22:00:00+00:00,14.0,15,1.0,12.30667,74.898,4.896,ordinary,open_water,Jamnagar (Sikka) marine terminal,1252.22,False,False,2,,False
419107877,KOHINOOR,IND,india_mangalore_dec2025_jan2026,2025-12-14 07:00:00+00:00,2025-12-14 21:00:00+00:00,14.0,13,0.867,12.94,74.11769,1.39,ordinary,open_water,Jamnagar (Sikka) marine terminal,1153.23,False,False,2,,False
419120725,DORNIKA NET1_99%,IND,india_mangalore_dec2025_jan2026,2025-12-09 09:00:00+00:00,2025-12-09 23:00:00+00:00,14.0,15,1.0,13.52867,74.43133,4.598,ordinary,open_water,Jamnagar (Sikka) marine terminal,1107.84,False,False,2,,False
419120725,DORNIKA NET1_99%,IND,india_mangalore_dec2025_jan2026,2025-12-12 10:00:00+00:00,2025-12-13 00:00:00+00:00,14.0,15,1.0,13.372,74.57,2.446,ordinary,open_water,Jamnagar (Sikka) marine terminal,1130.08,False,False,2,,False
419120727,MOTHER NET3_84%,IND,india_mangalore_dec2025_jan2026,2026-01-12 07:00:00+00:00,2026-01-12 21:00:00+00:00,14.0,14,0.933,13.33,74.59,3.976,ordinary,open_water,Jamnagar (Sikka) marine terminal,1135.23,False,False,2,,False
419180852,JEHOVAH NISSI NET-2_,IND,india_mangalore_dec2025_jan2026,2025-12-12 10:00:00+00:00,2025-12-13 00:00:00+00:00,14.0,11,0.733,13.13909,74.56182,3.667,ordinary,open_water,Jamnagar (Sikka) marine terminal,1152.98,False,False,2,,False
419190769,JERO NET 5-99%,IND,india_mangalore_dec2025_jan2026,2025-12-10 06:00:00+00:00,2025-12-10 20:00:00+00:00,14.0,13,0.867,13.41538,74.41538,3.966,ordinary,open_water,Jamnagar (Sikka) marine terminal,1118.42,False,False,2,,False
419300906,THANAM NET 2(99%,IND,india_mangalore_dec2025_jan2026,2026-01-06 12:00:00+00:00,2026-01-07 02:00:00+00:00,14.0,11,0.733,13.10273,74.65728,3.651,ordinary,open_water,Jamnagar (Sikka) marine terminal,1161.12,False,False,2,,False
419305653,KARUNYA NET2  100%,IND,india_mangalore_dec2025_jan2026,2025-12-19 11:00:00+00:00,2025-12-20 01:00:00+00:00,14.0,12,0.8,13.49167,74.3675,2.782,ordinary,open_water,Jamnagar (Sikka) marine terminal,1108.53,False,False,2,,False
419345250,DORNICKA2NET99%,IND,india_mangalore_dec2025_jan2026,2025-12-17 10:00:00+00:00,2025-12-18 00:00:00+00:00,14.0,13,0.867,13.32692,74.57308,4.404,ordinary,open_water,Jamnagar (Sikka) marine terminal,1134.73,False,False,2,,False
419401011,ARUNSAJIN NET-2_62%,IND,india_mangalore_dec2025_jan2026,2025-12-10 11:00:00+00:00,2025-12-11 01:00:00+00:00,14.0,14,0.933,12.67214,74.04714,4.602,ordinary,open_water,Jamnagar (Sikka) marine terminal,1177.74,False,False,2,,False
419446015,HARSHA_NET_4-65%,IND,india_mangalore_dec2025_jan2026,2025-12-02 11:00:00+00:00,2025-12-03 01:00:00+00:00,14.0,11,0.733,12.61545,74.14818,2.144,ordinary,open_water,Jamnagar (Sikka) marine terminal,1187.75,False,False,2,,False
419473000,DESH GAURAV,IND,india_mangalore_dec2025_jan2026,2025-12-16 21:00:00+00:00,2025-12-17 11:00:00+00:00,14.0,15,1.0,12.92067,74.806,4.986,ordinary,open_water,Jamnagar (Sikka) marine terminal,1186.4,False,False,2,,False
419506186,ST FRANCIS,IND,india_mangalore_dec2025_jan2026,2025-12-20 05:00:00+00:00,2025-12-20 19:00:00+00:00,14.0,10,0.667,13.143,74.586,3.97,ordinary,open_water,Jamnagar (Sikka) marine terminal,1153.72,False,False,2,,False
419508076,ST FRANCIS NET1 71%,IND,india_mangalore_dec2025_jan2026,2025-12-12 10:00:00+00:00,2025-12-13 00:00:00+00:00,14.0,15,1.0,13.15333,74.61667,3.052,ordinary,open_water,Jamnagar (Sikka) marine terminal,1154.14,False,False,2,,False
419508076,ST FRANCIS NET1 71%,IND,india_mangalore_dec2025_jan2026,2025-12-13 10:00:00+00:00,2025-12-14 00:00:00+00:00,14.0,15,1.0,13.14333,74.624,1.619,ordinary,open_water,Jamnagar (Sikka) marine terminal,1155.49,False,False,2,,False
419508076,ST FRANCIS NET1 71%,IND,india_mangalore_dec2025_jan2026,2025-12-16 10:00:00+00:00,2025-12-17 00:00:00+00:00,14.0,10,0.667,13.305,74.559,2.945,ordinary,open_water,Jamnagar (Sikka) marine terminal,1136.24,False,False,2,,False
419508076,ST FRANCIS NET1 71%,IND,india_mangalore_dec2025_jan2026,2025-12-20 05:00:00+00:00,2025-12-20 19:00:00+00:00,14.0,13,0.867,13.17231,74.56692,4.258,ordinary,open_water,Jamnagar (Sikka) marine terminal,1149.89,False,False,2,,False
419522061,VINAGATHAI NET-1_,IND,india_mangalore_dec2025_jan2026,2026-01-11 19:00:00+00:00,2026-01-12 09:00:00+00:00,14.0,15,1.0,12.69867,74.77,2.076,ordinary,open_water,Jamnagar (Sikka) marine terminal,1206.89,False,False,2,,False
419678707,RETHU NET 2(61%,IND,india_mangalore_dec2025_jan2026,2025-12-11 07:00:00+00:00,2025-12-11 21:00:00+00:00,14.0,13,0.867,13.53077,74.15461,4.931,ordinary,open_water,Jamnagar (Sikka) marine terminal,1094.81,False,False,2,,False
419731213,AUSTIN NETBUOY 2_37%,IND,india_mangalore_dec2025_jan2026,2025-12-07 10:00:00+00:00,2025-12-08 00:00:00+00:00,14.0,15,1.0,12.62,73.97133,3.555,ordinary,open_water,Jamnagar (Sikka) marine terminal,1180.02,False,False,2,,False
419731779,PAYANAMATHA NET1_99%,IND,india_mangalore_dec2025_jan2026,2025-12-18 09:00:00+00:00,2025-12-18 23:00:00+00:00,14.0,15,1.0,12.58467,74.77933,4.46,ordinary,open_water,Jamnagar (Sikka) marine terminal,1218.77,False,False,2,,False
419740044,KREUPASANAM NET1_84%,IND,india_mangalore_dec2025_jan2026,2025-12-13 10:00:00+00:00,2025-12-14 00:00:00+00:00,14.0,15,1.0,13.08867,74.58533,4.887,ordinary,open_water,Jamnagar (Sikka) marine terminal,1159.13,False,False,2,,False
419740068,SEPPNIYA NET 2_90%,IND,india_mangalore_dec2025_jan2026,2025-12-12 10:00:00+00:00,2025-12-13 00:00:00+00:00,14.0,13,0.867,13.36692,74.54308,3.086,ordinary,open_water,Jamnagar (Sikka) marine terminal,1129.3,False,False,2,,False
419740161,AALAYAM NET 1_85%,IND,india_mangalore_dec2025_jan2026,2025-12-18 10:00:00+00:00,2025-12-19 00:00:00+00:00,14.0,13,0.867,12.12846,75.03231,4.69,ordinary,open_water,Jamnagar (Sikka) marine terminal,1276.38,False,False,2,,False
419740307,AMMA NET 1_93%,IND,india_mangalore_dec2025_jan2026,2025-12-14 08:00:00+00:00,2025-12-14 22:00:00+00:00,14.0,12,0.8,13.58,74.53667,1.325,ordinary,open_water,Jamnagar (Sikka) marine terminal,1107.77,False,False,2,,False
419740308,PRAMMA NET 1_99%,IND,india_mangalore_dec2025_jan2026,2025-12-08 06:00:00+00:00,2025-12-08 20:00:00+00:00,14.0,14,0.933,13.77857,74.44286,3.017,ordinary,open_water,Jamnagar (Sikka) marine terminal,1083.49,False,False,2,,False
419761000,SWARNA PUSHP,IND,india_mangalore_dec2025_jan2026,2025-12-17 02:00:00+00:00,2025-12-17 16:00:00+00:00,14.0,15,1.0,12.92,74.808,3.035,ordinary,open_water,Jamnagar (Sikka) marine terminal,1186.56,False,False,2,,False
419776438,THIRUPADAL NET 2_98%,IND,india_mangalore_dec2025_jan2026,2025-12-18 11:00:00+00:00,2025-12-19 01:00:00+00:00,14.0,15,1.0,13.43,74.552,1.409,ordinary,open_water,Jamnagar (Sikka) marine terminal,1123.44,False,False,2,,False
419902422,SHALOM,IND,india_mangalore_dec2025_jan2026,2025-12-24 12:00:00+00:00,2025-12-25 02:00:00+00:00,14.0,7,0.467,12.73143,74.27571,4.56,ordinary,open_water,Jamnagar (Sikka) marine terminal,1181.31,False,False,2,,False
419902423,,IND,india_mangalore_dec2025_jan2026,2025-12-11 07:00:00+00:00,2025-12-11 21:00:00+00:00,14.0,9,0.6,13.25889,73.84333,4.283,ordinary,open_water,Jamnagar (Sikka) marine terminal,1109.0,False,False,2,,False
419951295,JAI HANUMA,IND,india_mangalore_dec2025_jan2026,2026-01-11 10:00:00+00:00,2026-01-12 00:00:00+00:00,14.0,12,0.8,12.7775,74.6425,3.624,ordinary,open_water,Jamnagar (Sikka) marine terminal,1193.04,False,False,2,,False
419957166,GANESH KRIPA,IND,india_mangalore_dec2025_jan2026,2025-12-14 08:00:00+00:00,2025-12-14 22:00:00+00:00,14.0,14,0.933,12.50643,74.51785,3.829,ordinary,open_water,Jamnagar (Sikka) marine terminal,1214.79,False,False,2,,False
419957201,GARUDADRI,IND,india_mangalore_dec2025_jan2026,2025-12-21 09:00:00+00:00,2025-12-21 23:00:00+00:00,14.0,14,0.933,12.26143,74.5,0.953,ordinary,open_water,Jamnagar (Sikka) marine terminal,1238.94,False,False,2,,False
352001167,SEA GULL 18,PAN,india_mangalore_dec2025_jan2026,2026-01-12 20:00:00+00:00,2026-01-13 09:00:00+00:00,13.0,14,1.0,12.96,74.6,0.0,ordinary,open_water,Jamnagar (Sikka) marine terminal,1172.72,False,False,2,,False
374391000,MSC TIGER F,PAN,india_mangalore_dec2025_jan2026,2025-12-04 07:00:00+00:00,2025-12-04 20:00:00+00:00,13.0,14,1.0,12.93,74.81,0.0,ordinary,open_water,Jamnagar (Sikka) marine terminal,1185.66,False,False,2,,False
419000248,87,IND,india_mangalore_dec2025_jan2026,2025-12-30 16:00:00+00:00,2025-12-31 05:00:00+00:00,13.0,14,1.0,12.93,74.82,0.0,ordinary,open_water,Jamnagar (Sikka) marine terminal,1186.14,False,False,2,,False
419000274,OCEAN HARMONY,IND,india_mangalore_dec2025_jan2026,2025-12-06 14:00:00+00:00,2025-12-07 03:00:00+00:00,13.0,14,1.0,12.93643,74.81714,3.463,ordinary,open_water,Jamnagar (Sikka) marine terminal,1185.36,False,False,2,,False
419000862,DAWN MADURAI,IND,india_mangalore_dec2025_jan2026,2026-01-01 22:00:00+00:00,2026-01-02 11:00:00+00:00,13.0,14,1.0,12.92,74.81,0.0,ordinary,open_water,Jamnagar (Sikka) marine terminal,1186.65,False,False,2,,False
419001126,SSL VISAKHAPATNAM,IND,india_mangalore_dec2025_jan2026,2025-12-07 08:00:00+00:00,2025-12-07 21:00:00+00:00,13.0,14,1.0,12.94571,74.66,0.635,ordinary,open_water,Jamnagar (Sikka) marine terminal,1176.96,False,False,2,,False
419001302,NANDA DEVI,IND,india_mangalore_dec2025_jan2026,2026-01-14 02:00:00+00:00,2026-01-14 15:00:00+00:00,13.0,14,1.0,12.98143,74.61929,2.297,ordinary,open_water,Jamnagar (Sikka) marine terminal,1171.47,False,False,2,,False
419001426,KESTREL,IND,india_mangalore_dec2025_jan2026,2025-12-18 22:00:00+00:00,2025-12-19 11:00:00+00:00,13.0,14,1.0,12.97,74.64,0.0,ordinary,open_water,Jamnagar (Sikka) marine terminal,1173.59,False,False,2,,False
419001654,KAVIRAJ,IND,india_mangalore_dec2025_jan2026,2025-12-09 15:00:00+00:00,2025-12-10 04:00:00+00:00,13.0,14,1.0,12.92929,74.80928,3.338,ordinary,open_water,Jamnagar (Sikka) marine terminal,1185.69,False,False,2,,False
419001654,KAVIRAJ,IND,india_mangalore_dec2025_jan2026,2025-12-11 15:00:00+00:00,2025-12-12 04:00:00+00:00,13.0,14,1.0,12.93929,74.81857,2.262,ordinary,open_water,Jamnagar (Sikka) marine terminal,1185.14,False,False,2,,False
419001902,BURAQ 11,IND,india_mangalore_dec2025_jan2026,2025-12-10 14:00:00+00:00,2025-12-11 03:00:00+00:00,13.0,14,1.0,12.93,74.82,0.0,ordinary,open_water,Jamnagar (Sikka) marine terminal,1186.14,False,False,2,,False
419001984,,IND,india_mangalore_dec2025_jan2026,2025-12-21 16:00:00+00:00,2025-12-22 05:00:00+00:00,13.0,14,1.0,12.93857,74.81857,1.331,ordinary,open_water,Jamnagar (Sikka) marine terminal,1185.22,False,False,2,,False
419011527,ST.PAUL NET 1_89%,IND,india_mangalore_dec2025_jan2026,2025-12-19 10:00:00+00:00,2025-12-19 23:00:00+00:00,13.0,14,1.0,12.86,74.67786,4.851,ordinary,open_water,Jamnagar (Sikka) marine terminal,1186.39,False,False,2,,False
419011527,ST.PAUL NET 1_89%,IND,india_mangalore_dec2025_jan2026,2025-12-30 10:00:00+00:00,2025-12-30 23:00:00+00:00,13.0,14,1.0,13.03357,74.66714,4.855,ordinary,open_water,Jamnagar (Sikka) marine terminal,1168.5,False,False,2,,False
419031099,ST ANTONY NET1_89%,IND,india_mangalore_dec2025_jan2026,2025-12-14 11:00:00+00:00,2025-12-15 00:00:00+00:00,13.0,10,0.714,12.221,75.004,2.911,ordinary,open_water,Jamnagar (Sikka) marine terminal,1265.77,False,False,2,,False
419050590,MAGIMAI MATHA-1_83%,IND,india_mangalore_dec2025_jan2026,2026-01-10 11:00:00+00:00,2026-01-11 00:00:00+00:00,13.0,13,0.929,13.43692,74.52769,4.335,ordinary,open_water,Jamnagar (Sikka) marine terminal,1121.58,False,False,2,,False
419058812,OMEGA NET 1_99%,IND,india_mangalore_dec2025_jan2026,2025-12-15 22:00:00+00:00,2025-12-16 11:00:00+00:00,13.0,14,1.0,13.05714,74.66786,2.716,ordinary,open_water,Jamnagar (Sikka) marine terminal,1166.18,False,False,2,,False
419059778,BIBLE NET 3-99%,IND,india_mangalore_dec2025_jan2026,2025-12-19 12:00:00+00:00,2025-12-20 01:00:00+00:00,13.0,11,0.786,12.43364,74.77182,4.856,ordinary,open_water,Jamnagar (Sikka) marine terminal,1233.61,False,False,2,,False
419070067,ROSA MYSTICA 1_84%,IND,india_mangalore_dec2025_jan2026,2025-12-21 01:00:00+00:00,2025-12-21 14:00:00+00:00,13.0,14,1.0,12.61929,74.77,4.841,ordinary,open_water,Jamnagar (Sikka) marine terminal,1214.85,False,False,2,,False
419070067,ROSA MYSTICA 1_84%,IND,india_mangalore_dec2025_jan2026,2026-01-10 10:00:00+00:00,2026-01-10 23:00:00+00:00,13.0,14,1.0,12.37071,74.915,4.402,ordinary,open_water,Jamnagar (Sikka) marine terminal,1246.58,False,False,2,,False
419070611,UK SENSE NET_1_51%,IND,india_mangalore_dec2025_jan2026,2025-12-18 10:00:00+00:00,2025-12-18 23:00:00+00:00,13.0,12,0.857,13.47167,74.35667,2.162,ordinary,open_water,Jamnagar (Sikka) marine terminal,1110.03,False,False,2,,False
419076243,ALPHA NET-1_61%,IND,india_mangalore_dec2025_jan2026,2025-12-10 10:00:00+00:00,2025-12-10 23:00:00+00:00,13.0,14,1.0,13.24143,74.49357,4.533,ordinary,open_water,Jamnagar (Sikka) marine terminal,1139.52,False,False,2,,False
419090454,MARIYAVALGA NET3_89%,IND,india_mangalore_dec2025_jan2026,2025-12-12 10:00:00+00:00,2025-12-12 23:00:00+00:00,13.0,11,0.786,13.27818,74.56454,3.572,ordinary,open_water,Jamnagar (Sikka) marine terminal,1139.19,False,False,2,,False
419090916,RITHU NET1(87%,IND,india_mangalore_dec2025_jan2026,2025-12-13 07:00:00+00:00,2025-12-13 20:00:00+00:00,13.0,12,0.857,13.56333,74.16583,4.073,ordinary,open_water,Jamnagar (Sikka) marine terminal,1092.03,False,False,2,,False
419120725,DORNIKA NET1_99%,IND,india_mangalore_dec2025_jan2026,2025-12-10 12:00:00+00:00,2025-12-11 01:00:00+00:00,13.0,11,0.786,13.37273,74.39727,4.546,ordinary,open_water,Jamnagar (Sikka) marine terminal,1121.85,False,False,2,,False
419120725,DORNIKA NET1_99%,IND,india_mangalore_dec2025_jan2026,2025-12-11 09:00:00+00:00,2025-12-11 22:00:00+00:00,13.0,14,1.0,13.38071,74.56714,4.379,ordinary,open_water,Jamnagar (Sikka) marine terminal,1129.08,False,False,2,,False
419120727,MOTHER NET3_84%,IND,india_mangalore_dec2025_jan2026,2025-12-10 10:00:00+00:00,2025-12-10 23:00:00+00:00,13.0,14,1.0,13.28643,74.60643,4.895,ordinary,open_water,Jamnagar (Sikka) marine terminal,1140.36,False,False,2,,False
419120727,MOTHER NET3_84%,IND,india_mangalore_dec2025_jan2026,2025-12-12 10:00:00+00:00,2025-12-12 23:00:00+00:00,13.0,14,1.0,13.26714,74.59285,4.776,ordinary,open_water,Jamnagar (Sikka) marine terminal,1141.64,False,False,2,,False
419120727,MOTHER NET3_84%,IND,india_mangalore_dec2025_jan2026,2025-12-19 06:00:00+00:00,2025-12-19 19:00:00+00:00,13.0,14,1.0,13.29714,74.61214,3.027,ordinary,open_water,Jamnagar (Sikka) marine terminal,1139.57,False,False,2,,False
419160780,MESSIYAI NET5_83%,IND,india_mangalore_dec2025_jan2026,2025-12-06 16:00:00+00:00,2025-12-07 05:00:00+00:00,13.0,6,0.429,12.41333,74.00833,2.995,ordinary,open_water,Jamnagar (Sikka) marine terminal,1202.86,False,False,2,,False
419239579,KREUPASANAM NET4_96%,IND,india_mangalore_dec2025_jan2026,2025-12-14 22:00:00+00:00,2025-12-15 11:00:00+00:00,13.0,8,0.571,13.30125,74.4525,3.471,ordinary,open_water,Jamnagar (Sikka) marine terminal,1131.6,False,False,2,,False
419300906,THANAM NET 2(99%,IND,india_mangalore_dec2025_jan2026,2025-12-12 10:00:00+00:00,2025-12-12 23:00:00+00:00,13.0,8,0.571,13.42875,74.49875,4.589,ordinary,open_water,Jamnagar (Sikka) marine terminal,1121.02,False,False,2,,False
419301092,REO NET 1_82%,IND,india_mangalore_dec2025_jan2026,2025-12-17 21:00:00+00:00,2025-12-18 10:00:00+00:00,13.0,9,0.643,12.42778,74.86222,4.285,ordinary,open_water,Jamnagar (Sikka) marine terminal,1238.38,False,False,2,,False
419301092,REO NET 1_82%,IND,india_mangalore_dec2025_jan2026,2026-01-10 18:00:00+00:00,2026-01-11 07:00:00+00:00,13.0,9,0.643,12.26667,74.93667,4.723,ordinary,open_water,Jamnagar (Sikka) marine terminal,1258.04,False,False,2,,False
419310114,RANGA  NET1_99%,IND,india_mangalore_dec2025_jan2026,2025-12-10 11:00:00+00:00,2025-12-11 00:00:00+00:00,13.0,14,1.0,13.23929,74.575,3.458,ordinary,open_water,Jamnagar (Sikka) marine terminal,1143.57,False,False,2,,False
419324408,ST FRANCIS NET 2,IND,india_mangalore_dec2025_jan2026,2025-12-18 10:00:00+00:00,2025-12-18 23:00:00+00:00,13.0,13,0.929,13.28308,74.58154,3.498,ordinary,open_water,Jamnagar (Sikka) marine terminal,1139.51,False,False,2,,False
419338473,KOTTARAM NET 1  74%,IND,india_mangalore_dec2025_jan2026,2025-12-18 18:00:00+00:00,2025-12-19 07:00:00+00:00,13.0,10,0.714,12.569,74.768,3.478,ordinary,open_water,Jamnagar (Sikka) marine terminal,1219.81,False,False,2,,False
419345250,DORNICKA2NET99%,IND,india_mangalore_dec2025_jan2026,2025-12-11 10:00:00+00:00,2025-12-11 23:00:00+00:00,13.0,13,0.929,13.36692,74.57923,4.107,ordinary,open_water,Jamnagar (Sikka) marine terminal,1131.03,False,False,2,,False
419345250,DORNICKA2NET99%,IND,india_mangalore_dec2025_jan2026,2025-12-18 09:00:00+00:00,2025-12-18 22:00:00+00:00,13.0,14,1.0,13.34714,74.58214,2.524,ordinary,open_water,Jamnagar (Sikka) marine terminal,1133.14,False,False,2,,False
419345250,DORNICKA2NET99%,IND,india_mangalore_dec2025_jan2026,2025-12-19 09:00:00+00:00,2025-12-19 22:00:00+00:00,13.0,14,1.0,13.37071,74.585,4.402,ordinary,open_water,Jamnagar (Sikka) marine terminal,1130.93,False,False,2,,False
419446013,HARSHA_NET_2-87%,IND,india_mangalore_dec2025_jan2026,2025-12-04 11:00:00+00:00,2025-12-05 00:00:00+00:00,13.0,10,0.714,12.641,74.165,2.846,ordinary,open_water,Jamnagar (Sikka) marine terminal,1185.84,False,False,2,,False
419446014,HARSHA_NET_3-77%,IND,india_mangalore_dec2025_jan2026,2025-12-04 11:00:00+00:00,2025-12-05 00:00:00+00:00,13.0,10,0.714,12.618,74.167,2.048,ordinary,open_water,Jamnagar (Sikka) marine terminal,1188.28,False,False,2,,False
419446015,HARSHA_NET_4-65%,IND,india_mangalore_dec2025_jan2026,2025-12-04 11:00:00+00:00,2025-12-05 00:00:00+00:00,13.0,10,0.714,12.594,74.172,2.479,ordinary,open_water,Jamnagar (Sikka) marine terminal,1190.95,False,False,2,,False
419508076,ST FRANCIS NET1 71%,IND,india_mangalore_dec2025_jan2026,2025-12-15 10:00:00+00:00,2025-12-15 23:00:00+00:00,13.0,14,1.0,13.115,74.63428,2.275,ordinary,open_water,Jamnagar (Sikka) marine terminal,1158.8,False,False,2,,False
419510872,NET VINNAHATHAI-2,IND,india_mangalore_dec2025_jan2026,2025-12-12 11:00:00+00:00,2025-12-13 00:00:00+00:00,13.0,9,0.643,13.37667,74.51444,3.755,ordinary,open_water,Jamnagar (Sikka) marine terminal,1126.97,False,False,2,,False
419517763,HARSHA BOAT,IND,india_mangalore_dec2025_jan2026,2025-12-02 12:00:00+00:00,2025-12-03 01:00:00+00:00,13.0,9,0.643,12.56889,74.18444,4.359,ordinary,open_water,Jamnagar (Sikka) marine terminal,1194.05,False,False,2,,False
419520714,KERUPASANAMATHA-3_,IND,india_mangalore_dec2025_jan2026,2025-12-14 09:00:00+00:00,2025-12-14 22:00:00+00:00,13.0,12,0.857,13.30083,74.44917,4.467,ordinary,open_water,Jamnagar (Sikka) marine terminal,1131.49,False,False,2,,False
419522674,MINNALANNAI-1_35%,IND,india_mangalore_dec2025_jan2026,2026-01-08 11:00:00+00:00,2026-01-09 00:00:00+00:00,13.0,6,0.429,13.11333,74.61167,4.081,ordinary,open_water,Jamnagar (Sikka) marine terminal,1157.9,False,False,2,,False
419711125,DEVAANNAI NET5(99%,IND,india_mangalore_dec2025_jan2026,2025-12-08 10:00:00+00:00,2025-12-08 23:00:00+00:00,13.0,14,1.0,13.19643,74.485,4.872,ordinary,open_water,Jamnagar (Sikka) marine terminal,1143.63,False,False,2,,False
419731184,VINNARASI NET 3N_78%,IND,india_mangalore_dec2025_jan2026,2025-12-21 03:00:00+00:00,2025-12-21 16:00:00+00:00,13.0,9,0.643,13.67,74.40111,3.338,ordinary,open_water,Jamnagar (Sikka) marine terminal,1092.29,False,False,2,,False
419731184,VINNARASI NET 3N_78%,IND,india_mangalore_dec2025_jan2026,2026-01-13 03:00:00+00:00,2026-01-13 16:00:00+00:00,13.0,7,0.5,13.66571,74.45571,3.25,ordinary,open_water,Jamnagar (Sikka) marine terminal,1095.34,False,False,2,,False
419731315,VACHANAM NET 1_99%,IND,india_mangalore_dec2025_jan2026,2025-12-12 11:00:00+00:00,2025-12-13 00:00:00+00:00,13.0,14,1.0,12.16786,75.03786,3.367,ordinary,open_water,Jamnagar (Sikka) marine terminal,1272.69,False,False,2,,False
419731321,RENJITH NET 2_92%,IND,india_mangalore_dec2025_jan2026,2025-12-17 13:00:00+00:00,2025-12-18 02:00:00+00:00,13.0,10,0.714,12.128,75.026,3.144,ordinary,open_water,Jamnagar (Sikka) marine terminal,1276.13,False,False,2,,False
419731321,RENJITH NET 2_92%,IND,india_mangalore_dec2025_jan2026,2025-12-19 10:00:00+00:00,2025-12-19 23:00:00+00:00,13.0,14,1.0,12.73071,74.74286,4.894,ordinary,open_water,Jamnagar (Sikka) marine terminal,1202.4,False,False,2,,False
419731321,RENJITH NET 2_92%,IND,india_mangalore_dec2025_jan2026,2025-12-20 11:00:00+00:00,2025-12-21 00:00:00+00:00,13.0,14,1.0,12.52714,74.83,4.25,ordinary,open_water,Jamnagar (Sikka) marine terminal,1226.91,False,False,2,,False
419731916,YMV NET 5_73%,IND,india_mangalore_dec2025_jan2026,2025-12-17 10:00:00+00:00,2025-12-17 23:00:00+00:00,13.0,11,0.786,13.52909,74.37091,1.41,ordinary,open_water,Jamnagar (Sikka) marine terminal,1104.94,False,False,2,,False
419740045,KREUPASANAM NET2_91%,IND,india_mangalore_dec2025_jan2026,2025-12-14 09:00:00+00:00,2025-12-14 22:00:00+00:00,13.0,12,0.857,13.3025,74.45083,4.331,ordinary,open_water,Jamnagar (Sikka) marine terminal,1131.4,False,False,2,,False
419740068,SEPPNIYA NET 2_90%,IND,india_mangalore_dec2025_jan2026,2025-12-14 05:00:00+00:00,2025-12-14 18:00:00+00:00,13.0,12,0.857,13.36417,74.5475,1.598,ordinary,open_water,Jamnagar (Sikka) marine terminal,1129.79,False,False,2,,False
419740112,MOTHER NET 1_82%,IND,india_mangalore_dec2025_jan2026,2025-12-10 10:00:00+00:00,2025-12-10 23:00:00+00:00,13.0,13,0.929,13.32,74.59,3.336,ordinary,open_water,Jamnagar (Sikka) marine terminal,1136.23,False,False,2,,False
419740307,AMMA NET 1_93%,IND,india_mangalore_dec2025_jan2026,2025-12-12 04:00:00+00:00,2025-12-12 17:00:00+00:00,13.0,14,1.0,13.65571,74.485,3.85,ordinary,open_water,Jamnagar (Sikka) marine terminal,1097.74,False,False,2,,False
419740308,PRAMMA NET 1_99%,IND,india_mangalore_dec2025_jan2026,2025-12-22 05:00:00+00:00,2025-12-22 18:00:00+00:00,13.0,9,0.643,13.70778,74.39556,2.543,ordinary,open_water,Jamnagar (Sikka) marine terminal,1088.26,False,False,2,,False
419783897,MAJUMATHA NET2(99%,IND,india_mangalore_dec2025_jan2026,2025-12-18 11:00:00+00:00,2025-12-19 00:00:00+00:00,13.0,10,0.714,13.493,74.354,1.509,ordinary,open_water,Jamnagar (Sikka) marine terminal,1107.77,False,False,2,,False
419789305,ROSARIO NET188%,IND,india_mangalore_dec2025_jan2026,2025-12-12 11:00:00+00:00,2025-12-13 00:00:00+00:00,13.0,14,1.0,12.17857,75.00857,4.465,ordinary,open_water,Jamnagar (Sikka) marine terminal,1270.24,False,False,2,,False
419902423,,IND,india_mangalore_dec2025_jan2026,2026-01-10 10:00:00+00:00,2026-01-10 23:00:00+00:00,13.0,11,0.786,13.00091,74.05818,2.214,ordinary,open_water,Jamnagar (Sikka) marine terminal,1144.47,False,False,2,,False
419950093,SAGAR KING,IND,india_mangalore_dec2025_jan2026,2026-01-10 14:00:00+00:00,2026-01-11 03:00:00+00:00,13.0,9,0.643,12.95,74.16889,4.575,ordinary,open_water,Jamnagar (Sikka) marine terminal,1154.4,False,False,2,,False
419950103,VIKRAM,IND,india_mangalore_dec2025_jan2026,2025-12-12 07:00:00+00:00,2025-12-12 20:00:00+00:00,13.0,10,0.714,12.926,74.234,0.931,ordinary,open_water,Jamnagar (Sikka) marine terminal,1159.67,False,False,2,,False
419950474,NAMAN NEHA,IND,india_mangalore_dec2025_jan2026,2025-12-26 10:00:00+00:00,2025-12-26 23:00:00+00:00,13.0,7,0.5,13.05571,74.14714,3.615,ordinary,open_water,Jamnagar (Sikka) marine terminal,1142.68,False,False,2,,False
419950513,ANR 4,IND,india_mangalore_dec2025_jan2026,2025-12-26 18:00:00+00:00,2025-12-27 07:00:00+00:00,13.0,11,0.786,12.95636,74.74091,3.705,ordinary,open_water,Jamnagar (Sikka) marine terminal,1179.72,False,False,2,,False
419950536,SOURABH 3,IND,india_mangalore_dec2025_jan2026,2025-12-21 13:00:00+00:00,2025-12-22 02:00:00+00:00,13.0,5,0.357,12.498,74.68,2.346,ordinary,open_water,Jamnagar (Sikka) marine terminal,1222.93,False,False,2,,False
419950737,ASHIYANA,IND,india_mangalore_dec2025_jan2026,2025-12-11 04:00:00+00:00,2025-12-11 17:00:00+00:00,13.0,10,0.714,13.07,73.96,0.0,ordinary,open_water,Jamnagar (Sikka) marine terminal,1133.25,False,False,2,,False
419956204,BLUE DAIMOND,IND,india_mangalore_dec2025_jan2026,2025-12-24 12:00:00+00:00,2025-12-25 01:00:00+00:00,13.0,11,0.786,12.65182,74.27727,2.083,ordinary,open_water,Jamnagar (Sikka) marine terminal,1189.5,False,False,2,,False
419956204,BLUE DAIMOND,IND,india_mangalore_dec2025_jan2026,2025-12-27 09:00:00+00:00,2025-12-27 22:00:00+00:00,13.0,12,0.857,13.02,74.1,0.0,ordinary,open_water,Jamnagar (Sikka) marine terminal,1144.3,False,False,2,,False
419957166,GANESH KRIPA,IND,india_mangalore_dec2025_jan2026,2026-01-11 11:00:00+00:00,2026-01-12 00:00:00+00:00,13.0,13,0.929,12.69692,74.63846,4.877,ordinary,open_water,Jamnagar (Sikka) marine terminal,1200.96,False,False,2,,False
538009214,ECO MALIBU,MHL,india_mangalore_dec2025_jan2026,2025-12-14 02:00:00+00:00,2025-12-14 15:00:00+00:00,13.0,12,0.857,12.90083,74.645,4.983,ordinary,open_water,Jamnagar (Sikka) marine terminal,1180.76,False,False,2,,False
9131448,ONWA31448,,india_mangalore_dec2025_jan2026,2025-12-21 13:00:00+00:00,2025-12-22 01:00:00+00:00,12.0,13,1.0,12.86846,74.33462,2.645,ordinary,open_water,Jamnagar (Sikka) marine terminal,1169.93,False,False,2,,False
352003927,FUXING,PAN,india_mangalore_dec2025_jan2026,2026-01-09 10:00:00+00:00,2026-01-09 22:00:00+00:00,12.0,12,0.923,12.93,74.81,0.0,ordinary,open_water,Jamnagar (Sikka) marine terminal,1185.66,False,False,2,,False
352003927,FUXING,PAN,india_mangalore_dec2025_jan2026,2026-01-10 07:00:00+00:00,2026-01-10 19:00:00+00:00,12.0,13,1.0,12.93,74.80923,1.0,ordinary,open_water,Jamnagar (Sikka) marine terminal,1185.62,False,False,2,,False
355520000,HARRIET P,PAN,india_mangalore_dec2025_jan2026,2025-12-01 00:00:00+00:00,2025-12-01 12:00:00+00:00,12.0,13,1.0,12.93,74.80923,1.0,ordinary,open_water,Jamnagar (Sikka) marine terminal,1185.62,False,False,2,,False
419000117,DOLPHIN NO.2,IND,india_mangalore_dec2025_jan2026,2025-12-14 03:00:00+00:00,2025-12-14 15:00:00+00:00,12.0,9,0.692,12.9,74.64889,0.964,ordinary,open_water,Jamnagar (Sikka) marine terminal,1181.03,False,False,2,,False
419000178,VISHVA VIKAS,IND,india_mangalore_dec2025_jan2026,2025-12-17 08:00:00+00:00,2025-12-17 20:00:00+00:00,12.0,13,1.0,12.95,74.62,0.0,ordinary,open_water,Jamnagar (Sikka) marine terminal,1174.66,False,False,2,,False
419000970,SSL GUJARAT,IND,india_mangalore_dec2025_jan2026,2025-12-15 11:00:00+00:00,2025-12-15 23:00:00+00:00,12.0,13,1.0,12.92923,74.80846,2.248,ordinary,open_water,Jamnagar (Sikka) marine terminal,1185.66,False,False,2,,False
419001654,KAVIRAJ,IND,india_mangalore_dec2025_jan2026,2025-12-02 12:00:00+00:00,2025-12-03 00:00:00+00:00,12.0,13,1.0,12.92923,74.81846,2.248,ordinary,open_water,Jamnagar (Sikka) marine terminal,1186.14,False,False,2,,False
419001654,KAVIRAJ,IND,india_mangalore_dec2025_jan2026,2025-12-12 05:00:00+00:00,2025-12-12 17:00:00+00:00,12.0,10,0.769,12.901,74.655,4.979,ordinary,open_water,Jamnagar (Sikka) marine terminal,1181.21,False,False,2,,False
419001746,SARATHI,IND,india_mangalore_dec2025_jan2026,2025-12-06 22:00:00+00:00,2025-12-07 10:00:00+00:00,12.0,13,1.0,12.93538,74.81308,4.972,ordinary,open_water,Jamnagar (Sikka) marine terminal,1185.27,False,False,2,,False
419001746,SARATHI,IND,india_mangalore_dec2025_jan2026,2025-12-11 23:00:00+00:00,2025-12-12 11:00:00+00:00,12.0,13,1.0,12.93308,74.81385,4.97,ordinary,open_water,Jamnagar (Sikka) marine terminal,1185.54,False,False,2,,False
419012060,RENJITH NET 1_87%,IND,india_mangalore_dec2025_jan2026,2025-12-14 10:00:00+00:00,2025-12-14 22:00:00+00:00,12.0,8,0.615,12.30625,74.91875,4.645,ordinary,open_water,Jamnagar (Sikka) marine terminal,1253.23,False,False,2,,False
419030269,NITHYAJEEVAN NET281%,IND,india_mangalore_dec2025_jan2026,2025-12-07 13:00:00+00:00,2025-12-08 01:00:00+00:00,12.0,13,1.0,12.00769,74.49462,2.689,ordinary,open_water,Jamnagar (Sikka) marine terminal,1264.64,False,False,2,,False
419056232,AROKKIA MATHA NE 86%,IND,india_mangalore_dec2025_jan2026,2025-12-14 10:00:00+00:00,2025-12-14 22:00:00+00:00,12.0,10,0.769,12.079,75.05,4.851,ordinary,open_water,Jamnagar (Sikka) marine terminal,1282.17,False,False,2,,False
419056232,AROKKIA MATHA NE 86%,IND,india_mangalore_dec2025_jan2026,2025-12-18 10:00:00+00:00,2025-12-18 22:00:00+00:00,12.0,13,1.0,12.07077,75.06538,4.561,ordinary,open_water,Jamnagar (Sikka) marine terminal,1283.72,False,False,2,,False
419070067,ROSA MYSTICA 1_84%,IND,india_mangalore_dec2025_jan2026,2025-12-12 13:00:00+00:00,2025-12-13 01:00:00+00:00,12.0,12,0.923,13.58083,74.47083,4.689,ordinary,open_water,Jamnagar (Sikka) marine terminal,1104.52,False,False,2,,False
419075979,ALLELUIA NET2_99%,IND,india_mangalore_dec2025_jan2026,2025-12-12 11:00:00+00:00,2025-12-12 23:00:00+00:00,12.0,13,1.0,13.13385,74.66,1.796,ordinary,open_water,Jamnagar (Sikka) marine terminal,1158.14,False,False,2,,False
419075979,ALLELUIA NET2_99%,IND,india_mangalore_dec2025_jan2026,2025-12-14 11:00:00+00:00,2025-12-14 23:00:00+00:00,12.0,12,0.923,13.605,74.40834,2.922,ordinary,open_water,Jamnagar (Sikka) marine terminal,1099.12,False,False,2,,False
419077167,ALPHA NET-2_91%,IND,india_mangalore_dec2025_jan2026,2025-12-15 12:00:00+00:00,2025-12-16 00:00:00+00:00,12.0,13,1.0,13.07308,74.58308,1.911,ordinary,open_water,Jamnagar (Sikka) marine terminal,1160.59,False,False,2,,False
419077167,ALPHA NET-2_91%,IND,india_mangalore_dec2025_jan2026,2025-12-17 11:00:00+00:00,2025-12-17 23:00:00+00:00,12.0,13,1.0,12.68692,74.72616,4.074,ordinary,open_water,Jamnagar (Sikka) marine terminal,1206.02,False,False,2,,False
419077167,ALPHA NET-2_91%,IND,india_mangalore_dec2025_jan2026,2025-12-18 11:00:00+00:00,2025-12-18 23:00:00+00:00,12.0,13,1.0,13.01923,74.61693,2.164,ordinary,open_water,Jamnagar (Sikka) marine terminal,1167.57,False,False,2,,False
419078906,JERO NET1(97%,IND,india_mangalore_dec2025_jan2026,2025-12-17 11:00:00+00:00,2025-12-17 23:00:00+00:00,12.0,12,0.923,13.30083,74.61583,4.617,ordinary,open_water,Jamnagar (Sikka) marine terminal,1139.38,False,False,2,,False
419080338,THEVALAYAM NET 1_99%,IND,india_mangalore_dec2025_jan2026,2025-12-16 04:00:00+00:00,2025-12-16 16:00:00+00:00,12.0,9,0.692,12.28222,74.90111,3.316,ordinary,open_water,Jamnagar (Sikka) marine terminal,1254.82,False,False,2,,False
419081116,SHALOOM NET 1-99%,IND,india_mangalore_dec2025_jan2026,2026-01-10 13:00:00+00:00,2026-01-11 01:00:00+00:00,12.0,11,0.846,13.51,74.49818,3.872,ordinary,open_water,Jamnagar (Sikka) marine terminal,1112.89,False,False,2,,False
419081144,GAGULTHA NET-199%,IND,india_mangalore_dec2025_jan2026,2025-12-12 09:00:00+00:00,2025-12-12 21:00:00+00:00,12.0,11,0.846,13.41091,74.47273,4.417,ordinary,open_water,Jamnagar (Sikka) marine terminal,1121.57,False,False,2,,False
419081323,JERO NET 6-88%,IND,india_mangalore_dec2025_jan2026,2025-12-16 03:00:00+00:00,2025-12-16 15:00:00+00:00,12.0,10,0.769,13.305,74.349,4.999,ordinary,open_water,Jamnagar (Sikka) marine terminal,1126.43,False,False,2,,False
419081323,JERO NET 6-88%,IND,india_mangalore_dec2025_jan2026,2025-12-17 11:00:00+00:00,2025-12-17 23:00:00+00:00,12.0,13,1.0,13.30154,74.61616,4.531,ordinary,open_water,Jamnagar (Sikka) marine terminal,1139.32,False,False,2,,False
419107877,KOHINOOR,IND,india_mangalore_dec2025_jan2026,2026-01-11 13:00:00+00:00,2026-01-12 01:00:00+00:00,12.0,13,1.0,13.06077,74.55384,3.857,ordinary,open_water,Jamnagar (Sikka) marine terminal,1160.46,False,False,2,,False
419108028,MAHASATHI  NET1-42%,IND,india_mangalore_dec2025_jan2026,2026-01-10 10:00:00+00:00,2026-01-10 22:00:00+00:00,12.0,10,0.769,13.671,74.558,4.526,ordinary,open_water,Jamnagar (Sikka) marine terminal,1099.78,False,False,2,,False
419108554,,IND,india_mangalore_dec2025_jan2026,2025-12-08 12:00:00+00:00,2025-12-09 00:00:00+00:00,12.0,7,0.538,12.84857,74.26286,2.483,ordinary,open_water,Jamnagar (Sikka) marine terminal,1168.81,False,False,2,,False
419120827,ST JOSEPH SUJI 3_99%,IND,india_mangalore_dec2025_jan2026,2025-12-07 23:00:00+00:00,2025-12-08 11:00:00+00:00,12.0,10,0.769,13.251,73.881,3.913,ordinary,open_water,Jamnagar (Sikka) marine terminal,1111.38,False,False,2,,False
419130840,SELVAMATHA NET1_99%,IND,india_mangalore_dec2025_jan2026,2025-12-14 10:00:00+00:00,2025-12-14 22:00:00+00:00,12.0,11,0.846,13.23727,74.48455,4.776,ordinary,open_water,Jamnagar (Sikka) marine terminal,1139.51,False,False,2,,False
419141034,SELVAMATHA NET2_98%,IND,india_mangalore_dec2025_jan2026,2025-12-14 04:00:00+00:00,2025-12-14 16:00:00+00:00,12.0,11,0.846,13.17364,74.50273,4.916,ordinary,open_water,Jamnagar (Sikka) marine terminal,1146.75,False,False,2,,False
419160901,SELVAMATHA 6-99%,IND,india_mangalore_dec2025_jan2026,2025-12-14 05:00:00+00:00,2025-12-14 17:00:00+00:00,12.0,7,0.538,13.13714,74.51714,1.463,ordinary,open_water,Jamnagar (Sikka) marine terminal,1151.08,False,False,2,,False
419160903,SELVAMATHA 3-93%,IND,india_mangalore_dec2025_jan2026,2025-12-14 05:00:00+00:00,2025-12-14 17:00:00+00:00,12.0,9,0.692,13.16444,74.51,3.83,ordinary,open_water,Jamnagar (Sikka) marine terminal,1148.01,False,False,2,,False
419180220,EBSON NET 3_95%,IND,india_mangalore_dec2025_jan2026,2025-12-02 12:00:00+00:00,2025-12-03 00:00:00+00:00,12.0,8,0.615,12.17125,74.475,4.969,ordinary,open_water,Jamnagar (Sikka) marine terminal,1247.07,False,False,2,,False
419190769,JERO NET 5-99%,IND,india_mangalore_dec2025_jan2026,2025-12-17 11:00:00+00:00,2025-12-17 23:00:00+00:00,12.0,13,1.0,13.32,74.60692,2.249,ordinary,open_water,Jamnagar (Sikka) marine terminal,1137.04,False,False,2,,False
419241134,,IND,india_mangalore_dec2025_jan2026,2025-12-02 12:00:00+00:00,2025-12-03 00:00:00+00:00,12.0,10,0.769,12.084,74.42,4.993,ordinary,open_water,Jamnagar (Sikka) marine terminal,1253.67,False,False,2,,False
419250308,GAGULTHA NET2_99%,IND,india_mangalore_dec2025_jan2026,2025-12-12 09:00:00+00:00,2025-12-12 21:00:00+00:00,12.0,12,0.923,13.42667,74.4675,4.296,ordinary,open_water,Jamnagar (Sikka) marine terminal,1119.74,False,False,2,,False
419250311,GAGULTHA NET5_99%,IND,india_mangalore_dec2025_jan2026,2025-12-02 11:00:00+00:00,2025-12-02 23:00:00+00:00,12.0,13,1.0,12.18308,74.37,4.916,ordinary,open_water,Jamnagar (Sikka) marine terminal,1241.4,False,False,2,,False
419260736,VILURMATHA NET4_92%,IND,india_mangalore_dec2025_jan2026,2026-01-10 17:00:00+00:00,2026-01-11 05:00:00+00:00,12.0,12,0.923,12.11,73.84083,4.439,ordinary,open_water,Jamnagar (Sikka) marine terminal,1227.85,False,False,2,,False
419301092,REO NET 1_82%,IND,india_mangalore_dec2025_jan2026,2026-01-06 10:00:00+00:00,2026-01-06 22:00:00+00:00,12.0,13,1.0,12.27308,74.95692,1.462,ordinary,open_water,Jamnagar (Sikka) marine terminal,1258.34,False,False,2,,False
419310115,RANGA  NET2_99%,IND,india_mangalore_dec2025_jan2026,2025-12-10 11:00:00+00:00,2025-12-10 23:00:00+00:00,12.0,12,0.923,13.22417,74.57583,4.01,ordinary,open_water,Jamnagar (Sikka) marine terminal,1145.12,False,False,2,,False
419318413,YAHOVA NET-3  100%,IND,india_mangalore_dec2025_jan2026,2025-12-04 11:00:00+00:00,2025-12-04 23:00:00+00:00,12.0,10,0.769,13.384,74.364,4.587,ordinary,open_water,Jamnagar (Sikka) marine terminal,1119.18,False,False,2,,False
419322000,SAMUDRA SHAUDHIKAMA,IND,india_mangalore_dec2025_jan2026,2025-12-02 10:00:00+00:00,2025-12-02 22:00:00+00:00,12.0,13,1.0,12.44077,74.94461,4.324,ordinary,open_water,Jamnagar (Sikka) marine terminal,1240.95,False,False,2,,False
419322830,KANNUR ALIF NET-1,IND,india_mangalore_dec2025_jan2026,2025-12-12 12:00:00+00:00,2025-12-13 00:00:00+00:00,12.0,11,0.846,12.08636,75.07636,4.791,ordinary,open_water,Jamnagar (Sikka) marine terminal,1282.67,False,False,2,,False
419322870,SHIBANO NET-2  69%,IND,india_mangalore_dec2025_jan2026,2025-12-18 10:00:00+00:00,2025-12-18 22:00:00+00:00,12.0,11,0.846,12.61,74.77727,4.826,ordinary,open_water,Jamnagar (Sikka) marine terminal,1216.13,False,False,2,,False
419345249,JERO 3NET99%,IND,india_mangalore_dec2025_jan2026,2025-12-17 11:00:00+00:00,2025-12-17 23:00:00+00:00,12.0,11,0.846,13.32364,74.60818,2.98,ordinary,open_water,Jamnagar (Sikka) marine terminal,1136.73,False,False,2,,False
419345251,DORNICKA3NET99%,IND,india_mangalore_dec2025_jan2026,2025-12-12 10:00:00+00:00,2025-12-12 22:00:00+00:00,12.0,11,0.846,13.33636,74.58636,3.169,ordinary,open_water,Jamnagar (Sikka) marine terminal,1134.42,False,False,2,,False
419446013,HARSHA_NET_2-87%,IND,india_mangalore_dec2025_jan2026,2025-12-10 10:00:00+00:00,2025-12-10 22:00:00+00:00,12.0,11,0.846,12.71182,73.99818,4.681,ordinary,open_water,Jamnagar (Sikka) marine terminal,1171.65,False,False,2,,False
419446016,HARSHA_NET_5-68%,IND,india_mangalore_dec2025_jan2026,2025-12-02 12:00:00+00:00,2025-12-03 00:00:00+00:00,12.0,9,0.692,12.58778,74.16556,1.79,ordinary,open_water,Jamnagar (Sikka) marine terminal,1191.32,False,False,2,,False
419500303,MALABAR NET1  100%,IND,india_mangalore_dec2025_jan2026,2025-12-12 12:00:00+00:00,2025-12-13 00:00:00+00:00,12.0,10,0.769,12.262,74.968,4.849,ordinary,open_water,Jamnagar (Sikka) marine terminal,1259.97,False,False,2,,False
419506554,JENIFER BOUY1  100%,IND,india_mangalore_dec2025_jan2026,2025-12-12 12:00:00+00:00,2025-12-13 00:00:00+00:00,12.0,8,0.615,12.035,75.07875,4.526,ordinary,open_water,Jamnagar (Sikka) marine terminal,1287.93,False,False,2,,False
419508216,THIRUPPADAL NET1_99%,IND,india_mangalore_dec2025_jan2026,2025-12-18 13:00:00+00:00,2025-12-19 01:00:00+00:00,12.0,13,1.0,13.38231,74.56077,4.755,ordinary,open_water,Jamnagar (Sikka) marine terminal,1128.61,False,False,2,,False
419517859,NET POURNAMI MATHA-1,IND,india_mangalore_dec2025_jan2026,2025-12-08 07:00:00+00:00,2025-12-08 19:00:00+00:00,12.0,10,0.769,12.148,75.02,3.72,ordinary,open_water,Jamnagar (Sikka) marine terminal,1273.84,False,False,2,,False
419519391,FISH NET-1 SHIBANO,IND,india_mangalore_dec2025_jan2026,2025-12-18 10:00:00+00:00,2025-12-18 22:00:00+00:00,12.0,13,1.0,12.65769,74.75692,4.425,ordinary,open_water,Jamnagar (Sikka) marine terminal,1210.39,False,False,2,,False
419520251,FISHINGNET BIBLE-1,IND,india_mangalore_dec2025_jan2026,2025-12-10 12:00:00+00:00,2025-12-11 00:00:00+00:00,12.0,7,0.538,12.30429,74.93143,4.916,ordinary,open_water,Jamnagar (Sikka) marine terminal,1254.01,False,False,2,,False
419522053,BETHEL NET-2  59%,IND,india_mangalore_dec2025_jan2026,2025-12-12 23:00:00+00:00,2025-12-13 11:00:00+00:00,12.0,8,0.615,13.23,74.6,4.947,ordinary,open_water,Jamnagar (Sikka) marine terminal,1145.69,False,False,2,,False
419522061,VINAGATHAI NET-1_,IND,india_mangalore_dec2025_jan2026,2026-01-06 11:00:00+00:00,2026-01-06 23:00:00+00:00,12.0,13,1.0,12.63231,74.77384,4.723,ordinary,open_water,Jamnagar (Sikka) marine terminal,1213.73,False,False,2,,False
419522674,MINNALANNAI-1_35%,IND,india_mangalore_dec2025_jan2026,2026-01-06 21:00:00+00:00,2026-01-07 09:00:00+00:00,12.0,7,0.538,13.16571,74.63,2.859,ordinary,open_water,Jamnagar (Sikka) marine terminal,1153.53,False,False,2,,False
419576361,BIBLE NET 1-95%,IND,india_mangalore_dec2025_jan2026,2025-12-19 11:00:00+00:00,2025-12-19 23:00:00+00:00,12.0,10,0.769,12.433,74.798,4.86,ordinary,open_water,Jamnagar (Sikka) marine terminal,1234.88,False,False,2,,False
419675433,EBSON NETBUOY 2 84%,IND,india_mangalore_dec2025_jan2026,2025-12-02 12:00:00+00:00,2025-12-03 00:00:00+00:00,12.0,11,0.846,12.14273,74.48364,4.751,ordinary,open_water,Jamnagar (Sikka) marine terminal,1250.36,False,False,2,,False
419678778,BETHAL NET 1(62%,IND,india_mangalore_dec2025_jan2026,2025-12-10 11:00:00+00:00,2025-12-10 23:00:00+00:00,12.0,13,1.0,13.24615,74.53077,4.876,ordinary,open_water,Jamnagar (Sikka) marine terminal,1140.79,False,False,2,,False
419731364,ALLELUYA NET 3_99%,IND,india_mangalore_dec2025_jan2026,2025-12-14 11:00:00+00:00,2025-12-14 23:00:00+00:00,12.0,11,0.846,13.57273,74.41636,3.11,ordinary,open_water,Jamnagar (Sikka) marine terminal,1102.72,False,False,2,,False
419740045,KREUPASANAM NET2_91%,IND,india_mangalore_dec2025_jan2026,2025-12-13 10:00:00+00:00,2025-12-13 22:00:00+00:00,12.0,13,1.0,13.05462,74.60154,4.574,ordinary,open_water,Jamnagar (Sikka) marine terminal,1163.3,False,False,2,,False
419740312,THAANAM NET 3_99%,IND,india_mangalore_dec2025_jan2026,2025-12-15 11:00:00+00:00,2025-12-15 23:00:00+00:00,12.0,13,1.0,13.10462,74.68385,3.196,ordinary,open_water,Jamnagar (Sikka) marine terminal,1162.2,False,False,2,,False
419912968,AL  AQSA,IND,india_mangalore_dec2025_jan2026,2025-12-26 09:00:00+00:00,2025-12-26 21:00:00+00:00,12.0,7,0.538,12.87,74.3,0.0,ordinary,open_water,Jamnagar (Sikka) marine terminal,1168.25,False,False,2,,False
419950489,SHUBHAM,IND,india_mangalore_dec2025_jan2026,2025-12-21 12:00:00+00:00,2025-12-22 00:00:00+00:00,12.0,7,0.538,12.94714,74.55429,2.223,ordinary,open_water,Jamnagar (Sikka) marine terminal,1171.9,False,False,2,,False
419950610,MARINE BLUE,IND,india_mangalore_dec2025_jan2026,2025-12-16 05:00:00+00:00,2025-12-16 17:00:00+00:00,12.0,7,0.538,13.61,73.82,0.0,ordinary,open_water,Jamnagar (Sikka) marine terminal,1072.06,False,False,2,,False
419950686,MUBDI II,IND,india_mangalore_dec2025_jan2026,2025-12-05 12:00:00+00:00,2025-12-06 00:00:00+00:00,12.0,13,1.0,12.83154,74.70077,3.79,ordinary,open_water,Jamnagar (Sikka) marine terminal,1190.32,False,False,2,,False
419950708,AQEEDAH,IND,india_mangalore_dec2025_jan2026,2025-12-05 12:00:00+00:00,2025-12-06 00:00:00+00:00,12.0,12,0.923,12.82917,74.7,4.594,ordinary,open_water,Jamnagar (Sikka) marine terminal,1190.52,False,False,2,,False
419951268,BAHRUL IZZAH,IND,india_mangalore_dec2025_jan2026,2025-12-18 12:00:00+00:00,2025-12-19 00:00:00+00:00,12.0,13,1.0,13.02692,74.49231,3.912,ordinary,open_water,Jamnagar (Sikka) marine terminal,1161.01,False,False,2,,False
419951295,JAI HANUMA,IND,india_mangalore_dec2025_jan2026,2025-12-18 09:00:00+00:00,2025-12-18 21:00:00+00:00,12.0,9,0.692,12.88667,74.40111,2.945,ordinary,open_water,Jamnagar (Sikka) marine terminal,1171.04,False,False,2,,False
419951313,FATHAH,IND,india_mangalore_dec2025_jan2026,2025-12-16 10:00:00+00:00,2025-12-16 22:00:00+00:00,12.0,5,0.385,12.814,74.674,1.791,ordinary,open_water,Jamnagar (Sikka) marine terminal,1190.83,False,False,2,,False
419951341,SRI SAI SAGAR,IND,india_mangalore_dec2025_jan2026,2025-12-08 12:00:00+00:00,2025-12-09 00:00:00+00:00,12.0,10,0.769,12.621,74.67,4.47,ordinary,open_water,Jamnagar (Sikka) marine terminal,1210.06,False,False,2,,False
419951405,S M FISHERIES 4,IND,india_mangalore_dec2025_jan2026,2025-12-30 12:00:00+00:00,2025-12-31 00:00:00+00:00,12.0,13,1.0,12.97154,74.53615,1.988,ordinary,open_water,Jamnagar (Sikka) marine terminal,1168.61,False,False,2,,False
419951413,KANZ UL BAHR,IND,india_mangalore_dec2025_jan2026,2025-12-19 12:00:00+00:00,2025-12-20 00:00:00+00:00,12.0,13,1.0,13.08615,74.67923,3.133,ordinary,open_water,Jamnagar (Sikka) marine terminal,1163.82,False,False,2,,False
419951473,THIRANGA,IND,india_mangalore_dec2025_jan2026,2025-12-18 09:00:00+00:00,2025-12-18 21:00:00+00:00,12.0,9,0.692,12.17222,74.65333,2.681,ordinary,open_water,Jamnagar (Sikka) marine terminal,1254.73,False,False,2,,False
419956059,MAKARA  JYOTHI,IND,india_mangalore_dec2025_jan2026,2025-12-21 12:00:00+00:00,2025-12-22 00:00:00+00:00,12.0,11,0.846,13.26909,74.60727,1.281,ordinary,open_water,Jamnagar (Sikka) marine terminal,1142.13,False,False,2,,False
419957181,ALFA,IND,india_mangalore_dec2025_jan2026,2025-12-01 04:00:00+00:00,2025-12-01 16:00:00+00:00,12.0,13,1.0,12.76154,74.57,0.941,ordinary,open_water,Jamnagar (Sikka) marine terminal,1191.32,False,False,2,,False
419957244,NIVYA NIVEDITHA 2,IND,india_mangalore_dec2025_jan2026,2025-12-08 12:00:00+00:00,2025-12-09 00:00:00+00:00,12.0,7,0.538,12.59143,74.67143,4.374,ordinary,open_water,Jamnagar (Sikka) marine terminal,1213.11,False,False,2,,False
538009909,OCEAN PIONEER,MHL,india_mangalore_dec2025_jan2026,2025-12-23 11:00:00+00:00,2025-12-23 23:00:00+00:00,12.0,13,1.0,12.92,74.81,0.0,ordinary,open_water,Jamnagar (Sikka) marine terminal,1186.65,False,False,2,,False
538090721,SUNBIRD ARROW,MHL,india_mangalore_dec2025_jan2026,2025-12-30 09:00:00+00:00,2025-12-30 21:00:00+00:00,12.0,13,1.0,12.81538,74.19692,4.564,ordinary,open_water,Jamnagar (Sikka) marine terminal,1169.35,False,False,2,,False
9131448,ONWA31448,,india_mangalore_dec2025_jan2026,2025-12-23 06:00:00+00:00,2025-12-23 17:00:00+00:00,11.0,10,0.833,12.35,74.37,0.0,ordinary,open_water,Jamnagar (Sikka) marine terminal,1224.31,False,False,2,,False
352002220,PINAR GAS,PAN,india_mangalore_dec2025_jan2026,2025-12-05 05:00:00+00:00,2025-12-05 16:00:00+00:00,11.0,12,1.0,12.96333,74.63583,4.981,ordinary,open_water,Jamnagar (Sikka) marine terminal,1174.06,False,False,2,,False
352002220,PINAR GAS,PAN,india_mangalore_dec2025_jan2026,2025-12-05 17:00:00+00:00,2025-12-06 04:00:00+00:00,11.0,12,1.0,12.97,74.64083,0.993,ordinary,open_water,Jamnagar (Sikka) marine terminal,1173.63,False,False,2,,False
372240000,FAIRCHEM VICTORY,PAN,india_mangalore_dec2025_jan2026,2025-12-25 12:00:00+00:00,2025-12-25 23:00:00+00:00,11.0,12,1.0,12.92,74.80583,4.967,ordinary,open_water,Jamnagar (Sikka) marine terminal,1186.45,False,False,2,,False
419000117,DOLPHIN NO.2,IND,india_mangalore_dec2025_jan2026,2025-12-15 19:00:00+00:00,2025-12-16 06:00:00+00:00,11.0,12,1.0,12.92167,74.81083,1.359,ordinary,open_water,Jamnagar (Sikka) marine terminal,1186.53,False,False,2,,False
419000970,SSL GUJARAT,IND,india_mangalore_dec2025_jan2026,2025-12-01 11:00:00+00:00,2025-12-01 22:00:00+00:00,11.0,12,1.0,12.92917,74.8075,3.15,ordinary,open_water,Jamnagar (Sikka) marine terminal,1185.62,False,False,2,,False
419000970,SSL GUJARAT,IND,india_mangalore_dec2025_jan2026,2026-01-13 09:00:00+00:00,2026-01-13 20:00:00+00:00,11.0,12,1.0,12.93,74.81,0.0,ordinary,open_water,Jamnagar (Sikka) marine terminal,1185.66,False,False,2,,False
419001654,KAVIRAJ,IND,india_mangalore_dec2025_jan2026,2025-12-20 00:00:00+00:00,2025-12-20 11:00:00+00:00,11.0,12,1.0,12.93,74.81833,1.987,ordinary,open_water,Jamnagar (Sikka) marine terminal,1186.06,False,False,2,,False
419001654,KAVIRAJ,IND,india_mangalore_dec2025_jan2026,2025-12-29 03:00:00+00:00,2025-12-29 14:00:00+00:00,11.0,6,0.5,12.92667,74.80667,2.984,ordinary,open_water,Jamnagar (Sikka) marine terminal,1185.83,False,False,2,,False
419001984,,IND,india_mangalore_dec2025_jan2026,2025-12-21 04:00:00+00:00,2025-12-21 15:00:00+00:00,11.0,11,0.917,12.93273,74.80364,4.936,ordinary,open_water,Jamnagar (Sikka) marine terminal,1185.08,False,False,2,,False
419001984,,IND,india_mangalore_dec2025_jan2026,2026-01-04 01:00:00+00:00,2026-01-04 12:00:00+00:00,11.0,12,1.0,12.93667,74.8125,4.965,ordinary,open_water,Jamnagar (Sikka) marine terminal,1185.11,False,False,2,,False
419001984,,IND,india_mangalore_dec2025_jan2026,2026-01-06 17:00:00+00:00,2026-01-07 04:00:00+00:00,11.0,12,1.0,12.9375,74.81833,2.154,ordinary,open_water,Jamnagar (Sikka) marine terminal,1185.31,False,False,2,,False
419001984,,IND,india_mangalore_dec2025_jan2026,2026-01-13 07:00:00+00:00,2026-01-13 18:00:00+00:00,11.0,11,0.917,12.93273,74.81364,4.937,ordinary,open_water,Jamnagar (Sikka) marine terminal,1185.56,False,False,2,,False
419009000,M.T.BLOSSOM,IND,india_mangalore_dec2025_jan2026,2026-01-08 02:00:00+00:00,2026-01-08 13:00:00+00:00,11.0,12,1.0,12.92,74.81,0.0,ordinary,open_water,Jamnagar (Sikka) marine terminal,1186.65,False,False,2,,False
419012060,RENJITH NET 1_87%,IND,india_mangalore_dec2025_jan2026,2025-12-19 16:00:00+00:00,2025-12-20 03:00:00+00:00,11.0,12,1.0,12.74667,74.75583,4.847,ordinary,open_water,Jamnagar (Sikka) marine terminal,1201.41,False,False,2,,False
419017300,DCI DREDGE XVI,IND,india_mangalore_dec2025_jan2026,2025-12-18 15:00:00+00:00,2025-12-19 02:00:00+00:00,11.0,12,1.0,12.93083,74.76083,4.912,ordinary,open_water,Jamnagar (Sikka) marine terminal,1183.22,False,False,2,,False
419041239,CHEMMEEN NET2_62%,IND,india_mangalore_dec2025_jan2026,2025-12-18 13:00:00+00:00,2025-12-19 00:00:00+00:00,11.0,9,0.75,12.09111,74.87,4.84,ordinary,open_water,Jamnagar (Sikka) marine terminal,1272.66,False,False,2,,False
419047877,DEVA MAHATHUVAM 244%,IND,india_mangalore_dec2025_jan2026,2025-12-14 11:00:00+00:00,2025-12-14 22:00:00+00:00,11.0,9,0.75,13.23111,74.51222,3.474,ordinary,open_water,Jamnagar (Sikka) marine terminal,1141.43,False,False,2,,False
419056232,AROKKIA MATHA NE 86%,IND,india_mangalore_dec2025_jan2026,2025-12-12 11:00:00+00:00,2025-12-12 22:00:00+00:00,11.0,12,1.0,12.0775,75.04583,4.929,ordinary,open_water,Jamnagar (Sikka) marine terminal,1282.13,False,False,2,,False
419077167,ALPHA NET-2_91%,IND,india_mangalore_dec2025_jan2026,2025-12-12 11:00:00+00:00,2025-12-12 22:00:00+00:00,11.0,12,1.0,13.1275,74.59833,2.66,ordinary,open_water,Jamnagar (Sikka) marine terminal,1155.85,False,False,2,,False
419081327,MANIKYA NET 1-94%,IND,india_mangalore_dec2025_jan2026,2025-12-10 08:00:00+00:00,2025-12-10 19:00:00+00:00,11.0,12,1.0,13.55167,74.535,3.197,ordinary,open_water,Jamnagar (Sikka) marine terminal,1110.51,False,False,2,,False
419087652,SELVAMATHA NET-2_85%,IND,india_mangalore_dec2025_jan2026,2025-12-12 11:00:00+00:00,2025-12-12 22:00:00+00:00,11.0,12,1.0,12.08917,75.0225,4.753,ordinary,open_water,Jamnagar (Sikka) marine terminal,1279.87,False,False,2,,False
419090454,MARIYAVALGA NET3_89%,IND,india_mangalore_dec2025_jan2026,2025-12-10 10:00:00+00:00,2025-12-10 21:00:00+00:00,11.0,12,1.0,13.28083,74.56833,3.248,ordinary,open_water,Jamnagar (Sikka) marine terminal,1139.1,False,False,2,,False
419090454,MARIYAVALGA NET3_89%,IND,india_mangalore_dec2025_jan2026,2025-12-11 10:00:00+00:00,2025-12-11 21:00:00+00:00,11.0,11,0.917,13.28727,74.56727,3.651,ordinary,open_water,Jamnagar (Sikka) marine terminal,1138.41,False,False,2,,False
419090454,MARIYAVALGA NET3_89%,IND,india_mangalore_dec2025_jan2026,2025-12-11 22:00:00+00:00,2025-12-12 09:00:00+00:00,11.0,9,0.75,13.36556,74.55222,2.963,ordinary,open_water,Jamnagar (Sikka) marine terminal,1129.88,False,False,2,,False
419090454,MARIYAVALGA NET3_89%,IND,india_mangalore_dec2025_jan2026,2025-12-13 11:00:00+00:00,2025-12-13 22:00:00+00:00,11.0,10,0.833,13.265,74.559,2.782,ordinary,open_water,Jamnagar (Sikka) marine terminal,1140.24,False,False,2,,False
419090456,MARIYAVALGA NET1_99%,IND,india_mangalore_dec2025_jan2026,2025-12-14 11:00:00+00:00,2025-12-14 22:00:00+00:00,11.0,9,0.75,13.30889,74.47778,3.56,ordinary,open_water,Jamnagar (Sikka) marine terminal,1132.02,False,False,2,,False
419090456,MARIYAVALGA NET1_99%,IND,india_mangalore_dec2025_jan2026,2026-01-10 11:00:00+00:00,2026-01-10 22:00:00+00:00,11.0,10,0.833,13.429,74.495,4.381,ordinary,open_water,Jamnagar (Sikka) marine terminal,1120.82,False,False,2,,False
419090916,RITHU NET1(87%,IND,india_mangalore_dec2025_jan2026,2025-12-11 11:00:00+00:00,2025-12-11 22:00:00+00:00,11.0,11,0.917,13.52,74.17091,0.983,ordinary,open_water,Jamnagar (Sikka) marine terminal,1096.63,False,False,2,,False
419101009,MATHA [GRAISUS],IND,india_mangalore_dec2025_jan2026,2026-01-06 10:00:00+00:00,2026-01-06 21:00:00+00:00,11.0,9,0.75,12.83333,74.21333,2.984,ordinary,open_water,Jamnagar (Sikka) marine terminal,1168.22,False,False,2,,False
419107706,DHEVAMAHATHVAM BOAT,IND,india_mangalore_dec2025_jan2026,2025-12-19 11:00:00+00:00,2025-12-19 22:00:00+00:00,11.0,12,1.0,13.13083,74.62417,2.626,ordinary,open_water,Jamnagar (Sikka) marine terminal,1156.74,False,False,2,,False
419120727,MOTHER NET3_84%,IND,india_mangalore_dec2025_jan2026,2025-12-11 22:00:00+00:00,2025-12-12 09:00:00+00:00,11.0,11,0.917,13.34818,74.58182,2.207,ordinary,open_water,Jamnagar (Sikka) marine terminal,1133.02,False,False,2,,False
419120727,MOTHER NET3_84%,IND,india_mangalore_dec2025_jan2026,2025-12-13 11:00:00+00:00,2025-12-13 22:00:00+00:00,11.0,12,1.0,13.25833,74.6,3.521,ordinary,open_water,Jamnagar (Sikka) marine terminal,1142.86,False,False,2,,False
419120727,MOTHER NET3_84%,IND,india_mangalore_dec2025_jan2026,2025-12-14 00:00:00+00:00,2025-12-14 11:00:00+00:00,11.0,11,0.917,13.30636,74.58273,4.119,ordinary,open_water,Jamnagar (Sikka) marine terminal,1137.24,False,False,2,,False
419120827,ST JOSEPH SUJI 3_99%,IND,india_mangalore_dec2025_jan2026,2025-12-07 00:00:00+00:00,2025-12-07 11:00:00+00:00,11.0,8,0.667,13.275,73.935,4.74,ordinary,open_water,Jamnagar (Sikka) marine terminal,1111.2,False,False,2,,False
419160902,SELVAMATHA 5-98%,IND,india_mangalore_dec2025_jan2026,2025-12-14 05:00:00+00:00,2025-12-14 16:00:00+00:00,11.0,8,0.667,13.16,74.51,3.336,ordinary,open_water,Jamnagar (Sikka) marine terminal,1148.45,False,False,2,,False
419180269,MOTHER NET 2_99%,IND,india_mangalore_dec2025_jan2026,2026-01-13 03:00:00+00:00,2026-01-13 14:00:00+00:00,11.0,8,0.667,13.34375,74.58,4.865,ordinary,open_water,Jamnagar (Sikka) marine terminal,1133.38,False,False,2,,False
419181024,FR NET BUOY 1_99%,IND,india_mangalore_dec2025_jan2026,2025-12-02 11:00:00+00:00,2025-12-02 22:00:00+00:00,11.0,12,1.0,12.31917,74.37,4.598,ordinary,open_water,Jamnagar (Sikka) marine terminal,1227.47,False,False,2,,False
419190769,JERO NET 5-99%,IND,india_mangalore_dec2025_jan2026,2025-12-13 04:00:00+00:00,2025-12-13 15:00:00+00:00,11.0,12,1.0,12.78,73.835,4.399,ordinary,open_water,Jamnagar (Sikka) marine terminal,1158.02,False,False,2,,False
419199089,DYSON NET 2 _80%,IND,india_mangalore_dec2025_jan2026,2025-12-19 13:00:00+00:00,2025-12-20 00:00:00+00:00,11.0,11,0.917,13.18545,74.27727,1.89,ordinary,open_water,Jamnagar (Sikka) marine terminal,1135.24,False,False,2,,False
419250308,GAGULTHA NET2_99%,IND,india_mangalore_dec2025_jan2026,2026-01-10 08:00:00+00:00,2026-01-10 19:00:00+00:00,11.0,12,1.0,12.10833,73.90583,4.89,ordinary,open_water,Jamnagar (Sikka) marine terminal,1230.49,False,False,2,,False
419250308,GAGULTHA NET2_99%,IND,india_mangalore_dec2025_jan2026,2026-01-10 20:00:00+00:00,2026-01-11 07:00:00+00:00,11.0,10,0.833,12.119,73.836,3.915,ordinary,open_water,Jamnagar (Sikka) marine terminal,1226.73,False,False,2,,False
419250309,GAGULTHA NET3_99%,IND,india_mangalore_dec2025_jan2026,2025-12-12 10:00:00+00:00,2025-12-12 21:00:00+00:00,11.0,11,0.917,13.43545,74.46455,3.886,ordinary,open_water,Jamnagar (Sikka) marine terminal,1118.73,False,False,2,,False
419250311,GAGULTHA NET5_99%,IND,india_mangalore_dec2025_jan2026,2025-12-12 10:00:00+00:00,2025-12-12 21:00:00+00:00,11.0,11,0.917,13.46,74.45727,4.517,ordinary,open_water,Jamnagar (Sikka) marine terminal,1115.93,False,False,2,,False
419251136,CHRIST NET1_99%,IND,india_mangalore_dec2025_jan2026,2025-12-18 09:00:00+00:00,2025-12-18 20:00:00+00:00,11.0,9,0.75,12.38333,74.89445,4.559,ordinary,open_water,Jamnagar (Sikka) marine terminal,1244.35,False,False,2,,False
419261290,RAYAN MON 4  100%,IND,india_mangalore_dec2025_jan2026,2026-01-12 11:00:00+00:00,2026-01-12 22:00:00+00:00,11.0,9,0.75,12.02222,74.05778,2.806,ordinary,open_water,Jamnagar (Sikka) marine terminal,1245.32,False,False,2,,False
419301092,REO NET 1_82%,IND,india_mangalore_dec2025_jan2026,2025-12-13 11:00:00+00:00,2025-12-13 22:00:00+00:00,11.0,9,0.75,12.41556,74.88667,4.211,ordinary,open_water,Jamnagar (Sikka) marine terminal,1240.75,False,False,2,,False
419301092,REO NET 1_82%,IND,india_mangalore_dec2025_jan2026,2025-12-28 13:00:00+00:00,2025-12-29 00:00:00+00:00,11.0,12,1.0,12.055,75.08916,1.943,ordinary,open_water,Jamnagar (Sikka) marine terminal,1286.41,False,False,2,,False
419301092,REO NET 1_82%,IND,india_mangalore_dec2025_jan2026,2026-01-05 11:00:00+00:00,2026-01-05 22:00:00+00:00,11.0,11,0.917,12.28364,75.0,1.516,ordinary,open_water,Jamnagar (Sikka) marine terminal,1259.3,False,False,2,,False
419322870,SHIBANO NET-2  69%,IND,india_mangalore_dec2025_jan2026,2026-01-06 11:00:00+00:00,2026-01-06 22:00:00+00:00,11.0,12,1.0,12.56083,74.78333,2.939,ordinary,open_water,Jamnagar (Sikka) marine terminal,1221.35,False,False,2,,False
419328927,OSCAR NET 1_  100%,IND,india_mangalore_dec2025_jan2026,2025-12-14 11:00:00+00:00,2025-12-14 22:00:00+00:00,11.0,9,0.75,13.44333,74.52555,1.948,ordinary,open_water,Jamnagar (Sikka) marine terminal,1120.84,False,False,2,,False
419338464,MAGDALENA NET 3,IND,india_mangalore_dec2025_jan2026,2025-12-02 12:00:00+00:00,2025-12-02 23:00:00+00:00,11.0,8,0.667,12.10625,74.4075,4.798,ordinary,open_water,Jamnagar (Sikka) marine terminal,1250.86,False,False,2,,False
419345249,JERO 3NET99%,IND,india_mangalore_dec2025_jan2026,2025-12-10 08:00:00+00:00,2025-12-10 19:00:00+00:00,11.0,11,0.917,13.41273,74.41,4.733,ordinary,open_water,Jamnagar (Sikka) marine terminal,1118.43,False,False,2,,False
419345250,DORNICKA2NET99%,IND,india_mangalore_dec2025_jan2026,2025-12-14 07:00:00+00:00,2025-12-14 18:00:00+00:00,11.0,9,0.75,13.35333,74.57889,3.117,ordinary,open_water,Jamnagar (Sikka) marine terminal,1132.37,False,False,2,,False
419345251,DORNICKA3NET99%,IND,india_mangalore_dec2025_jan2026,2025-12-11 11:00:00+00:00,2025-12-11 22:00:00+00:00,11.0,12,1.0,13.34,74.58916,3.337,ordinary,open_water,Jamnagar (Sikka) marine terminal,1134.19,False,False,2,,False
419345251,DORNICKA3NET99%,IND,india_mangalore_dec2025_jan2026,2025-12-14 07:00:00+00:00,2025-12-14 18:00:00+00:00,11.0,10,0.833,13.346,74.585,4.114,ordinary,open_water,Jamnagar (Sikka) marine terminal,1133.39,False,False,2,,False
419359301,HISMATH NET 4  100%,IND,india_mangalore_dec2025_jan2026,2026-01-12 11:00:00+00:00,2026-01-12 22:00:00+00:00,11.0,10,0.833,12.018,74.063,1.431,ordinary,open_water,Jamnagar (Sikka) marine terminal,1245.96,False,False,2,,False
419500203,MALABAR NET2  100%,IND,india_mangalore_dec2025_jan2026,2025-12-14 11:00:00+00:00,2025-12-14 22:00:00+00:00,11.0,7,0.583,12.21429,74.98286,4.821,ordinary,open_water,Jamnagar (Sikka) marine terminal,1265.45,False,False,2,,False
419508216,THIRUPPADAL NET1_99%,IND,india_mangalore_dec2025_jan2026,2025-12-15 09:00:00+00:00,2025-12-15 20:00:00+00:00,11.0,6,0.5,13.18833,74.49833,2.573,ordinary,open_water,Jamnagar (Sikka) marine terminal,1145.07,False,False,2,,False
419519365,BETHLAHEM NET1  58%,IND,india_mangalore_dec2025_jan2026,2026-01-06 11:00:00+00:00,2026-01-06 22:00:00+00:00,11.0,10,0.833,12.322,74.938,3.42,ordinary,open_water,Jamnagar (Sikka) marine terminal,1252.54,False,False,2,,False
419519365,BETHLAHEM NET1  58%,IND,india_mangalore_dec2025_jan2026,2026-01-10 10:00:00+00:00,2026-01-10 21:00:00+00:00,11.0,12,1.0,12.37167,74.9,4.262,ordinary,open_water,Jamnagar (Sikka) marine terminal,1245.78,False,False,2,,False
419519415,NET VINCENT D PAUL-1,IND,india_mangalore_dec2025_jan2026,2025-12-14 11:00:00+00:00,2025-12-14 22:00:00+00:00,11.0,8,0.667,12.125,75.01375,4.826,ordinary,open_water,Jamnagar (Sikka) marine terminal,1275.86,False,False,2,,False
419520714,KERUPASANAMATHA-3_,IND,india_mangalore_dec2025_jan2026,2025-12-13 10:00:00+00:00,2025-12-13 21:00:00+00:00,11.0,8,0.667,13.04625,74.60625,3.174,ordinary,open_water,Jamnagar (Sikka) marine terminal,1164.36,False,False,2,,False
419520801,LITTILE FLOWER NET2,IND,india_mangalore_dec2025_jan2026,2025-12-07 23:00:00+00:00,2025-12-08 10:00:00+00:00,11.0,7,0.583,13.28857,73.87429,3.604,ordinary,open_water,Jamnagar (Sikka) marine terminal,1107.25,False,False,2,,False
419522674,MINNALANNAI-1_35%,IND,india_mangalore_dec2025_jan2026,2025-12-16 11:00:00+00:00,2025-12-16 22:00:00+00:00,11.0,12,1.0,13.21833,74.56,2.039,ordinary,open_water,Jamnagar (Sikka) marine terminal,1144.96,False,False,2,,False
419522674,MINNALANNAI-1_35%,IND,india_mangalore_dec2025_jan2026,2026-01-10 11:00:00+00:00,2026-01-10 22:00:00+00:00,11.0,11,0.917,13.41364,74.55364,4.333,ordinary,open_water,Jamnagar (Sikka) marine terminal,1125.15,False,False,2,,False
419672000,JAG PUSHPA,IND,india_mangalore_dec2025_jan2026,2026-01-03 16:00:00+00:00,2026-01-04 03:00:00+00:00,11.0,12,1.0,12.92,74.80583,4.967,ordinary,open_water,Jamnagar (Sikka) marine terminal,1186.45,False,False,2,,False
419672000,JAG PUSHPA,IND,india_mangalore_dec2025_jan2026,2026-01-04 04:00:00+00:00,2026-01-04 15:00:00+00:00,11.0,12,1.0,12.92,74.80583,4.967,ordinary,open_water,Jamnagar (Sikka) marine terminal,1186.45,False,False,2,,False
419675433,EBSON NETBUOY 2 84%,IND,india_mangalore_dec2025_jan2026,2025-12-14 11:00:00+00:00,2025-12-14 22:00:00+00:00,11.0,9,0.75,12.27111,74.95667,4.289,ordinary,open_water,Jamnagar (Sikka) marine terminal,1258.52,False,False,2,,False
419711124,DEVAANNAI NET4(99%,IND,india_mangalore_dec2025_jan2026,2025-12-08 11:00:00+00:00,2025-12-08 22:00:00+00:00,11.0,12,1.0,13.1675,74.49917,4.167,ordinary,open_water,Jamnagar (Sikka) marine terminal,1147.2,False,False,2,,False
419731184,VINNARASI NET 3N_78%,IND,india_mangalore_dec2025_jan2026,2026-01-11 22:00:00+00:00,2026-01-12 09:00:00+00:00,11.0,6,0.5,13.51833,74.59,4.515,ordinary,open_water,Jamnagar (Sikka) marine terminal,1116.49,False,False,2,,False
419731885,MOSSAI NETBUOY 2-86%,IND,india_mangalore_dec2025_jan2026,2025-12-08 00:00:00+00:00,2025-12-08 11:00:00+00:00,11.0,8,0.667,13.14125,73.87125,4.816,ordinary,open_water,Jamnagar (Sikka) marine terminal,1122.25,False,False,2,,False
419740068,SEPPNIYA NET 2_90%,IND,india_mangalore_dec2025_jan2026,2025-12-11 11:00:00+00:00,2025-12-11 22:00:00+00:00,11.0,12,1.0,13.38667,74.54,4.818,ordinary,open_water,Jamnagar (Sikka) marine terminal,1127.19,False,False,2,,False
419740165,MAHATHUVAM NET 5_81%,IND,india_mangalore_dec2025_jan2026,2025-12-12 06:00:00+00:00,2025-12-12 17:00:00+00:00,11.0,12,1.0,12.90667,73.84333,4.832,ordinary,open_water,Jamnagar (Sikka) marine terminal,1145.27,False,False,2,,False
419740308,PRAMMA NET 1_99%,IND,india_mangalore_dec2025_jan2026,2025-12-21 11:00:00+00:00,2025-12-21 22:00:00+00:00,11.0,11,0.917,13.66091,74.41909,4.699,ordinary,open_water,Jamnagar (Sikka) marine terminal,1094.05,False,False,2,,False
419776438,THIRUPADAL NET 2_98%,IND,india_mangalore_dec2025_jan2026,2025-12-14 11:00:00+00:00,2025-12-14 22:00:00+00:00,11.0,9,0.75,13.44556,74.49,2.718,ordinary,open_water,Jamnagar (Sikka) marine terminal,1118.92,False,False,2,,False
419776670,EBINEZER NET 2(66%,IND,india_mangalore_dec2025_jan2026,2025-12-04 14:00:00+00:00,2025-12-05 01:00:00+00:00,11.0,8,0.667,13.43875,74.36375,2.458,ordinary,open_water,Jamnagar (Sikka) marine terminal,1113.66,False,False,2,,False
419789351,JERO NET299%,IND,india_mangalore_dec2025_jan2026,2025-12-10 08:00:00+00:00,2025-12-10 19:00:00+00:00,11.0,11,0.917,13.42818,74.39818,3.543,ordinary,open_water,Jamnagar (Sikka) marine terminal,1116.33,False,False,2,,False
419815750,FRANSICAZIZINET1(99%,IND,india_mangalore_dec2025_jan2026,2025-12-14 10:00:00+00:00,2025-12-14 21:00:00+00:00,11.0,9,0.75,12.36,74.86222,4.849,ordinary,open_water,Jamnagar (Sikka) marine terminal,1245.2,False,False,2,,False
419826905,SH,IND,india_mangalore_dec2025_jan2026,2026-01-01 03:00:00+00:00,2026-01-01 14:00:00+00:00,11.0,4,0.333,12.925,74.815,0.776,ordinary,open_water,Jamnagar (Sikka) marine terminal,1186.4,False,False,2,,False
419902332,,IND,india_mangalore_dec2025_jan2026,2026-01-10 13:00:00+00:00,2026-01-11 00:00:00+00:00,11.0,11,0.917,13.33727,73.94454,2.776,ordinary,open_water,Jamnagar (Sikka) marine terminal,1105.24,False,False,2,,False
419902335,BIG BOSS III,IND,india_mangalore_dec2025_jan2026,2025-12-12 07:00:00+00:00,2025-12-12 18:00:00+00:00,11.0,12,1.0,13.19,73.94,0.0,ordinary,open_water,Jamnagar (Sikka) marine terminal,1120.11,False,False,2,,False
419905650,VINNARASI NET 1N 71%,IND,india_mangalore_dec2025_jan2026,2025-12-21 04:00:00+00:00,2025-12-21 15:00:00+00:00,11.0,7,0.583,13.68286,74.39285,4.775,ordinary,open_water,Jamnagar (Sikka) marine terminal,1090.61,False,False,2,,False
419912968,AL  AQSA,IND,india_mangalore_dec2025_jan2026,2025-12-14 08:00:00+00:00,2025-12-14 19:00:00+00:00,11.0,11,0.917,13.59091,73.8,1.011,ordinary,open_water,Jamnagar (Sikka) marine terminal,1073.16,False,False,2,,False
419950488,FATHIMA FAHIMA,IND,india_mangalore_dec2025_jan2026,2025-12-22 08:00:00+00:00,2025-12-22 19:00:00+00:00,11.0,9,0.75,12.85889,74.82889,1.381,ordinary,open_water,Jamnagar (Sikka) marine terminal,1193.65,False,False,2,,False
419950489,SHUBHAM,IND,india_mangalore_dec2025_jan2026,2025-12-12 12:00:00+00:00,2025-12-12 23:00:00+00:00,11.0,5,0.417,12.9,74.424,4.057,ordinary,open_water,Jamnagar (Sikka) marine terminal,1170.72,False,False,2,,False
419950513,ANR 4,IND,india_mangalore_dec2025_jan2026,2025-12-27 19:00:00+00:00,2025-12-28 06:00:00+00:00,11.0,4,0.333,12.96,74.74,1.553,ordinary,open_water,Jamnagar (Sikka) marine terminal,1179.32,False,False,2,,False
419950584,BAHRUNNOOR,IND,india_mangalore_dec2025_jan2026,2025-12-21 13:00:00+00:00,2025-12-22 00:00:00+00:00,11.0,6,0.5,13.52667,74.57333,2.348,ordinary,open_water,Jamnagar (Sikka) marine terminal,1114.85,False,False,2,,False
419950626,ZAID,IND,india_mangalore_dec2025_jan2026,2025-12-10 13:00:00+00:00,2025-12-11 00:00:00+00:00,11.0,12,1.0,12.80417,74.67167,4.288,ordinary,open_water,Jamnagar (Sikka) marine terminal,1191.71,False,False,2,,False
419950701,DOLPHIN 2,IND,india_mangalore_dec2025_jan2026,2025-12-04 13:00:00+00:00,2025-12-05 00:00:00+00:00,11.0,12,1.0,13.0575,74.6375,4.795,ordinary,open_water,Jamnagar (Sikka) marine terminal,1164.71,False,False,2,,False
419950701,DOLPHIN 2,IND,india_mangalore_dec2025_jan2026,2025-12-08 13:00:00+00:00,2025-12-09 00:00:00+00:00,11.0,9,0.75,13.23667,74.43444,1.915,ordinary,open_water,Jamnagar (Sikka) marine terminal,1137.24,False,False,2,,False
419950734,MORNIG STAR 5,IND,india_mangalore_dec2025_jan2026,2025-12-19 02:00:00+00:00,2025-12-19 13:00:00+00:00,11.0,6,0.5,12.98667,74.705,3.746,ordinary,open_water,Jamnagar (Sikka) marine terminal,1174.99,False,False,2,,False
419951330,MUBDI IV,IND,india_mangalore_dec2025_jan2026,2025-12-10 13:00:00+00:00,2025-12-11 00:00:00+00:00,11.0,11,0.917,12.80818,74.66364,2.69,ordinary,open_water,Jamnagar (Sikka) marine terminal,1190.93,False,False,2,,False
419951396,AL AMEEN,IND,india_mangalore_dec2025_jan2026,2025-12-19 14:00:00+00:00,2025-12-20 01:00:00+00:00,11.0,12,1.0,12.88,74.71,4.948,ordinary,open_water,Jamnagar (Sikka) marine terminal,1185.9,False,False,2,,False
419951415,GOLD STONE,IND,india_mangalore_dec2025_jan2026,2025-12-04 13:00:00+00:00,2025-12-05 00:00:00+00:00,11.0,12,1.0,13.28917,74.55917,4.904,ordinary,open_water,Jamnagar (Sikka) marine terminal,1137.83,False,False,2,,False
419951415,GOLD STONE,IND,india_mangalore_dec2025_jan2026,2025-12-18 14:00:00+00:00,2025-12-19 01:00:00+00:00,11.0,12,1.0,13.25583,74.6475,4.926,ordinary,open_water,Jamnagar (Sikka) marine terminal,1145.38,False,False,2,,False
419951499,NAMAN III,IND,india_mangalore_dec2025_jan2026,2025-12-23 10:00:00+00:00,2025-12-23 21:00:00+00:00,11.0,11,0.917,12.52,74.40728,0.79,ordinary,open_water,Jamnagar (Sikka) marine terminal,1208.56,False,False,2,,False
419956204,BLUE DAIMOND,IND,india_mangalore_dec2025_jan2026,2025-12-23 11:00:00+00:00,2025-12-23 22:00:00+00:00,11.0,10,0.833,12.72,74.22,0.0,ordinary,open_water,Jamnagar (Sikka) marine terminal,1180.08,False,False,2,,False
419956204,BLUE DAIMOND,IND,india_mangalore_dec2025_jan2026,2025-12-25 14:00:00+00:00,2025-12-26 01:00:00+00:00,11.0,10,0.833,13.033,73.991,3.236,ordinary,open_water,Jamnagar (Sikka) marine terminal,1138.35,False,False,2,,False
419956204,BLUE DAIMOND,IND,india_mangalore_dec2025_jan2026,2025-12-26 11:00:00+00:00,2025-12-26 22:00:00+00:00,11.0,10,0.833,13.02,74.093,2.152,ordinary,open_water,Jamnagar (Sikka) marine terminal,1144.0,False,False,2,,False
419957166,GANESH KRIPA,IND,india_mangalore_dec2025_jan2026,2025-12-27 15:00:00+00:00,2025-12-28 02:00:00+00:00,11.0,6,0.5,12.65333,74.49667,1.65,ordinary,open_water,Jamnagar (Sikka) marine terminal,1198.95,False,False,2,,False
419957166,GANESH KRIPA,IND,india_mangalore_dec2025_jan2026,2025-12-30 14:00:00+00:00,2025-12-31 01:00:00+00:00,11.0,12,1.0,12.89,74.615,0.542,ordinary,open_water,Jamnagar (Sikka) marine terminal,1180.45,False,False,2,,False
419957303,SHRI PANCHAMI,IND,india_mangalore_dec2025_jan2026,2025-12-20 09:00:00+00:00,2025-12-20 20:00:00+00:00,11.0,10,0.833,13.081,74.168,2.191,ordinary,open_water,Jamnagar (Sikka) marine terminal,1141.01,False,False,2,,False
419957303,SHRI PANCHAMI,IND,india_mangalore_dec2025_jan2026,2025-12-29 13:00:00+00:00,2025-12-30 00:00:00+00:00,11.0,10,0.833,13.183,74.522,1.903,ordinary,open_water,Jamnagar (Sikka) marine terminal,1146.71,False,False,2,,False
419957531,RASIL,IND,india_mangalore_dec2025_jan2026,2025-12-19 13:00:00+00:00,2025-12-20 00:00:00+00:00,11.0,12,1.0,13.17167,74.51,3.331,ordinary,open_water,Jamnagar (Sikka) marine terminal,1147.28,False,False,2,,False
419961974,ROYAL NET1(26%,IND,india_mangalore_dec2025_jan2026,2025-12-02 13:00:00+00:00,2025-12-03 00:00:00+00:00,11.0,8,0.667,12.1,74.49,4.885,ordinary,open_water,Jamnagar (Sikka) marine terminal,1255.0,False,False,2,,False
511101469,ANJANEYA,PLW,india_mangalore_dec2025_jan2026,2025-12-12 22:00:00+00:00,2025-12-13 09:00:00+00:00,11.0,12,1.0,12.96583,74.665,2.396,ordinary,open_water,Jamnagar (Sikka) marine terminal,1175.18,False,False,2,,False
518998204,BITUMEN STAR,COK,india_mangalore_dec2025_jan2026,2026-01-11 12:00:00+00:00,2026-01-11 23:00:00+00:00,11.0,12,1.0,12.92917,74.815,4.983,ordinary,open_water,Jamnagar (Sikka) marine terminal,1185.98,False,False,2,,False
636020440,MSC KANU F,LBR,india_mangalore_dec2025_jan2026,2026-01-06 08:00:00+00:00,2026-01-06 19:00:00+00:00,11.0,12,1.0,12.92917,74.80833,2.233,ordinary,open_water,Jamnagar (Sikka) marine terminal,1185.66,False,False,2,,False
636025338,PAFSANIAS,LBR,india_mangalore_dec2025_jan2026,2025-12-01 00:00:00+00:00,2025-12-01 11:00:00+00:00,11.0,12,1.0,12.92917,74.80666,4.103,ordinary,open_water,Jamnagar (Sikka) marine terminal,1185.58,False,False,2,,False
219638000,TORM DIWATA,DNK,india_mangalore_dec2025_jan2026,2025-12-20 20:00:00+00:00,2025-12-21 06:00:00+00:00,10.0,11,1.0,12.95,74.64,0.0,ordinary,open_water,Jamnagar (Sikka) marine terminal,1175.6,False,False,2,,False
311050600,SEVEN SEAS NAVIGATOR,BHS,india_mangalore_dec2025_jan2026,2025-12-22 01:00:00+00:00,2025-12-22 11:00:00+00:00,10.0,11,1.0,12.92909,74.81545,3.973,ordinary,open_water,Jamnagar (Sikka) marine terminal,1186.01,False,False,2,,False
351517000,VALIANT,PAN,india_mangalore_dec2025_jan2026,2025-12-15 09:00:00+00:00,2025-12-15 19:00:00+00:00,10.0,11,1.0,12.94727,74.65637,4.973,ordinary,open_water,Jamnagar (Sikka) marine terminal,1176.64,False,False,2,,False
352005370,SEA BRIGHT,PAN,india_mangalore_dec2025_jan2026,2026-01-12 07:00:00+00:00,2026-01-12 17:00:00+00:00,10.0,11,1.0,12.95,74.73,0.0,ordinary,open_water,Jamnagar (Sikka) marine terminal,1179.84,False,False,2,,False
419001654,KAVIRAJ,IND,india_mangalore_dec2025_jan2026,2025-12-08 17:00:00+00:00,2025-12-09 03:00:00+00:00,10.0,11,1.0,12.93,74.82,0.0,ordinary,open_water,Jamnagar (Sikka) marine terminal,1186.14,False,False,2,,False
419001746,SARATHI,IND,india_mangalore_dec2025_jan2026,2025-12-05 18:00:00+00:00,2025-12-06 04:00:00+00:00,10.0,11,1.0,12.93545,74.81273,4.94,ordinary,open_water,Jamnagar (Sikka) marine terminal,1185.25,False,False,2,,False
419001746,SARATHI,IND,india_mangalore_dec2025_jan2026,2026-01-09 11:00:00+00:00,2026-01-09 21:00:00+00:00,10.0,11,1.0,12.92909,74.80364,4.836,ordinary,open_water,Jamnagar (Sikka) marine terminal,1185.44,False,False,2,,False
419008930,,IND,india_mangalore_dec2025_jan2026,2025-12-19 12:00:00+00:00,2025-12-19 22:00:00+00:00,10.0,11,1.0,12.83636,74.69454,3.377,ordinary,open_water,Jamnagar (Sikka) marine terminal,1189.55,False,False,2,,False
419012060,RENJITH NET 1_87%,IND,india_mangalore_dec2025_jan2026,2025-12-12 12:00:00+00:00,2025-12-12 22:00:00+00:00,10.0,10,0.909,12.317,74.914,4.991,ordinary,open_water,Jamnagar (Sikka) marine terminal,1251.92,False,False,2,,False
419050311,JEHOVANISSI NET 199%,IND,india_mangalore_dec2025_jan2026,2026-01-07 08:00:00+00:00,2026-01-07 18:00:00+00:00,10.0,8,0.727,13.2375,74.57625,4.743,ordinary,open_water,Jamnagar (Sikka) marine terminal,1143.81,False,False,2,,False
419050311,JEHOVANISSI NET 199%,IND,india_mangalore_dec2025_jan2026,2026-01-13 13:00:00+00:00,2026-01-13 23:00:00+00:00,10.0,11,1.0,13.22818,74.56455,4.687,ordinary,open_water,Jamnagar (Sikka) marine terminal,1144.19,False,False,2,,False
419058812,OMEGA NET 1_99%,IND,india_mangalore_dec2025_jan2026,2025-12-10 10:00:00+00:00,2025-12-10 20:00:00+00:00,10.0,4,0.364,13.2925,74.5,3.058,ordinary,open_water,Jamnagar (Sikka) marine terminal,1134.7,False,False,2,,False
419060955,DEVAMATHA NET6_99%,IND,india_mangalore_dec2025_jan2026,2025-12-09 11:00:00+00:00,2025-12-09 21:00:00+00:00,10.0,9,0.818,13.61667,74.37889,3.829,ordinary,open_water,Jamnagar (Sikka) marine terminal,1096.56,False,False,2,,False
419070067,ROSA MYSTICA 1_84%,IND,india_mangalore_dec2025_jan2026,2025-12-18 13:00:00+00:00,2025-12-18 23:00:00+00:00,10.0,11,1.0,12.51545,74.84,4.412,ordinary,open_water,Jamnagar (Sikka) marine terminal,1228.55,False,False,2,,False
419070067,ROSA MYSTICA 1_84%,IND,india_mangalore_dec2025_jan2026,2025-12-20 00:00:00+00:00,2025-12-20 10:00:00+00:00,10.0,10,0.909,12.643,74.734,3.468,ordinary,open_water,Jamnagar (Sikka) marine terminal,1210.8,False,False,2,,False
419070067,ROSA MYSTICA 1_84%,IND,india_mangalore_dec2025_jan2026,2025-12-20 11:00:00+00:00,2025-12-20 21:00:00+00:00,10.0,11,1.0,12.65182,74.79091,4.798,ordinary,open_water,Jamnagar (Sikka) marine terminal,1212.57,False,False,2,,False
419075979,ALLELUIA NET2_99%,IND,india_mangalore_dec2025_jan2026,2025-12-16 11:00:00+00:00,2025-12-16 21:00:00+00:00,10.0,11,1.0,13.41455,74.41455,3.15,ordinary,open_water,Jamnagar (Sikka) marine terminal,1118.46,False,False,2,,False
419076243,ALPHA NET-1_61%,IND,india_mangalore_dec2025_jan2026,2025-12-11 10:00:00+00:00,2025-12-11 20:00:00+00:00,10.0,11,1.0,13.22818,74.52545,4.687,ordinary,open_water,Jamnagar (Sikka) marine terminal,1142.34,False,False,2,,False
419076990,NEHEMIAH NET-4_96%,IND,india_mangalore_dec2025_jan2026,2025-12-12 08:00:00+00:00,2025-12-12 18:00:00+00:00,10.0,11,1.0,12.76182,73.91727,4.851,ordinary,open_water,Jamnagar (Sikka) marine terminal,1163.2,False,False,2,,False
419077167,ALPHA NET-2_91%,IND,india_mangalore_dec2025_jan2026,2025-12-10 11:00:00+00:00,2025-12-10 21:00:00+00:00,10.0,11,1.0,13.20909,74.50455,4.575,ordinary,open_water,Jamnagar (Sikka) marine terminal,1143.28,False,False,2,,False
419080338,THEVALAYAM NET 1_99%,IND,india_mangalore_dec2025_jan2026,2026-01-06 14:00:00+00:00,2026-01-07 00:00:00+00:00,10.0,8,0.727,12.04625,74.9825,4.962,ordinary,open_water,Jamnagar (Sikka) marine terminal,1282.33,False,False,2,,False
419080986,SHALOOM NET 3-99%,IND,india_mangalore_dec2025_jan2026,2025-12-15 11:00:00+00:00,2025-12-15 21:00:00+00:00,10.0,8,0.727,13.42125,74.5675,1.491,ordinary,open_water,Jamnagar (Sikka) marine terminal,1125.06,False,False,2,,False
419080986,SHALOOM NET 3-99%,IND,india_mangalore_dec2025_jan2026,2025-12-16 10:00:00+00:00,2025-12-16 20:00:00+00:00,10.0,11,1.0,13.39727,74.37818,2.115,ordinary,open_water,Jamnagar (Sikka) marine terminal,1118.5,False,False,2,,False
419080986,SHALOOM NET 3-99%,IND,india_mangalore_dec2025_jan2026,2026-01-10 13:00:00+00:00,2026-01-10 23:00:00+00:00,10.0,11,1.0,13.48182,74.49909,4.096,ordinary,open_water,Jamnagar (Sikka) marine terminal,1115.74,False,False,2,,False
419081064,GAGULTHA NET-699%,IND,india_mangalore_dec2025_jan2026,2025-12-02 11:00:00+00:00,2025-12-02 21:00:00+00:00,10.0,11,1.0,12.23,74.35091,4.596,ordinary,open_water,Jamnagar (Sikka) marine terminal,1235.79,False,False,2,,False
419081064,GAGULTHA NET-699%,IND,india_mangalore_dec2025_jan2026,2026-01-10 10:00:00+00:00,2026-01-10 20:00:00+00:00,10.0,11,1.0,12.10909,73.87909,4.561,ordinary,open_water,Jamnagar (Sikka) marine terminal,1229.39,False,False,2,,False
419081116,SHALOOM NET 1-99%,IND,india_mangalore_dec2025_jan2026,2025-12-16 10:00:00+00:00,2025-12-16 20:00:00+00:00,10.0,11,1.0,13.41364,74.37545,2.694,ordinary,open_water,Jamnagar (Sikka) marine terminal,1116.73,False,False,2,,False
419081236,ANBU MATHA-1_94%,IND,india_mangalore_dec2025_jan2026,2026-01-11 19:00:00+00:00,2026-01-12 05:00:00+00:00,10.0,9,0.818,12.52556,74.04111,4.232,ordinary,open_water,Jamnagar (Sikka) marine terminal,1192.59,False,False,2,,False
419081327,MANIKYA NET 1-94%,IND,india_mangalore_dec2025_jan2026,2025-12-18 09:00:00+00:00,2025-12-18 19:00:00+00:00,10.0,11,1.0,13.67,74.52818,0.884,ordinary,open_water,Jamnagar (Sikka) marine terminal,1098.42,False,False,2,,False
419087652,SELVAMATHA NET-2_85%,IND,india_mangalore_dec2025_jan2026,2025-12-16 04:00:00+00:00,2025-12-16 14:00:00+00:00,10.0,6,0.545,12.28,74.93,2.475,ordinary,open_water,Jamnagar (Sikka) marine terminal,1256.39,False,False,2,,False
419090454,MARIYAVALGA NET3_89%,IND,india_mangalore_dec2025_jan2026,2025-12-13 00:00:00+00:00,2025-12-13 10:00:00+00:00,10.0,7,0.636,13.32571,74.55143,2.863,ordinary,open_water,Jamnagar (Sikka) marine terminal,1133.82,False,False,2,,False
419090454,MARIYAVALGA NET3_89%,IND,india_mangalore_dec2025_jan2026,2025-12-14 00:00:00+00:00,2025-12-14 10:00:00+00:00,10.0,10,0.909,13.316,74.547,3.421,ordinary,open_water,Jamnagar (Sikka) marine terminal,1134.57,False,False,2,,False
419090456,MARIYAVALGA NET1_99%,IND,india_mangalore_dec2025_jan2026,2025-12-11 23:00:00+00:00,2025-12-12 09:00:00+00:00,10.0,9,0.818,13.37,74.55222,0.841,ordinary,open_water,Jamnagar (Sikka) marine terminal,1129.43,False,False,2,,False
419090456,MARIYAVALGA NET1_99%,IND,india_mangalore_dec2025_jan2026,2025-12-20 09:00:00+00:00,2025-12-20 19:00:00+00:00,10.0,10,0.909,13.251,74.529,4.445,ordinary,open_water,Jamnagar (Sikka) marine terminal,1140.22,False,False,2,,False
419107706,DHEVAMAHATHVAM BOAT,IND,india_mangalore_dec2025_jan2026,2025-12-20 01:00:00+00:00,2025-12-20 11:00:00+00:00,10.0,4,0.364,13.1675,74.6,4.699,ordinary,open_water,Jamnagar (Sikka) marine terminal,1151.93,False,False,2,,False
419120725,DORNIKA NET1_99%,IND,india_mangalore_dec2025_jan2026,2025-12-11 23:00:00+00:00,2025-12-12 09:00:00+00:00,10.0,10,0.909,13.435,74.57,1.668,ordinary,open_water,Jamnagar (Sikka) marine terminal,1123.81,False,False,2,,False
419120725,DORNIKA NET1_99%,IND,india_mangalore_dec2025_jan2026,2025-12-16 10:00:00+00:00,2025-12-16 20:00:00+00:00,10.0,11,1.0,13.33273,74.38636,4.929,ordinary,open_water,Jamnagar (Sikka) marine terminal,1125.36,False,False,2,,False
419120727,MOTHER NET3_84%,IND,india_mangalore_dec2025_jan2026,2025-12-11 00:00:00+00:00,2025-12-11 10:00:00+00:00,10.0,10,0.909,13.338,74.581,4.227,ordinary,open_water,Jamnagar (Sikka) marine terminal,1134.0,False,False,2,,False
419120727,MOTHER NET3_84%,IND,india_mangalore_dec2025_jan2026,2025-12-11 11:00:00+00:00,2025-12-11 21:00:00+00:00,10.0,11,1.0,13.27,74.59909,3.337,ordinary,open_water,Jamnagar (Sikka) marine terminal,1141.65,False,False,2,,False
419120727,MOTHER NET3_84%,IND,india_mangalore_dec2025_jan2026,2025-12-13 00:00:00+00:00,2025-12-13 10:00:00+00:00,10.0,11,1.0,13.31,74.58,1.112,ordinary,open_water,Jamnagar (Sikka) marine terminal,1136.75,False,False,2,,False
419160903,SELVAMATHA 3-93%,IND,india_mangalore_dec2025_jan2026,2025-12-15 07:00:00+00:00,2025-12-15 17:00:00+00:00,10.0,10,0.909,13.113,74.597,3.522,ordinary,open_water,Jamnagar (Sikka) marine terminal,1157.24,False,False,2,,False
419180305,AACHARIYAMATHA 5_94%,IND,india_mangalore_dec2025_jan2026,2025-12-13 07:00:00+00:00,2025-12-13 17:00:00+00:00,10.0,11,1.0,12.48818,73.94909,4.888,ordinary,open_water,Jamnagar (Sikka) marine terminal,1192.75,False,False,2,,False
419181024,FR NET BUOY 1_99%,IND,india_mangalore_dec2025_jan2026,2025-12-06 15:00:00+00:00,2025-12-07 01:00:00+00:00,10.0,9,0.818,12.33222,74.65,4.819,ordinary,open_water,Jamnagar (Sikka) marine terminal,1238.34,False,False,2,,False
419181024,FR NET BUOY 1_99%,IND,india_mangalore_dec2025_jan2026,2025-12-07 11:00:00+00:00,2025-12-07 21:00:00+00:00,10.0,11,1.0,12.22727,75.02,3.033,ordinary,open_water,Jamnagar (Sikka) marine terminal,1265.89,False,False,2,,False
419199014,ANNAI ALWIN NET2_99%,IND,india_mangalore_dec2025_jan2026,2025-12-19 13:00:00+00:00,2025-12-19 23:00:00+00:00,10.0,11,1.0,13.05818,74.41364,2.136,ordinary,open_water,Jamnagar (Sikka) marine terminal,1154.27,False,False,2,,False
419232507,FYING DUCHMAN 2_99%,IND,india_mangalore_dec2025_jan2026,2025-12-01 11:00:00+00:00,2025-12-01 21:00:00+00:00,10.0,11,1.0,12.95182,73.93091,1.768,ordinary,open_water,Jamnagar (Sikka) marine terminal,1144.18,False,False,2,,False
419250309,GAGULTHA NET3_99%,IND,india_mangalore_dec2025_jan2026,2025-12-01 09:00:00+00:00,2025-12-01 19:00:00+00:00,10.0,5,0.455,12.346,74.048,3.582,ordinary,open_water,Jamnagar (Sikka) marine terminal,1211.4,False,False,2,,False
419250310,GAGULTHA NET4_53%,IND,india_mangalore_dec2025_jan2026,2026-01-10 09:00:00+00:00,2026-01-10 19:00:00+00:00,10.0,10,0.909,12.109,73.9,4.463,ordinary,open_water,Jamnagar (Sikka) marine terminal,1230.2,False,False,2,,False
419250767,PRAISETHELORDNET199%,IND,india_mangalore_dec2025_jan2026,2025-12-08 12:00:00+00:00,2025-12-08 22:00:00+00:00,10.0,11,1.0,13.20091,74.52182,3.961,ordinary,open_water,Jamnagar (Sikka) marine terminal,1144.9,False,False,2,,False
419251136,CHRIST NET1_99%,IND,india_mangalore_dec2025_jan2026,2025-12-19 11:00:00+00:00,2025-12-19 21:00:00+00:00,10.0,11,1.0,12.52545,74.79637,3.962,ordinary,open_water,Jamnagar (Sikka) marine terminal,1225.51,False,False,2,,False
419299502,MAHATHUVAM NET6_91%,IND,india_mangalore_dec2025_jan2026,2025-12-12 06:00:00+00:00,2025-12-12 16:00:00+00:00,10.0,11,1.0,12.91818,73.83727,4.716,ordinary,open_water,Jamnagar (Sikka) marine terminal,1143.84,False,False,2,,False
419305651,KARUNYA NET4  100%,IND,india_mangalore_dec2025_jan2026,2025-12-13 08:00:00+00:00,2025-12-13 18:00:00+00:00,10.0,8,0.727,12.6875,73.92125,4.286,ordinary,open_water,Jamnagar (Sikka) marine terminal,1171.03,False,False,2,,False
419305651,KARUNYA NET4  100%,IND,india_mangalore_dec2025_jan2026,2025-12-19 12:00:00+00:00,2025-12-19 22:00:00+00:00,10.0,6,0.545,13.45167,74.39833,2.229,ordinary,open_water,Jamnagar (Sikka) marine terminal,1113.98,False,False,2,,False
419310116,RANGA  NET3_99%,IND,india_mangalore_dec2025_jan2026,2025-12-10 12:00:00+00:00,2025-12-10 22:00:00+00:00,10.0,11,1.0,13.18545,74.59,3.841,ordinary,open_water,Jamnagar (Sikka) marine terminal,1149.66,False,False,2,,False
419310116,RANGA  NET3_99%,IND,india_mangalore_dec2025_jan2026,2025-12-11 08:00:00+00:00,2025-12-11 18:00:00+00:00,10.0,10,0.909,13.608,74.467,2.561,ordinary,open_water,Jamnagar (Sikka) marine terminal,1101.62,False,False,2,,False
419310116,RANGA  NET3_99%,IND,india_mangalore_dec2025_jan2026,2025-12-12 12:00:00+00:00,2025-12-12 22:00:00+00:00,10.0,6,0.545,13.52333,74.50834,2.971,ordinary,open_water,Jamnagar (Sikka) marine terminal,1112.04,False,False,2,,False
419312186,SHALOM NET2  100%,IND,india_mangalore_dec2025_jan2026,2025-12-12 12:00:00+00:00,2025-12-12 22:00:00+00:00,10.0,7,0.636,12.03857,75.05,4.809,ordinary,open_water,Jamnagar (Sikka) marine terminal,1286.23,False,False,2,,False
419322000,SAMUDRA SHAUDHIKAMA,IND,india_mangalore_dec2025_jan2026,2025-12-22 12:00:00+00:00,2025-12-22 22:00:00+00:00,10.0,11,1.0,13.04636,74.72546,2.99,ordinary,open_water,Jamnagar (Sikka) marine terminal,1170.0,False,False,2,,False
419322000,SAMUDRA SHAUDHIKAMA,IND,india_mangalore_dec2025_jan2026,2026-01-07 23:00:00+00:00,2026-01-08 09:00:00+00:00,10.0,3,0.273,12.34333,74.71,4.591,ordinary,open_water,Jamnagar (Sikka) marine terminal,1239.91,False,False,2,,False
419333529,PRASKASHMATHA NET1,IND,india_mangalore_dec2025_jan2026,2025-12-02 12:00:00+00:00,2025-12-02 22:00:00+00:00,10.0,8,0.727,12.055,74.48125,4.184,ordinary,open_water,Jamnagar (Sikka) marine terminal,1259.23,False,False,2,,False
419333529,PRASKASHMATHA NET1,IND,india_mangalore_dec2025_jan2026,2025-12-18 10:00:00+00:00,2025-12-18 20:00:00+00:00,10.0,11,1.0,12.13364,75.06455,4.1,ordinary,open_water,Jamnagar (Sikka) marine terminal,1277.37,False,False,2,,False
419336541,CHRISTTHEKING NET-3,IND,india_mangalore_dec2025_jan2026,2026-01-10 09:00:00+00:00,2026-01-10 19:00:00+00:00,10.0,8,0.727,12.03875,73.81875,2.315,ordinary,open_water,Jamnagar (Sikka) marine terminal,1234.46,False,False,2,,False
419338473,KOTTARAM NET 1  74%,IND,india_mangalore_dec2025_jan2026,2025-12-12 12:00:00+00:00,2025-12-12 22:00:00+00:00,10.0,10,0.909,12.133,75.006,4.467,ordinary,open_water,Jamnagar (Sikka) marine terminal,1274.7,False,False,2,,False
419345249,JERO 3NET99%,IND,india_mangalore_dec2025_jan2026,2025-12-13 04:00:00+00:00,2025-12-13 14:00:00+00:00,10.0,10,0.909,12.783,73.835,3.305,ordinary,open_water,Jamnagar (Sikka) marine terminal,1157.71,False,False,2,,False
419345253,THANNAM NET199%,IND,india_mangalore_dec2025_jan2026,2025-12-11 11:00:00+00:00,2025-12-11 21:00:00+00:00,10.0,8,0.727,13.4625,74.47875,4.276,ordinary,open_water,Jamnagar (Sikka) marine terminal,1116.7,False,False,2,,False
419345253,THANNAM NET199%,IND,india_mangalore_dec2025_jan2026,2025-12-15 10:00:00+00:00,2025-12-15 20:00:00+00:00,10.0,7,0.636,13.13714,74.66,0.794,ordinary,open_water,Jamnagar (Sikka) marine terminal,1157.82,False,False,2,,False
419446014,HARSHA_NET_3-77%,IND,india_mangalore_dec2025_jan2026,2025-12-10 11:00:00+00:00,2025-12-10 21:00:00+00:00,10.0,7,0.636,12.71857,73.98714,4.968,ordinary,open_water,Jamnagar (Sikka) marine terminal,1170.5,False,False,2,,False
419500303,MALABAR NET1  100%,IND,india_mangalore_dec2025_jan2026,2025-12-14 11:00:00+00:00,2025-12-14 21:00:00+00:00,10.0,7,0.636,12.22714,74.97857,4.741,ordinary,open_water,Jamnagar (Sikka) marine terminal,1263.96,False,False,2,,False
419506186,ST FRANCIS,IND,india_mangalore_dec2025_jan2026,2025-12-18 16:00:00+00:00,2025-12-19 02:00:00+00:00,10.0,6,0.545,13.26667,74.59166,3.916,ordinary,open_water,Jamnagar (Sikka) marine terminal,1141.63,False,False,2,,False
419506211,SINAN INDTN15MM6751,IND,india_mangalore_dec2025_jan2026,2025-12-18 11:00:00+00:00,2025-12-18 21:00:00+00:00,10.0,11,1.0,12.37545,74.78546,4.72,ordinary,open_water,Jamnagar (Sikka) marine terminal,1240.1,False,False,2,,False
419519365,BETHLAHEM NET1  58%,IND,india_mangalore_dec2025_jan2026,2025-12-18 11:00:00+00:00,2025-12-18 21:00:00+00:00,10.0,10,0.909,12.514,74.812,4.969,ordinary,open_water,Jamnagar (Sikka) marine terminal,1227.39,False,False,2,,False
419519415,NET VINCENT D PAUL-1,IND,india_mangalore_dec2025_jan2026,2026-01-10 10:00:00+00:00,2026-01-10 20:00:00+00:00,10.0,11,1.0,12.22909,74.96545,3.825,ordinary,open_water,Jamnagar (Sikka) marine terminal,1263.15,False,False,2,,False
419521210,OMIGA NET-2  100%,IND,india_mangalore_dec2025_jan2026,2026-01-10 13:00:00+00:00,2026-01-10 23:00:00+00:00,10.0,7,0.636,13.55286,74.49286,4.202,ordinary,open_water,Jamnagar (Sikka) marine terminal,1108.36,False,False,2,,False
419522061,VINAGATHAI NET-1_,IND,india_mangalore_dec2025_jan2026,2026-01-11 00:00:00+00:00,2026-01-11 10:00:00+00:00,10.0,6,0.545,12.685,74.76833,2.923,ordinary,open_water,Jamnagar (Sikka) marine terminal,1208.18,False,False,2,,False
419522162,BETHEL NET-3  48%,IND,india_mangalore_dec2025_jan2026,2025-12-17 13:00:00+00:00,2025-12-17 23:00:00+00:00,10.0,5,0.455,13.182,74.61,0.89,ordinary,open_water,Jamnagar (Sikka) marine terminal,1150.96,False,False,2,,False
419522674,MINNALANNAI-1_35%,IND,india_mangalore_dec2025_jan2026,2025-12-10 10:00:00+00:00,2025-12-10 20:00:00+00:00,10.0,11,1.0,13.44636,74.43818,3.843,ordinary,open_water,Jamnagar (Sikka) marine terminal,1116.39,False,False,2,,False
419522674,MINNALANNAI-1_35%,IND,india_mangalore_dec2025_jan2026,2025-12-11 20:00:00+00:00,2025-12-12 06:00:00+00:00,10.0,6,0.545,13.54167,74.44167,3.635,ordinary,open_water,Jamnagar (Sikka) marine terminal,1107.03,False,False,2,,False
419522674,MINNALANNAI-1_35%,IND,india_mangalore_dec2025_jan2026,2026-01-07 10:00:00+00:00,2026-01-07 20:00:00+00:00,10.0,11,1.0,13.10182,74.60545,2.476,ordinary,open_water,Jamnagar (Sikka) marine terminal,1158.76,False,False,2,,False
419576361,BIBLE NET 1-95%,IND,india_mangalore_dec2025_jan2026,2025-12-18 13:00:00+00:00,2025-12-18 23:00:00+00:00,10.0,11,1.0,12.38909,74.78727,4.418,ordinary,open_water,Jamnagar (Sikka) marine terminal,1238.81,False,False,2,,False
419681983,,IND,india_mangalore_dec2025_jan2026,2025-12-10 10:00:00+00:00,2025-12-10 20:00:00+00:00,10.0,10,0.909,12.689,74.056,3.508,ordinary,open_water,Jamnagar (Sikka) marine terminal,1176.37,False,False,2,,False
419711121,DEVANNAI NET199%,IND,india_mangalore_dec2025_jan2026,2025-12-14 05:00:00+00:00,2025-12-14 15:00:00+00:00,10.0,6,0.545,13.095,74.66333,4.64,ordinary,open_water,Jamnagar (Sikka) marine terminal,1162.18,False,False,2,,False
419711124,DEVAANNAI NET4(99%,IND,india_mangalore_dec2025_jan2026,2025-12-13 17:00:00+00:00,2025-12-14 03:00:00+00:00,10.0,11,1.0,13.06727,74.55364,3.927,ordinary,open_water,Jamnagar (Sikka) marine terminal,1159.8,False,False,2,,False
419731213,AUSTIN NETBUOY 2_37%,IND,india_mangalore_dec2025_jan2026,2025-12-05 00:00:00+00:00,2025-12-05 10:00:00+00:00,10.0,5,0.455,12.502,73.842,4.68,ordinary,open_water,Jamnagar (Sikka) marine terminal,1187.11,False,False,2,,False
419731213,AUSTIN NETBUOY 2_37%,IND,india_mangalore_dec2025_jan2026,2025-12-08 03:00:00+00:00,2025-12-08 13:00:00+00:00,10.0,8,0.727,12.70375,73.94375,4.784,ordinary,open_water,Jamnagar (Sikka) marine terminal,1170.26,False,False,2,,False
419731364,ALLELUYA NET 3_99%,IND,india_mangalore_dec2025_jan2026,2025-12-13 11:00:00+00:00,2025-12-13 21:00:00+00:00,10.0,11,1.0,13.09727,74.66,1.351,ordinary,open_water,Jamnagar (Sikka) marine terminal,1161.8,False,False,2,,False
419731370,ALLELUYA NET 1_99%,IND,india_mangalore_dec2025_jan2026,2025-12-17 13:00:00+00:00,2025-12-17 23:00:00+00:00,10.0,11,1.0,13.37182,74.52,1.314,ordinary,open_water,Jamnagar (Sikka) marine terminal,1127.72,False,False,2,,False
419740068,SEPPNIYA NET 2_90%,IND,india_mangalore_dec2025_jan2026,2025-12-10 10:00:00+00:00,2025-12-10 20:00:00+00:00,10.0,11,1.0,13.38182,74.50273,4.318,ordinary,open_water,Jamnagar (Sikka) marine terminal,1125.9,False,False,2,,False
419740164,MAHATHUVAM NET 4_99%,IND,india_mangalore_dec2025_jan2026,2025-12-13 04:00:00+00:00,2025-12-13 14:00:00+00:00,10.0,11,1.0,12.89909,73.83273,3.738,ordinary,open_water,Jamnagar (Sikka) marine terminal,1145.63,False,False,2,,False
419740165,MAHATHUVAM NET 5_81%,IND,india_mangalore_dec2025_jan2026,2025-12-13 04:00:00+00:00,2025-12-13 14:00:00+00:00,10.0,11,1.0,12.89818,73.83454,3.873,ordinary,open_water,Jamnagar (Sikka) marine terminal,1145.79,False,False,2,,False
419740261,PAYANAMATHA NET2_83%,IND,india_mangalore_dec2025_jan2026,2025-12-11 07:00:00+00:00,2025-12-11 17:00:00+00:00,10.0,8,0.727,12.08875,74.99625,4.497,ordinary,open_water,Jamnagar (Sikka) marine terminal,1278.69,False,False,2,,False
419740308,PRAMMA NET 1_99%,IND,india_mangalore_dec2025_jan2026,2025-12-16 10:00:00+00:00,2025-12-16 20:00:00+00:00,10.0,9,0.818,13.66,74.54,1.112,ordinary,open_water,Jamnagar (Sikka) marine terminal,1099.99,False,False,2,,False
419740308,PRAMMA NET 1_99%,IND,india_mangalore_dec2025_jan2026,2025-12-17 09:00:00+00:00,2025-12-17 19:00:00+00:00,10.0,11,1.0,13.65091,74.55636,2.036,ordinary,open_water,Jamnagar (Sikka) marine terminal,1101.69,False,False,2,,False
419740312,THAANAM NET 3_99%,IND,india_mangalore_dec2025_jan2026,2025-12-11 10:00:00+00:00,2025-12-11 20:00:00+00:00,10.0,11,1.0,13.42091,74.5,3.603,ordinary,open_water,Jamnagar (Sikka) marine terminal,1121.86,False,False,2,,False
419740325,ESHOMARIYAM NET1_99%,IND,india_mangalore_dec2025_jan2026,2025-12-04 12:00:00+00:00,2025-12-04 22:00:00+00:00,10.0,11,1.0,12.02273,74.5,2.595,ordinary,open_water,Jamnagar (Sikka) marine terminal,1263.33,False,False,2,,False
419776438,THIRUPADAL NET 2_98%,IND,india_mangalore_dec2025_jan2026,2025-12-15 10:00:00+00:00,2025-12-15 20:00:00+00:00,10.0,6,0.545,13.21667,74.48,2.595,ordinary,open_water,Jamnagar (Sikka) marine terminal,1141.37,False,False,2,,False
419783897,MAJUMATHA NET2(99%,IND,india_mangalore_dec2025_jan2026,2025-12-12 13:00:00+00:00,2025-12-12 23:00:00+00:00,10.0,6,0.545,13.365,74.6,1.668,ordinary,open_water,Jamnagar (Sikka) marine terminal,1132.22,False,False,2,,False
419789305,ROSARIO NET188%,IND,india_mangalore_dec2025_jan2026,2025-12-14 13:00:00+00:00,2025-12-14 23:00:00+00:00,10.0,9,0.818,12.17778,75.00778,3.921,ordinary,open_water,Jamnagar (Sikka) marine terminal,1270.28,False,False,2,,False
419815750,FRANSICAZIZINET1(99%,IND,india_mangalore_dec2025_jan2026,2026-01-10 11:00:00+00:00,2026-01-10 21:00:00+00:00,10.0,11,1.0,12.29182,74.95273,3.99,ordinary,open_water,Jamnagar (Sikka) marine terminal,1256.26,False,False,2,,False
419821072,8KUDI MURUGAN BOAT,IND,india_mangalore_dec2025_jan2026,2025-12-23 06:00:00+00:00,2025-12-23 16:00:00+00:00,10.0,8,0.727,12.62375,74.35625,4.898,ordinary,open_water,Jamnagar (Sikka) marine terminal,1195.77,False,False,2,,False
419826092,ROSA MISTICA,IND,india_mangalore_dec2025_jan2026,2025-12-20 10:00:00+00:00,2025-12-20 20:00:00+00:00,10.0,6,0.545,12.61,74.79667,4.677,ordinary,open_water,Jamnagar (Sikka) marine terminal,1217.03,False,False,2,,False
419826092,ROSA MISTICA,IND,india_mangalore_dec2025_jan2026,2025-12-21 02:00:00+00:00,2025-12-21 12:00:00+00:00,10.0,11,1.0,12.62182,74.77182,3.904,ordinary,open_water,Jamnagar (Sikka) marine terminal,1214.69,False,False,2,,False
419853272,RESHNU_NET_1-61%,IND,india_mangalore_dec2025_jan2026,2026-01-05 14:00:00+00:00,2026-01-06 00:00:00+00:00,10.0,8,0.727,13.29625,74.035,4.855,ordinary,open_water,Jamnagar (Sikka) marine terminal,1113.31,False,False,2,,False
419901998,DEVAMATHA NET 7-90%,IND,india_mangalore_dec2025_jan2026,2025-12-09 11:00:00+00:00,2025-12-09 21:00:00+00:00,10.0,8,0.727,13.6425,74.37125,4.343,ordinary,open_water,Jamnagar (Sikka) marine terminal,1093.61,False,False,2,,False
419902386,,IND,india_mangalore_dec2025_jan2026,2025-12-24 16:00:00+00:00,2025-12-25 02:00:00+00:00,10.0,5,0.455,12.74,74.306,3.399,ordinary,open_water,Jamnagar (Sikka) marine terminal,1181.75,False,False,2,,False
419902422,SHALOM,IND,india_mangalore_dec2025_jan2026,2026-01-06 10:00:00+00:00,2026-01-06 20:00:00+00:00,10.0,10,0.909,12.934,74.238,2.476,ordinary,open_water,Jamnagar (Sikka) marine terminal,1159.03,False,False,2,,False
419902450,,IND,india_mangalore_dec2025_jan2026,2025-12-17 13:00:00+00:00,2025-12-17 23:00:00+00:00,10.0,5,0.455,13.056,74.248,2.495,ordinary,open_water,Jamnagar (Sikka) marine terminal,1147.06,False,False,2,,False
419912968,AL  AQSA,IND,india_mangalore_dec2025_jan2026,2025-12-25 13:00:00+00:00,2025-12-25 23:00:00+00:00,10.0,11,1.0,12.3,74.69909,0.987,ordinary,open_water,Jamnagar (Sikka) marine terminal,1243.81,False,False,2,,False
419950286,RUDRA PRAYAG,IND,india_mangalore_dec2025_jan2026,2025-12-04 13:00:00+00:00,2025-12-04 23:00:00+00:00,10.0,11,1.0,13.05,74.63,0.0,ordinary,open_water,Jamnagar (Sikka) marine terminal,1165.11,False,False,2,,False
419950286,RUDRA PRAYAG,IND,india_mangalore_dec2025_jan2026,2026-01-12 14:00:00+00:00,2026-01-13 00:00:00+00:00,10.0,9,0.818,12.66,74.78111,3.547,ordinary,open_water,Jamnagar (Sikka) marine terminal,1211.29,False,False,2,,False
419950333,SHAMBAVI PRASAD.,IND,india_mangalore_dec2025_jan2026,2025-12-04 01:00:00+00:00,2025-12-04 11:00:00+00:00,10.0,4,0.364,12.0775,74.9475,4.035,ordinary,open_water,Jamnagar (Sikka) marine terminal,1277.57,False,False,2,,False
419950351,SHRESHTA,IND,india_mangalore_dec2025_jan2026,2025-12-19 05:00:00+00:00,2025-12-19 15:00:00+00:00,10.0,6,0.545,12.17167,74.48,3.828,ordinary,open_water,Jamnagar (Sikka) marine terminal,1247.24,False,False,2,,False
419950382,AK FISHERIES,IND,india_mangalore_dec2025_jan2026,2025-12-09 14:00:00+00:00,2025-12-10 00:00:00+00:00,10.0,7,0.636,12.99,74.48143,0.928,ordinary,open_water,Jamnagar (Sikka) marine terminal,1164.23,False,False,2,,False
419950450,AL`MUQEET,IND,india_mangalore_dec2025_jan2026,2025-12-07 18:00:00+00:00,2025-12-08 04:00:00+00:00,10.0,5,0.455,13.024,74.698,3.578,ordinary,open_water,Jamnagar (Sikka) marine terminal,1170.92,False,False,2,,False
419950506,SAGAR HITHESH 1,IND,india_mangalore_dec2025_jan2026,2025-12-08 14:00:00+00:00,2025-12-09 00:00:00+00:00,10.0,11,1.0,13.15909,74.47546,1.124,ordinary,open_water,Jamnagar (Sikka) marine terminal,1146.94,False,False,2,,False
419950544,S.M.,IND,india_mangalore_dec2025_jan2026,2025-12-19 15:00:00+00:00,2025-12-20 01:00:00+00:00,10.0,11,1.0,12.99818,74.72637,2.864,ordinary,open_water,Jamnagar (Sikka) marine terminal,1174.85,False,False,2,,False
419950569,VEERA MARUTHI 3,IND,india_mangalore_dec2025_jan2026,2025-12-19 05:00:00+00:00,2025-12-19 15:00:00+00:00,10.0,6,0.545,12.13,74.49,4.579,ordinary,open_water,Jamnagar (Sikka) marine terminal,1251.93,False,False,2,,False
419950588,JABAL NOOR,IND,india_mangalore_dec2025_jan2026,2025-12-08 13:00:00+00:00,2025-12-08 23:00:00+00:00,10.0,5,0.455,13.24,74.448,0.865,ordinary,open_water,Jamnagar (Sikka) marine terminal,1137.54,False,False,2,,False
419950588,JABAL NOOR,IND,india_mangalore_dec2025_jan2026,2025-12-10 13:00:00+00:00,2025-12-10 23:00:00+00:00,10.0,10,0.909,12.803,74.672,4.156,ordinary,open_water,Jamnagar (Sikka) marine terminal,1191.84,False,False,2,,False
419950626,ZAID,IND,india_mangalore_dec2025_jan2026,2025-12-05 12:00:00+00:00,2025-12-05 22:00:00+00:00,10.0,11,1.0,12.82909,74.68455,3.534,ordinary,open_water,Jamnagar (Sikka) marine terminal,1189.81,False,False,2,,False
419950708,AQEEDAH,IND,india_mangalore_dec2025_jan2026,2025-12-02 14:00:00+00:00,2025-12-03 00:00:00+00:00,10.0,11,1.0,13.01818,74.61546,4.942,ordinary,open_water,Jamnagar (Sikka) marine terminal,1167.61,False,False,2,,False
419950737,ASHIYANA,IND,india_mangalore_dec2025_jan2026,2025-12-13 07:00:00+00:00,2025-12-13 17:00:00+00:00,10.0,9,0.818,13.08,74.06111,0.963,ordinary,open_water,Jamnagar (Sikka) marine terminal,1136.5,False,False,2,,False
419951253,MPH SUPER,IND,india_mangalore_dec2025_jan2026,2025-12-04 14:00:00+00:00,2025-12-05 00:00:00+00:00,10.0,11,1.0,12.97636,74.59,4.043,ordinary,open_water,Jamnagar (Sikka) marine terminal,1170.62,False,False,2,,False
419951326,MARYAM 1,IND,india_mangalore_dec2025_jan2026,2025-12-04 13:00:00+00:00,2025-12-04 23:00:00+00:00,10.0,11,1.0,13.04455,74.62909,2.997,ordinary,open_water,Jamnagar (Sikka) marine terminal,1165.61,False,False,2,,False
419951326,MARYAM 1,IND,india_mangalore_dec2025_jan2026,2025-12-10 12:00:00+00:00,2025-12-10 22:00:00+00:00,10.0,11,1.0,12.89818,74.63363,2.69,ordinary,open_water,Jamnagar (Sikka) marine terminal,1180.5,False,False,2,,False
419951419,SEA BREEZ,IND,india_mangalore_dec2025_jan2026,2025-12-21 13:00:00+00:00,2025-12-21 23:00:00+00:00,10.0,6,0.545,13.34333,74.57,1.853,ordinary,open_water,Jamnagar (Sikka) marine terminal,1132.94,False,False,2,,False
419951420,RAFAY RAAID,IND,india_mangalore_dec2025_jan2026,2025-12-08 14:00:00+00:00,2025-12-09 00:00:00+00:00,10.0,9,0.818,13.18111,74.47,4.698,ordinary,open_water,Jamnagar (Sikka) marine terminal,1144.47,False,False,2,,False
419956037,KHALEFA*95*97,IND,india_mangalore_dec2025_jan2026,2025-12-08 12:00:00+00:00,2025-12-08 22:00:00+00:00,10.0,9,0.818,12.92556,74.53889,3.955,ordinary,open_water,Jamnagar (Sikka) marine terminal,1173.36,False,False,2,,False
419956117,WHITESTONE,IND,india_mangalore_dec2025_jan2026,2025-12-08 14:00:00+00:00,2025-12-09 00:00:00+00:00,10.0,7,0.636,13.17286,74.47429,4.03,ordinary,open_water,Jamnagar (Sikka) marine terminal,1145.5,False,False,2,,False
419956204,BLUE DAIMOND,IND,india_mangalore_dec2025_jan2026,2025-12-19 12:00:00+00:00,2025-12-19 22:00:00+00:00,10.0,8,0.727,12.13,74.54,0.0,ordinary,open_water,Jamnagar (Sikka) marine terminal,1254.08,False,False,2,,False
419957166,GANESH KRIPA,IND,india_mangalore_dec2025_jan2026,2025-12-09 08:00:00+00:00,2025-12-09 18:00:00+00:00,10.0,11,1.0,12.95455,74.2,2.83,ordinary,open_water,Jamnagar (Sikka) marine terminal,1155.28,False,False,2,,False
419957166,GANESH KRIPA,IND,india_mangalore_dec2025_jan2026,2025-12-13 07:00:00+00:00,2025-12-13 17:00:00+00:00,10.0,11,1.0,12.95545,74.35818,2.87,ordinary,open_water,Jamnagar (Sikka) marine terminal,1162.15,False,False,2,,False
419957166,GANESH KRIPA,IND,india_mangalore_dec2025_jan2026,2025-12-19 16:00:00+00:00,2025-12-20 02:00:00+00:00,10.0,11,1.0,12.59636,74.39,1.296,ordinary,open_water,Jamnagar (Sikka) marine terminal,1200.03,False,False,2,,False
419957303,SHRI PANCHAMI,IND,india_mangalore_dec2025_jan2026,2025-12-13 07:00:00+00:00,2025-12-13 17:00:00+00:00,10.0,11,1.0,13.09,74.17,0.0,ordinary,open_water,Jamnagar (Sikka) marine terminal,1140.18,False,False,2,,False
538090721,SUNBIRD ARROW,MHL,india_mangalore_dec2025_jan2026,2025-12-30 22:00:00+00:00,2025-12-31 08:00:00+00:00,10.0,11,1.0,12.80818,74.09727,4.816,ordinary,open_water,Jamnagar (Sikka) marine terminal,1165.85,False,False,2,,False
636017478,STAR MACARENA,LBR,india_mangalore_dec2025_jan2026,2025-12-10 12:00:00+00:00,2025-12-10 22:00:00+00:00,10.0,11,1.0,12.93,74.61091,0.985,ordinary,open_water,Jamnagar (Sikka) marine terminal,1176.24,False,False,2,,False
229350000,MED PACIFIC,MLT,india_mangalore_dec2025_jan2026,2026-01-13 19:00:00+00:00,2026-01-14 04:00:00+00:00,9.0,10,1.0,12.929,74.805,4.978,ordinary,open_water,Jamnagar (Sikka) marine terminal,1185.52,False,False,2,,False
255915837,SPIRIT OF BERTRAM,PRT,india_mangalore_dec2025_jan2026,2025-12-24 23:00:00+00:00,2025-12-25 08:00:00+00:00,9.0,10,1.0,12.929,74.805,4.978,ordinary,open_water,Jamnagar (Sikka) marine terminal,1185.52,False,False,2,,False
314571000,OBE GRANDE,BRB,india_mangalore_dec2025_jan2026,2025-12-11 18:00:00+00:00,2025-12-12 03:00:00+00:00,9.0,10,1.0,12.929,74.815,4.979,ordinary,open_water,Jamnagar (Sikka) marine terminal,1186.0,False,False,2,,False
352005370,SEA BRIGHT,PAN,india_mangalore_dec2025_jan2026,2026-01-10 12:00:00+00:00,2026-01-10 21:00:00+00:00,9.0,10,1.0,12.94,74.73,0.0,ordinary,open_water,Jamnagar (Sikka) marine terminal,1180.84,False,False,2,,False
352005861,ALPINE SPIRIT,PAN,india_mangalore_dec2025_jan2026,2025-12-28 10:00:00+00:00,2025-12-28 19:00:00+00:00,9.0,10,1.0,12.95,74.65,0.0,ordinary,open_water,Jamnagar (Sikka) marine terminal,1176.06,False,False,2,,False
414037000,GUO HAI LIAN 818,CHN,india_mangalore_dec2025_jan2026,2025-12-21 09:00:00+00:00,2025-12-21 18:00:00+00:00,9.0,10,1.0,12.929,74.815,4.979,ordinary,open_water,Jamnagar (Sikka) marine terminal,1186.0,False,False,2,,False
419000117,DOLPHIN NO.2,IND,india_mangalore_dec2025_jan2026,2025-12-17 16:00:00+00:00,2025-12-18 01:00:00+00:00,9.0,10,1.0,12.923,74.806,3.916,ordinary,open_water,Jamnagar (Sikka) marine terminal,1186.16,False,False,2,,False
419000117,DOLPHIN NO.2,IND,india_mangalore_dec2025_jan2026,2025-12-19 10:00:00+00:00,2025-12-19 19:00:00+00:00,9.0,10,1.0,12.921,74.806,4.986,ordinary,open_water,Jamnagar (Sikka) marine terminal,1186.36,False,False,2,,False
419000533,OCEAN ENDURANCE,IND,india_mangalore_dec2025_jan2026,2025-12-20 14:00:00+00:00,2025-12-20 23:00:00+00:00,9.0,10,1.0,12.92,74.811,0.976,ordinary,open_water,Jamnagar (Sikka) marine terminal,1186.7,False,False,2,,False
419000914,SSL MUMBAI,IND,india_mangalore_dec2025_jan2026,2025-12-18 20:00:00+00:00,2025-12-19 05:00:00+00:00,9.0,10,1.0,13.306,74.451,4.243,ordinary,open_water,Jamnagar (Sikka) marine terminal,1131.05,False,False,2,,False
419001126,SSL VISAKHAPATNAM,IND,india_mangalore_dec2025_jan2026,2025-12-07 22:00:00+00:00,2025-12-08 07:00:00+00:00,9.0,10,1.0,12.929,74.805,4.978,ordinary,open_water,Jamnagar (Sikka) marine terminal,1185.52,False,False,2,,False
419001352,TCI EXPRESS,IND,india_mangalore_dec2025_jan2026,2025-12-05 05:00:00+00:00,2025-12-05 14:00:00+00:00,9.0,10,1.0,12.929,74.805,4.978,ordinary,open_water,Jamnagar (Sikka) marine terminal,1185.52,False,False,2,,False
419001352,TCI EXPRESS,IND,india_mangalore_dec2025_jan2026,2026-01-13 12:00:00+00:00,2026-01-13 21:00:00+00:00,9.0,10,1.0,12.966,74.663,4.958,ordinary,open_water,Jamnagar (Sikka) marine terminal,1175.07,False,False,2,,False
419001386,VARADA,IND,india_mangalore_dec2025_jan2026,2025-12-01 00:00:00+00:00,2025-12-01 09:00:00+00:00,9.0,10,1.0,12.93,74.81,0.0,ordinary,open_water,Jamnagar (Sikka) marine terminal,1185.66,False,False,2,,False
419001902,BURAQ 11,IND,india_mangalore_dec2025_jan2026,2025-12-11 04:00:00+00:00,2025-12-11 13:00:00+00:00,9.0,10,1.0,12.901,74.655,4.979,ordinary,open_water,Jamnagar (Sikka) marine terminal,1181.21,False,False,2,,False
419001984,,IND,india_mangalore_dec2025_jan2026,2025-12-25 00:00:00+00:00,2025-12-25 09:00:00+00:00,9.0,10,1.0,12.935,74.813,4.95,ordinary,open_water,Jamnagar (Sikka) marine terminal,1185.3,False,False,2,,False
419001984,,IND,india_mangalore_dec2025_jan2026,2026-01-09 00:00:00+00:00,2026-01-09 09:00:00+00:00,9.0,4,0.4,12.925,74.805,1.718,ordinary,open_water,Jamnagar (Sikka) marine terminal,1185.92,False,False,2,,False
419011527,ST.PAUL NET 1_89%,IND,india_mangalore_dec2025_jan2026,2025-12-20 18:00:00+00:00,2025-12-21 03:00:00+00:00,9.0,8,0.8,12.93125,74.66875,3.477,ordinary,open_water,Jamnagar (Sikka) marine terminal,1178.82,False,False,2,,False
419011527,ST.PAUL NET 1_89%,IND,india_mangalore_dec2025_jan2026,2026-01-07 11:00:00+00:00,2026-01-07 20:00:00+00:00,9.0,10,1.0,13.013,74.678,2.567,ordinary,open_water,Jamnagar (Sikka) marine terminal,1171.08,False,False,2,,False
419012060,RENJITH NET 1_87%,IND,india_mangalore_dec2025_jan2026,2025-12-20 11:00:00+00:00,2025-12-20 20:00:00+00:00,9.0,4,0.4,12.56,74.8275,2.368,ordinary,open_water,Jamnagar (Sikka) marine terminal,1223.49,False,False,2,,False
419017300,DCI DREDGE XVI,IND,india_mangalore_dec2025_jan2026,2025-12-30 05:00:00+00:00,2025-12-30 14:00:00+00:00,9.0,10,1.0,12.928,74.777,4.226,ordinary,open_water,Jamnagar (Sikka) marine terminal,1184.28,False,False,2,,False
419030270,NITHYAJEEVAN NET399%,IND,india_mangalore_dec2025_jan2026,2025-12-07 16:00:00+00:00,2025-12-08 01:00:00+00:00,9.0,10,1.0,12.001,74.495,1.914,ordinary,open_water,Jamnagar (Sikka) marine terminal,1265.34,False,False,2,,False
419047877,DEVA MAHATHUVAM 244%,IND,india_mangalore_dec2025_jan2026,2025-12-15 10:00:00+00:00,2025-12-15 19:00:00+00:00,9.0,7,0.7,13.21286,74.52,1.906,ordinary,open_water,Jamnagar (Sikka) marine terminal,1143.62,False,False,2,,False
419047877,DEVA MAHATHUVAM 244%,IND,india_mangalore_dec2025_jan2026,2026-01-13 13:00:00+00:00,2026-01-13 22:00:00+00:00,9.0,8,0.8,13.25125,74.59875,4.684,ordinary,open_water,Jamnagar (Sikka) marine terminal,1143.5,False,False,2,,False
419050311,JEHOVANISSI NET 199%,IND,india_mangalore_dec2025_jan2026,2026-01-14 14:00:00+00:00,2026-01-14 23:00:00+00:00,9.0,8,0.8,13.7025,74.37625,4.954,ordinary,open_water,Jamnagar (Sikka) marine terminal,1087.86,False,False,2,,False
419050335,LORDJESUS NET5_99%,IND,india_mangalore_dec2025_jan2026,2025-12-13 10:00:00+00:00,2025-12-13 19:00:00+00:00,9.0,8,0.8,13.34,74.71,0.0,ordinary,open_water,Jamnagar (Sikka) marine terminal,1140.04,False,False,2,,False
419058812,OMEGA NET 1_99%,IND,india_mangalore_dec2025_jan2026,2026-01-07 11:00:00+00:00,2026-01-07 20:00:00+00:00,9.0,10,1.0,13.003,74.635,3.414,ordinary,open_water,Jamnagar (Sikka) marine terminal,1170.05,False,False,2,,False
419059759,ANNAIMAMARI NET1_99%,IND,india_mangalore_dec2025_jan2026,2025-12-15 11:00:00+00:00,2025-12-15 20:00:00+00:00,9.0,10,1.0,13.103,74.602,3.272,ordinary,open_water,Jamnagar (Sikka) marine terminal,1158.48,False,False,2,,False
419059778,BIBLE NET 3-99%,IND,india_mangalore_dec2025_jan2026,2025-12-17 12:00:00+00:00,2025-12-17 21:00:00+00:00,9.0,9,0.9,12.57889,74.33,4.935,ordinary,open_water,Jamnagar (Sikka) marine terminal,1199.21,False,False,2,,False
419059778,BIBLE NET 3-99%,IND,india_mangalore_dec2025_jan2026,2026-01-12 07:00:00+00:00,2026-01-12 16:00:00+00:00,9.0,5,0.5,12.096,74.952,1.792,ordinary,open_water,Jamnagar (Sikka) marine terminal,1275.92,False,False,2,,False
419061235,KARUNYA M NET 1_87%,IND,india_mangalore_dec2025_jan2026,2025-12-17 10:00:00+00:00,2025-12-17 19:00:00+00:00,9.0,10,1.0,13.777,74.443,1.605,ordinary,open_water,Jamnagar (Sikka) marine terminal,1083.66,False,False,2,,False
419064304,SMIL NET-6_99%,IND,india_mangalore_dec2025_jan2026,2025-12-16 11:00:00+00:00,2025-12-16 20:00:00+00:00,9.0,7,0.7,13.24143,74.54857,4.388,ordinary,open_water,Jamnagar (Sikka) marine terminal,1142.1,False,False,2,,False
419064640,SMILE NET-3_76%,IND,india_mangalore_dec2025_jan2026,2025-12-16 10:00:00+00:00,2025-12-16 19:00:00+00:00,9.0,7,0.7,13.30714,74.52,1.906,ordinary,open_water,Jamnagar (Sikka) marine terminal,1134.18,False,False,2,,False
419065046,JK NIWAS NET 4-93%,IND,india_mangalore_dec2025_jan2026,2025-12-10 12:00:00+00:00,2025-12-10 21:00:00+00:00,9.0,7,0.7,12.75,74.00714,3.425,ordinary,open_water,Jamnagar (Sikka) marine terminal,1168.08,False,False,2,,False
419070067,ROSA MYSTICA 1_84%,IND,india_mangalore_dec2025_jan2026,2026-01-14 11:00:00+00:00,2026-01-14 20:00:00+00:00,9.0,4,0.4,12.3275,74.94,1.39,ordinary,open_water,Jamnagar (Sikka) marine terminal,1252.08,False,False,2,,False
419070611,UK SENSE NET_1_51%,IND,india_mangalore_dec2025_jan2026,2025-12-07 10:00:00+00:00,2025-12-07 19:00:00+00:00,9.0,10,1.0,13.549,74.389,2.338,ordinary,open_water,Jamnagar (Sikka) marine terminal,1103.8,False,False,2,,False
419070611,UK SENSE NET_1_51%,IND,india_mangalore_dec2025_jan2026,2025-12-08 08:00:00+00:00,2025-12-08 17:00:00+00:00,9.0,10,1.0,13.48,74.422,3.446,ordinary,open_water,Jamnagar (Sikka) marine terminal,1112.26,False,False,2,,False
419070611,UK SENSE NET_1_51%,IND,india_mangalore_dec2025_jan2026,2025-12-17 11:00:00+00:00,2025-12-17 20:00:00+00:00,9.0,10,1.0,13.467,74.353,1.445,ordinary,open_water,Jamnagar (Sikka) marine terminal,1110.33,False,False,2,,False
419070611,UK SENSE NET_1_51%,IND,india_mangalore_dec2025_jan2026,2026-01-04 12:00:00+00:00,2026-01-04 21:00:00+00:00,9.0,9,0.9,13.24111,74.61445,4.598,ordinary,open_water,Jamnagar (Sikka) marine terminal,1145.26,False,False,2,,False
419075979,ALLELUIA NET2_99%,IND,india_mangalore_dec2025_jan2026,2025-12-15 11:00:00+00:00,2025-12-15 20:00:00+00:00,9.0,9,0.9,13.41556,74.41222,2.963,ordinary,open_water,Jamnagar (Sikka) marine terminal,1118.25,False,False,2,,False
419075979,ALLELUIA NET2_99%,IND,india_mangalore_dec2025_jan2026,2025-12-17 12:00:00+00:00,2025-12-17 21:00:00+00:00,9.0,10,1.0,13.348,74.532,1.352,ordinary,open_water,Jamnagar (Sikka) marine terminal,1130.67,False,False,2,,False
419076243,ALPHA NET-1_61%,IND,india_mangalore_dec2025_jan2026,2025-12-20 11:00:00+00:00,2025-12-20 20:00:00+00:00,9.0,10,1.0,13.06,74.595,4.735,ordinary,open_water,Jamnagar (Sikka) marine terminal,1162.46,False,False,2,,False
419077167,ALPHA NET-2_91%,IND,india_mangalore_dec2025_jan2026,2025-12-11 11:00:00+00:00,2025-12-11 20:00:00+00:00,9.0,10,1.0,13.201,74.538,4.422,ordinary,open_water,Jamnagar (Sikka) marine terminal,1145.65,False,False,2,,False
419077167,ALPHA NET-2_91%,IND,india_mangalore_dec2025_jan2026,2025-12-20 11:00:00+00:00,2025-12-20 20:00:00+00:00,9.0,10,1.0,13.044,74.607,4.406,ordinary,open_water,Jamnagar (Sikka) marine terminal,1164.62,False,False,2,,False
419080855,JERO NET 8-88%,IND,india_mangalore_dec2025_jan2026,2025-12-16 12:00:00+00:00,2025-12-16 21:00:00+00:00,9.0,10,1.0,13.241,74.386,3.66,ordinary,open_water,Jamnagar (Sikka) marine terminal,1134.57,False,False,2,,False
419080949,JEBAMALAI M NET2_99%,IND,india_mangalore_dec2025_jan2026,2025-12-13 07:00:00+00:00,2025-12-13 16:00:00+00:00,9.0,10,1.0,12.632,73.904,4.609,ordinary,open_water,Jamnagar (Sikka) marine terminal,1176.08,False,False,2,,False
419081323,JERO NET 6-88%,IND,india_mangalore_dec2025_jan2026,2025-12-10 11:00:00+00:00,2025-12-10 20:00:00+00:00,9.0,10,1.0,13.388,74.429,3.56,ordinary,open_water,Jamnagar (Sikka) marine terminal,1121.8,False,False,2,,False
419081323,JERO NET 6-88%,IND,india_mangalore_dec2025_jan2026,2025-12-15 11:00:00+00:00,2025-12-15 20:00:00+00:00,9.0,10,1.0,13.316,74.376,1.894,ordinary,open_water,Jamnagar (Sikka) marine terminal,1126.57,False,False,2,,False
419081326,JERO NET 7-99%,IND,india_mangalore_dec2025_jan2026,2025-12-16 12:00:00+00:00,2025-12-16 21:00:00+00:00,9.0,10,1.0,13.271,74.376,1.385,ordinary,open_water,Jamnagar (Sikka) marine terminal,1131.09,False,False,2,,False
419081327,MANIKYA NET 1-94%,IND,india_mangalore_dec2025_jan2026,2025-12-17 10:00:00+00:00,2025-12-17 19:00:00+00:00,9.0,10,1.0,13.674,74.521,1.269,ordinary,open_water,Jamnagar (Sikka) marine terminal,1097.68,False,False,2,,False
419085433,REETHU NET 3(80%,IND,india_mangalore_dec2025_jan2026,2025-12-18 11:00:00+00:00,2025-12-18 20:00:00+00:00,9.0,10,1.0,13.785,74.3,0.556,ordinary,open_water,Jamnagar (Sikka) marine terminal,1076.0,False,False,2,,False
419090454,MARIYAVALGA NET3_89%,IND,india_mangalore_dec2025_jan2026,2026-01-07 10:00:00+00:00,2026-01-07 19:00:00+00:00,9.0,5,0.5,13.148,74.602,3.121,ordinary,open_water,Jamnagar (Sikka) marine terminal,1153.98,False,False,2,,False
419090456,MARIYAVALGA NET1_99%,IND,india_mangalore_dec2025_jan2026,2026-01-07 10:00:00+00:00,2026-01-07 19:00:00+00:00,9.0,6,0.6,13.17,74.59333,3.413,ordinary,open_water,Jamnagar (Sikka) marine terminal,1151.37,False,False,2,,False
419101008,,IND,india_mangalore_dec2025_jan2026,2025-12-10 10:00:00+00:00,2025-12-10 19:00:00+00:00,9.0,9,0.9,12.70444,74.04111,3.087,ordinary,open_water,Jamnagar (Sikka) marine terminal,1174.17,False,False,2,,False
419104364,ANTONY SAJIN BOAT,IND,india_mangalore_dec2025_jan2026,2025-12-07 11:00:00+00:00,2025-12-07 20:00:00+00:00,9.0,7,0.7,12.26,74.14286,4.886,ordinary,open_water,Jamnagar (Sikka) marine terminal,1224.11,False,False,2,,False
419104382,CHEMMEEN NET BOAT,IND,india_mangalore_dec2025_jan2026,2025-12-18 11:00:00+00:00,2025-12-18 20:00:00+00:00,9.0,5,0.5,12.02,74.898,2.963,ordinary,open_water,Jamnagar (Sikka) marine terminal,1281.11,False,False,2,,False
419106504,RENJITH FISHING BOAT,IND,india_mangalore_dec2025_jan2026,2025-12-02 13:00:00+00:00,2025-12-02 22:00:00+00:00,9.0,5,0.5,12.184,74.46,4.358,ordinary,open_water,Jamnagar (Sikka) marine terminal,1245.13,False,False,2,,False
419107549,PRAKASHAMATHA BOAT,IND,india_mangalore_dec2025_jan2026,2025-12-18 10:00:00+00:00,2025-12-18 19:00:00+00:00,9.0,8,0.8,12.095,75.085,4.22,ordinary,open_water,Jamnagar (Sikka) marine terminal,1282.21,False,False,2,,False
419107877,KOHINOOR,IND,india_mangalore_dec2025_jan2026,2025-12-17 12:00:00+00:00,2025-12-17 21:00:00+00:00,9.0,9,0.9,13.08,73.95667,1.805,ordinary,open_water,Jamnagar (Sikka) marine terminal,1132.09,False,False,2,,False
419108554,,IND,india_mangalore_dec2025_jan2026,2025-12-11 13:00:00+00:00,2025-12-11 22:00:00+00:00,9.0,4,0.4,13.19,73.8675,3.716,ordinary,open_water,Jamnagar (Sikka) marine terminal,1117.08,False,False,2,,False
419120725,DORNIKA NET1_99%,IND,india_mangalore_dec2025_jan2026,2025-12-15 12:00:00+00:00,2025-12-15 21:00:00+00:00,9.0,8,0.8,13.3675,74.57125,0.987,ordinary,open_water,Jamnagar (Sikka) marine terminal,1130.59,False,False,2,,False
419120725,DORNIKA NET1_99%,IND,india_mangalore_dec2025_jan2026,2026-01-07 10:00:00+00:00,2026-01-07 19:00:00+00:00,9.0,6,0.6,13.38833,74.58,4.262,ordinary,open_water,Jamnagar (Sikka) marine terminal,1128.94,False,False,2,,False
419120725,DORNIKA NET1_99%,IND,india_mangalore_dec2025_jan2026,2026-01-10 20:00:00+00:00,2026-01-11 05:00:00+00:00,9.0,7,0.7,13.61714,74.49571,2.004,ordinary,open_water,Jamnagar (Sikka) marine terminal,1102.1,False,False,2,,False
419120727,MOTHER NET3_84%,IND,india_mangalore_dec2025_jan2026,2026-01-07 10:00:00+00:00,2026-01-07 19:00:00+00:00,9.0,9,0.9,13.36556,74.55889,4.943,ordinary,open_water,Jamnagar (Sikka) marine terminal,1130.19,False,False,2,,False
419130840,SELVAMATHA NET1_99%,IND,india_mangalore_dec2025_jan2026,2025-12-17 10:00:00+00:00,2025-12-17 19:00:00+00:00,9.0,10,1.0,13.677,74.418,1.512,ordinary,open_water,Jamnagar (Sikka) marine terminal,1092.4,False,False,2,,False
419179507,NATHAN NET2_56%,IND,india_mangalore_dec2025_jan2026,2026-01-11 06:00:00+00:00,2026-01-11 15:00:00+00:00,9.0,7,0.7,12.36429,74.28,3.625,ordinary,open_water,Jamnagar (Sikka) marine terminal,1219.04,False,False,2,,False
419180304,AACHARIYAMATHA 4_83%,IND,india_mangalore_dec2025_jan2026,2025-12-13 20:00:00+00:00,2025-12-14 05:00:00+00:00,9.0,6,0.6,12.59667,73.85,4.933,ordinary,open_water,Jamnagar (Sikka) marine terminal,1177.6,False,False,2,,False
419190769,JERO NET 5-99%,IND,india_mangalore_dec2025_jan2026,2025-12-15 11:00:00+00:00,2025-12-15 20:00:00+00:00,9.0,9,0.9,13.33889,74.37444,3.572,ordinary,open_water,Jamnagar (Sikka) marine terminal,1124.19,False,False,2,,False
419190769,JERO NET 5-99%,IND,india_mangalore_dec2025_jan2026,2026-01-13 14:00:00+00:00,2026-01-13 23:00:00+00:00,9.0,9,0.9,12.80778,73.89111,4.181,ordinary,open_water,Jamnagar (Sikka) marine terminal,1157.4,False,False,2,,False
419199254,AKILAN NET 3 -91%,IND,india_mangalore_dec2025_jan2026,2025-12-02 20:00:00+00:00,2025-12-03 05:00:00+00:00,9.0,8,0.8,12.88125,73.9725,4.757,ordinary,open_water,Jamnagar (Sikka) marine terminal,1153.16,False,False,2,,False
419200519,DISWIN NET BOAT,IND,india_mangalore_dec2025_jan2026,2025-12-18 23:00:00+00:00,2025-12-19 08:00:00+00:00,9.0,6,0.6,13.37,74.62334,1.803,ordinary,open_water,Jamnagar (Sikka) marine terminal,1132.85,False,False,2,,False
419211233,PRAISETHELORD 3(99%,IND,india_mangalore_dec2025_jan2026,2025-12-08 12:00:00+00:00,2025-12-08 21:00:00+00:00,9.0,9,0.9,13.17556,74.53778,4.169,ordinary,open_water,Jamnagar (Sikka) marine terminal,1148.19,False,False,2,,False
419271111,ANTONYSAJIN NET1_75%,IND,india_mangalore_dec2025_jan2026,2025-12-12 05:00:00+00:00,2025-12-12 14:00:00+00:00,9.0,9,0.9,12.80111,73.94,4.458,ordinary,open_water,Jamnagar (Sikka) marine terminal,1160.07,False,False,2,,False
419301092,REO NET 1_82%,IND,india_mangalore_dec2025_jan2026,2025-12-17 11:00:00+00:00,2025-12-17 20:00:00+00:00,9.0,10,1.0,12.37,74.891,4.998,ordinary,open_water,Jamnagar (Sikka) marine terminal,1245.53,False,False,2,,False
419305657,KARUNYA NET5  100%,IND,india_mangalore_dec2025_jan2026,2025-12-13 08:00:00+00:00,2025-12-13 17:00:00+00:00,9.0,6,0.6,12.66333,73.93667,4.488,ordinary,open_water,Jamnagar (Sikka) marine terminal,1174.15,False,False,2,,False
419305657,KARUNYA NET5  100%,IND,india_mangalore_dec2025_jan2026,2025-12-19 12:00:00+00:00,2025-12-19 21:00:00+00:00,9.0,5,0.5,13.418,74.418,2.595,ordinary,open_water,Jamnagar (Sikka) marine terminal,1118.28,False,False,2,,False
419310115,RANGA  NET2_99%,IND,india_mangalore_dec2025_jan2026,2025-12-11 08:00:00+00:00,2025-12-11 17:00:00+00:00,9.0,7,0.7,13.62714,74.45429,2.974,ordinary,open_water,Jamnagar (Sikka) marine terminal,1099.11,False,False,2,,False
419312186,SHALOM NET2  100%,IND,india_mangalore_dec2025_jan2026,2025-12-11 09:00:00+00:00,2025-12-11 18:00:00+00:00,9.0,5,0.5,12.036,75.05,3.618,ordinary,open_water,Jamnagar (Sikka) marine terminal,1286.49,False,False,2,,False
419312186,SHALOM NET2  100%,IND,india_mangalore_dec2025_jan2026,2025-12-18 13:00:00+00:00,2025-12-18 22:00:00+00:00,9.0,9,0.9,12.02667,75.08666,2.987,ordinary,open_water,Jamnagar (Sikka) marine terminal,1289.14,False,False,2,,False
419318409,YAHOVA NET-4  100%,IND,india_mangalore_dec2025_jan2026,2025-12-04 11:00:00+00:00,2025-12-04 20:00:00+00:00,9.0,10,1.0,13.366,74.37,3.611,ordinary,open_water,Jamnagar (Sikka) marine terminal,1121.26,False,False,2,,False
419322000,SAMUDRA SHAUDHIKAMA,IND,india_mangalore_dec2025_jan2026,2025-12-09 13:00:00+00:00,2025-12-09 22:00:00+00:00,9.0,10,1.0,13.334,74.633,4.028,ordinary,open_water,Jamnagar (Sikka) marine terminal,1136.9,False,False,2,,False
419322000,SAMUDRA SHAUDHIKAMA,IND,india_mangalore_dec2025_jan2026,2025-12-13 14:00:00+00:00,2025-12-13 23:00:00+00:00,9.0,10,1.0,13.034,74.731,3.212,ordinary,open_water,Jamnagar (Sikka) marine terminal,1171.5,False,False,2,,False
419322830,KANNUR ALIF NET-1,IND,india_mangalore_dec2025_jan2026,2025-12-14 13:00:00+00:00,2025-12-14 22:00:00+00:00,9.0,6,0.6,12.085,75.07166,4.373,ordinary,open_water,Jamnagar (Sikka) marine terminal,1282.58,False,False,2,,False
419322867,PRAKASHMATHA NET2,IND,india_mangalore_dec2025_jan2026,2025-12-02 13:00:00+00:00,2025-12-02 22:00:00+00:00,9.0,7,0.7,12.02,74.49143,3.221,ordinary,open_water,Jamnagar (Sikka) marine terminal,1263.24,False,False,2,,False
419322870,SHIBANO NET-2  69%,IND,india_mangalore_dec2025_jan2026,2026-01-10 11:00:00+00:00,2026-01-10 20:00:00+00:00,9.0,8,0.8,12.36375,74.93375,3.279,ordinary,open_water,Jamnagar (Sikka) marine terminal,1248.15,False,False,2,,False
419326728,OMIGA NET-3  80%,IND,india_mangalore_dec2025_jan2026,2026-01-06 11:00:00+00:00,2026-01-06 20:00:00+00:00,9.0,10,1.0,13.05,74.637,3.674,ordinary,open_water,Jamnagar (Sikka) marine terminal,1165.44,False,False,2,,False
419336545,PUTHARAN NET1  100%,IND,india_mangalore_dec2025_jan2026,2025-12-10 22:00:00+00:00,2025-12-11 07:00:00+00:00,9.0,3,0.3,12.24667,74.88333,1.037,ordinary,open_water,Jamnagar (Sikka) marine terminal,1257.58,False,False,2,,False
419336765,T.K.M NET-1  82%,IND,india_mangalore_dec2025_jan2026,2026-01-05 15:00:00+00:00,2026-01-06 00:00:00+00:00,9.0,8,0.8,13.1625,74.10875,3.409,ordinary,open_water,Jamnagar (Sikka) marine terminal,1130.14,False,False,2,,False
419338473,KOTTARAM NET 1  74%,IND,india_mangalore_dec2025_jan2026,2025-12-14 10:00:00+00:00,2025-12-14 19:00:00+00:00,9.0,7,0.7,12.07143,75.02286,4.575,ordinary,open_water,Jamnagar (Sikka) marine terminal,1281.67,False,False,2,,False
419338473,KOTTARAM NET 1  74%,IND,india_mangalore_dec2025_jan2026,2025-12-19 12:00:00+00:00,2025-12-19 21:00:00+00:00,9.0,10,1.0,12.735,74.714,4.261,ordinary,open_water,Jamnagar (Sikka) marine terminal,1200.63,False,False,2,,False
419349227,RITHIK 2 NET-1  100%,IND,india_mangalore_dec2025_jan2026,2025-12-20 16:00:00+00:00,2025-12-21 01:00:00+00:00,9.0,7,0.7,12.69857,74.10571,3.525,ordinary,open_water,Jamnagar (Sikka) marine terminal,1177.45,False,False,2,,False
419388526,SHREE GURURAYA NET,IND,india_mangalore_dec2025_jan2026,2025-12-18 10:00:00+00:00,2025-12-18 19:00:00+00:00,9.0,10,1.0,13.644,74.527,0.878,ordinary,open_water,Jamnagar (Sikka) marine terminal,1100.95,False,False,2,,False
419401012,ARUNSAJIN NET-3_66%,IND,india_mangalore_dec2025_jan2026,2025-12-10 12:00:00+00:00,2025-12-10 21:00:00+00:00,9.0,9,0.9,12.66333,74.05333,4.093,ordinary,open_water,Jamnagar (Sikka) marine terminal,1178.9,False,False,2,,False
419446012,HARSHA _NET_1-89%,IND,india_mangalore_dec2025_jan2026,2025-12-10 10:00:00+00:00,2025-12-10 19:00:00+00:00,9.0,9,0.9,12.69,74.01222,3.441,ordinary,open_water,Jamnagar (Sikka) marine terminal,1174.47,False,False,2,,False
419446013,HARSHA_NET_2-87%,IND,india_mangalore_dec2025_jan2026,2025-12-02 07:00:00+00:00,2025-12-02 16:00:00+00:00,9.0,6,0.6,12.65333,74.11667,1.65,ordinary,open_water,Jamnagar (Sikka) marine terminal,1182.55,False,False,2,,False
419446015,HARSHA_NET_4-65%,IND,india_mangalore_dec2025_jan2026,2025-12-10 12:00:00+00:00,2025-12-10 21:00:00+00:00,9.0,9,0.9,12.74333,73.97445,3.354,ordinary,open_water,Jamnagar (Sikka) marine terminal,1167.43,False,False,2,,False
419500203,MALABAR NET2  100%,IND,india_mangalore_dec2025_jan2026,2025-12-12 13:00:00+00:00,2025-12-12 22:00:00+00:00,9.0,7,0.7,12.23,74.97714,4.662,ordinary,open_water,Jamnagar (Sikka) marine terminal,1263.61,False,False,2,,False
419500203,MALABAR NET2  100%,IND,india_mangalore_dec2025_jan2026,2025-12-18 10:00:00+00:00,2025-12-18 19:00:00+00:00,9.0,7,0.7,12.19714,75.12857,2.121,ordinary,open_water,Jamnagar (Sikka) marine terminal,1274.04,False,False,2,,False
419500303,MALABAR NET1  100%,IND,india_mangalore_dec2025_jan2026,2026-01-06 12:00:00+00:00,2026-01-06 21:00:00+00:00,9.0,9,0.9,12.17222,74.98667,1.688,ordinary,open_water,Jamnagar (Sikka) marine terminal,1269.85,False,False,2,,False
419506186,ST FRANCIS,IND,india_mangalore_dec2025_jan2026,2025-12-19 10:00:00+00:00,2025-12-19 19:00:00+00:00,9.0,9,0.9,13.26778,74.58555,2.99,ordinary,open_water,Jamnagar (Sikka) marine terminal,1141.22,False,False,2,,False
419506211,SINAN INDTN15MM6751,IND,india_mangalore_dec2025_jan2026,2026-01-12 07:00:00+00:00,2026-01-12 16:00:00+00:00,9.0,6,0.6,12.095,74.955,3.888,ordinary,open_water,Jamnagar (Sikka) marine terminal,1276.15,False,False,2,,False
419506374,CHRISE THE KING,IND,india_mangalore_dec2025_jan2026,2026-01-10 10:00:00+00:00,2026-01-10 19:00:00+00:00,9.0,9,0.9,12.4,74.88556,2.99,ordinary,open_water,Jamnagar (Sikka) marine terminal,1242.26,False,False,2,,False
419506554,JENIFER BOUY1  100%,IND,india_mangalore_dec2025_jan2026,2025-12-14 13:00:00+00:00,2025-12-14 22:00:00+00:00,9.0,4,0.4,12.055,75.0725,4.332,ordinary,open_water,Jamnagar (Sikka) marine terminal,1285.63,False,False,2,,False
419510872,NET VINNAHATHAI-2,IND,india_mangalore_dec2025_jan2026,2025-12-13 10:00:00+00:00,2025-12-13 19:00:00+00:00,9.0,8,0.8,13.35625,74.51,1.807,ordinary,open_water,Jamnagar (Sikka) marine terminal,1128.8,False,False,2,,False
419517763,HARSHA BOAT,IND,india_mangalore_dec2025_jan2026,2025-12-10 12:00:00+00:00,2025-12-10 21:00:00+00:00,9.0,5,0.5,12.766,73.944,1.791,ordinary,open_water,Jamnagar (Sikka) marine terminal,1163.85,False,False,2,,False
419517859,NET POURNAMI MATHA-1,IND,india_mangalore_dec2025_jan2026,2025-12-14 13:00:00+00:00,2025-12-14 22:00:00+00:00,9.0,3,0.3,12.04333,75.09667,4.492,ordinary,open_water,Jamnagar (Sikka) marine terminal,1287.94,False,False,2,,False
419519365,BETHLAHEM NET1  58%,IND,india_mangalore_dec2025_jan2026,2025-12-14 11:00:00+00:00,2025-12-14 20:00:00+00:00,9.0,6,0.6,12.17167,74.99667,4.855,ordinary,open_water,Jamnagar (Sikka) marine terminal,1270.38,False,False,2,,False
419519391,FISH NET-1 SHIBANO,IND,india_mangalore_dec2025_jan2026,2025-12-18 23:00:00+00:00,2025-12-19 08:00:00+00:00,9.0,7,0.7,12.71571,74.72286,2.114,ordinary,open_water,Jamnagar (Sikka) marine terminal,1202.98,False,False,2,,False
419519391,FISH NET-1 SHIBANO,IND,india_mangalore_dec2025_jan2026,2025-12-19 12:00:00+00:00,2025-12-19 21:00:00+00:00,9.0,10,1.0,12.69,74.758,4.634,ordinary,open_water,Jamnagar (Sikka) marine terminal,1207.2,False,False,2,,False
419520251,FISHINGNET BIBLE-1,IND,india_mangalore_dec2025_jan2026,2025-12-09 11:00:00+00:00,2025-12-09 20:00:00+00:00,9.0,9,0.9,12.28444,74.94556,3.139,ordinary,open_water,Jamnagar (Sikka) marine terminal,1256.67,False,False,2,,False
419520255,FISHINGNET BIBLE-2,IND,india_mangalore_dec2025_jan2026,2025-12-14 13:00:00+00:00,2025-12-14 22:00:00+00:00,9.0,7,0.7,12.04714,75.05,4.668,ordinary,open_water,Jamnagar (Sikka) marine terminal,1285.37,False,False,2,,False
419520714,KERUPASANAMATHA-3_,IND,india_mangalore_dec2025_jan2026,2025-12-16 11:00:00+00:00,2025-12-16 20:00:00+00:00,9.0,5,0.5,13.276,74.46,1.779,ordinary,open_water,Jamnagar (Sikka) marine terminal,1134.48,False,False,2,,False
419521162,JALAPRIYA NET-2,IND,india_mangalore_dec2025_jan2026,2025-12-12 09:00:00+00:00,2025-12-12 18:00:00+00:00,9.0,8,0.8,12.9225,73.80625,4.743,ordinary,open_water,Jamnagar (Sikka) marine terminal,1142.14,False,False,2,,False
419522674,MINNALANNAI-1_35%,IND,india_mangalore_dec2025_jan2026,2025-12-11 10:00:00+00:00,2025-12-11 19:00:00+00:00,9.0,10,1.0,13.456,74.451,4.894,ordinary,open_water,Jamnagar (Sikka) marine terminal,1116.03,False,False,2,,False
419522674,MINNALANNAI-1_35%,IND,india_mangalore_dec2025_jan2026,2026-01-06 11:00:00+00:00,2026-01-06 20:00:00+00:00,9.0,10,1.0,13.132,74.625,4.701,ordinary,open_water,Jamnagar (Sikka) marine terminal,1156.67,False,False,2,,False
419672000,JAG PUSHPA,IND,india_mangalore_dec2025_jan2026,2025-12-17 05:00:00+00:00,2025-12-17 14:00:00+00:00,9.0,10,1.0,12.974,74.637,4.958,ordinary,open_water,Jamnagar (Sikka) marine terminal,1173.05,False,False,2,,False
419711123,DEVANNAI NET3(99%,IND,india_mangalore_dec2025_jan2026,2025-12-08 12:00:00+00:00,2025-12-08 21:00:00+00:00,9.0,9,0.9,13.15778,74.51,3.743,ordinary,open_water,Jamnagar (Sikka) marine terminal,1148.68,False,False,2,,False
419711125,DEVAANNAI NET5(99%,IND,india_mangalore_dec2025_jan2026,2025-12-13 17:00:00+00:00,2025-12-14 02:00:00+00:00,9.0,9,0.9,13.08444,74.54778,2.081,ordinary,open_water,Jamnagar (Sikka) marine terminal,1157.8,False,False,2,,False
419711125,DEVAANNAI NET5(99%,IND,india_mangalore_dec2025_jan2026,2025-12-15 10:00:00+00:00,2025-12-15 19:00:00+00:00,9.0,6,0.6,13.36667,74.54667,1.989,ordinary,open_water,Jamnagar (Sikka) marine terminal,1129.5,False,False,2,,False
419711125,DEVAANNAI NET5(99%,IND,india_mangalore_dec2025_jan2026,2025-12-16 06:00:00+00:00,2025-12-16 15:00:00+00:00,9.0,7,0.7,13.36714,74.54715,2.018,ordinary,open_water,Jamnagar (Sikka) marine terminal,1129.48,False,False,2,,False
419711125,DEVAANNAI NET5(99%,IND,india_mangalore_dec2025_jan2026,2025-12-17 10:00:00+00:00,2025-12-17 19:00:00+00:00,9.0,10,1.0,13.667,74.386,1.013,ordinary,open_water,Jamnagar (Sikka) marine terminal,1091.87,False,False,2,,False
419731184,VINNARASI NET 3N_78%,IND,india_mangalore_dec2025_jan2026,2026-01-14 14:00:00+00:00,2026-01-14 23:00:00+00:00,9.0,7,0.7,13.72571,74.44857,3.005,ordinary,open_water,Jamnagar (Sikka) marine terminal,1089.02,False,False,2,,False
419731779,PAYANAMATHA NET1_99%,IND,india_mangalore_dec2025_jan2026,2025-12-12 11:00:00+00:00,2025-12-12 20:00:00+00:00,9.0,10,1.0,12.119,74.986,4.88,ordinary,open_water,Jamnagar (Sikka) marine terminal,1275.17,False,False,2,,False
419731779,PAYANAMATHA NET1_99%,IND,india_mangalore_dec2025_jan2026,2025-12-17 23:00:00+00:00,2025-12-18 08:00:00+00:00,9.0,10,1.0,12.625,74.753,1.833,ordinary,open_water,Jamnagar (Sikka) marine terminal,1213.49,False,False,2,,False
419731779,PAYANAMATHA NET1_99%,IND,india_mangalore_dec2025_jan2026,2026-01-12 07:00:00+00:00,2026-01-12 16:00:00+00:00,9.0,7,0.7,12.22857,74.94857,2.265,ordinary,open_water,Jamnagar (Sikka) marine terminal,1262.42,False,False,2,,False
419740044,KREUPASANAM NET1_84%,IND,india_mangalore_dec2025_jan2026,2025-12-15 11:00:00+00:00,2025-12-15 20:00:00+00:00,9.0,7,0.7,13.33714,74.45428,3.054,ordinary,open_water,Jamnagar (Sikka) marine terminal,1128.08,False,False,2,,False
419740046,BETHLEHEM NET 2_99%,IND,india_mangalore_dec2025_jan2026,2025-12-10 12:00:00+00:00,2025-12-10 21:00:00+00:00,9.0,6,0.6,12.13333,75.00167,4.708,ordinary,open_water,Jamnagar (Sikka) marine terminal,1274.46,False,False,2,,False
419740046,BETHLEHEM NET 2_99%,IND,india_mangalore_dec2025_jan2026,2025-12-14 13:00:00+00:00,2025-12-14 22:00:00+00:00,9.0,9,0.9,12.16778,75.00222,4.879,ordinary,open_water,Jamnagar (Sikka) marine terminal,1271.03,False,False,2,,False
419740046,BETHLEHEM NET 2_99%,IND,india_mangalore_dec2025_jan2026,2025-12-18 11:00:00+00:00,2025-12-18 20:00:00+00:00,9.0,10,1.0,12.491,74.827,4.403,ordinary,open_water,Jamnagar (Sikka) marine terminal,1230.39,False,False,2,,False
419740050,Y.M.V NET 3_90%,IND,india_mangalore_dec2025_jan2026,2025-12-01 13:00:00+00:00,2025-12-01 22:00:00+00:00,9.0,7,0.7,12.81286,74.02857,1.705,ordinary,open_water,Jamnagar (Sikka) marine terminal,1162.5,False,False,2,,False
419740100,Y M V NET 1_93%,IND,india_mangalore_dec2025_jan2026,2025-12-16 11:00:00+00:00,2025-12-16 20:00:00+00:00,9.0,8,0.8,13.54875,74.3625,2.102,ordinary,open_water,Jamnagar (Sikka) marine terminal,1102.58,False,False,2,,False
419740112,MOTHER NET 1_82%,IND,india_mangalore_dec2025_jan2026,2025-12-13 10:00:00+00:00,2025-12-13 19:00:00+00:00,9.0,10,1.0,13.296,74.58,0.667,ordinary,open_water,Jamnagar (Sikka) marine terminal,1138.14,False,False,2,,False
419740307,AMMA NET 1_93%,IND,india_mangalore_dec2025_jan2026,2025-12-11 11:00:00+00:00,2025-12-11 20:00:00+00:00,9.0,9,0.9,13.58444,74.50333,3.97,ordinary,open_water,Jamnagar (Sikka) marine terminal,1105.72,False,False,2,,False
419740308,PRAMMA NET 1_99%,IND,india_mangalore_dec2025_jan2026,2025-12-11 08:00:00+00:00,2025-12-11 17:00:00+00:00,9.0,10,1.0,13.638,74.536,1.484,ordinary,open_water,Jamnagar (Sikka) marine terminal,1101.98,False,False,2,,False
419740325,ESHOMARIYAM NET1_99%,IND,india_mangalore_dec2025_jan2026,2025-12-06 15:00:00+00:00,2025-12-07 00:00:00+00:00,9.0,10,1.0,12.134,74.461,4.178,ordinary,open_water,Jamnagar (Sikka) marine terminal,1250.28,False,False,2,,False
419783897,MAJUMATHA NET2(99%,IND,india_mangalore_dec2025_jan2026,2026-01-07 10:00:00+00:00,2026-01-07 19:00:00+00:00,9.0,5,0.5,13.22,74.618,2.575,ordinary,open_water,Jamnagar (Sikka) marine terminal,1147.54,False,False,2,,False
419789305,ROSARIO NET188%,IND,india_mangalore_dec2025_jan2026,2025-12-18 13:00:00+00:00,2025-12-18 22:00:00+00:00,9.0,10,1.0,12.025,75.102,1.682,ordinary,open_water,Jamnagar (Sikka) marine terminal,1290.03,False,False,2,,False
419789351,JERO NET299%,IND,india_mangalore_dec2025_jan2026,2025-12-13 04:00:00+00:00,2025-12-13 13:00:00+00:00,9.0,8,0.8,12.7825,73.8375,3.561,ordinary,open_water,Jamnagar (Sikka) marine terminal,1157.87,False,False,2,,False
419815750,FRANSICAZIZINET1(99%,IND,india_mangalore_dec2025_jan2026,2025-12-18 11:00:00+00:00,2025-12-18 20:00:00+00:00,9.0,7,0.7,12.35,74.89,4.448,ordinary,open_water,Jamnagar (Sikka) marine terminal,1247.49,False,False,2,,False
419824293,KREUPASANAMATHA BOAT,IND,india_mangalore_dec2025_jan2026,2025-12-14 09:00:00+00:00,2025-12-14 18:00:00+00:00,9.0,10,1.0,13.259,74.469,4.662,ordinary,open_water,Jamnagar (Sikka) marine terminal,1136.61,False,False,2,,False
419826092,ROSA MISTICA,IND,india_mangalore_dec2025_jan2026,2026-01-10 10:00:00+00:00,2026-01-10 19:00:00+00:00,9.0,8,0.8,12.31,74.94125,3.469,ordinary,open_water,Jamnagar (Sikka) marine terminal,1253.9,False,False,2,,False
419826119,JESUS SAMATHANAM,IND,india_mangalore_dec2025_jan2026,2025-12-08 06:00:00+00:00,2025-12-08 15:00:00+00:00,9.0,9,0.9,13.36222,73.95222,4.284,ordinary,open_water,Jamnagar (Sikka) marine terminal,1103.02,False,False,2,,False
419826367,MANIKYA BOAT,IND,india_mangalore_dec2025_jan2026,2025-12-18 10:00:00+00:00,2025-12-18 19:00:00+00:00,9.0,7,0.7,13.66143,74.53714,1.859,ordinary,open_water,Jamnagar (Sikka) marine terminal,1099.71,False,False,2,,False
419886108,SREERAGINI NET3(99%,IND,india_mangalore_dec2025_jan2026,2025-12-17 10:00:00+00:00,2025-12-17 19:00:00+00:00,9.0,10,1.0,13.784,74.389,1.269,ordinary,open_water,Jamnagar (Sikka) marine terminal,1080.35,False,False,2,,False
419902239,,IND,india_mangalore_dec2025_jan2026,2026-01-12 06:00:00+00:00,2026-01-12 15:00:00+00:00,9.0,10,1.0,13.34,73.88,0.0,ordinary,open_water,Jamnagar (Sikka) marine terminal,1102.22,False,False,2,,False
419902332,,IND,india_mangalore_dec2025_jan2026,2025-12-18 11:00:00+00:00,2025-12-18 20:00:00+00:00,9.0,9,0.9,13.37444,73.88333,0.95,ordinary,open_water,Jamnagar (Sikka) marine terminal,1098.84,False,False,2,,False
419902332,,IND,india_mangalore_dec2025_jan2026,2025-12-26 00:00:00+00:00,2025-12-26 09:00:00+00:00,9.0,7,0.7,12.80714,74.30428,2.976,ordinary,open_water,Jamnagar (Sikka) marine terminal,1174.83,False,False,2,,False
419902386,,IND,india_mangalore_dec2025_jan2026,2025-12-26 09:00:00+00:00,2025-12-26 18:00:00+00:00,9.0,5,0.5,12.902,74.31,0.89,ordinary,open_water,Jamnagar (Sikka) marine terminal,1165.44,False,False,2,,False
419902386,,IND,india_mangalore_dec2025_jan2026,2025-12-27 10:00:00+00:00,2025-12-27 19:00:00+00:00,9.0,8,0.8,12.90125,74.3025,2.131,ordinary,open_water,Jamnagar (Sikka) marine terminal,1165.19,False,False,2,,False
419905558,SAMSON,IND,india_mangalore_dec2025_jan2026,2025-12-08 04:00:00+00:00,2025-12-08 13:00:00+00:00,9.0,6,0.6,12.67333,74.00167,4.815,ordinary,open_water,Jamnagar (Sikka) marine terminal,1175.75,False,False,2,,False
419908651,JABAMALAI MATHA BOAT,IND,india_mangalore_dec2025_jan2026,2025-12-13 07:00:00+00:00,2025-12-13 16:00:00+00:00,9.0,6,0.6,12.61667,73.91833,4.081,ordinary,open_water,Jamnagar (Sikka) marine terminal,1178.24,False,False,2,,False
419911777,AACHARIYAMATHA BOAT,IND,india_mangalore_dec2025_jan2026,2025-12-14 11:00:00+00:00,2025-12-14 20:00:00+00:00,9.0,9,0.9,12.35,74.07333,4.463,ordinary,open_water,Jamnagar (Sikka) marine terminal,1212.01,False,False,2,,False
419912956,MIRANSH  NET BOAT,IND,india_mangalore_dec2025_jan2026,2025-12-07 20:00:00+00:00,2025-12-08 05:00:00+00:00,9.0,6,0.6,12.90667,73.84,3.574,ordinary,open_water,Jamnagar (Sikka) marine terminal,1145.13,False,False,2,,False
419912968,AL  AQSA,IND,india_mangalore_dec2025_jan2026,2025-12-09 09:00:00+00:00,2025-12-09 18:00:00+00:00,9.0,10,1.0,12.868,74.292,1.242,ordinary,open_water,Jamnagar (Sikka) marine terminal,1168.11,False,False,2,,False
419950103,VIKRAM,IND,india_mangalore_dec2025_jan2026,2025-12-18 12:00:00+00:00,2025-12-18 21:00:00+00:00,9.0,7,0.7,12.01714,74.85429,2.459,ordinary,open_water,Jamnagar (Sikka) marine terminal,1279.42,False,False,2,,False
419950286,RUDRA PRAYAG,IND,india_mangalore_dec2025_jan2026,2025-12-10 13:00:00+00:00,2025-12-10 22:00:00+00:00,9.0,9,0.9,12.89778,74.63444,1.895,ordinary,open_water,Jamnagar (Sikka) marine terminal,1180.58,False,False,2,,False
419950286,RUDRA PRAYAG,IND,india_mangalore_dec2025_jan2026,2026-01-11 08:00:00+00:00,2026-01-11 17:00:00+00:00,9.0,10,1.0,12.977,74.744,4.825,ordinary,open_water,Jamnagar (Sikka) marine terminal,1177.81,False,False,2,,False
419950383,AFEEF,IND,india_mangalore_dec2025_jan2026,2026-01-02 14:00:00+00:00,2026-01-02 23:00:00+00:00,9.0,10,1.0,12.88,74.63,0.0,ordinary,open_water,Jamnagar (Sikka) marine terminal,1182.15,False,False,2,,False
419950450,AL`MUQEET,IND,india_mangalore_dec2025_jan2026,2025-12-04 13:00:00+00:00,2025-12-04 22:00:00+00:00,9.0,8,0.8,13.35,74.55125,0.946,ordinary,open_water,Jamnagar (Sikka) marine terminal,1131.38,False,False,2,,False
419950474,NAMAN NEHA,IND,india_mangalore_dec2025_jan2026,2025-12-22 11:00:00+00:00,2025-12-22 20:00:00+00:00,9.0,8,0.8,12.18625,74.69875,2.807,ordinary,open_water,Jamnagar (Sikka) marine terminal,1255.32,False,False,2,,False
419950489,SHUBHAM,IND,india_mangalore_dec2025_jan2026,2025-12-08 12:00:00+00:00,2025-12-08 21:00:00+00:00,9.0,6,0.6,12.86833,74.42,1.297,ordinary,open_water,Jamnagar (Sikka) marine terminal,1173.74,False,False,2,,False
419950489,SHUBHAM,IND,india_mangalore_dec2025_jan2026,2025-12-22 21:00:00+00:00,2025-12-23 06:00:00+00:00,9.0,4,0.4,12.705,74.4825,1.856,ordinary,open_water,Jamnagar (Sikka) marine terminal,1193.08,False,False,2,,False
419950506,SAGAR HITHESH 1,IND,india_mangalore_dec2025_jan2026,2025-12-04 11:00:00+00:00,2025-12-04 20:00:00+00:00,9.0,4,0.4,12.85,74.82,2.168,ordinary,open_water,Jamnagar (Sikka) marine terminal,1194.12,False,False,2,,False
419950529,MAZDOOR,IND,india_mangalore_dec2025_jan2026,2025-12-05 14:00:00+00:00,2025-12-05 23:00:00+00:00,9.0,10,1.0,13.056,74.695,4.894,ordinary,open_water,Jamnagar (Sikka) marine terminal,1167.59,False,False,2,,False
419950536,SOURABH 3,IND,india_mangalore_dec2025_jan2026,2025-12-22 12:00:00+00:00,2025-12-22 21:00:00+00:00,9.0,9,0.9,12.26,74.52,0.0,ordinary,open_water,Jamnagar (Sikka) marine terminal,1239.96,False,False,2,,False
419950626,ZAID,IND,india_mangalore_dec2025_jan2026,2025-12-02 15:00:00+00:00,2025-12-03 00:00:00+00:00,9.0,10,1.0,13.013,74.619,2.127,ordinary,open_water,Jamnagar (Sikka) marine terminal,1168.29,False,False,2,,False
419950662,HANSH 2,IND,india_mangalore_dec2025_jan2026,2025-12-08 15:00:00+00:00,2025-12-09 00:00:00+00:00,9.0,9,0.9,13.13556,74.49333,4.896,ordinary,open_water,Jamnagar (Sikka) marine terminal,1150.13,False,False,2,,False
419950705,MIQATH,IND,india_mangalore_dec2025_jan2026,2025-12-21 20:00:00+00:00,2025-12-22 05:00:00+00:00,9.0,3,0.3,12.74,74.12333,1.326,ordinary,open_water,Jamnagar (Sikka) marine terminal,1173.94,False,False,2,,False
419951255,SHRI  KOTESHWARA,IND,india_mangalore_dec2025_jan2026,2025-12-09 14:00:00+00:00,2025-12-09 23:00:00+00:00,9.0,5,0.5,12.936,74.49,1.897,ordinary,open_water,Jamnagar (Sikka) marine terminal,1170.07,False,False,2,,False
419951255,SHRI  KOTESHWARA,IND,india_mangalore_dec2025_jan2026,2025-12-17 21:00:00+00:00,2025-12-18 06:00:00+00:00,9.0,6,0.6,12.94667,74.465,1.668,ordinary,open_water,Jamnagar (Sikka) marine terminal,1167.86,False,False,2,,False
419951259,HITAISHI SAGAR,IND,india_mangalore_dec2025_jan2026,2025-12-02 04:00:00+00:00,2025-12-02 13:00:00+00:00,9.0,6,0.6,12.19,74.52166,4.54,ordinary,open_water,Jamnagar (Sikka) marine terminal,1247.17,False,False,2,,False
419951259,HITAISHI SAGAR,IND,india_mangalore_dec2025_jan2026,2025-12-18 09:00:00+00:00,2025-12-18 18:00:00+00:00,9.0,6,0.6,12.2,74.46667,4.803,ordinary,open_water,Jamnagar (Sikka) marine terminal,1243.78,False,False,2,,False
419951310,SAIFULLAH,IND,india_mangalore_dec2025_jan2026,2025-12-19 05:00:00+00:00,2025-12-19 14:00:00+00:00,9.0,5,0.5,12.16,74.474,3.762,ordinary,open_water,Jamnagar (Sikka) marine terminal,1248.18,False,False,2,,False
419951322,SRI DURGAMBA,IND,india_mangalore_dec2025_jan2026,2025-12-19 05:00:00+00:00,2025-12-19 14:00:00+00:00,9.0,5,0.5,12.17,74.478,4.516,ordinary,open_water,Jamnagar (Sikka) marine terminal,1247.33,False,False,2,,False
419951325,DARIA DAULATH,IND,india_mangalore_dec2025_jan2026,2025-12-08 14:00:00+00:00,2025-12-08 23:00:00+00:00,9.0,8,0.8,12.5875,74.66375,4.389,ordinary,open_water,Jamnagar (Sikka) marine terminal,1213.15,False,False,2,,False
419951374,JOHN ANTONY 2,IND,india_mangalore_dec2025_jan2026,2025-12-03 14:00:00+00:00,2025-12-03 23:00:00+00:00,9.0,10,1.0,12.83,74.671,0.976,ordinary,open_water,Jamnagar (Sikka) marine terminal,1189.08,False,False,2,,False
419951415,GOLD STONE,IND,india_mangalore_dec2025_jan2026,2025-12-10 15:00:00+00:00,2025-12-11 00:00:00+00:00,9.0,9,0.9,12.87333,74.65222,3.536,ordinary,open_water,Jamnagar (Sikka) marine terminal,1183.86,False,False,2,,False
419951473,THIRANGA,IND,india_mangalore_dec2025_jan2026,2025-12-14 12:00:00+00:00,2025-12-14 21:00:00+00:00,9.0,4,0.4,12.985,74.155,1.754,ordinary,open_water,Jamnagar (Sikka) marine terminal,1150.23,False,False,2,,False
419951499,NAMAN III,IND,india_mangalore_dec2025_jan2026,2025-12-17 13:00:00+00:00,2025-12-17 22:00:00+00:00,9.0,9,0.9,13.04111,73.92889,1.38,ordinary,open_water,Jamnagar (Sikka) marine terminal,1134.92,False,False,2,,False
419951502,SEA LINE,IND,india_mangalore_dec2025_jan2026,2025-12-21 14:00:00+00:00,2025-12-21 23:00:00+00:00,9.0,5,0.5,13.318,74.57,0.89,ordinary,open_water,Jamnagar (Sikka) marine terminal,1135.47,False,False,2,,False
419951502,SEA LINE,IND,india_mangalore_dec2025_jan2026,2025-12-31 02:00:00+00:00,2025-12-31 11:00:00+00:00,9.0,10,1.0,12.984,74.75,4.147,ordinary,open_water,Jamnagar (Sikka) marine terminal,1177.4,False,False,2,,False
419954541,SAGAR SUNAYA,IND,india_mangalore_dec2025_jan2026,2025-12-01 14:00:00+00:00,2025-12-01 23:00:00+00:00,9.0,5,0.5,13.192,74.632,4.847,ordinary,open_water,Jamnagar (Sikka) marine terminal,1151.0,False,False,2,,False
419956204,BLUE DAIMOND,IND,india_mangalore_dec2025_jan2026,2025-12-13 09:00:00+00:00,2025-12-13 18:00:00+00:00,9.0,10,1.0,12.86,74.23,0.0,ordinary,open_water,Jamnagar (Sikka) marine terminal,1166.22,False,False,2,,False
419956742,PRAISETHELORDNET299%,IND,india_mangalore_dec2025_jan2026,2025-12-08 12:00:00+00:00,2025-12-08 21:00:00+00:00,9.0,10,1.0,13.175,74.538,4.103,ordinary,open_water,Jamnagar (Sikka) marine terminal,1148.26,False,False,2,,False
419957166,GANESH KRIPA,IND,india_mangalore_dec2025_jan2026,2026-01-06 14:00:00+00:00,2026-01-06 23:00:00+00:00,9.0,10,1.0,12.599,74.384,2.824,ordinary,open_water,Jamnagar (Sikka) marine terminal,1199.5,False,False,2,,False
419957166,GANESH KRIPA,IND,india_mangalore_dec2025_jan2026,2026-01-07 11:00:00+00:00,2026-01-07 20:00:00+00:00,9.0,10,1.0,12.603,74.386,1.707,ordinary,open_water,Jamnagar (Sikka) marine terminal,1199.18,False,False,2,,False
419957303,SHRI PANCHAMI,IND,india_mangalore_dec2025_jan2026,2025-12-17 13:00:00+00:00,2025-12-17 22:00:00+00:00,9.0,7,0.7,13.09,74.15714,4.022,ordinary,open_water,Jamnagar (Sikka) marine terminal,1139.62,False,False,2,,False
538090720,BLUEBIRD ARROW,MHL,india_mangalore_dec2025_jan2026,2025-12-27 23:00:00+00:00,2025-12-28 08:00:00+00:00,9.0,10,1.0,12.95,74.66,0.0,ordinary,open_water,Jamnagar (Sikka) marine terminal,1176.53,False,False,2,,False
636020930,MSC PATNAREE III,LBR,india_mangalore_dec2025_jan2026,2025-12-03 08:00:00+00:00,2025-12-03 17:00:00+00:00,9.0,10,1.0,12.929,74.805,4.978,ordinary,open_water,Jamnagar (Sikka) marine terminal,1185.52,False,False,2,,False
636022938,W-EMERALD,LBR,india_mangalore_dec2025_jan2026,2025-12-15 03:00:00+00:00,2025-12-15 12:00:00+00:00,9.0,8,0.8,12.93,74.62875,3.387,ordinary,open_water,Jamnagar (Sikka) marine terminal,1177.08,False,False,2,,False
636024286,STAR SINGAPORE,LBR,india_mangalore_dec2025_jan2026,2026-01-09 12:00:00+00:00,2026-01-09 21:00:00+00:00,9.0,9,0.9,12.93,74.82,0.0,ordinary,open_water,Jamnagar (Sikka) marine terminal,1186.14,False,False,2,,False
9131448,ONWA31448,,india_mangalore_dec2025_jan2026,2025-12-25 15:00:00+00:00,2025-12-25 23:00:00+00:00,8.0,6,0.667,12.91,74.19167,0.903,ordinary,open_water,Jamnagar (Sikka) marine terminal,1159.46,False,False,2,,False
413355370,NING HAI TUO 5001,CHN,india_mangalore_dec2025_jan2026,2026-01-04 16:00:00+00:00,2026-01-05 00:00:00+00:00,8.0,9,1.0,12.51,73.97444,2.654,ordinary,open_water,Jamnagar (Sikka) marine terminal,1191.51,False,False,2,,False
419000103,SWARNA MALA,IND,india_mangalore_dec2025_jan2026,2026-01-06 05:00:00+00:00,2026-01-06 13:00:00+00:00,8.0,9,1.0,12.92,74.81,0.0,ordinary,open_water,Jamnagar (Sikka) marine terminal,1186.65,False,False,2,,False
419000117,DOLPHIN NO.2,IND,india_mangalore_dec2025_jan2026,2026-01-09 07:00:00+00:00,2026-01-09 15:00:00+00:00,8.0,5,0.556,12.926,74.81,0.667,ordinary,open_water,Jamnagar (Sikka) marine terminal,1186.06,False,False,2,,False
419000633,SAMUDRA RATNAKAR,IND,india_mangalore_dec2025_jan2026,2025-12-09 21:00:00+00:00,2025-12-10 05:00:00+00:00,8.0,9,1.0,12.96889,74.68222,2.165,ordinary,open_water,Jamnagar (Sikka) marine terminal,1175.69,False,False,2,,False
419000970,SSL GUJARAT,IND,india_mangalore_dec2025_jan2026,2025-12-01 00:00:00+00:00,2025-12-01 08:00:00+00:00,8.0,9,1.0,12.95,74.66,0.0,ordinary,open_water,Jamnagar (Sikka) marine terminal,1176.53,False,False,2,,False
419001654,KAVIRAJ,IND,india_mangalore_dec2025_jan2026,2025-12-03 01:00:00+00:00,2025-12-03 09:00:00+00:00,8.0,9,1.0,12.92,74.68556,4.817,ordinary,open_water,Jamnagar (Sikka) marine terminal,1180.74,False,False,2,,False
419001654,KAVIRAJ,IND,india_mangalore_dec2025_jan2026,2025-12-08 04:00:00+00:00,2025-12-08 12:00:00+00:00,8.0,8,0.889,12.90125,74.65375,3.007,ordinary,open_water,Jamnagar (Sikka) marine terminal,1181.13,False,False,2,,False
419001902,BURAQ 11,IND,india_mangalore_dec2025_jan2026,2025-12-18 00:00:00+00:00,2025-12-18 08:00:00+00:00,8.0,9,1.0,12.91,74.65445,4.817,ordinary,open_water,Jamnagar (Sikka) marine terminal,1180.28,False,False,2,,False
419001902,BURAQ 11,IND,india_mangalore_dec2025_jan2026,2026-01-14 15:00:00+00:00,2026-01-14 23:00:00+00:00,8.0,9,1.0,12.91333,74.67111,2.726,ordinary,open_water,Jamnagar (Sikka) marine terminal,1180.73,False,False,2,,False
419001984,,IND,india_mangalore_dec2025_jan2026,2025-12-31 11:00:00+00:00,2025-12-31 19:00:00+00:00,8.0,9,1.0,12.93444,74.81333,4.964,ordinary,open_water,Jamnagar (Sikka) marine terminal,1185.38,False,False,2,,False
419008930,,IND,india_mangalore_dec2025_jan2026,2026-01-05 11:00:00+00:00,2026-01-05 19:00:00+00:00,8.0,4,0.444,12.98,74.69,2.224,ordinary,open_water,Jamnagar (Sikka) marine terminal,1174.94,False,False,2,,False
419010431,MOTHERMARY NET498%,IND,india_mangalore_dec2025_jan2026,2025-12-06 15:00:00+00:00,2025-12-06 23:00:00+00:00,8.0,9,1.0,12.11889,74.51,4.699,ordinary,open_water,Jamnagar (Sikka) marine terminal,1253.92,False,False,2,,False
419011090,MAHATHVAM NET BOAT,IND,india_mangalore_dec2025_jan2026,2026-01-10 10:00:00+00:00,2026-01-10 18:00:00+00:00,8.0,6,0.667,12.10667,73.88667,4.253,ordinary,open_water,Jamnagar (Sikka) marine terminal,1229.93,False,False,2,,False
419012060,RENJITH NET 1_87%,IND,india_mangalore_dec2025_jan2026,2025-12-02 12:00:00+00:00,2025-12-02 20:00:00+00:00,8.0,5,0.556,12.266,74.404,4.864,ordinary,open_water,Jamnagar (Sikka) marine terminal,1234.35,False,False,2,,False
419031099,ST ANTONY NET1_89%,IND,india_mangalore_dec2025_jan2026,2025-12-12 12:00:00+00:00,2025-12-12 20:00:00+00:00,8.0,9,1.0,12.20222,74.89111,4.793,ordinary,open_water,Jamnagar (Sikka) marine terminal,1262.41,False,False,2,,False
419031099,ST ANTONY NET1_89%,IND,india_mangalore_dec2025_jan2026,2025-12-13 11:00:00+00:00,2025-12-13 19:00:00+00:00,8.0,4,0.444,12.1775,74.8825,4.583,ordinary,open_water,Jamnagar (Sikka) marine terminal,1264.51,False,False,2,,False
419031099,ST ANTONY NET1_89%,IND,india_mangalore_dec2025_jan2026,2026-01-06 14:00:00+00:00,2026-01-06 22:00:00+00:00,8.0,5,0.556,12.222,74.996,1.953,ordinary,open_water,Jamnagar (Sikka) marine terminal,1265.29,False,False,2,,False
419050146,NEHEMIA NET-1_94%,IND,india_mangalore_dec2025_jan2026,2025-12-12 07:00:00+00:00,2025-12-12 15:00:00+00:00,8.0,8,0.889,12.7975,73.89875,3.736,ordinary,open_water,Jamnagar (Sikka) marine terminal,1158.77,False,False,2,,False
419050590,MAGIMAI MATHA-1_83%,IND,india_mangalore_dec2025_jan2026,2026-01-12 08:00:00+00:00,2026-01-12 16:00:00+00:00,8.0,9,1.0,13.62778,74.47667,3.53,ordinary,open_water,Jamnagar (Sikka) marine terminal,1100.12,False,False,2,,False
419059778,BIBLE NET 3-99%,IND,india_mangalore_dec2025_jan2026,2025-12-18 20:00:00+00:00,2025-12-19 04:00:00+00:00,8.0,7,0.778,12.42571,74.75429,4.725,ordinary,open_water,Jamnagar (Sikka) marine terminal,1233.61,False,False,2,,False
419060955,DEVAMATHA NET6_99%,IND,india_mangalore_dec2025_jan2026,2025-12-18 03:00:00+00:00,2025-12-18 11:00:00+00:00,8.0,8,0.889,13.34,74.71,0.0,ordinary,open_water,Jamnagar (Sikka) marine terminal,1140.04,False,False,2,,False
419064304,SMIL NET-6_99%,IND,india_mangalore_dec2025_jan2026,2025-12-15 03:00:00+00:00,2025-12-15 11:00:00+00:00,8.0,6,0.667,13.275,74.52,3.523,ordinary,open_water,Jamnagar (Sikka) marine terminal,1137.4,False,False,2,,False
419064304,SMIL NET-6_99%,IND,india_mangalore_dec2025_jan2026,2025-12-15 12:00:00+00:00,2025-12-15 20:00:00+00:00,8.0,6,0.667,13.23667,74.55333,3.977,ordinary,open_water,Jamnagar (Sikka) marine terminal,1142.81,False,False,2,,False
419064387,SMIL NET-4_86%,IND,india_mangalore_dec2025_jan2026,2025-12-16 12:00:00+00:00,2025-12-16 20:00:00+00:00,8.0,8,0.889,13.29,74.53,2.224,ordinary,open_water,Jamnagar (Sikka) marine terminal,1136.37,False,False,2,,False
419070067,ROSA MYSTICA 1_84%,IND,india_mangalore_dec2025_jan2026,2025-12-11 10:00:00+00:00,2025-12-11 18:00:00+00:00,8.0,9,1.0,12.70111,74.69222,4.649,ordinary,open_water,Jamnagar (Sikka) marine terminal,1203.02,False,False,2,,False
419070067,ROSA MYSTICA 1_84%,IND,india_mangalore_dec2025_jan2026,2025-12-21 15:00:00+00:00,2025-12-21 23:00:00+00:00,8.0,9,1.0,12.64889,74.75778,4.079,ordinary,open_water,Jamnagar (Sikka) marine terminal,1211.31,False,False,2,,False
419070067,ROSA MYSTICA 1_84%,IND,india_mangalore_dec2025_jan2026,2026-01-12 07:00:00+00:00,2026-01-12 15:00:00+00:00,8.0,8,0.889,12.345,74.93125,1.92,ordinary,open_water,Jamnagar (Sikka) marine terminal,1249.92,False,False,2,,False
419070611,UK SENSE NET_1_51%,IND,india_mangalore_dec2025_jan2026,2026-01-05 10:00:00+00:00,2026-01-05 18:00:00+00:00,8.0,9,1.0,13.21222,74.62333,4.262,ordinary,open_water,Jamnagar (Sikka) marine terminal,1148.57,False,False,2,,False
419070611,UK SENSE NET_1_51%,IND,india_mangalore_dec2025_jan2026,2026-01-06 11:00:00+00:00,2026-01-06 19:00:00+00:00,8.0,9,1.0,13.21111,74.62666,3.478,ordinary,open_water,Jamnagar (Sikka) marine terminal,1148.84,False,False,2,,False
419071224,HALLELUJAH NET4_99%,IND,india_mangalore_dec2025_jan2026,2025-12-14 12:00:00+00:00,2025-12-14 20:00:00+00:00,8.0,8,0.889,13.535,74.4275,1.855,ordinary,open_water,Jamnagar (Sikka) marine terminal,1107.02,False,False,2,,False
419071224,HALLELUJAH NET4_99%,IND,india_mangalore_dec2025_jan2026,2025-12-15 12:00:00+00:00,2025-12-15 20:00:00+00:00,8.0,8,0.889,13.3525,74.4375,3.07,ordinary,open_water,Jamnagar (Sikka) marine terminal,1125.76,False,False,2,,False
419071224,HALLELUJAH NET4_99%,IND,india_mangalore_dec2025_jan2026,2025-12-16 12:00:00+00:00,2025-12-16 20:00:00+00:00,8.0,9,1.0,13.34444,74.42778,1.813,ordinary,open_water,Jamnagar (Sikka) marine terminal,1126.11,False,False,2,,False
419078906,JERO NET1(97%,IND,india_mangalore_dec2025_jan2026,2025-12-10 12:00:00+00:00,2025-12-10 20:00:00+00:00,8.0,7,0.778,13.38429,74.43,2.859,ordinary,open_water,Jamnagar (Sikka) marine terminal,1122.22,False,False,2,,False
419080338,THEVALAYAM NET 1_99%,IND,india_mangalore_dec2025_jan2026,2026-01-07 09:00:00+00:00,2026-01-07 17:00:00+00:00,8.0,5,0.556,12.072,75.018,4.314,ordinary,open_water,Jamnagar (Sikka) marine terminal,1281.38,False,False,2,,False
419080338,THEVALAYAM NET 1_99%,IND,india_mangalore_dec2025_jan2026,2026-01-08 16:00:00+00:00,2026-01-09 00:00:00+00:00,8.0,5,0.556,12.172,74.978,4.354,ordinary,open_water,Jamnagar (Sikka) marine terminal,1269.47,False,False,2,,False
419080855,JERO NET 8-88%,IND,india_mangalore_dec2025_jan2026,2025-12-10 11:00:00+00:00,2025-12-10 19:00:00+00:00,8.0,9,1.0,13.34889,74.43222,2.694,ordinary,open_water,Jamnagar (Sikka) marine terminal,1125.87,False,False,2,,False
419080855,JERO NET 8-88%,IND,india_mangalore_dec2025_jan2026,2025-12-16 03:00:00+00:00,2025-12-16 11:00:00+00:00,8.0,7,0.778,13.31857,74.33857,4.876,ordinary,open_water,Jamnagar (Sikka) marine terminal,1124.59,False,False,2,,False
419080855,JERO NET 8-88%,IND,india_mangalore_dec2025_jan2026,2026-01-11 20:00:00+00:00,2026-01-12 04:00:00+00:00,8.0,8,0.889,12.74125,74.02,4.813,ordinary,open_water,Jamnagar (Sikka) marine terminal,1169.51,False,False,2,,False
419080855,JERO NET 8-88%,IND,india_mangalore_dec2025_jan2026,2026-01-13 12:00:00+00:00,2026-01-13 20:00:00+00:00,8.0,5,0.556,12.742,73.956,4.2,ordinary,open_water,Jamnagar (Sikka) marine terminal,1166.82,False,False,2,,False
419080949,JEBAMALAI M NET2_99%,IND,india_mangalore_dec2025_jan2026,2025-12-12 06:00:00+00:00,2025-12-12 14:00:00+00:00,8.0,5,0.556,12.082,74.23,3.113,ordinary,open_water,Jamnagar (Sikka) marine terminal,1246.01,False,False,2,,False
419081064,GAGULTHA NET-699%,IND,india_mangalore_dec2025_jan2026,2025-12-01 11:00:00+00:00,2025-12-01 19:00:00+00:00,8.0,6,0.667,12.41,74.01167,0.904,ordinary,open_water,Jamnagar (Sikka) marine terminal,1203.33,False,False,2,,False
419081064,GAGULTHA NET-699%,IND,india_mangalore_dec2025_jan2026,2025-12-12 11:00:00+00:00,2025-12-12 19:00:00+00:00,8.0,9,1.0,13.49111,74.44222,4.405,ordinary,open_water,Jamnagar (Sikka) marine terminal,1112.11,False,False,2,,False
419081064,GAGULTHA NET-699%,IND,india_mangalore_dec2025_jan2026,2026-01-09 11:00:00+00:00,2026-01-09 19:00:00+00:00,8.0,8,0.889,12.025,74.1275,4.497,ordinary,open_water,Jamnagar (Sikka) marine terminal,1247.78,False,False,2,,False
419081116,SHALOOM NET 1-99%,IND,india_mangalore_dec2025_jan2026,2026-01-06 11:00:00+00:00,2026-01-06 19:00:00+00:00,8.0,9,1.0,13.46333,74.55333,4.872,ordinary,open_water,Jamnagar (Sikka) marine terminal,1120.18,False,False,2,,False
419081144,GAGULTHA NET-199%,IND,india_mangalore_dec2025_jan2026,2025-12-02 17:00:00+00:00,2025-12-03 01:00:00+00:00,8.0,9,1.0,12.10667,74.41556,3.097,ordinary,open_water,Jamnagar (Sikka) marine terminal,1251.16,False,False,2,,False
419081323,JERO NET 6-88%,IND,india_mangalore_dec2025_jan2026,2025-12-14 11:00:00+00:00,2025-12-14 19:00:00+00:00,8.0,9,1.0,13.27444,74.3,1.937,ordinary,open_water,Jamnagar (Sikka) marine terminal,1127.28,False,False,2,,False
419081323,JERO NET 6-88%,IND,india_mangalore_dec2025_jan2026,2026-01-07 11:00:00+00:00,2026-01-07 19:00:00+00:00,8.0,9,1.0,12.82,73.84778,4.527,ordinary,open_water,Jamnagar (Sikka) marine terminal,1154.4,False,False,2,,False
419081326,JERO NET 7-99%,IND,india_mangalore_dec2025_jan2026,2025-12-09 11:00:00+00:00,2025-12-09 19:00:00+00:00,8.0,8,0.889,13.37375,74.4275,4.112,ordinary,open_water,Jamnagar (Sikka) marine terminal,1123.16,False,False,2,,False
419081326,JERO NET 7-99%,IND,india_mangalore_dec2025_jan2026,2025-12-10 11:00:00+00:00,2025-12-10 19:00:00+00:00,8.0,9,1.0,13.35333,74.43333,2.693,ordinary,open_water,Jamnagar (Sikka) marine terminal,1125.48,False,False,2,,False
419081326,JERO NET 7-99%,IND,india_mangalore_dec2025_jan2026,2025-12-15 12:00:00+00:00,2025-12-15 20:00:00+00:00,8.0,9,1.0,13.28444,74.38555,1.795,ordinary,open_water,Jamnagar (Sikka) marine terminal,1130.18,False,False,2,,False
419081326,JERO NET 7-99%,IND,india_mangalore_dec2025_jan2026,2025-12-16 03:00:00+00:00,2025-12-16 11:00:00+00:00,8.0,7,0.778,13.31857,74.33714,4.951,ordinary,open_water,Jamnagar (Sikka) marine terminal,1124.52,False,False,2,,False
419090456,MARIYAVALGA NET1_99%,IND,india_mangalore_dec2025_jan2026,2026-01-12 07:00:00+00:00,2026-01-12 15:00:00+00:00,8.0,9,1.0,13.43778,74.58111,2.651,ordinary,open_water,Jamnagar (Sikka) marine terminal,1124.07,False,False,2,,False
419103451,KALVARI NETBOAT,IND,india_mangalore_dec2025_jan2026,2026-01-10 11:00:00+00:00,2026-01-10 19:00:00+00:00,8.0,6,0.667,12.275,74.91,4.284,ordinary,open_water,Jamnagar (Sikka) marine terminal,1255.96,False,False,2,,False
419104364,ANTONY SAJIN BOAT,IND,india_mangalore_dec2025_jan2026,2025-12-10 12:00:00+00:00,2025-12-10 20:00:00+00:00,8.0,5,0.556,12.636,74.074,3.805,ordinary,open_water,Jamnagar (Sikka) marine terminal,1182.56,False,False,2,,False
419106504,RENJITH FISHING BOAT,IND,india_mangalore_dec2025_jan2026,2025-12-18 11:00:00+00:00,2025-12-18 19:00:00+00:00,8.0,5,0.556,12.42,74.882,3.343,ordinary,open_water,Jamnagar (Sikka) marine terminal,1240.09,False,False,2,,False
419107549,PRAKASHAMATHA BOAT,IND,india_mangalore_dec2025_jan2026,2025-12-19 12:00:00+00:00,2025-12-19 20:00:00+00:00,8.0,4,0.444,12.175,75.0175,2.53,ordinary,open_water,Jamnagar (Sikka) marine terminal,1271.01,False,False,2,,False
419107605,JERO BOAT,IND,india_mangalore_dec2025_jan2026,2026-01-11 21:00:00+00:00,2026-01-12 05:00:00+00:00,8.0,6,0.667,12.74,74.01833,4.715,ordinary,open_water,Jamnagar (Sikka) marine terminal,1169.57,False,False,2,,False
419120725,DORNIKA NET1_99%,IND,india_mangalore_dec2025_jan2026,2026-01-05 09:00:00+00:00,2026-01-05 17:00:00+00:00,8.0,8,0.889,13.37875,74.58125,4.589,ordinary,open_water,Jamnagar (Sikka) marine terminal,1129.95,False,False,2,,False
419120725,DORNIKA NET1_99%,IND,india_mangalore_dec2025_jan2026,2026-01-06 11:00:00+00:00,2026-01-06 19:00:00+00:00,8.0,9,1.0,13.40111,74.59,4.571,ordinary,open_water,Jamnagar (Sikka) marine terminal,1128.14,False,False,2,,False
419120725,DORNIKA NET1_99%,IND,india_mangalore_dec2025_jan2026,2026-01-10 10:00:00+00:00,2026-01-10 18:00:00+00:00,8.0,9,1.0,13.55556,74.46222,3.329,ordinary,open_water,Jamnagar (Sikka) marine terminal,1106.62,False,False,2,,False
419120727,MOTHER NET3_84%,IND,india_mangalore_dec2025_jan2026,2025-12-15 13:00:00+00:00,2025-12-15 21:00:00+00:00,8.0,7,0.778,13.26714,74.6,0.794,ordinary,open_water,Jamnagar (Sikka) marine terminal,1141.98,False,False,2,,False
419120727,MOTHER NET3_84%,IND,india_mangalore_dec2025_jan2026,2026-01-06 10:00:00+00:00,2026-01-06 18:00:00+00:00,8.0,9,1.0,13.37889,74.55889,4.573,ordinary,open_water,Jamnagar (Sikka) marine terminal,1128.86,False,False,2,,False
419120826,ST JOSEPH SUJI 2_99%,IND,india_mangalore_dec2025_jan2026,2025-12-08 00:00:00+00:00,2025-12-08 08:00:00+00:00,8.0,5,0.556,13.198,73.966,2.511,ordinary,open_water,Jamnagar (Sikka) marine terminal,1120.39,False,False,2,,False
419141034,SELVAMATHA NET2_98%,IND,india_mangalore_dec2025_jan2026,2025-12-17 11:00:00+00:00,2025-12-17 19:00:00+00:00,8.0,9,1.0,13.65667,74.42555,0.954,ordinary,open_water,Jamnagar (Sikka) marine terminal,1094.79,False,False,2,,False
419180301,AACHARIYAMATHA 1_99%,IND,india_mangalore_dec2025_jan2026,2025-12-16 10:00:00+00:00,2025-12-16 18:00:00+00:00,8.0,8,0.889,12.055,73.8725,4.332,ordinary,open_water,Jamnagar (Sikka) marine terminal,1234.78,False,False,2,,False
419180303,AACHARIYAMATHA 3_83%,IND,india_mangalore_dec2025_jan2026,2025-12-13 08:00:00+00:00,2025-12-13 16:00:00+00:00,8.0,9,1.0,12.52,73.93667,4.416,ordinary,open_water,Jamnagar (Sikka) marine terminal,1188.97,False,False,2,,False
419180340,AACHARIYAMATHA 6_99%,IND,india_mangalore_dec2025_jan2026,2025-12-13 13:00:00+00:00,2025-12-13 21:00:00+00:00,8.0,9,1.0,12.47,73.93889,4.578,ordinary,open_water,Jamnagar (Sikka) marine terminal,1194.23,False,False,2,,False
419180852,JEHOVAH NISSI NET-2_,IND,india_mangalore_dec2025_jan2026,2025-12-17 20:00:00+00:00,2025-12-18 04:00:00+00:00,8.0,8,0.889,13.14875,74.58,2.501,ordinary,open_water,Jamnagar (Sikka) marine terminal,1152.86,False,False,2,,False
419180852,JEHOVAH NISSI NET-2_,IND,india_mangalore_dec2025_jan2026,2026-01-07 11:00:00+00:00,2026-01-07 19:00:00+00:00,8.0,4,0.444,13.23,74.59,3.507,ordinary,open_water,Jamnagar (Sikka) marine terminal,1145.21,False,False,2,,False
419182006,SANTA FINA,IND,india_mangalore_dec2025_jan2026,2025-12-11 13:00:00+00:00,2025-12-11 21:00:00+00:00,8.0,7,0.778,13.18714,74.27143,4.594,ordinary,open_water,Jamnagar (Sikka) marine terminal,1134.81,False,False,2,,False
419190769,JERO NET 5-99%,IND,india_mangalore_dec2025_jan2026,2025-12-09 11:00:00+00:00,2025-12-09 19:00:00+00:00,8.0,8,0.889,13.42625,74.405,4.895,ordinary,open_water,Jamnagar (Sikka) marine terminal,1116.84,False,False,2,,False
419190769,JERO NET 5-99%,IND,india_mangalore_dec2025_jan2026,2025-12-12 09:00:00+00:00,2025-12-12 17:00:00+00:00,8.0,9,1.0,12.79556,73.86222,4.948,ordinary,open_water,Jamnagar (Sikka) marine terminal,1157.5,False,False,2,,False
419190769,JERO NET 5-99%,IND,india_mangalore_dec2025_jan2026,2026-01-07 11:00:00+00:00,2026-01-07 19:00:00+00:00,8.0,9,1.0,12.83889,73.84111,4.727,ordinary,open_water,Jamnagar (Sikka) marine terminal,1152.18,False,False,2,,False
419200739,LORD JESUS NET2(79%,IND,india_mangalore_dec2025_jan2026,2026-01-10 22:00:00+00:00,2026-01-11 06:00:00+00:00,8.0,4,0.444,12.4025,74.2575,2.72,ordinary,open_water,Jamnagar (Sikka) marine terminal,1214.18,False,False,2,,False
419234333,JESUS NET2(88%,IND,india_mangalore_dec2025_jan2026,2025-12-13 10:00:00+00:00,2025-12-13 18:00:00+00:00,8.0,9,1.0,13.47889,74.50778,1.495,ordinary,open_water,Jamnagar (Sikka) marine terminal,1116.45,False,False,2,,False
419239579,KREUPASANAM NET4_96%,IND,india_mangalore_dec2025_jan2026,2025-12-15 12:00:00+00:00,2025-12-15 20:00:00+00:00,8.0,7,0.778,13.24429,74.47572,2.925,ordinary,open_water,Jamnagar (Sikka) marine terminal,1138.4,False,False,2,,False
419239579,KREUPASANAM NET4_96%,IND,india_mangalore_dec2025_jan2026,2025-12-16 04:00:00+00:00,2025-12-16 12:00:00+00:00,8.0,8,0.889,13.2875,74.445,4.971,ordinary,open_water,Jamnagar (Sikka) marine terminal,1132.63,False,False,2,,False
419239579,KREUPASANAM NET4_96%,IND,india_mangalore_dec2025_jan2026,2025-12-16 13:00:00+00:00,2025-12-16 21:00:00+00:00,8.0,8,0.889,13.23,74.4825,3.6,ordinary,open_water,Jamnagar (Sikka) marine terminal,1140.15,False,False,2,,False
419250308,GAGULTHA NET2_99%,IND,india_mangalore_dec2025_jan2026,2025-12-02 16:00:00+00:00,2025-12-03 00:00:00+00:00,8.0,9,1.0,12.13,74.40111,4.049,ordinary,open_water,Jamnagar (Sikka) marine terminal,1248.16,False,False,2,,False
419250309,GAGULTHA NET3_99%,IND,india_mangalore_dec2025_jan2026,2025-12-02 12:00:00+00:00,2025-12-02 20:00:00+00:00,8.0,8,0.889,12.1625,74.37625,4.182,ordinary,open_water,Jamnagar (Sikka) marine terminal,1243.78,False,False,2,,False
419250310,GAGULTHA NET4_53%,IND,india_mangalore_dec2025_jan2026,2025-12-02 11:00:00+00:00,2025-12-02 19:00:00+00:00,8.0,9,1.0,12.19667,74.36,4.936,ordinary,open_water,Jamnagar (Sikka) marine terminal,1239.59,False,False,2,,False
419250728,NEHEMIAH NET 6_63%,IND,india_mangalore_dec2025_jan2026,2025-12-11 14:00:00+00:00,2025-12-11 22:00:00+00:00,8.0,9,1.0,12.88111,73.85889,4.727,ordinary,open_water,Jamnagar (Sikka) marine terminal,1148.53,False,False,2,,False
419251136,CHRIST NET1_99%,IND,india_mangalore_dec2025_jan2026,2025-12-30 00:00:00+00:00,2025-12-30 08:00:00+00:00,8.0,7,0.778,12.18571,74.40286,3.429,ordinary,open_water,Jamnagar (Sikka) marine terminal,1242.52,False,False,2,,False
419280033,KADALAMMA NET183%,IND,india_mangalore_dec2025_jan2026,2025-12-18 12:00:00+00:00,2025-12-18 20:00:00+00:00,8.0,8,0.889,12.06,75.0625,4.86,ordinary,open_water,Jamnagar (Sikka) marine terminal,1284.66,False,False,2,,False
419299502,MAHATHUVAM NET6_91%,IND,india_mangalore_dec2025_jan2026,2025-12-13 04:00:00+00:00,2025-12-13 12:00:00+00:00,8.0,7,0.778,12.90571,73.83429,2.74,ordinary,open_water,Jamnagar (Sikka) marine terminal,1145.0,False,False,2,,False
419300906,THANAM NET 2(99%,IND,india_mangalore_dec2025_jan2026,2026-01-07 11:00:00+00:00,2026-01-07 19:00:00+00:00,8.0,4,0.444,13.0725,74.655,2.02,ordinary,open_water,Jamnagar (Sikka) marine terminal,1164.04,False,False,2,,False
419310114,RANGA  NET1_99%,IND,india_mangalore_dec2025_jan2026,2025-12-11 09:00:00+00:00,2025-12-11 17:00:00+00:00,8.0,9,1.0,13.65111,74.43778,3.358,ordinary,open_water,Jamnagar (Sikka) marine terminal,1095.93,False,False,2,,False
419316261,RITHIK 1 NET-1  100%,IND,india_mangalore_dec2025_jan2026,2025-12-19 01:00:00+00:00,2025-12-19 09:00:00+00:00,8.0,5,0.556,12.614,74.22,2.891,ordinary,open_water,Jamnagar (Sikka) marine terminal,1190.92,False,False,2,,False
419316261,RITHIK 1 NET-1  100%,IND,india_mangalore_dec2025_jan2026,2025-12-20 23:00:00+00:00,2025-12-21 07:00:00+00:00,8.0,6,0.667,12.82,74.05833,3.341,ordinary,open_water,Jamnagar (Sikka) marine terminal,1163.01,False,False,2,,False
419318409,YAHOVA NET-4  100%,IND,india_mangalore_dec2025_jan2026,2025-12-08 11:00:00+00:00,2025-12-08 19:00:00+00:00,8.0,7,0.778,13.53143,74.33,4.423,ordinary,open_water,Jamnagar (Sikka) marine terminal,1102.79,False,False,2,,False
419322000,SAMUDRA SHAUDHIKAMA,IND,india_mangalore_dec2025_jan2026,2025-12-03 23:00:00+00:00,2025-12-04 07:00:00+00:00,8.0,9,1.0,12.92222,74.81,4.99,ordinary,open_water,Jamnagar (Sikka) marine terminal,1186.43,False,False,2,,False
419322000,SAMUDRA SHAUDHIKAMA,IND,india_mangalore_dec2025_jan2026,2025-12-17 14:00:00+00:00,2025-12-17 22:00:00+00:00,8.0,9,1.0,13.03444,74.74444,2.242,ordinary,open_water,Jamnagar (Sikka) marine terminal,1172.1,False,False,2,,False
419322000,SAMUDRA SHAUDHIKAMA,IND,india_mangalore_dec2025_jan2026,2025-12-29 14:00:00+00:00,2025-12-29 22:00:00+00:00,8.0,8,0.889,12.38,74.96625,3.937,ordinary,open_water,Jamnagar (Sikka) marine terminal,1248.05,False,False,2,,False
419322870,SHIBANO NET-2  69%,IND,india_mangalore_dec2025_jan2026,2026-01-05 13:00:00+00:00,2026-01-05 21:00:00+00:00,8.0,3,0.333,12.42333,74.85666,2.936,ordinary,open_water,Jamnagar (Sikka) marine terminal,1238.57,False,False,2,,False
419328927,OSCAR NET 1_  100%,IND,india_mangalore_dec2025_jan2026,2025-12-13 11:00:00+00:00,2025-12-13 19:00:00+00:00,8.0,7,0.778,13.42714,74.53,0.794,ordinary,open_water,Jamnagar (Sikka) marine terminal,1122.67,False,False,2,,False
419333529,PRASKASHMATHA NET1,IND,india_mangalore_dec2025_jan2026,2025-12-14 13:00:00+00:00,2025-12-14 21:00:00+00:00,8.0,3,0.333,12.12667,74.98667,4.327,ordinary,open_water,Jamnagar (Sikka) marine terminal,1274.43,False,False,2,,False
419335498,RITHIK 2 NET-2  100%,IND,india_mangalore_dec2025_jan2026,2025-12-20 17:00:00+00:00,2025-12-21 01:00:00+00:00,8.0,6,0.667,12.74833,74.095,2.907,ordinary,open_water,Jamnagar (Sikka) marine terminal,1171.9,False,False,2,,False
419336537,CHRISTTHEKING NET2,IND,india_mangalore_dec2025_jan2026,2026-01-10 09:00:00+00:00,2026-01-10 17:00:00+00:00,8.0,7,0.778,12.06714,73.84143,3.432,ordinary,open_water,Jamnagar (Sikka) marine terminal,1232.34,False,False,2,,False
419336691,VILLURMATHA NET1,IND,india_mangalore_dec2025_jan2026,2026-01-10 10:00:00+00:00,2026-01-10 18:00:00+00:00,8.0,6,0.667,12.105,73.905,4.924,ordinary,open_water,Jamnagar (Sikka) marine terminal,1230.81,False,False,2,,False
419338473,KOTTARAM NET 1  74%,IND,india_mangalore_dec2025_jan2026,2025-12-18 09:00:00+00:00,2025-12-18 17:00:00+00:00,8.0,9,1.0,12.49111,74.79556,4.597,ordinary,open_water,Jamnagar (Sikka) marine terminal,1228.92,False,False,2,,False
419345249,JERO 3NET99%,IND,india_mangalore_dec2025_jan2026,2025-12-14 11:00:00+00:00,2025-12-14 19:00:00+00:00,8.0,9,1.0,13.27444,74.29333,4.588,ordinary,open_water,Jamnagar (Sikka) marine terminal,1126.97,False,False,2,,False
419345249,JERO 3NET99%,IND,india_mangalore_dec2025_jan2026,2025-12-15 11:00:00+00:00,2025-12-15 19:00:00+00:00,8.0,7,0.778,13.34,74.37286,2.896,ordinary,open_water,Jamnagar (Sikka) marine terminal,1124.01,False,False,2,,False
419345250,DORNICKA2NET99%,IND,india_mangalore_dec2025_jan2026,2025-12-10 11:00:00+00:00,2025-12-10 19:00:00+00:00,8.0,8,0.889,13.33125,74.41,3.197,ordinary,open_water,Jamnagar (Sikka) marine terminal,1126.61,False,False,2,,False
419345250,DORNICKA2NET99%,IND,india_mangalore_dec2025_jan2026,2025-12-16 12:00:00+00:00,2025-12-16 20:00:00+00:00,8.0,7,0.778,13.31714,74.39,1.906,ordinary,open_water,Jamnagar (Sikka) marine terminal,1127.1,False,False,2,,False
419345251,DORNICKA3NET99%,IND,india_mangalore_dec2025_jan2026,2025-12-13 12:00:00+00:00,2025-12-13 20:00:00+00:00,8.0,9,1.0,13.32889,74.59,0.988,ordinary,open_water,Jamnagar (Sikka) marine terminal,1135.34,False,False,2,,False
419346812,DHAANAM BOAT,IND,india_mangalore_dec2025_jan2026,2025-12-18 10:00:00+00:00,2025-12-18 18:00:00+00:00,8.0,5,0.556,13.118,74.652,4.282,ordinary,open_water,Jamnagar (Sikka) marine terminal,1159.35,False,False,2,,False
419355343,ANTO NET2  78%,IND,india_mangalore_dec2025_jan2026,2026-01-10 21:00:00+00:00,2026-01-11 05:00:00+00:00,8.0,5,0.556,12.498,74.266,4.61,ordinary,open_water,Jamnagar (Sikka) marine terminal,1204.75,False,False,2,,False
419401012,ARUNSAJIN NET-3_66%,IND,india_mangalore_dec2025_jan2026,2025-12-07 10:00:00+00:00,2025-12-07 18:00:00+00:00,8.0,8,0.889,12.26875,74.13,4.764,ordinary,open_water,Jamnagar (Sikka) marine terminal,1222.69,False,False,2,,False
419401024,ARUNSAJIN NET-4_80%,IND,india_mangalore_dec2025_jan2026,2025-12-08 10:00:00+00:00,2025-12-08 18:00:00+00:00,8.0,9,1.0,12.85889,73.86445,3.797,ordinary,open_water,Jamnagar (Sikka) marine terminal,1151.05,False,False,2,,False
419446013,HARSHA_NET_2-87%,IND,india_mangalore_dec2025_jan2026,2025-12-08 17:00:00+00:00,2025-12-09 01:00:00+00:00,8.0,4,0.444,12.7,74.09,4.578,ordinary,open_water,Jamnagar (Sikka) marine terminal,1176.65,False,False,2,,False
419471000,DESH PREM,IND,india_mangalore_dec2025_jan2026,2025-12-07 06:00:00+00:00,2025-12-07 14:00:00+00:00,8.0,9,1.0,12.98222,74.56111,1.98,ordinary,open_water,Jamnagar (Sikka) marine terminal,1168.69,False,False,2,,False
419473000,DESH GAURAV,IND,india_mangalore_dec2025_jan2026,2026-01-13 16:00:00+00:00,2026-01-14 00:00:00+00:00,8.0,8,0.889,13.20625,74.17625,4.882,ordinary,open_water,Jamnagar (Sikka) marine terminal,1128.64,False,False,2,,False
419474000,DESH BHAKT,IND,india_mangalore_dec2025_jan2026,2026-01-09 10:00:00+00:00,2026-01-09 18:00:00+00:00,8.0,9,1.0,12.93,74.65,0.0,ordinary,open_water,Jamnagar (Sikka) marine terminal,1178.07,False,False,2,,False
419506186,ST FRANCIS,IND,india_mangalore_dec2025_jan2026,2025-12-14 09:00:00+00:00,2025-12-14 17:00:00+00:00,8.0,9,1.0,13.10111,74.63778,3.321,ordinary,open_water,Jamnagar (Sikka) marine terminal,1160.36,False,False,2,,False
419506186,ST FRANCIS,IND,india_mangalore_dec2025_jan2026,2025-12-21 10:00:00+00:00,2025-12-21 18:00:00+00:00,8.0,9,1.0,13.18889,74.57333,4.586,ordinary,open_water,Jamnagar (Sikka) marine terminal,1148.53,False,False,2,,False
419506211,SINAN INDTN15MM6751,IND,india_mangalore_dec2025_jan2026,2025-12-17 12:00:00+00:00,2025-12-17 20:00:00+00:00,8.0,9,1.0,12.57778,74.34111,3.64,ordinary,open_water,Jamnagar (Sikka) marine terminal,1199.8,False,False,2,,False
419506211,SINAN INDTN15MM6751,IND,india_mangalore_dec2025_jan2026,2026-01-10 10:00:00+00:00,2026-01-10 18:00:00+00:00,8.0,9,1.0,12.18667,74.92111,4.565,ordinary,open_water,Jamnagar (Sikka) marine terminal,1265.36,False,False,2,,False
419506211,SINAN INDTN15MM6751,IND,india_mangalore_dec2025_jan2026,2026-01-11 09:00:00+00:00,2026-01-11 17:00:00+00:00,8.0,4,0.444,12.275,74.9125,3.422,ordinary,open_water,Jamnagar (Sikka) marine terminal,1256.08,False,False,2,,False
419506416,TKM  NET BOAT,IND,india_mangalore_dec2025_jan2026,2026-01-05 14:00:00+00:00,2026-01-05 22:00:00+00:00,8.0,9,1.0,13.06556,74.12667,4.955,ordinary,open_water,Jamnagar (Sikka) marine terminal,1140.79,False,False,2,,False
419507360,CHRIST CHRIST NE 71%,IND,india_mangalore_dec2025_jan2026,2025-12-08 10:00:00+00:00,2025-12-08 18:00:00+00:00,8.0,4,0.444,12.465,74.815,4.219,ordinary,open_water,Jamnagar (Sikka) marine terminal,1232.45,False,False,2,,False
419508076,ST FRANCIS NET1 71%,IND,india_mangalore_dec2025_jan2026,2026-01-07 11:00:00+00:00,2026-01-07 19:00:00+00:00,8.0,4,0.444,13.3075,74.6025,3.344,ordinary,open_water,Jamnagar (Sikka) marine terminal,1138.07,False,False,2,,False
419508216,THIRUPPADAL NET1_99%,IND,india_mangalore_dec2025_jan2026,2025-12-17 09:00:00+00:00,2025-12-17 17:00:00+00:00,8.0,8,0.889,13.3825,74.435,4.97,ordinary,open_water,Jamnagar (Sikka) marine terminal,1122.63,False,False,2,,False
419510872,NET VINNAHATHAI-2,IND,india_mangalore_dec2025_jan2026,2025-12-10 12:00:00+00:00,2025-12-10 20:00:00+00:00,8.0,6,0.667,13.38333,74.46833,4.081,ordinary,open_water,Jamnagar (Sikka) marine terminal,1124.12,False,False,2,,False
419512197,SEPPANIYA NET3  100%,IND,india_mangalore_dec2025_jan2026,2025-12-10 12:00:00+00:00,2025-12-10 20:00:00+00:00,8.0,7,0.778,13.35857,74.51429,3.549,ordinary,open_water,Jamnagar (Sikka) marine terminal,1128.77,False,False,2,,False
419512197,SEPPANIYA NET3  100%,IND,india_mangalore_dec2025_jan2026,2025-12-11 12:00:00+00:00,2025-12-11 20:00:00+00:00,8.0,7,0.778,13.35143,74.55143,3.309,ordinary,open_water,Jamnagar (Sikka) marine terminal,1131.25,False,False,2,,False
419512197,SEPPANIYA NET3  100%,IND,india_mangalore_dec2025_jan2026,2025-12-13 11:00:00+00:00,2025-12-13 19:00:00+00:00,8.0,8,0.889,13.33375,74.56,1.529,ordinary,open_water,Jamnagar (Sikka) marine terminal,1133.42,False,False,2,,False
419512197,SEPPANIYA NET3  100%,IND,india_mangalore_dec2025_jan2026,2025-12-14 11:00:00+00:00,2025-12-14 19:00:00+00:00,8.0,9,1.0,13.34444,74.55667,1.761,ordinary,open_water,Jamnagar (Sikka) marine terminal,1132.2,False,False,2,,False
419517763,HARSHA BOAT,IND,india_mangalore_dec2025_jan2026,2025-12-07 21:00:00+00:00,2025-12-08 05:00:00+00:00,8.0,5,0.556,12.734,74.074,4.281,ordinary,open_water,Jamnagar (Sikka) marine terminal,1172.49,False,False,2,,False
419517763,HARSHA BOAT,IND,india_mangalore_dec2025_jan2026,2025-12-11 03:00:00+00:00,2025-12-11 11:00:00+00:00,8.0,5,0.556,12.7,74.032,3.581,ordinary,open_water,Jamnagar (Sikka) marine terminal,1174.25,False,False,2,,False
419519365,BETHLAHEM NET1  58%,IND,india_mangalore_dec2025_jan2026,2025-12-08 11:00:00+00:00,2025-12-08 19:00:00+00:00,8.0,7,0.778,12.14857,74.99571,4.979,ordinary,open_water,Jamnagar (Sikka) marine terminal,1272.65,False,False,2,,False
419519365,BETHLAHEM NET1  58%,IND,india_mangalore_dec2025_jan2026,2025-12-12 15:00:00+00:00,2025-12-12 23:00:00+00:00,8.0,9,1.0,12.21,74.97667,4.678,ordinary,open_water,Jamnagar (Sikka) marine terminal,1265.59,False,False,2,,False
419519365,BETHLAHEM NET1  58%,IND,india_mangalore_dec2025_jan2026,2025-12-17 13:00:00+00:00,2025-12-17 21:00:00+00:00,8.0,5,0.556,12.51,74.836,2.317,ordinary,open_water,Jamnagar (Sikka) marine terminal,1228.91,False,False,2,,False
419519365,BETHLAHEM NET1  58%,IND,india_mangalore_dec2025_jan2026,2025-12-19 11:00:00+00:00,2025-12-19 19:00:00+00:00,8.0,7,0.778,12.52714,74.84571,4.985,ordinary,open_water,Jamnagar (Sikka) marine terminal,1227.64,False,False,2,,False
419520251,FISHINGNET BIBLE-1,IND,india_mangalore_dec2025_jan2026,2025-12-08 11:00:00+00:00,2025-12-08 19:00:00+00:00,8.0,9,1.0,12.28111,74.96111,2.351,ordinary,open_water,Jamnagar (Sikka) marine terminal,1257.73,False,False,2,,False
419520640,CHRIST NET-3  100%,IND,india_mangalore_dec2025_jan2026,2025-12-13 10:00:00+00:00,2025-12-13 18:00:00+00:00,8.0,9,1.0,13.50889,74.56222,1.017,ordinary,open_water,Jamnagar (Sikka) marine terminal,1116.08,False,False,2,,False
419521210,OMIGA NET-2  100%,IND,india_mangalore_dec2025_jan2026,2026-01-06 11:00:00+00:00,2026-01-06 19:00:00+00:00,8.0,9,1.0,13.07111,74.62667,4.339,ordinary,open_water,Jamnagar (Sikka) marine terminal,1162.84,False,False,2,,False
419522061,VINAGATHAI NET-1_,IND,india_mangalore_dec2025_jan2026,2026-01-10 11:00:00+00:00,2026-01-10 19:00:00+00:00,8.0,8,0.889,12.62625,74.77,4.031,ordinary,open_water,Jamnagar (Sikka) marine terminal,1214.16,False,False,2,,False
419522674,MINNALANNAI-1_35%,IND,india_mangalore_dec2025_jan2026,2025-12-14 10:00:00+00:00,2025-12-14 18:00:00+00:00,8.0,9,1.0,13.22111,74.54889,1.566,ordinary,open_water,Jamnagar (Sikka) marine terminal,1144.15,False,False,2,,False
419530200,VAZHAMARIA00,IND,india_mangalore_dec2025_jan2026,2025-12-08 15:00:00+00:00,2025-12-08 23:00:00+00:00,8.0,7,0.778,13.41714,73.94857,2.033,ordinary,open_water,Jamnagar (Sikka) marine terminal,1097.26,False,False,2,,False
419675433,EBSON NETBUOY 2 84%,IND,india_mangalore_dec2025_jan2026,2025-12-13 11:00:00+00:00,2025-12-13 19:00:00+00:00,8.0,5,0.556,12.26,74.972,1.714,ordinary,open_water,Jamnagar (Sikka) marine terminal,1260.36,False,False,2,,False
419711121,DEVANNAI NET199%,IND,india_mangalore_dec2025_jan2026,2025-12-13 17:00:00+00:00,2025-12-14 01:00:00+00:00,8.0,9,1.0,13.03889,74.56333,4.794,ordinary,open_water,Jamnagar (Sikka) marine terminal,1163.1,False,False,2,,False
419731184,VINNARASI NET 3N_78%,IND,india_mangalore_dec2025_jan2026,2025-12-01 10:00:00+00:00,2025-12-01 18:00:00+00:00,8.0,9,1.0,13.68556,74.31555,3.983,ordinary,open_water,Jamnagar (Sikka) marine terminal,1086.67,False,False,2,,False
419731184,VINNARASI NET 3N_78%,IND,india_mangalore_dec2025_jan2026,2025-12-10 11:00:00+00:00,2025-12-10 19:00:00+00:00,8.0,8,0.889,13.50875,74.4,3.856,ordinary,open_water,Jamnagar (Sikka) marine terminal,1108.35,False,False,2,,False
419731184,VINNARASI NET 3N_78%,IND,india_mangalore_dec2025_jan2026,2025-12-15 11:00:00+00:00,2025-12-15 19:00:00+00:00,8.0,6,0.667,13.38,74.51,1.112,ordinary,open_water,Jamnagar (Sikka) marine terminal,1126.42,False,False,2,,False
419731270,PRAISETHELORDNET499%,IND,india_mangalore_dec2025_jan2026,2025-12-08 12:00:00+00:00,2025-12-08 20:00:00+00:00,8.0,9,1.0,13.14889,74.55111,3.461,ordinary,open_water,Jamnagar (Sikka) marine terminal,1151.49,False,False,2,,False
419731308,NEHEMIA NET 2_99%,IND,india_mangalore_dec2025_jan2026,2025-12-12 08:00:00+00:00,2025-12-12 16:00:00+00:00,8.0,9,1.0,12.78,73.90889,4.551,ordinary,open_water,Jamnagar (Sikka) marine terminal,1160.99,False,False,2,,False
419731310,ST.NICHOLAS NET1_81%,IND,india_mangalore_dec2025_jan2026,2025-12-12 12:00:00+00:00,2025-12-12 20:00:00+00:00,8.0,9,1.0,12.05,75.02222,4.642,ordinary,open_water,Jamnagar (Sikka) marine terminal,1283.79,False,False,2,,False
419731321,RENJITH NET 2_92%,IND,india_mangalore_dec2025_jan2026,2025-12-18 17:00:00+00:00,2025-12-19 01:00:00+00:00,8.0,9,1.0,12.50444,74.84333,2.865,ordinary,open_water,Jamnagar (Sikka) marine terminal,1229.81,False,False,2,,False
419731364,ALLELUYA NET 3_99%,IND,india_mangalore_dec2025_jan2026,2025-12-12 12:00:00+00:00,2025-12-12 20:00:00+00:00,8.0,9,1.0,13.09778,74.66445,1.442,ordinary,open_water,Jamnagar (Sikka) marine terminal,1161.96,False,False,2,,False
419731364,ALLELUYA NET 3_99%,IND,india_mangalore_dec2025_jan2026,2025-12-15 12:00:00+00:00,2025-12-15 20:00:00+00:00,8.0,8,0.889,13.3925,74.435,3.654,ordinary,open_water,Jamnagar (Sikka) marine terminal,1121.63,False,False,2,,False
419731364,ALLELUYA NET 3_99%,IND,india_mangalore_dec2025_jan2026,2025-12-16 12:00:00+00:00,2025-12-16 20:00:00+00:00,8.0,9,1.0,13.38111,74.41889,2.537,ordinary,open_water,Jamnagar (Sikka) marine terminal,1122.02,False,False,2,,False
419731370,ALLELUYA NET 1_99%,IND,india_mangalore_dec2025_jan2026,2025-12-14 10:00:00+00:00,2025-12-14 18:00:00+00:00,8.0,9,1.0,13.62333,74.4,1.853,ordinary,open_water,Jamnagar (Sikka) marine terminal,1096.89,False,False,2,,False
419731710,MERCY NET BUOY 5_99%,IND,india_mangalore_dec2025_jan2026,2025-12-13 09:00:00+00:00,2025-12-13 17:00:00+00:00,8.0,7,0.778,12.61143,73.83429,4.314,ordinary,open_water,Jamnagar (Sikka) marine terminal,1175.45,False,False,2,,False
419731779,PAYANAMATHA NET1_99%,IND,india_mangalore_dec2025_jan2026,2025-12-19 00:00:00+00:00,2025-12-19 08:00:00+00:00,8.0,6,0.667,12.64167,74.74,1.691,ordinary,open_water,Jamnagar (Sikka) marine terminal,1211.21,False,False,2,,False
419731779,PAYANAMATHA NET1_99%,IND,india_mangalore_dec2025_jan2026,2025-12-19 13:00:00+00:00,2025-12-19 21:00:00+00:00,8.0,9,1.0,12.61667,74.79222,2.975,ordinary,open_water,Jamnagar (Sikka) marine terminal,1216.15,False,False,2,,False
419731779,PAYANAMATHA NET1_99%,IND,india_mangalore_dec2025_jan2026,2026-01-06 12:00:00+00:00,2026-01-06 20:00:00+00:00,8.0,6,0.667,12.22333,74.98167,2.063,ordinary,open_water,Jamnagar (Sikka) marine terminal,1264.49,False,False,2,,False
419738191,ESR RIYAMOL,IND,india_mangalore_dec2025_jan2026,2026-01-11 15:00:00+00:00,2026-01-11 23:00:00+00:00,8.0,5,0.556,12.668,73.814,3.585,ordinary,open_water,Jamnagar (Sikka) marine terminal,1168.79,False,False,2,,False
419740161,AALAYAM NET 1_85%,IND,india_mangalore_dec2025_jan2026,2025-12-11 18:00:00+00:00,2025-12-12 02:00:00+00:00,8.0,6,0.667,12.03,75.06167,2.56,ordinary,open_water,Jamnagar (Sikka) marine terminal,1287.64,False,False,2,,False
419740164,MAHATHUVAM NET 4_99%,IND,india_mangalore_dec2025_jan2026,2025-12-12 08:00:00+00:00,2025-12-12 16:00:00+00:00,8.0,9,1.0,12.89556,73.84889,4.133,ordinary,open_water,Jamnagar (Sikka) marine terminal,1146.64,False,False,2,,False
419740188,JOSHWA NETBUOY 3_85%,IND,india_mangalore_dec2025_jan2026,2025-12-04 23:00:00+00:00,2025-12-05 07:00:00+00:00,8.0,5,0.556,12.39,73.954,3.595,ordinary,open_water,Jamnagar (Sikka) marine terminal,1203.11,False,False,2,,False
419740188,JOSHWA NETBUOY 3_85%,IND,india_mangalore_dec2025_jan2026,2025-12-07 16:00:00+00:00,2025-12-08 00:00:00+00:00,8.0,6,0.667,12.475,74.07,0.556,ordinary,open_water,Jamnagar (Sikka) marine terminal,1198.98,False,False,2,,False
419740261,PAYANAMATHA NET2_83%,IND,india_mangalore_dec2025_jan2026,2025-12-12 11:00:00+00:00,2025-12-12 19:00:00+00:00,8.0,9,1.0,12.09,75.00111,4.899,ordinary,open_water,Jamnagar (Sikka) marine terminal,1278.79,False,False,2,,False
419740307,AMMA NET 1_93%,IND,india_mangalore_dec2025_jan2026,2025-12-16 09:00:00+00:00,2025-12-16 17:00:00+00:00,8.0,9,1.0,13.58556,74.54556,0.862,ordinary,open_water,Jamnagar (Sikka) marine terminal,1107.65,False,False,2,,False
419740309,MAGATHUVAM NET 1_99%,IND,india_mangalore_dec2025_jan2026,2025-12-12 11:00:00+00:00,2025-12-12 19:00:00+00:00,8.0,9,1.0,12.11,74.85222,4.85,ordinary,open_water,Jamnagar (Sikka) marine terminal,1269.94,False,False,2,,False
419740327,ESHOMARIYAM NET3_58%,IND,india_mangalore_dec2025_jan2026,2025-12-06 15:00:00+00:00,2025-12-06 23:00:00+00:00,8.0,9,1.0,12.10111,74.47667,4.796,ordinary,open_water,Jamnagar (Sikka) marine terminal,1254.32,False,False,2,,False
419740332,DEVAMATHA NET 3_87%,IND,india_mangalore_dec2025_jan2026,2025-12-18 03:00:00+00:00,2025-12-18 11:00:00+00:00,8.0,8,0.889,13.34,74.71,0.0,ordinary,open_water,Jamnagar (Sikka) marine terminal,1140.04,False,False,2,,False
419740369,CHRISTHEKINGNET1_99%,IND,india_mangalore_dec2025_jan2026,2025-12-14 18:00:00+00:00,2025-12-15 02:00:00+00:00,8.0,8,0.889,12.41875,74.69625,4.108,ordinary,open_water,Jamnagar (Sikka) marine terminal,1231.67,False,False,2,,False
419761000,SWARNA PUSHP,IND,india_mangalore_dec2025_jan2026,2025-12-16 17:00:00+00:00,2025-12-17 01:00:00+00:00,8.0,9,1.0,12.94111,74.66334,2.188,ordinary,open_water,Jamnagar (Sikka) marine terminal,1177.58,False,False,2,,False
419783897,MAJUMATHA NET2(99%,IND,india_mangalore_dec2025_jan2026,2025-12-08 10:00:00+00:00,2025-12-08 18:00:00+00:00,8.0,9,1.0,13.52667,74.40334,3.776,ordinary,open_water,Jamnagar (Sikka) marine terminal,1106.71,False,False,2,,False
419817177,SAMUEL,IND,india_mangalore_dec2025_jan2026,2026-01-05 18:00:00+00:00,2026-01-06 02:00:00+00:00,8.0,5,0.556,13.056,73.95,2.803,ordinary,open_water,Jamnagar (Sikka) marine terminal,1134.27,False,False,2,,False
419817763,JEHOVAHNISSI NETBOAT,IND,india_mangalore_dec2025_jan2026,2025-12-12 10:00:00+00:00,2025-12-12 18:00:00+00:00,8.0,4,0.444,13.11,74.5725,2.604,ordinary,open_water,Jamnagar (Sikka) marine terminal,1156.39,False,False,2,,False
419819222,DYSON FISHING BOAT,IND,india_mangalore_dec2025_jan2026,2025-12-19 19:00:00+00:00,2025-12-20 03:00:00+00:00,8.0,5,0.556,13.124,74.288,4.453,ordinary,open_water,Jamnagar (Sikka) marine terminal,1141.95,False,False,2,,False
419819663,ST.AGATHAMMAL MISIHA,IND,india_mangalore_dec2025_jan2026,2026-01-10 16:00:00+00:00,2026-01-11 00:00:00+00:00,8.0,5,0.556,13.132,73.848,4.21,ordinary,open_water,Jamnagar (Sikka) marine terminal,1122.24,False,False,2,,False
419821012,ST.JOSEPH NET BOAT,IND,india_mangalore_dec2025_jan2026,2026-01-06 11:00:00+00:00,2026-01-06 19:00:00+00:00,8.0,6,0.667,13.135,74.63833,3.896,ordinary,open_water,Jamnagar (Sikka) marine terminal,1157.0,False,False,2,,False
419821072,8KUDI MURUGAN BOAT,IND,india_mangalore_dec2025_jan2026,2025-12-23 17:00:00+00:00,2025-12-24 01:00:00+00:00,8.0,9,1.0,12.64444,74.40889,2.604,ordinary,open_water,Jamnagar (Sikka) marine terminal,1195.97,False,False,2,,False
419824293,KREUPASANAMATHA BOAT,IND,india_mangalore_dec2025_jan2026,2025-12-13 10:00:00+00:00,2025-12-13 18:00:00+00:00,8.0,7,0.778,13.02286,74.62143,4.738,ordinary,open_water,Jamnagar (Sikka) marine terminal,1167.42,False,False,2,,False
419825697,RITHIK 2 NET BOAT,IND,india_mangalore_dec2025_jan2026,2025-12-20 23:00:00+00:00,2025-12-21 07:00:00+00:00,8.0,5,0.556,12.79,74.096,2.82,ordinary,open_water,Jamnagar (Sikka) marine terminal,1167.66,False,False,2,,False
419826092,ROSA MISTICA,IND,india_mangalore_dec2025_jan2026,2025-12-14 13:00:00+00:00,2025-12-14 21:00:00+00:00,8.0,5,0.556,12.688,74.76,3.72,ordinary,open_water,Jamnagar (Sikka) marine terminal,1207.49,False,False,2,,False
419826092,ROSA MISTICA,IND,india_mangalore_dec2025_jan2026,2025-12-20 01:00:00+00:00,2025-12-20 09:00:00+00:00,8.0,7,0.778,12.64714,74.73,2.888,ordinary,open_water,Jamnagar (Sikka) marine terminal,1210.2,False,False,2,,False
419827179,ST ANTONY BOAT,IND,india_mangalore_dec2025_jan2026,2025-12-07 20:00:00+00:00,2025-12-08 04:00:00+00:00,8.0,5,0.556,12.49,74.066,2.317,ordinary,open_water,Jamnagar (Sikka) marine terminal,1197.27,False,False,2,,False
419852504,T.K.M.NET 3-82%,IND,india_mangalore_dec2025_jan2026,2026-01-05 15:00:00+00:00,2026-01-05 23:00:00+00:00,8.0,9,1.0,13.13,74.12,2.435,ordinary,open_water,Jamnagar (Sikka) marine terminal,1133.94,False,False,2,,False
419853271,RESHNU_NET_2-88%,IND,india_mangalore_dec2025_jan2026,2026-01-05 13:00:00+00:00,2026-01-05 21:00:00+00:00,8.0,7,0.778,13.22,74.05572,4.345,ordinary,open_water,Jamnagar (Sikka) marine terminal,1121.98,False,False,2,,False
419886107,SREERAGINI NET2(79%,IND,india_mangalore_dec2025_jan2026,2025-12-17 11:00:00+00:00,2025-12-17 19:00:00+00:00,8.0,8,0.889,13.725,74.40375,1.586,ordinary,open_water,Jamnagar (Sikka) marine terminal,1086.93,False,False,2,,False
419900111,MOTHER NET BOAT,IND,india_mangalore_dec2025_jan2026,2026-01-12 07:00:00+00:00,2026-01-12 15:00:00+00:00,8.0,6,0.667,13.30833,74.60333,4.333,ordinary,open_water,Jamnagar (Sikka) marine terminal,1138.03,False,False,2,,False
419902178,,IND,india_mangalore_dec2025_jan2026,2025-12-10 08:00:00+00:00,2025-12-10 16:00:00+00:00,8.0,8,0.889,13.19,73.98125,0.947,ordinary,open_water,Jamnagar (Sikka) marine terminal,1121.86,False,False,2,,False
419902332,,IND,india_mangalore_dec2025_jan2026,2025-12-16 13:00:00+00:00,2025-12-16 21:00:00+00:00,8.0,3,0.333,13.44,73.81,2.224,ordinary,open_water,Jamnagar (Sikka) marine terminal,1089.03,False,False,2,,False
419902422,SHALOM,IND,india_mangalore_dec2025_jan2026,2025-12-23 12:00:00+00:00,2025-12-23 20:00:00+00:00,8.0,9,1.0,13.28889,73.9,0.988,ordinary,open_water,Jamnagar (Sikka) marine terminal,1108.3,False,False,2,,False
419902422,SHALOM,IND,india_mangalore_dec2025_jan2026,2026-01-05 18:00:00+00:00,2026-01-06 02:00:00+00:00,8.0,9,1.0,13.06111,74.12222,4.734,ordinary,open_water,Jamnagar (Sikka) marine terminal,1141.05,False,False,2,,False
419902422,SHALOM,IND,india_mangalore_dec2025_jan2026,2026-01-07 13:00:00+00:00,2026-01-07 21:00:00+00:00,8.0,6,0.667,12.67167,74.41,2.178,ordinary,open_water,Jamnagar (Sikka) marine terminal,1193.25,False,False,2,,False
419904235,ST.ROCCO,IND,india_mangalore_dec2025_jan2026,2025-12-17 16:00:00+00:00,2025-12-18 00:00:00+00:00,8.0,5,0.556,13.174,73.83,3.612,ordinary,open_water,Jamnagar (Sikka) marine terminal,1117.18,False,False,2,,False
419905650,VINNARASI NET 1N 71%,IND,india_mangalore_dec2025_jan2026,2025-12-10 11:00:00+00:00,2025-12-10 19:00:00+00:00,8.0,8,0.889,13.48875,74.41125,2.658,ordinary,open_water,Jamnagar (Sikka) marine terminal,1110.88,False,False,2,,False
419912956,MIRANSH  NET BOAT,IND,india_mangalore_dec2025_jan2026,2025-12-10 13:00:00+00:00,2025-12-10 21:00:00+00:00,8.0,4,0.444,12.87,73.9125,1.753,ordinary,open_water,Jamnagar (Sikka) marine terminal,1151.85,False,False,2,,False
419912968,AL  AQSA,IND,india_mangalore_dec2025_jan2026,2025-12-13 11:00:00+00:00,2025-12-13 19:00:00+00:00,8.0,8,0.889,13.59,73.8,0.0,ordinary,open_water,Jamnagar (Sikka) marine terminal,1073.25,False,False,2,,False
419912968,AL  AQSA,IND,india_mangalore_dec2025_jan2026,2026-01-07 12:00:00+00:00,2026-01-07 20:00:00+00:00,8.0,7,0.778,12.8,74.34143,0.93,ordinary,open_water,Jamnagar (Sikka) marine terminal,1177.19,False,False,2,,False
419912969,LOURTHU ANNAI BOAT,IND,india_mangalore_dec2025_jan2026,2025-12-07 11:00:00+00:00,2025-12-07 19:00:00+00:00,8.0,8,0.889,13.22125,73.90125,4.815,ordinary,open_water,Jamnagar (Sikka) marine terminal,1115.28,False,False,2,,False
419912969,LOURTHU ANNAI BOAT,IND,india_mangalore_dec2025_jan2026,2025-12-08 00:00:00+00:00,2025-12-08 08:00:00+00:00,8.0,5,0.556,13.118,73.938,4.659,ordinary,open_water,Jamnagar (Sikka) marine terminal,1127.41,False,False,2,,False
419930044,MAHASATHI KRUPA NET4,IND,india_mangalore_dec2025_jan2026,2025-12-03 13:00:00+00:00,2025-12-03 21:00:00+00:00,8.0,5,0.556,13.758,74.33,1.334,ordinary,open_water,Jamnagar (Sikka) marine terminal,1080.12,False,False,2,,False
419930044,MAHASATHI KRUPA NET4,IND,india_mangalore_dec2025_jan2026,2026-01-10 10:00:00+00:00,2026-01-10 18:00:00+00:00,8.0,9,1.0,13.63778,74.56667,2.104,ordinary,open_water,Jamnagar (Sikka) marine terminal,1103.5,False,False,2,,False
419931128,MAHASATHI KRUPA NET3,IND,india_mangalore_dec2025_jan2026,2025-12-03 13:00:00+00:00,2025-12-03 21:00:00+00:00,8.0,5,0.556,13.76,74.324,1.287,ordinary,open_water,Jamnagar (Sikka) marine terminal,1079.63,False,False,2,,False
419950286,RUDRA PRAYAG,IND,india_mangalore_dec2025_jan2026,2026-01-11 18:00:00+00:00,2026-01-12 02:00:00+00:00,8.0,9,1.0,13.04444,74.73333,2.932,ordinary,open_water,Jamnagar (Sikka) marine terminal,1170.57,False,False,2,,False
419950351,SHRESHTA,IND,india_mangalore_dec2025_jan2026,2025-12-28 18:00:00+00:00,2025-12-29 02:00:00+00:00,8.0,3,0.333,13.01333,74.72667,4.832,ordinary,open_water,Jamnagar (Sikka) marine terminal,1173.36,False,False,2,,False
419950470,DIVINE SPIRIT,IND,india_mangalore_dec2025_jan2026,2025-12-07 18:00:00+00:00,2025-12-08 02:00:00+00:00,8.0,4,0.444,12.965,74.6225,4.487,ordinary,open_water,Jamnagar (Sikka) marine terminal,1173.27,False,False,2,,False
419950486,FATHIMA FALILA,IND,india_mangalore_dec2025_jan2026,2026-01-13 01:00:00+00:00,2026-01-13 09:00:00+00:00,8.0,8,0.889,12.82125,74.7475,4.61,ordinary,open_water,Jamnagar (Sikka) marine terminal,1193.55,False,False,2,,False
419950496,VISHWA SHESHAA 1,IND,india_mangalore_dec2025_jan2026,2025-12-02 04:00:00+00:00,2025-12-02 12:00:00+00:00,8.0,3,0.333,12.84667,74.82,2.291,ordinary,open_water,Jamnagar (Sikka) marine terminal,1194.45,False,False,2,,False
419950513,ANR 4,IND,india_mangalore_dec2025_jan2026,2025-12-25 03:00:00+00:00,2025-12-25 11:00:00+00:00,8.0,3,0.333,12.98667,74.72334,4.872,ordinary,open_water,Jamnagar (Sikka) marine terminal,1175.86,False,False,2,,False
419950513,ANR 4,IND,india_mangalore_dec2025_jan2026,2025-12-29 02:00:00+00:00,2025-12-29 10:00:00+00:00,8.0,7,0.778,12.95857,74.73714,4.617,ordinary,open_water,Jamnagar (Sikka) marine terminal,1179.32,False,False,2,,False
419950536,SOURABH 3,IND,india_mangalore_dec2025_jan2026,2025-12-08 12:00:00+00:00,2025-12-08 20:00:00+00:00,8.0,5,0.556,13.054,74.478,1.094,ordinary,open_water,Jamnagar (Sikka) marine terminal,1157.63,False,False,2,,False
419950584,BAHRUNNOOR,IND,india_mangalore_dec2025_jan2026,2025-12-29 15:00:00+00:00,2025-12-29 23:00:00+00:00,8.0,5,0.556,13.132,74.696,4.69,ordinary,open_water,Jamnagar (Sikka) marine terminal,1160.05,False,False,2,,False
419950682,SAMARTH,IND,india_mangalore_dec2025_jan2026,2026-01-13 08:00:00+00:00,2026-01-13 16:00:00+00:00,8.0,4,0.444,12.5925,74.4375,3.6,ordinary,open_water,Jamnagar (Sikka) marine terminal,1202.51,False,False,2,,False
419950701,DOLPHIN 2,IND,india_mangalore_dec2025_jan2026,2025-12-09 15:00:00+00:00,2025-12-09 23:00:00+00:00,8.0,9,1.0,12.99222,74.67111,4.793,ordinary,open_water,Jamnagar (Sikka) marine terminal,1172.83,False,False,2,,False
419950707,MADAVOR,IND,india_mangalore_dec2025_jan2026,2025-12-19 05:00:00+00:00,2025-12-19 13:00:00+00:00,8.0,4,0.444,12.1475,74.485,4.999,ordinary,open_water,Jamnagar (Sikka) marine terminal,1249.93,False,False,2,,False
419950729,WHITESTONE-2,IND,india_mangalore_dec2025_jan2026,2025-12-06 15:00:00+00:00,2025-12-06 23:00:00+00:00,8.0,3,0.333,12.82,74.66,2.224,ordinary,open_water,Jamnagar (Sikka) marine terminal,1189.58,False,False,2,,False
419950737,ASHIYANA,IND,india_mangalore_dec2025_jan2026,2025-12-09 10:00:00+00:00,2025-12-09 18:00:00+00:00,8.0,9,1.0,12.58889,74.57778,3.468,ordinary,open_water,Jamnagar (Sikka) marine terminal,1209.11,False,False,2,,False
419950737,ASHIYANA,IND,india_mangalore_dec2025_jan2026,2025-12-14 14:00:00+00:00,2025-12-14 22:00:00+00:00,8.0,8,0.889,12.54375,74.62625,3.41,ordinary,open_water,Jamnagar (Sikka) marine terminal,1215.87,False,False,2,,False
419951251,SHRI  RAM,IND,india_mangalore_dec2025_jan2026,2025-12-04 16:00:00+00:00,2025-12-05 00:00:00+00:00,8.0,8,0.889,13.15375,74.61875,3.069,ordinary,open_water,Jamnagar (Sikka) marine terminal,1154.19,False,False,2,,False
419951253,MPH SUPER,IND,india_mangalore_dec2025_jan2026,2025-12-13 11:00:00+00:00,2025-12-13 19:00:00+00:00,8.0,4,0.444,12.945,74.7325,0.984,ordinary,open_water,Jamnagar (Sikka) marine terminal,1180.46,False,False,2,,False
419951259,HITAISHI SAGAR,IND,india_mangalore_dec2025_jan2026,2025-12-01 08:00:00+00:00,2025-12-01 16:00:00+00:00,8.0,4,0.444,12.85,74.83,0.0,ordinary,open_water,Jamnagar (Sikka) marine terminal,1194.59,False,False,2,,False
419951268,BAHRUL IZZAH,IND,india_mangalore_dec2025_jan2026,2026-01-05 04:00:00+00:00,2026-01-05 12:00:00+00:00,8.0,6,0.667,13.02,74.76167,1.432,ordinary,open_water,Jamnagar (Sikka) marine terminal,1174.37,False,False,2,,False
419951310,SAIFULLAH,IND,india_mangalore_dec2025_jan2026,2025-12-20 14:00:00+00:00,2025-12-20 22:00:00+00:00,8.0,4,0.444,12.3725,74.4125,4.833,ordinary,open_water,Jamnagar (Sikka) marine terminal,1223.83,False,False,2,,False
419951345,KAIBER,IND,india_mangalore_dec2025_jan2026,2026-01-06 14:00:00+00:00,2026-01-06 22:00:00+00:00,8.0,9,1.0,12.78222,74.45111,1.666,ordinary,open_water,Jamnagar (Sikka) marine terminal,1183.86,False,False,2,,False
419951367,NIHALI,IND,india_mangalore_dec2025_jan2026,2025-12-05 14:00:00+00:00,2025-12-05 22:00:00+00:00,8.0,4,0.444,12.835,74.805,4.743,ordinary,open_water,Jamnagar (Sikka) marine terminal,1194.9,False,False,2,,False
419951405,S M FISHERIES 4,IND,india_mangalore_dec2025_jan2026,2025-12-31 17:00:00+00:00,2026-01-01 01:00:00+00:00,8.0,5,0.556,13.062,74.722,1.352,ordinary,open_water,Jamnagar (Sikka) marine terminal,1168.28,False,False,2,,False
419951420,RAFAY RAAID,IND,india_mangalore_dec2025_jan2026,2025-12-18 15:00:00+00:00,2025-12-18 23:00:00+00:00,8.0,7,0.778,13.38143,74.59429,4.223,ordinary,open_water,Jamnagar (Sikka) marine terminal,1130.31,False,False,2,,False
419951420,RAFAY RAAID,IND,india_mangalore_dec2025_jan2026,2025-12-19 16:00:00+00:00,2025-12-20 00:00:00+00:00,8.0,9,1.0,12.87889,74.69556,2.828,ordinary,open_water,Jamnagar (Sikka) marine terminal,1185.33,False,False,2,,False
419951431,SNEHA SONU,IND,india_mangalore_dec2025_jan2026,2025-12-20 03:00:00+00:00,2025-12-20 11:00:00+00:00,8.0,4,0.444,12.815,74.135,4.218,ordinary,open_water,Jamnagar (Sikka) marine terminal,1166.75,False,False,2,,False
419951431,SNEHA SONU,IND,india_mangalore_dec2025_jan2026,2025-12-22 05:00:00+00:00,2025-12-22 13:00:00+00:00,8.0,4,0.444,12.47,74.38,4.95,ordinary,open_water,Jamnagar (Sikka) marine terminal,1212.48,False,False,2,,False
419951459,AFIYA,IND,india_mangalore_dec2025_jan2026,2025-12-04 18:00:00+00:00,2025-12-05 02:00:00+00:00,8.0,4,0.444,12.8475,74.825,1.828,ordinary,open_water,Jamnagar (Sikka) marine terminal,1194.6,False,False,2,,False
419951473,THIRANGA,IND,india_mangalore_dec2025_jan2026,2025-12-21 14:00:00+00:00,2025-12-21 22:00:00+00:00,8.0,6,0.667,12.48,74.55167,4.539,ordinary,open_water,Jamnagar (Sikka) marine terminal,1218.98,False,False,2,,False
419951496,RISEN LORD,IND,india_mangalore_dec2025_jan2026,2025-12-03 16:00:00+00:00,2025-12-04 00:00:00+00:00,8.0,9,1.0,12.92111,74.62,0.988,ordinary,open_water,Jamnagar (Sikka) marine terminal,1177.56,False,False,2,,False
419951499,NAMAN III,IND,india_mangalore_dec2025_jan2026,2025-12-20 13:00:00+00:00,2025-12-20 21:00:00+00:00,8.0,4,0.444,12.6275,74.29,0.834,ordinary,open_water,Jamnagar (Sikka) marine terminal,1192.53,False,False,2,,False
419954328,,IND,india_mangalore_dec2025_jan2026,2025-12-01 15:00:00+00:00,2025-12-01 23:00:00+00:00,8.0,8,0.889,12.6275,74.7375,2.719,ordinary,open_water,Jamnagar (Sikka) marine terminal,1212.52,False,False,2,,False
419956049,THAQWA,IND,india_mangalore_dec2025_jan2026,2025-12-12 11:00:00+00:00,2025-12-12 19:00:00+00:00,8.0,9,1.0,12.92,74.74,0.0,ordinary,open_water,Jamnagar (Sikka) marine terminal,1183.31,False,False,2,,False
419956049,THAQWA,IND,india_mangalore_dec2025_jan2026,2025-12-22 12:00:00+00:00,2025-12-22 20:00:00+00:00,8.0,6,0.667,12.05667,74.55,3.863,ordinary,open_water,Jamnagar (Sikka) marine terminal,1262.0,False,False,2,,False
419956059,MAKARA  JYOTHI,IND,india_mangalore_dec2025_jan2026,2025-12-19 16:00:00+00:00,2025-12-20 00:00:00+00:00,8.0,8,0.889,13.37375,74.6,3.113,ordinary,open_water,Jamnagar (Sikka) marine terminal,1131.35,False,False,2,,False
419956059,MAKARA  JYOTHI,IND,india_mangalore_dec2025_jan2026,2025-12-24 16:00:00+00:00,2025-12-25 00:00:00+00:00,8.0,9,1.0,12.99556,74.63222,4.398,ordinary,open_water,Jamnagar (Sikka) marine terminal,1170.66,False,False,2,,False
419956204,BLUE DAIMOND,IND,india_mangalore_dec2025_jan2026,2025-12-26 02:00:00+00:00,2025-12-26 10:00:00+00:00,8.0,6,0.667,13.02167,74.095,4.962,ordinary,open_water,Jamnagar (Sikka) marine terminal,1143.91,False,False,2,,False
419957166,GANESH KRIPA,IND,india_mangalore_dec2025_jan2026,2025-12-23 17:00:00+00:00,2025-12-24 01:00:00+00:00,8.0,9,1.0,12.58778,74.37444,0.99,ordinary,open_water,Jamnagar (Sikka) marine terminal,1200.23,False,False,2,,False
419957188,ISHAM,IND,india_mangalore_dec2025_jan2026,2025-12-13 01:00:00+00:00,2025-12-13 09:00:00+00:00,8.0,4,0.444,13.36,74.6,4.946,ordinary,open_water,Jamnagar (Sikka) marine terminal,1132.72,False,False,2,,False
419957207,VISHRAM,IND,india_mangalore_dec2025_jan2026,2025-12-21 22:00:00+00:00,2025-12-22 06:00:00+00:00,8.0,5,0.556,12.326,74.468,4.152,ordinary,open_water,Jamnagar (Sikka) marine terminal,1230.97,False,False,2,,False
419957255,JOHN LAWRENCE 2,IND,india_mangalore_dec2025_jan2026,2025-12-22 12:00:00+00:00,2025-12-22 20:00:00+00:00,8.0,5,0.556,12.036,74.546,4.936,ordinary,open_water,Jamnagar (Sikka) marine terminal,1263.94,False,False,2,,False
255915837,SPIRIT OF BERTRAM,PRT,india_mangalore_dec2025_jan2026,2025-12-11 22:00:00+00:00,2025-12-12 05:00:00+00:00,7.0,8,1.0,12.94875,74.64125,1.359,ordinary,open_water,Jamnagar (Sikka) marine terminal,1175.78,False,False,2,,False
419000103,SWARNA MALA,IND,india_mangalore_dec2025_jan2026,2025-12-19 16:00:00+00:00,2025-12-19 23:00:00+00:00,7.0,8,1.0,12.91875,74.55125,4.13,ordinary,open_water,Jamnagar (Sikka) marine terminal,1174.62,False,False,2,,False
419000117,DOLPHIN NO.2,IND,india_mangalore_dec2025_jan2026,2025-12-27 09:00:00+00:00,2025-12-27 16:00:00+00:00,7.0,3,0.375,12.9,74.67,4.476,ordinary,open_water,Jamnagar (Sikka) marine terminal,1182.01,False,False,2,,False
419000533,OCEAN ENDURANCE,IND,india_mangalore_dec2025_jan2026,2025-12-21 04:00:00+00:00,2025-12-21 11:00:00+00:00,7.0,8,1.0,12.92125,74.80875,2.037,ordinary,open_water,Jamnagar (Sikka) marine terminal,1186.47,False,False,2,,False
419000545,,IND,india_mangalore_dec2025_jan2026,2025-12-17 05:00:00+00:00,2025-12-17 12:00:00+00:00,7.0,8,1.0,12.92,74.81,0.0,ordinary,open_water,Jamnagar (Sikka) marine terminal,1186.65,False,False,2,,False
419001302,NANDA DEVI,IND,india_mangalore_dec2025_jan2026,2026-01-14 16:00:00+00:00,2026-01-14 23:00:00+00:00,7.0,8,1.0,12.92,74.80625,1.761,ordinary,open_water,Jamnagar (Sikka) marine terminal,1186.48,False,False,2,,False
419001654,KAVIRAJ,IND,india_mangalore_dec2025_jan2026,2025-12-05 05:00:00+00:00,2025-12-05 12:00:00+00:00,7.0,8,1.0,12.90125,74.65125,1.359,ordinary,open_water,Jamnagar (Sikka) marine terminal,1181.01,False,False,2,,False
419001654,KAVIRAJ,IND,india_mangalore_dec2025_jan2026,2025-12-13 15:00:00+00:00,2025-12-13 22:00:00+00:00,7.0,8,1.0,12.9375,74.81625,3.447,ordinary,open_water,Jamnagar (Sikka) marine terminal,1185.21,False,False,2,,False
419001654,KAVIRAJ,IND,india_mangalore_dec2025_jan2026,2025-12-25 05:00:00+00:00,2025-12-25 12:00:00+00:00,7.0,8,1.0,12.93,74.82,0.0,ordinary,open_water,Jamnagar (Sikka) marine terminal,1186.14,False,False,2,,False
419001746,SARATHI,IND,india_mangalore_dec2025_jan2026,2025-12-31 20:00:00+00:00,2026-01-01 03:00:00+00:00,7.0,8,1.0,12.93625,74.8125,4.948,ordinary,open_water,Jamnagar (Sikka) marine terminal,1185.16,False,False,2,,False
419001746,SARATHI,IND,india_mangalore_dec2025_jan2026,2026-01-13 19:00:00+00:00,2026-01-14 02:00:00+00:00,7.0,8,1.0,12.935,74.8125,4.899,ordinary,open_water,Jamnagar (Sikka) marine terminal,1185.28,False,False,2,,False
419001984,,IND,india_mangalore_dec2025_jan2026,2025-12-14 05:00:00+00:00,2025-12-14 12:00:00+00:00,7.0,3,0.375,12.93333,74.8,4.581,ordinary,open_water,Jamnagar (Sikka) marine terminal,1184.85,False,False,2,,False
419001984,,IND,india_mangalore_dec2025_jan2026,2025-12-22 06:00:00+00:00,2025-12-22 13:00:00+00:00,7.0,8,1.0,12.93625,74.8125,4.948,ordinary,open_water,Jamnagar (Sikka) marine terminal,1185.16,False,False,2,,False
419001984,,IND,india_mangalore_dec2025_jan2026,2026-01-13 19:00:00+00:00,2026-01-14 02:00:00+00:00,7.0,7,0.875,12.93429,74.81286,4.909,ordinary,open_water,Jamnagar (Sikka) marine terminal,1185.37,False,False,2,,False
419003418,LORD JESUS NET1_69%,IND,india_mangalore_dec2025_jan2026,2026-01-09 09:00:00+00:00,2026-01-09 16:00:00+00:00,7.0,4,0.5,12.1975,74.395,2.986,ordinary,open_water,Jamnagar (Sikka) marine terminal,1240.98,False,False,2,,False
419011527,ST.PAUL NET 1_89%,IND,india_mangalore_dec2025_jan2026,2025-12-18 10:00:00+00:00,2025-12-18 17:00:00+00:00,7.0,8,1.0,12.8875,74.68875,1.951,ordinary,open_water,Jamnagar (Sikka) marine terminal,1184.15,False,False,2,,False
419011527,ST.PAUL NET 1_89%,IND,india_mangalore_dec2025_jan2026,2025-12-20 10:00:00+00:00,2025-12-20 17:00:00+00:00,7.0,8,1.0,12.8475,74.67375,4.743,ordinary,open_water,Jamnagar (Sikka) marine terminal,1187.46,False,False,2,,False
419017300,DCI DREDGE XVI,IND,india_mangalore_dec2025_jan2026,2025-12-16 15:00:00+00:00,2025-12-16 22:00:00+00:00,7.0,8,1.0,12.9325,74.76,4.751,ordinary,open_water,Jamnagar (Sikka) marine terminal,1183.02,False,False,2,,False
419017300,DCI DREDGE XVI,IND,india_mangalore_dec2025_jan2026,2025-12-25 09:00:00+00:00,2025-12-25 16:00:00+00:00,7.0,8,1.0,12.92875,74.77375,4.047,ordinary,open_water,Jamnagar (Sikka) marine terminal,1184.05,False,False,2,,False
419017300,DCI DREDGE XVI,IND,india_mangalore_dec2025_jan2026,2026-01-07 17:00:00+00:00,2026-01-08 00:00:00+00:00,7.0,8,1.0,12.925,74.77125,3.775,ordinary,open_water,Jamnagar (Sikka) marine terminal,1184.3,False,False,2,,False
419030269,NITHYAJEEVAN NET281%,IND,india_mangalore_dec2025_jan2026,2025-12-10 20:00:00+00:00,2025-12-11 03:00:00+00:00,7.0,8,1.0,12.0375,74.44875,4.004,ordinary,open_water,Jamnagar (Sikka) marine terminal,1259.65,False,False,2,,False
419030385,EMMANUEL NET5_82%,IND,india_mangalore_dec2025_jan2026,2025-12-17 12:00:00+00:00,2025-12-17 19:00:00+00:00,7.0,8,1.0,13.775,74.355,1.713,ordinary,open_water,Jamnagar (Sikka) marine terminal,1079.61,False,False,2,,False
419040825,NATHAN NET4_99%,IND,india_mangalore_dec2025_jan2026,2026-01-11 20:00:00+00:00,2026-01-12 03:00:00+00:00,7.0,6,0.75,12.56667,74.09833,4.537,ordinary,open_water,Jamnagar (Sikka) marine terminal,1190.7,False,False,2,,False
419041106,NITHIYAJEEVANET1_99%,IND,india_mangalore_dec2025_jan2026,2025-12-06 17:00:00+00:00,2025-12-07 00:00:00+00:00,7.0,6,0.75,12.04333,74.52166,4.081,ordinary,open_water,Jamnagar (Sikka) marine terminal,1262.15,False,False,2,,False
419041239,CHEMMEEN NET2_62%,IND,india_mangalore_dec2025_jan2026,2025-12-19 19:00:00+00:00,2025-12-20 02:00:00+00:00,7.0,6,0.75,12.17167,74.69333,3.544,ordinary,open_water,Jamnagar (Sikka) marine terminal,1256.56,False,False,2,,False
419047877,DEVA MAHATHUVAM 244%,IND,india_mangalore_dec2025_jan2026,2026-01-06 10:00:00+00:00,2026-01-06 17:00:00+00:00,7.0,8,1.0,13.31875,74.5575,4.658,ordinary,open_water,Jamnagar (Sikka) marine terminal,1134.8,False,False,2,,False
419047877,DEVA MAHATHUVAM 244%,IND,india_mangalore_dec2025_jan2026,2026-01-07 05:00:00+00:00,2026-01-07 12:00:00+00:00,7.0,4,0.5,13.28,74.565,0.541,ordinary,open_water,Jamnagar (Sikka) marine terminal,1139.03,False,False,2,,False
419050146,NEHEMIA NET-1_94%,IND,india_mangalore_dec2025_jan2026,2025-12-12 16:00:00+00:00,2025-12-12 23:00:00+00:00,7.0,8,1.0,12.89625,73.87625,4.298,ordinary,open_water,Jamnagar (Sikka) marine terminal,1147.67,False,False,2,,False
419050311,JEHOVANISSI NET 199%,IND,india_mangalore_dec2025_jan2026,2026-01-05 09:00:00+00:00,2026-01-05 16:00:00+00:00,7.0,8,1.0,13.305,74.58,3.892,ordinary,open_water,Jamnagar (Sikka) marine terminal,1137.24,False,False,2,,False
419050311,JEHOVANISSI NET 199%,IND,india_mangalore_dec2025_jan2026,2026-01-06 10:00:00+00:00,2026-01-06 17:00:00+00:00,7.0,8,1.0,13.31875,74.585,4.619,ordinary,open_water,Jamnagar (Sikka) marine terminal,1136.11,False,False,2,,False
419056232,AROKKIA MATHA NE 86%,IND,india_mangalore_dec2025_jan2026,2025-12-09 11:00:00+00:00,2025-12-09 18:00:00+00:00,7.0,6,0.75,12.10167,74.98,4.8,ordinary,open_water,Jamnagar (Sikka) marine terminal,1276.64,False,False,2,,False
419058704,SWASTHIK NET-5_89%,IND,india_mangalore_dec2025_jan2026,2026-01-11 20:00:00+00:00,2026-01-12 03:00:00+00:00,7.0,7,0.875,12.72571,73.98,4.332,ordinary,open_water,Jamnagar (Sikka) marine terminal,1169.47,False,False,2,,False
419058812,OMEGA NET 1_99%,IND,india_mangalore_dec2025_jan2026,2026-01-06 12:00:00+00:00,2026-01-06 19:00:00+00:00,7.0,8,1.0,13.01625,74.64875,3.755,ordinary,open_water,Jamnagar (Sikka) marine terminal,1169.37,False,False,2,,False
419059778,BIBLE NET 3-99%,IND,india_mangalore_dec2025_jan2026,2025-12-18 12:00:00+00:00,2025-12-18 19:00:00+00:00,7.0,8,1.0,12.37875,74.7975,4.71,ordinary,open_water,Jamnagar (Sikka) marine terminal,1240.32,False,False,2,,False
419059778,BIBLE NET 3-99%,IND,india_mangalore_dec2025_jan2026,2026-01-10 10:00:00+00:00,2026-01-10 17:00:00+00:00,7.0,8,1.0,12.20375,74.9225,4.714,ordinary,open_water,Jamnagar (Sikka) marine terminal,1263.71,False,False,2,,False
419059878,NEHEMIAH NET 3_99%,IND,india_mangalore_dec2025_jan2026,2025-12-12 09:00:00+00:00,2025-12-12 16:00:00+00:00,7.0,8,1.0,12.77875,73.90875,3.602,ordinary,open_water,Jamnagar (Sikka) marine terminal,1161.11,False,False,2,,False
419064296,SMIL NET-5_87%,IND,india_mangalore_dec2025_jan2026,2025-12-15 13:00:00+00:00,2025-12-15 20:00:00+00:00,7.0,4,0.5,13.235,74.555,4.217,ordinary,open_water,Jamnagar (Sikka) marine terminal,1143.05,False,False,2,,False
419064296,SMIL NET-5_87%,IND,india_mangalore_dec2025_jan2026,2025-12-16 12:00:00+00:00,2025-12-16 19:00:00+00:00,7.0,7,0.875,13.25429,74.54143,1.596,ordinary,open_water,Jamnagar (Sikka) marine terminal,1140.48,False,False,2,,False
419068061,NEHEMIAH NET-5_98%,IND,india_mangalore_dec2025_jan2026,2025-12-12 13:00:00+00:00,2025-12-12 20:00:00+00:00,7.0,8,1.0,12.78,73.91875,4.612,ordinary,open_water,Jamnagar (Sikka) marine terminal,1161.39,False,False,2,,False
419070067,ROSA MYSTICA 1_84%,IND,india_mangalore_dec2025_jan2026,2025-12-11 19:00:00+00:00,2025-12-12 02:00:00+00:00,7.0,8,1.0,12.79125,74.6525,3.959,ordinary,open_water,Jamnagar (Sikka) marine terminal,1192.12,False,False,2,,False
419070067,ROSA MYSTICA 1_84%,IND,india_mangalore_dec2025_jan2026,2025-12-19 10:00:00+00:00,2025-12-19 17:00:00+00:00,7.0,8,1.0,12.65875,74.74,4.713,ordinary,open_water,Jamnagar (Sikka) marine terminal,1209.49,False,False,2,,False
419070067,ROSA MYSTICA 1_84%,IND,india_mangalore_dec2025_jan2026,2026-01-13 12:00:00+00:00,2026-01-13 19:00:00+00:00,7.0,5,0.625,12.35,74.912,1.411,ordinary,open_water,Jamnagar (Sikka) marine terminal,1248.52,False,False,2,,False
419070611,UK SENSE NET_1_51%,IND,india_mangalore_dec2025_jan2026,2026-01-07 12:00:00+00:00,2026-01-07 19:00:00+00:00,7.0,4,0.5,13.1675,74.645,2.56,ordinary,open_water,Jamnagar (Sikka) marine terminal,1154.07,False,False,2,,False
419078906,JERO NET1(97%,IND,india_mangalore_dec2025_jan2026,2026-01-07 11:00:00+00:00,2026-01-07 18:00:00+00:00,7.0,8,1.0,12.81125,73.85125,3.422,ordinary,open_water,Jamnagar (Sikka) marine terminal,1155.44,False,False,2,,False
419080338,THEVALAYAM NET 1_99%,IND,india_mangalore_dec2025_jan2026,2025-12-14 23:00:00+00:00,2025-12-15 06:00:00+00:00,7.0,4,0.5,12.3525,74.8875,3.861,ordinary,open_water,Jamnagar (Sikka) marine terminal,1247.12,False,False,2,,False
419080338,THEVALAYAM NET 1_99%,IND,india_mangalore_dec2025_jan2026,2025-12-15 17:00:00+00:00,2025-12-16 00:00:00+00:00,7.0,4,0.5,12.36,74.8775,2.925,ordinary,open_water,Jamnagar (Sikka) marine terminal,1245.91,False,False,2,,False
419080338,THEVALAYAM NET 1_99%,IND,india_mangalore_dec2025_jan2026,2025-12-16 18:00:00+00:00,2025-12-17 01:00:00+00:00,7.0,3,0.375,12.35,74.86667,3.795,ordinary,open_water,Jamnagar (Sikka) marine terminal,1246.41,False,False,2,,False
419080855,JERO NET 8-88%,IND,india_mangalore_dec2025_jan2026,2025-12-11 14:00:00+00:00,2025-12-11 21:00:00+00:00,7.0,7,0.875,12.98429,73.94286,4.934,ordinary,open_water,Jamnagar (Sikka) marine terminal,1141.34,False,False,2,,False
419080855,JERO NET 8-88%,IND,india_mangalore_dec2025_jan2026,2025-12-12 11:00:00+00:00,2025-12-12 18:00:00+00:00,7.0,8,1.0,12.73,73.8875,4.522,ordinary,open_water,Jamnagar (Sikka) marine terminal,1165.29,False,False,2,,False
419080855,JERO NET 8-88%,IND,india_mangalore_dec2025_jan2026,2025-12-13 04:00:00+00:00,2025-12-13 11:00:00+00:00,7.0,8,1.0,12.7825,73.83625,4.438,ordinary,open_water,Jamnagar (Sikka) marine terminal,1157.82,False,False,2,,False
419080855,JERO NET 8-88%,IND,india_mangalore_dec2025_jan2026,2025-12-14 12:00:00+00:00,2025-12-14 19:00:00+00:00,7.0,8,1.0,13.275,74.30125,2.937,ordinary,open_water,Jamnagar (Sikka) marine terminal,1127.28,False,False,2,,False
419080855,JERO NET 8-88%,IND,india_mangalore_dec2025_jan2026,2025-12-15 13:00:00+00:00,2025-12-15 20:00:00+00:00,7.0,8,1.0,13.26375,74.38875,2.922,ordinary,open_water,Jamnagar (Sikka) marine terminal,1132.41,False,False,2,,False
419080969,ANBU MATHA-4-98%,IND,india_mangalore_dec2025_jan2026,2026-01-09 08:00:00+00:00,2026-01-09 15:00:00+00:00,7.0,6,0.75,12.04833,74.12667,4.803,ordinary,open_water,Jamnagar (Sikka) marine terminal,1245.33,False,False,2,,False
419080969,ANBU MATHA-4-98%,IND,india_mangalore_dec2025_jan2026,2026-01-12 08:00:00+00:00,2026-01-12 15:00:00+00:00,7.0,8,1.0,12.35875,74.16375,4.328,ordinary,open_water,Jamnagar (Sikka) marine terminal,1214.78,False,False,2,,False
419080986,SHALOOM NET 3-99%,IND,india_mangalore_dec2025_jan2026,2025-12-17 09:00:00+00:00,2025-12-17 16:00:00+00:00,7.0,8,1.0,13.3575,74.365,4.997,ordinary,open_water,Jamnagar (Sikka) marine terminal,1121.88,False,False,2,,False
419080986,SHALOOM NET 3-99%,IND,india_mangalore_dec2025_jan2026,2025-12-17 17:00:00+00:00,2025-12-18 00:00:00+00:00,7.0,8,1.0,13.34125,74.36625,1.054,ordinary,open_water,Jamnagar (Sikka) marine terminal,1123.58,False,False,2,,False
419080986,SHALOOM NET 3-99%,IND,india_mangalore_dec2025_jan2026,2026-01-06 12:00:00+00:00,2026-01-06 19:00:00+00:00,7.0,8,1.0,13.42625,74.58,4.031,ordinary,open_water,Jamnagar (Sikka) marine terminal,1125.16,False,False,2,,False
419081144,GAGULTHA NET-199%,IND,india_mangalore_dec2025_jan2026,2025-12-13 09:00:00+00:00,2025-12-13 16:00:00+00:00,7.0,8,1.0,13.17375,74.1125,3.217,ordinary,open_water,Jamnagar (Sikka) marine terminal,1129.15,False,False,2,,False
419081236,ANBU MATHA-1_94%,IND,india_mangalore_dec2025_jan2026,2026-01-09 09:00:00+00:00,2026-01-09 16:00:00+00:00,7.0,8,1.0,12.0425,74.03625,4.766,ordinary,open_water,Jamnagar (Sikka) marine terminal,1242.37,False,False,2,,False
419081236,ANBU MATHA-1_94%,IND,india_mangalore_dec2025_jan2026,2026-01-10 09:00:00+00:00,2026-01-10 16:00:00+00:00,7.0,8,1.0,12.3175,74.14375,4.393,ordinary,open_water,Jamnagar (Sikka) marine terminal,1218.22,False,False,2,,False
419081278,VINNARASI NET1_98%,IND,india_mangalore_dec2025_jan2026,2026-01-12 11:00:00+00:00,2026-01-12 18:00:00+00:00,7.0,8,1.0,12.235,74.04375,4.822,ordinary,open_water,Jamnagar (Sikka) marine terminal,1222.71,False,False,2,,False
419081323,JERO NET 6-88%,IND,india_mangalore_dec2025_jan2026,2025-12-12 09:00:00+00:00,2025-12-12 16:00:00+00:00,7.0,8,1.0,12.76875,73.87125,3.477,ordinary,open_water,Jamnagar (Sikka) marine terminal,1160.63,False,False,2,,False
419081323,JERO NET 6-88%,IND,india_mangalore_dec2025_jan2026,2025-12-13 04:00:00+00:00,2025-12-13 11:00:00+00:00,7.0,8,1.0,12.785,73.83625,4.814,ordinary,open_water,Jamnagar (Sikka) marine terminal,1157.56,False,False,2,,False
419081323,JERO NET 6-88%,IND,india_mangalore_dec2025_jan2026,2026-01-13 14:00:00+00:00,2026-01-13 21:00:00+00:00,7.0,7,0.875,12.78714,73.92,4.892,ordinary,open_water,Jamnagar (Sikka) marine terminal,1160.7,False,False,2,,False
419081326,JERO NET 7-99%,IND,india_mangalore_dec2025_jan2026,2026-01-07 12:00:00+00:00,2026-01-07 19:00:00+00:00,7.0,8,1.0,12.79875,73.8575,3.569,ordinary,open_water,Jamnagar (Sikka) marine terminal,1156.98,False,False,2,,False
419081326,JERO NET 7-99%,IND,india_mangalore_dec2025_jan2026,2026-01-11 21:00:00+00:00,2026-01-12 04:00:00+00:00,7.0,7,0.875,12.74,74.01857,4.737,ordinary,open_water,Jamnagar (Sikka) marine terminal,1169.58,False,False,2,,False
419081327,MANIKYA NET 1-94%,IND,india_mangalore_dec2025_jan2026,2025-12-11 10:00:00+00:00,2025-12-11 17:00:00+00:00,7.0,8,1.0,13.6875,74.5425,1.416,ordinary,open_water,Jamnagar (Sikka) marine terminal,1097.39,False,False,2,,False
419090454,MARIYAVALGA NET3_89%,IND,india_mangalore_dec2025_jan2026,2025-12-14 11:00:00+00:00,2025-12-14 18:00:00+00:00,7.0,8,1.0,13.27,74.48875,2.417,ordinary,open_water,Jamnagar (Sikka) marine terminal,1136.43,False,False,2,,False
419090454,MARIYAVALGA NET3_89%,IND,india_mangalore_dec2025_jan2026,2025-12-20 12:00:00+00:00,2025-12-20 19:00:00+00:00,7.0,7,0.875,13.23143,74.54,3.495,ordinary,open_water,Jamnagar (Sikka) marine terminal,1142.7,False,False,2,,False
419101008,,IND,india_mangalore_dec2025_jan2026,2025-12-03 12:00:00+00:00,2025-12-03 19:00:00+00:00,7.0,6,0.75,12.75,74.055,1.237,ordinary,open_water,Jamnagar (Sikka) marine terminal,1170.06,False,False,2,,False
419107605,JERO BOAT,IND,india_mangalore_dec2025_jan2026,2026-01-07 11:00:00+00:00,2026-01-07 18:00:00+00:00,7.0,8,1.0,12.77125,73.87125,4.478,ordinary,open_water,Jamnagar (Sikka) marine terminal,1160.38,False,False,2,,False
419107605,JERO BOAT,IND,india_mangalore_dec2025_jan2026,2026-01-10 22:00:00+00:00,2026-01-11 05:00:00+00:00,7.0,4,0.5,12.515,74.0325,4.108,ordinary,open_water,Jamnagar (Sikka) marine terminal,1193.33,False,False,2,,False
419107706,DHEVAMAHATHVAM BOAT,IND,india_mangalore_dec2025_jan2026,2025-12-14 10:00:00+00:00,2025-12-14 17:00:00+00:00,7.0,8,1.0,13.1725,74.5425,4.829,ordinary,open_water,Jamnagar (Sikka) marine terminal,1148.72,False,False,2,,False
419107877,KOHINOOR,IND,india_mangalore_dec2025_jan2026,2025-12-20 17:00:00+00:00,2025-12-21 00:00:00+00:00,7.0,8,1.0,12.93875,74.2775,3.232,ordinary,open_water,Jamnagar (Sikka) marine terminal,1160.28,False,False,2,,False
419107877,KOHINOOR,IND,india_mangalore_dec2025_jan2026,2025-12-29 08:00:00+00:00,2025-12-29 15:00:00+00:00,7.0,3,0.375,12.84667,74.82333,1.625,ordinary,open_water,Jamnagar (Sikka) marine terminal,1194.61,False,False,2,,False
419107877,KOHINOOR,IND,india_mangalore_dec2025_jan2026,2026-01-07 12:00:00+00:00,2026-01-07 19:00:00+00:00,7.0,3,0.375,12.77667,74.49667,2.071,ordinary,open_water,Jamnagar (Sikka) marine terminal,1186.47,False,False,2,,False
419108554,,IND,india_mangalore_dec2025_jan2026,2025-12-09 09:00:00+00:00,2025-12-09 16:00:00+00:00,7.0,3,0.375,12.83667,74.27666,1.888,ordinary,open_water,Jamnagar (Sikka) marine terminal,1170.62,False,False,2,,False
419120726,DORNIKA NET4_99%,IND,india_mangalore_dec2025_jan2026,2025-12-09 09:00:00+00:00,2025-12-09 16:00:00+00:00,7.0,8,1.0,13.47125,74.44625,2.397,ordinary,open_water,Jamnagar (Sikka) marine terminal,1114.28,False,False,2,,False
419120726,DORNIKA NET4_99%,IND,india_mangalore_dec2025_jan2026,2025-12-10 12:00:00+00:00,2025-12-10 19:00:00+00:00,7.0,8,1.0,13.305,74.425,2.832,ordinary,open_water,Jamnagar (Sikka) marine terminal,1129.94,False,False,2,,False
419123089,ST SAVIO NET BOAT,IND,india_mangalore_dec2025_jan2026,2025-12-19 01:00:00+00:00,2025-12-19 08:00:00+00:00,7.0,7,0.875,12.94714,74.26857,4.738,ordinary,open_water,Jamnagar (Sikka) marine terminal,1159.03,False,False,2,,False
419130527,LORDJESUS NET3_83%,IND,india_mangalore_dec2025_jan2026,2025-12-12 07:00:00+00:00,2025-12-12 14:00:00+00:00,7.0,8,1.0,13.3425,74.695,4.257,ordinary,open_water,Jamnagar (Sikka) marine terminal,1139.06,False,False,2,,False
419160780,MESSIYAI NET5_83%,IND,india_mangalore_dec2025_jan2026,2025-12-08 10:00:00+00:00,2025-12-08 17:00:00+00:00,7.0,7,0.875,12.72,73.94143,4.617,ordinary,open_water,Jamnagar (Sikka) marine terminal,1168.49,False,False,2,,False
419161289,ALLELUYA(N) NET199%,IND,india_mangalore_dec2025_jan2026,2025-12-09 10:00:00+00:00,2025-12-09 17:00:00+00:00,7.0,8,1.0,13.725,74.33125,2.064,ordinary,open_water,Jamnagar (Sikka) marine terminal,1083.47,False,False,2,,False
419180269,MOTHER NET 2_99%,IND,india_mangalore_dec2025_jan2026,2025-12-15 12:00:00+00:00,2025-12-15 19:00:00+00:00,7.0,6,0.75,13.28667,74.59166,0.975,ordinary,open_water,Jamnagar (Sikka) marine terminal,1139.63,False,False,2,,False
419180269,MOTHER NET 2_99%,IND,india_mangalore_dec2025_jan2026,2026-01-06 10:00:00+00:00,2026-01-06 17:00:00+00:00,7.0,8,1.0,13.3875,74.54625,4.774,ordinary,open_water,Jamnagar (Sikka) marine terminal,1127.4,False,False,2,,False
419180269,MOTHER NET 2_99%,IND,india_mangalore_dec2025_jan2026,2026-01-13 15:00:00+00:00,2026-01-13 22:00:00+00:00,7.0,8,1.0,13.25875,74.58375,3.54,ordinary,open_water,Jamnagar (Sikka) marine terminal,1142.04,False,False,2,,False
419180301,AACHARIYAMATHA 1_99%,IND,india_mangalore_dec2025_jan2026,2025-12-13 07:00:00+00:00,2025-12-13 14:00:00+00:00,7.0,8,1.0,12.52125,73.94,4.763,ordinary,open_water,Jamnagar (Sikka) marine terminal,1188.97,False,False,2,,False
419180302,AACHARIYAMATHA 2_99%,IND,india_mangalore_dec2025_jan2026,2025-12-13 08:00:00+00:00,2025-12-13 15:00:00+00:00,7.0,8,1.0,12.515,73.93875,4.988,ordinary,open_water,Jamnagar (Sikka) marine terminal,1189.57,False,False,2,,False
419180303,AACHARIYAMATHA 3_83%,IND,india_mangalore_dec2025_jan2026,2025-12-13 23:00:00+00:00,2025-12-14 06:00:00+00:00,7.0,5,0.625,12.624,73.82,3.615,ordinary,open_water,Jamnagar (Sikka) marine terminal,1173.59,False,False,2,,False
419180305,AACHARIYAMATHA 5_94%,IND,india_mangalore_dec2025_jan2026,2025-12-15 12:00:00+00:00,2025-12-15 19:00:00+00:00,7.0,7,0.875,12.28714,74.09429,4.469,ordinary,open_water,Jamnagar (Sikka) marine terminal,1219.34,False,False,2,,False
419180852,JEHOVAH NISSI NET-2_,IND,india_mangalore_dec2025_jan2026,2025-12-13 08:00:00+00:00,2025-12-13 15:00:00+00:00,7.0,8,1.0,13.12625,74.5675,1.827,ordinary,open_water,Jamnagar (Sikka) marine terminal,1154.53,False,False,2,,False
419190769,JERO NET 5-99%,IND,india_mangalore_dec2025_jan2026,2025-12-14 12:00:00+00:00,2025-12-14 19:00:00+00:00,7.0,8,1.0,13.2775,74.29625,3.401,ordinary,open_water,Jamnagar (Sikka) marine terminal,1126.8,False,False,2,,False
419190769,JERO NET 5-99%,IND,india_mangalore_dec2025_jan2026,2026-01-11 22:00:00+00:00,2026-01-12 05:00:00+00:00,7.0,8,1.0,12.73375,74.02,4.984,ordinary,open_water,Jamnagar (Sikka) marine terminal,1170.28,False,False,2,,False
419190769,JERO NET 5-99%,IND,india_mangalore_dec2025_jan2026,2026-01-12 06:00:00+00:00,2026-01-12 13:00:00+00:00,7.0,8,1.0,12.65,74.07375,4.215,ordinary,open_water,Jamnagar (Sikka) marine terminal,1181.11,False,False,2,,False
419200713,HISMATH BUOYA 1-99%,IND,india_mangalore_dec2025_jan2026,2026-01-12 15:00:00+00:00,2026-01-12 22:00:00+00:00,7.0,8,1.0,12.0375,74.09625,3.796,ordinary,open_water,Jamnagar (Sikka) marine terminal,1245.25,False,False,2,,False
419209574,MOTHERMARY NET5_99%,IND,india_mangalore_dec2025_jan2026,2025-12-05 17:00:00+00:00,2025-12-06 00:00:00+00:00,7.0,6,0.75,12.34,74.33167,1.991,ordinary,open_water,Jamnagar (Sikka) marine terminal,1223.71,False,False,2,,False
419209574,MOTHERMARY NET5_99%,IND,india_mangalore_dec2025_jan2026,2025-12-06 15:00:00+00:00,2025-12-06 22:00:00+00:00,7.0,8,1.0,12.0775,74.525,4.478,ordinary,open_water,Jamnagar (Sikka) marine terminal,1258.8,False,False,2,,False
419221147,EMMANUEL NET-6_,IND,india_mangalore_dec2025_jan2026,2025-12-17 12:00:00+00:00,2025-12-17 19:00:00+00:00,7.0,8,1.0,13.75375,74.36875,2.714,ordinary,open_water,Jamnagar (Sikka) marine terminal,1082.39,False,False,2,,False
419232467,MATHAGRACES NET1(81%,IND,india_mangalore_dec2025_jan2026,2025-12-08 00:00:00+00:00,2025-12-08 07:00:00+00:00,7.0,4,0.5,13.065,73.8525,4.391,ordinary,open_water,Jamnagar (Sikka) marine terminal,1129.32,False,False,2,,False
419232467,MATHAGRACES NET1(81%,IND,india_mangalore_dec2025_jan2026,2025-12-12 06:00:00+00:00,2025-12-12 13:00:00+00:00,7.0,8,1.0,12.895,74.12625,4.666,ordinary,open_water,Jamnagar (Sikka) marine terminal,1158.19,False,False,2,,False
419234333,JESUS NET2(88%,IND,india_mangalore_dec2025_jan2026,2025-12-08 10:00:00+00:00,2025-12-08 17:00:00+00:00,7.0,8,1.0,13.5275,74.52,1.39,ordinary,open_water,Jamnagar (Sikka) marine terminal,1112.19,False,False,2,,False
419234333,JESUS NET2(88%,IND,india_mangalore_dec2025_jan2026,2025-12-12 09:00:00+00:00,2025-12-12 16:00:00+00:00,7.0,7,0.875,13.53286,74.54143,4.855,ordinary,open_water,Jamnagar (Sikka) marine terminal,1112.69,False,False,2,,False
419240959,RAKSHAKAN NET4_82%,IND,india_mangalore_dec2025_jan2026,2025-12-28 16:00:00+00:00,2025-12-28 23:00:00+00:00,7.0,8,1.0,12.42875,74.3075,4.709,ordinary,open_water,Jamnagar (Sikka) marine terminal,1213.6,False,False,2,,False
419241134,,IND,india_mangalore_dec2025_jan2026,2025-12-04 13:00:00+00:00,2025-12-04 20:00:00+00:00,7.0,7,0.875,12.10714,74.44857,1.475,ordinary,open_water,Jamnagar (Sikka) marine terminal,1252.5,False,False,2,,False
419250308,GAGULTHA NET2_99%,IND,india_mangalore_dec2025_jan2026,2025-12-11 11:00:00+00:00,2025-12-11 18:00:00+00:00,7.0,8,1.0,12.65125,74.685,4.606,ordinary,open_water,Jamnagar (Sikka) marine terminal,1207.7,False,False,2,,False
419250308,GAGULTHA NET2_99%,IND,india_mangalore_dec2025_jan2026,2025-12-13 09:00:00+00:00,2025-12-13 16:00:00+00:00,7.0,8,1.0,13.19125,74.10375,2.124,ordinary,open_water,Jamnagar (Sikka) marine terminal,1126.99,False,False,2,,False
419250308,GAGULTHA NET2_99%,IND,india_mangalore_dec2025_jan2026,2026-01-09 12:00:00+00:00,2026-01-09 19:00:00+00:00,7.0,8,1.0,12.03625,74.12875,4.973,ordinary,open_water,Jamnagar (Sikka) marine terminal,1246.66,False,False,2,,False
419250308,GAGULTHA NET2_99%,IND,india_mangalore_dec2025_jan2026,2026-01-09 20:00:00+00:00,2026-01-10 03:00:00+00:00,7.0,4,0.5,12.0725,74.06,4.429,ordinary,open_water,Jamnagar (Sikka) marine terminal,1240.19,False,False,2,,False
419250309,GAGULTHA NET3_99%,IND,india_mangalore_dec2025_jan2026,2025-12-11 05:00:00+00:00,2025-12-11 12:00:00+00:00,7.0,3,0.375,12.61,74.70333,4.802,ordinary,open_water,Jamnagar (Sikka) marine terminal,1212.7,False,False,2,,False
419250309,GAGULTHA NET3_99%,IND,india_mangalore_dec2025_jan2026,2025-12-13 09:00:00+00:00,2025-12-13 16:00:00+00:00,7.0,8,1.0,13.19,74.10375,3.404,ordinary,open_water,Jamnagar (Sikka) marine terminal,1127.12,False,False,2,,False
419250310,GAGULTHA NET4_53%,IND,india_mangalore_dec2025_jan2026,2025-12-12 11:00:00+00:00,2025-12-12 18:00:00+00:00,7.0,8,1.0,13.4525,74.45875,2.506,ordinary,open_water,Jamnagar (Sikka) marine terminal,1116.75,False,False,2,,False
419250310,GAGULTHA NET4_53%,IND,india_mangalore_dec2025_jan2026,2025-12-13 09:00:00+00:00,2025-12-13 16:00:00+00:00,7.0,8,1.0,13.20875,74.095,3.835,ordinary,open_water,Jamnagar (Sikka) marine terminal,1124.83,False,False,2,,False
419250311,GAGULTHA NET5_99%,IND,india_mangalore_dec2025_jan2026,2026-01-10 09:00:00+00:00,2026-01-10 16:00:00+00:00,7.0,8,1.0,12.12375,73.8325,4.355,ordinary,open_water,Jamnagar (Sikka) marine terminal,1226.1,False,False,2,,False
419250727,YOVAN NET5_99%,IND,india_mangalore_dec2025_jan2026,2025-12-09 11:00:00+00:00,2025-12-09 18:00:00+00:00,7.0,8,1.0,13.57375,74.43625,4.051,ordinary,open_water,Jamnagar (Sikka) marine terminal,1103.57,False,False,2,,False
419250901,NALLIDAYAN NET4(99%,IND,india_mangalore_dec2025_jan2026,2025-12-12 11:00:00+00:00,2025-12-12 18:00:00+00:00,7.0,8,1.0,13.00375,73.8275,4.872,ordinary,open_water,Jamnagar (Sikka) marine terminal,1134.61,False,False,2,,False
419251136,CHRIST NET1_99%,IND,india_mangalore_dec2025_jan2026,2025-12-13 12:00:00+00:00,2025-12-13 19:00:00+00:00,7.0,4,0.5,12.35,74.915,1.237,ordinary,open_water,Jamnagar (Sikka) marine terminal,1248.66,False,False,2,,False
419260736,VILURMATHA NET4_92%,IND,india_mangalore_dec2025_jan2026,2026-01-09 15:00:00+00:00,2026-01-09 22:00:00+00:00,7.0,7,0.875,12.03,74.12857,4.748,ordinary,open_water,Jamnagar (Sikka) marine terminal,1247.3,False,False,2,,False
419260736,VILURMATHA NET4_92%,IND,india_mangalore_dec2025_jan2026,2026-01-10 09:00:00+00:00,2026-01-10 16:00:00+00:00,7.0,8,1.0,12.10375,73.92125,4.539,ordinary,open_water,Jamnagar (Sikka) marine terminal,1231.56,False,False,2,,False
419271111,ANTONYSAJIN NET1_75%,IND,india_mangalore_dec2025_jan2026,2025-12-11 04:00:00+00:00,2025-12-11 11:00:00+00:00,7.0,7,0.875,12.76571,73.96428,4.633,ordinary,open_water,Jamnagar (Sikka) marine terminal,1164.71,False,False,2,,False
419271111,ANTONYSAJIN NET1_75%,IND,india_mangalore_dec2025_jan2026,2025-12-12 15:00:00+00:00,2025-12-12 22:00:00+00:00,7.0,8,1.0,12.90125,73.915,4.866,ordinary,open_water,Jamnagar (Sikka) marine terminal,1148.74,False,False,2,,False
419271226,MOTHERMARY NET1(85%,IND,india_mangalore_dec2025_jan2026,2025-12-06 15:00:00+00:00,2025-12-06 22:00:00+00:00,7.0,7,0.875,12.05143,74.53429,4.914,ordinary,open_water,Jamnagar (Sikka) marine terminal,1261.86,False,False,2,,False
419290189,SHYJU NET1_98%,IND,india_mangalore_dec2025_jan2026,2025-12-17 15:00:00+00:00,2025-12-17 22:00:00+00:00,7.0,5,0.625,12.136,75.036,2.747,ordinary,open_water,Jamnagar (Sikka) marine terminal,1275.79,False,False,2,,False
419301092,REO NET 1_82%,IND,india_mangalore_dec2025_jan2026,2026-01-10 10:00:00+00:00,2026-01-10 17:00:00+00:00,7.0,8,1.0,12.18375,74.98125,4.646,ordinary,open_water,Jamnagar (Sikka) marine terminal,1268.44,False,False,2,,False
419308301,AL-AQSA NET2  100%,IND,india_mangalore_dec2025_jan2026,2025-12-20 16:00:00+00:00,2025-12-20 23:00:00+00:00,7.0,4,0.5,12.87,74.3,0.0,ordinary,open_water,Jamnagar (Sikka) marine terminal,1168.25,False,False,2,,False
419310115,RANGA  NET2_99%,IND,india_mangalore_dec2025_jan2026,2025-12-12 09:00:00+00:00,2025-12-12 16:00:00+00:00,7.0,8,1.0,13.555,74.48875,4.98,ordinary,open_water,Jamnagar (Sikka) marine terminal,1107.95,False,False,2,,False
419310117,USHAS  NET3_99%,IND,india_mangalore_dec2025_jan2026,2025-12-10 13:00:00+00:00,2025-12-10 20:00:00+00:00,7.0,8,1.0,13.15,74.6,4.448,ordinary,open_water,Jamnagar (Sikka) marine terminal,1153.68,False,False,2,,False
419322000,SAMUDRA SHAUDHIKAMA,IND,india_mangalore_dec2025_jan2026,2025-12-11 14:00:00+00:00,2025-12-11 21:00:00+00:00,7.0,8,1.0,13.32,74.6325,3.433,ordinary,open_water,Jamnagar (Sikka) marine terminal,1138.27,False,False,2,,False
419322000,SAMUDRA SHAUDHIKAMA,IND,india_mangalore_dec2025_jan2026,2025-12-21 12:00:00+00:00,2025-12-21 19:00:00+00:00,7.0,8,1.0,12.5675,74.88875,3.677,ordinary,open_water,Jamnagar (Sikka) marine terminal,1225.62,False,False,2,,False
419322000,SAMUDRA SHAUDHIKAMA,IND,india_mangalore_dec2025_jan2026,2025-12-27 12:00:00+00:00,2025-12-27 19:00:00+00:00,7.0,7,0.875,12.39714,74.97714,2.024,ordinary,open_water,Jamnagar (Sikka) marine terminal,1246.85,False,False,2,,False
419322000,SAMUDRA SHAUDHIKAMA,IND,india_mangalore_dec2025_jan2026,2025-12-28 12:00:00+00:00,2025-12-28 19:00:00+00:00,7.0,8,1.0,12.39875,74.97875,1.571,ordinary,open_water,Jamnagar (Sikka) marine terminal,1246.77,False,False,2,,False
419322000,SAMUDRA SHAUDHIKAMA,IND,india_mangalore_dec2025_jan2026,2026-01-06 15:00:00+00:00,2026-01-06 22:00:00+00:00,7.0,8,1.0,12.40625,74.9575,3.066,ordinary,open_water,Jamnagar (Sikka) marine terminal,1245.01,False,False,2,,False
419322830,KANNUR ALIF NET-1,IND,india_mangalore_dec2025_jan2026,2025-12-30 11:00:00+00:00,2025-12-30 18:00:00+00:00,7.0,8,1.0,12.02625,75.09,0.695,ordinary,open_water,Jamnagar (Sikka) marine terminal,1289.34,False,False,2,,False
419323569,LAENA MATHA NET-3,IND,india_mangalore_dec2025_jan2026,2025-12-12 15:00:00+00:00,2025-12-12 22:00:00+00:00,7.0,8,1.0,12.92875,73.97625,3.896,ordinary,open_water,Jamnagar (Sikka) marine terminal,1148.43,False,False,2,,False
419324408,ST FRANCIS NET 2,IND,india_mangalore_dec2025_jan2026,2025-12-21 11:00:00+00:00,2025-12-21 18:00:00+00:00,7.0,8,1.0,13.2125,74.56125,4.82,ordinary,open_water,Jamnagar (Sikka) marine terminal,1145.6,False,False,2,,False
419335242,ROSA MYSTICA NET-3,IND,india_mangalore_dec2025_jan2026,2025-12-21 04:00:00+00:00,2025-12-21 11:00:00+00:00,7.0,3,0.375,12.62667,74.76333,1.954,ordinary,open_water,Jamnagar (Sikka) marine terminal,1213.8,False,False,2,,False
419336545,PUTHARAN NET1  100%,IND,india_mangalore_dec2025_jan2026,2025-12-12 12:00:00+00:00,2025-12-12 19:00:00+00:00,7.0,8,1.0,12.18875,74.91625,4.637,ordinary,open_water,Jamnagar (Sikka) marine terminal,1264.93,False,False,2,,False
419336765,T.K.M NET-1  82%,IND,india_mangalore_dec2025_jan2026,2025-12-01 00:00:00+00:00,2025-12-01 07:00:00+00:00,7.0,4,0.5,12.705,74.0675,1.856,ordinary,open_water,Jamnagar (Sikka) marine terminal,1175.2,False,False,2,,False
419345249,JERO 3NET99%,IND,india_mangalore_dec2025_jan2026,2026-01-07 11:00:00+00:00,2026-01-07 18:00:00+00:00,7.0,8,1.0,12.8325,73.84125,4.344,ordinary,open_water,Jamnagar (Sikka) marine terminal,1152.85,False,False,2,,False
419345250,DORNICKA2NET99%,IND,india_mangalore_dec2025_jan2026,2025-12-09 09:00:00+00:00,2025-12-09 16:00:00+00:00,7.0,8,1.0,13.49125,74.44,1.251,ordinary,open_water,Jamnagar (Sikka) marine terminal,1111.99,False,False,2,,False
419345250,DORNICKA2NET99%,IND,india_mangalore_dec2025_jan2026,2026-01-06 11:00:00+00:00,2026-01-06 18:00:00+00:00,7.0,8,1.0,13.37375,74.59875,4.033,ordinary,open_water,Jamnagar (Sikka) marine terminal,1131.29,False,False,2,,False
419345251,DORNICKA3NET99%,IND,india_mangalore_dec2025_jan2026,2025-12-10 12:00:00+00:00,2025-12-10 19:00:00+00:00,7.0,7,0.875,13.31714,74.41857,3.657,ordinary,open_water,Jamnagar (Sikka) marine terminal,1128.42,False,False,2,,False
419345253,THANNAM NET199%,IND,india_mangalore_dec2025_jan2026,2025-12-10 12:00:00+00:00,2025-12-10 19:00:00+00:00,7.0,5,0.625,13.428,74.37,2.446,ordinary,open_water,Jamnagar (Sikka) marine terminal,1115.03,False,False,2,,False
419346812,DHAANAM BOAT,IND,india_mangalore_dec2025_jan2026,2025-12-19 10:00:00+00:00,2025-12-19 17:00:00+00:00,7.0,5,0.625,13.122,74.654,2.511,ordinary,open_water,Jamnagar (Sikka) marine terminal,1159.04,False,False,2,,False
419349227,RITHIK 2 NET-1  100%,IND,india_mangalore_dec2025_jan2026,2025-12-18 14:00:00+00:00,2025-12-18 21:00:00+00:00,7.0,7,0.875,12.66714,74.13,3.207,ordinary,open_water,Jamnagar (Sikka) marine terminal,1181.69,False,False,2,,False
419349227,RITHIK 2 NET-1  100%,IND,india_mangalore_dec2025_jan2026,2026-01-04 14:00:00+00:00,2026-01-04 21:00:00+00:00,7.0,8,1.0,12.50625,74.71625,1.896,ordinary,open_water,Jamnagar (Sikka) marine terminal,1223.75,False,False,2,,False
419349409,SHRI GURU,IND,india_mangalore_dec2025_jan2026,2025-12-19 15:00:00+00:00,2025-12-19 22:00:00+00:00,7.0,4,0.5,13.64,73.9825,3.834,ordinary,open_water,Jamnagar (Sikka) marine terminal,1076.06,False,False,2,,False
419368462,MIRANSH NET 1  72%,IND,india_mangalore_dec2025_jan2026,2025-12-10 12:00:00+00:00,2025-12-10 19:00:00+00:00,7.0,6,0.75,12.81333,73.95833,4.27,ordinary,open_water,Jamnagar (Sikka) marine terminal,1159.56,False,False,2,,False
419401006,ARUNSAJIN NET5_92%,IND,india_mangalore_dec2025_jan2026,2025-12-07 12:00:00+00:00,2025-12-07 19:00:00+00:00,7.0,5,0.625,12.26,74.146,2.318,ordinary,open_water,Jamnagar (Sikka) marine terminal,1224.24,False,False,2,,False
419401011,ARUNSAJIN NET-2_62%,IND,india_mangalore_dec2025_jan2026,2025-12-08 10:00:00+00:00,2025-12-08 17:00:00+00:00,7.0,8,1.0,12.90125,73.8425,4.951,ordinary,open_water,Jamnagar (Sikka) marine terminal,1145.79,False,False,2,,False
419401012,ARUNSAJIN NET-3_66%,IND,india_mangalore_dec2025_jan2026,2025-12-07 19:00:00+00:00,2025-12-08 02:00:00+00:00,7.0,6,0.75,12.27,74.15,2.224,ordinary,open_water,Jamnagar (Sikka) marine terminal,1223.37,False,False,2,,False
419401024,ARUNSAJIN NET-4_80%,IND,india_mangalore_dec2025_jan2026,2025-12-10 13:00:00+00:00,2025-12-10 20:00:00+00:00,7.0,8,1.0,12.64,74.0725,2.368,ordinary,open_water,Jamnagar (Sikka) marine terminal,1182.09,False,False,2,,False
419435113,EPSIBA[PUNTE MATHA],IND,india_mangalore_dec2025_jan2026,2025-12-13 15:00:00+00:00,2025-12-13 22:00:00+00:00,7.0,7,0.875,13.70143,74.11,1.441,ordinary,open_water,Jamnagar (Sikka) marine terminal,1075.56,False,False,2,,False
419446012,HARSHA _NET_1-89%,IND,india_mangalore_dec2025_jan2026,2025-12-03 11:00:00+00:00,2025-12-03 18:00:00+00:00,7.0,5,0.625,12.614,74.124,0.932,ordinary,open_water,Jamnagar (Sikka) marine terminal,1186.9,False,False,2,,False
419446012,HARSHA _NET_1-89%,IND,india_mangalore_dec2025_jan2026,2025-12-07 11:00:00+00:00,2025-12-07 18:00:00+00:00,7.0,8,1.0,12.59,74.14875,4.612,ordinary,open_water,Jamnagar (Sikka) marine terminal,1190.39,False,False,2,,False
419446013,HARSHA_NET_2-87%,IND,india_mangalore_dec2025_jan2026,2025-12-07 12:00:00+00:00,2025-12-07 19:00:00+00:00,7.0,7,0.875,12.62143,74.14286,4.671,ordinary,open_water,Jamnagar (Sikka) marine terminal,1186.92,False,False,2,,False
419446014,HARSHA_NET_3-77%,IND,india_mangalore_dec2025_jan2026,2025-12-03 11:00:00+00:00,2025-12-03 18:00:00+00:00,7.0,5,0.625,12.592,74.148,1.592,ordinary,open_water,Jamnagar (Sikka) marine terminal,1190.15,False,False,2,,False
419446015,HARSHA_NET_4-65%,IND,india_mangalore_dec2025_jan2026,2025-12-03 11:00:00+00:00,2025-12-03 18:00:00+00:00,7.0,4,0.5,12.5675,74.1525,1.611,ordinary,open_water,Jamnagar (Sikka) marine terminal,1192.86,False,False,2,,False
419446015,HARSHA_NET_4-65%,IND,india_mangalore_dec2025_jan2026,2025-12-12 11:00:00+00:00,2025-12-12 18:00:00+00:00,7.0,8,1.0,12.77625,74.00125,4.141,ordinary,open_water,Jamnagar (Sikka) marine terminal,1165.14,False,False,2,,False
419446016,HARSHA_NET_5-68%,IND,india_mangalore_dec2025_jan2026,2025-12-10 12:00:00+00:00,2025-12-10 19:00:00+00:00,7.0,5,0.625,12.754,73.958,1.979,ordinary,open_water,Jamnagar (Sikka) marine terminal,1165.66,False,False,2,,False
419506186,ST FRANCIS,IND,india_mangalore_dec2025_jan2026,2025-12-13 09:00:00+00:00,2025-12-13 16:00:00+00:00,7.0,8,1.0,13.09375,74.64125,4.641,ordinary,open_water,Jamnagar (Sikka) marine terminal,1161.26,False,False,2,,False
419506593,DIVINE BOUY6  100%,IND,india_mangalore_dec2025_jan2026,2025-12-11 04:00:00+00:00,2025-12-11 11:00:00+00:00,7.0,6,0.75,12.97167,73.91833,3.554,ordinary,open_water,Jamnagar (Sikka) marine terminal,1141.62,False,False,2,,False
419508076,ST FRANCIS NET1 71%,IND,india_mangalore_dec2025_jan2026,2025-12-14 10:00:00+00:00,2025-12-14 17:00:00+00:00,7.0,8,1.0,13.14125,74.61625,1.315,ordinary,open_water,Jamnagar (Sikka) marine terminal,1155.33,False,False,2,,False
419508076,ST FRANCIS NET1 71%,IND,india_mangalore_dec2025_jan2026,2025-12-21 10:00:00+00:00,2025-12-21 17:00:00+00:00,7.0,8,1.0,13.2175,74.55125,4.88,ordinary,open_water,Jamnagar (Sikka) marine terminal,1144.63,False,False,2,,False
419517688,NET KALVARI-1  72%,IND,india_mangalore_dec2025_jan2026,2025-12-12 12:00:00+00:00,2025-12-12 19:00:00+00:00,7.0,3,0.375,12.18667,74.95333,4.462,ordinary,open_water,Jamnagar (Sikka) marine terminal,1266.85,False,False,2,,False
419517763,HARSHA BOAT,IND,india_mangalore_dec2025_jan2026,2025-12-12 14:00:00+00:00,2025-12-12 21:00:00+00:00,7.0,8,1.0,12.85125,73.95875,4.746,ordinary,open_water,Jamnagar (Sikka) marine terminal,1155.68,False,False,2,,False
419517859,NET POURNAMI MATHA-1,IND,india_mangalore_dec2025_jan2026,2025-12-18 13:00:00+00:00,2025-12-18 20:00:00+00:00,7.0,8,1.0,12.025,75.12125,1.92,ordinary,open_water,Jamnagar (Sikka) marine terminal,1290.93,False,False,2,,False
419519369,KOTTARAM NET BOAT,IND,india_mangalore_dec2025_jan2026,2025-12-19 14:00:00+00:00,2025-12-19 21:00:00+00:00,7.0,8,1.0,12.71125,74.74875,4.764,ordinary,open_water,Jamnagar (Sikka) marine terminal,1204.63,False,False,2,,False
419520394,MAGATHUVAM NET-2_,IND,india_mangalore_dec2025_jan2026,2025-12-12 12:00:00+00:00,2025-12-12 19:00:00+00:00,7.0,8,1.0,12.07875,74.86125,4.767,ordinary,open_water,Jamnagar (Sikka) marine terminal,1273.51,False,False,2,,False
419520417,CRIST THE KING NET-1,IND,india_mangalore_dec2025_jan2026,2026-01-10 10:00:00+00:00,2026-01-10 17:00:00+00:00,7.0,6,0.75,12.07833,73.86833,4.814,ordinary,open_water,Jamnagar (Sikka) marine terminal,1232.19,False,False,2,,False
419520864,RITHIK NET-2  82%,IND,india_mangalore_dec2025_jan2026,2025-12-20 23:00:00+00:00,2025-12-21 06:00:00+00:00,7.0,6,0.75,12.865,74.03333,1.818,ordinary,open_water,Jamnagar (Sikka) marine terminal,1157.35,False,False,2,,False
419521115,RAKSHAKAN NET-1,IND,india_mangalore_dec2025_jan2026,2025-12-28 17:00:00+00:00,2025-12-29 00:00:00+00:00,7.0,7,0.875,12.47857,74.28714,3.763,ordinary,open_water,Jamnagar (Sikka) marine terminal,1207.63,False,False,2,,False
419521169,JALAPRIYA NET-3,IND,india_mangalore_dec2025_jan2026,2025-12-12 12:00:00+00:00,2025-12-12 19:00:00+00:00,7.0,8,1.0,12.89125,73.815,4.619,ordinary,open_water,Jamnagar (Sikka) marine terminal,1145.72,False,False,2,,False
419521210,OMIGA NET-2  100%,IND,india_mangalore_dec2025_jan2026,2025-12-12 08:00:00+00:00,2025-12-12 15:00:00+00:00,7.0,6,0.75,13.21167,74.57667,1.347,ordinary,open_water,Jamnagar (Sikka) marine terminal,1146.41,False,False,2,,False
419522053,BETHEL NET-2  59%,IND,india_mangalore_dec2025_jan2026,2025-12-13 12:00:00+00:00,2025-12-13 19:00:00+00:00,7.0,6,0.75,13.18833,74.62,0.927,ordinary,open_water,Jamnagar (Sikka) marine terminal,1150.8,False,False,2,,False
419522053,BETHEL NET-2  59%,IND,india_mangalore_dec2025_jan2026,2025-12-14 11:00:00+00:00,2025-12-14 18:00:00+00:00,7.0,7,0.875,13.21429,74.6,1.589,ordinary,open_water,Jamnagar (Sikka) marine terminal,1147.25,False,False,2,,False
419522061,VINAGATHAI NET-1_,IND,india_mangalore_dec2025_jan2026,2026-01-11 11:00:00+00:00,2026-01-11 18:00:00+00:00,7.0,7,0.875,12.63286,74.77,4.766,ordinary,open_water,Jamnagar (Sikka) marine terminal,1213.49,False,False,2,,False
419525649,KARUNYA NET3  98%,IND,india_mangalore_dec2025_jan2026,2025-12-12 16:00:00+00:00,2025-12-12 23:00:00+00:00,7.0,8,1.0,12.87,73.92,4.948,ordinary,open_water,Jamnagar (Sikka) marine terminal,1152.16,False,False,2,,False
419564083,MOSSAI NETBOUY 1-89%,IND,india_mangalore_dec2025_jan2026,2025-12-07 06:00:00+00:00,2025-12-07 13:00:00+00:00,7.0,8,1.0,13.24125,73.89875,0.982,ordinary,open_water,Jamnagar (Sikka) marine terminal,1113.13,False,False,2,,False
419576361,BIBLE NET 1-95%,IND,india_mangalore_dec2025_jan2026,2025-12-20 15:00:00+00:00,2025-12-20 22:00:00+00:00,7.0,5,0.625,12.148,74.946,1.763,ordinary,open_water,Jamnagar (Sikka) marine terminal,1270.4,False,False,2,,False
419675433,EBSON NETBUOY 2 84%,IND,india_mangalore_dec2025_jan2026,2025-12-12 12:00:00+00:00,2025-12-12 19:00:00+00:00,7.0,8,1.0,12.22375,74.94125,4.645,ordinary,open_water,Jamnagar (Sikka) marine terminal,1262.56,False,False,2,,False
419681983,,IND,india_mangalore_dec2025_jan2026,2025-12-09 17:00:00+00:00,2025-12-10 00:00:00+00:00,7.0,7,0.875,12.81,74.01429,4.763,ordinary,open_water,Jamnagar (Sikka) marine terminal,1162.21,False,False,2,,False
419711121,DEVANNAI NET199%,IND,india_mangalore_dec2025_jan2026,2025-12-08 13:00:00+00:00,2025-12-08 20:00:00+00:00,7.0,8,1.0,13.1375,74.52125,3.814,ordinary,open_water,Jamnagar (Sikka) marine terminal,1151.24,False,False,2,,False
419711125,DEVAANNAI NET5(99%,IND,india_mangalore_dec2025_jan2026,2025-12-14 04:00:00+00:00,2025-12-14 11:00:00+00:00,7.0,6,0.75,13.13167,74.63167,4.695,ordinary,open_water,Jamnagar (Sikka) marine terminal,1157.01,False,False,2,,False
419731213,AUSTIN NETBUOY 2_37%,IND,india_mangalore_dec2025_jan2026,2025-12-08 14:00:00+00:00,2025-12-08 21:00:00+00:00,7.0,6,0.75,12.77,73.91,2.474,ordinary,open_water,Jamnagar (Sikka) marine terminal,1162.06,False,False,2,,False
419731315,VACHANAM NET 1_99%,IND,india_mangalore_dec2025_jan2026,2026-01-08 17:00:00+00:00,2026-01-09 00:00:00+00:00,7.0,3,0.375,12.08,75.01667,2.869,ordinary,open_water,Jamnagar (Sikka) marine terminal,1280.52,False,False,2,,False
419731318,RATCHAGAN NET 3_92%,IND,india_mangalore_dec2025_jan2026,2025-12-28 16:00:00+00:00,2025-12-28 23:00:00+00:00,7.0,8,1.0,12.4625,74.2925,4.917,ordinary,open_water,Jamnagar (Sikka) marine terminal,1209.51,False,False,2,,False
419731321,RENJITH NET 2_92%,IND,india_mangalore_dec2025_jan2026,2025-12-20 00:00:00+00:00,2025-12-20 07:00:00+00:00,7.0,8,1.0,12.7775,74.74125,2.165,ordinary,open_water,Jamnagar (Sikka) marine terminal,1197.64,False,False,2,,False
419731322,MAHATHUVAM NET 1_84%,IND,india_mangalore_dec2025_jan2026,2025-12-12 11:00:00+00:00,2025-12-12 18:00:00+00:00,7.0,8,1.0,12.84375,73.8725,4.04,ordinary,open_water,Jamnagar (Sikka) marine terminal,1152.94,False,False,2,,False
419731370,ALLELUYA NET 1_99%,IND,india_mangalore_dec2025_jan2026,2025-12-15 11:00:00+00:00,2025-12-15 18:00:00+00:00,7.0,7,0.875,13.43429,74.41,2.7,ordinary,open_water,Jamnagar (Sikka) marine terminal,1116.27,False,False,2,,False
419731456,ANAMITHRA NET 1_93%,IND,india_mangalore_dec2025_jan2026,2025-12-07 07:00:00+00:00,2025-12-07 14:00:00+00:00,7.0,8,1.0,13.36125,73.8175,1.36,ordinary,open_water,Jamnagar (Sikka) marine terminal,1097.42,False,False,2,,False
419731578,USUS NET 2_93%,IND,india_mangalore_dec2025_jan2026,2025-12-06 01:00:00+00:00,2025-12-06 08:00:00+00:00,7.0,5,0.625,13.096,73.834,3.725,ordinary,open_water,Jamnagar (Sikka) marine terminal,1125.37,False,False,2,,False
419731582,ARULMARY NET 2_88%,IND,india_mangalore_dec2025_jan2026,2025-12-16 13:00:00+00:00,2025-12-16 20:00:00+00:00,7.0,4,0.5,13.45,74.3975,3.835,ordinary,open_water,Jamnagar (Sikka) marine terminal,1114.11,False,False,2,,False
419731885,MOSSAI NETBUOY 2-86%,IND,india_mangalore_dec2025_jan2026,2025-12-06 01:00:00+00:00,2025-12-06 08:00:00+00:00,7.0,8,1.0,13.1525,73.885,1.492,ordinary,open_water,Jamnagar (Sikka) marine terminal,1121.66,False,False,2,,False
419738191,ESR RIYAMOL,IND,india_mangalore_dec2025_jan2026,2026-01-10 16:00:00+00:00,2026-01-10 23:00:00+00:00,7.0,7,0.875,12.50286,73.97,2.599,ordinary,open_water,Jamnagar (Sikka) marine terminal,1192.07,False,False,2,,False
419740037,MERCY NET 6_54%,IND,india_mangalore_dec2025_jan2026,2025-12-13 13:00:00+00:00,2025-12-13 20:00:00+00:00,7.0,8,1.0,12.61,73.83375,4.387,ordinary,open_water,Jamnagar (Sikka) marine terminal,1175.58,False,False,2,,False
419740046,BETHLEHEM NET 2_99%,IND,india_mangalore_dec2025_jan2026,2025-12-08 12:00:00+00:00,2025-12-08 19:00:00+00:00,7.0,8,1.0,12.12,74.99625,2.325,ordinary,open_water,Jamnagar (Sikka) marine terminal,1275.55,False,False,2,,False
419740046,BETHLEHEM NET 2_99%,IND,india_mangalore_dec2025_jan2026,2025-12-12 12:00:00+00:00,2025-12-12 19:00:00+00:00,7.0,8,1.0,12.13875,75.0,3.641,ordinary,open_water,Jamnagar (Sikka) marine terminal,1273.84,False,False,2,,False
419740046,BETHLEHEM NET 2_99%,IND,india_mangalore_dec2025_jan2026,2025-12-17 11:00:00+00:00,2025-12-17 18:00:00+00:00,7.0,6,0.75,12.45667,74.86,2.595,ordinary,open_water,Jamnagar (Sikka) marine terminal,1235.38,False,False,2,,False
419740046,BETHLEHEM NET 2_99%,IND,india_mangalore_dec2025_jan2026,2025-12-19 11:00:00+00:00,2025-12-19 18:00:00+00:00,7.0,8,1.0,12.5,74.85,3.98,ordinary,open_water,Jamnagar (Sikka) marine terminal,1230.56,False,False,2,,False
419740100,Y M V NET 1_93%,IND,india_mangalore_dec2025_jan2026,2025-12-17 10:00:00+00:00,2025-12-17 17:00:00+00:00,7.0,8,1.0,13.57,74.35125,2.417,ordinary,open_water,Jamnagar (Sikka) marine terminal,1099.92,False,False,2,,False
419740161,AALAYAM NET 1_85%,IND,india_mangalore_dec2025_jan2026,2025-12-11 01:00:00+00:00,2025-12-11 08:00:00+00:00,7.0,3,0.375,12.03,75.04,1.556,ordinary,open_water,Jamnagar (Sikka) marine terminal,1286.63,False,False,2,,False
419740261,PAYANAMATHA NET2_83%,IND,india_mangalore_dec2025_jan2026,2025-12-09 13:00:00+00:00,2025-12-09 20:00:00+00:00,7.0,7,0.875,12.10714,75.04,4.668,ordinary,open_water,Jamnagar (Sikka) marine terminal,1278.88,False,False,2,,False
419740261,PAYANAMATHA NET2_83%,IND,india_mangalore_dec2025_jan2026,2025-12-13 13:00:00+00:00,2025-12-13 20:00:00+00:00,7.0,6,0.75,12.055,75.015,2.333,ordinary,open_water,Jamnagar (Sikka) marine terminal,1282.95,False,False,2,,False
419740270,MERCY BOAT NET 3_95%,IND,india_mangalore_dec2025_jan2026,2025-12-13 08:00:00+00:00,2025-12-13 15:00:00+00:00,7.0,7,0.875,12.63714,73.82714,3.89,ordinary,open_water,Jamnagar (Sikka) marine terminal,1172.51,False,False,2,,False
419740308,PRAMMA NET 1_99%,IND,india_mangalore_dec2025_jan2026,2025-12-07 11:00:00+00:00,2025-12-07 18:00:00+00:00,7.0,7,0.875,13.72,74.44,3.336,ordinary,open_water,Jamnagar (Sikka) marine terminal,1089.18,False,False,2,,False
419740308,PRAMMA NET 1_99%,IND,india_mangalore_dec2025_jan2026,2025-12-09 11:00:00+00:00,2025-12-09 18:00:00+00:00,7.0,8,1.0,13.63,74.51,4.448,ordinary,open_water,Jamnagar (Sikka) marine terminal,1101.51,False,False,2,,False
419740308,PRAMMA NET 1_99%,IND,india_mangalore_dec2025_jan2026,2025-12-15 11:00:00+00:00,2025-12-15 18:00:00+00:00,7.0,5,0.625,13.656,74.55,0.667,ordinary,open_water,Jamnagar (Sikka) marine terminal,1100.88,False,False,2,,False
419740309,MAGATHUVAM NET 1_99%,IND,india_mangalore_dec2025_jan2026,2025-12-01 12:00:00+00:00,2025-12-01 19:00:00+00:00,7.0,6,0.75,12.88167,73.97334,1.942,ordinary,open_water,Jamnagar (Sikka) marine terminal,1153.15,False,False,2,,False
419740309,MAGATHUVAM NET 1_99%,IND,india_mangalore_dec2025_jan2026,2025-12-13 07:00:00+00:00,2025-12-13 14:00:00+00:00,7.0,8,1.0,12.35625,74.2725,4.457,ordinary,open_water,Jamnagar (Sikka) marine terminal,1219.55,False,False,2,,False
419740312,THAANAM NET 3_99%,IND,india_mangalore_dec2025_jan2026,2025-12-18 00:00:00+00:00,2025-12-18 07:00:00+00:00,7.0,8,1.0,12.83125,74.665,4.867,ordinary,open_water,Jamnagar (Sikka) marine terminal,1188.68,False,False,2,,False
419740328,ESHOMARIYAM NET4_52%,IND,india_mangalore_dec2025_jan2026,2025-12-06 14:00:00+00:00,2025-12-06 21:00:00+00:00,7.0,8,1.0,12.0575,74.495,4.757,ordinary,open_water,Jamnagar (Sikka) marine terminal,1259.56,False,False,2,,False
419740369,CHRISTHEKINGNET1_99%,IND,india_mangalore_dec2025_jan2026,2025-12-13 15:00:00+00:00,2025-12-13 22:00:00+00:00,7.0,6,0.75,12.125,74.78667,4.853,ordinary,open_water,Jamnagar (Sikka) marine terminal,1265.46,False,False,2,,False
419757000,SWARNA KALASH,IND,india_mangalore_dec2025_jan2026,2026-01-08 06:00:00+00:00,2026-01-08 13:00:00+00:00,7.0,8,1.0,12.9575,74.67625,2.451,ordinary,open_water,Jamnagar (Sikka) marine terminal,1176.55,False,False,2,,False
419783897,MAJUMATHA NET2(99%,IND,india_mangalore_dec2025_jan2026,2025-12-11 14:00:00+00:00,2025-12-11 21:00:00+00:00,7.0,7,0.875,13.46714,74.54143,3.657,ordinary,open_water,Jamnagar (Sikka) marine terminal,1119.23,False,False,2,,False
419789351,JERO NET299%,IND,india_mangalore_dec2025_jan2026,2025-12-12 16:00:00+00:00,2025-12-12 23:00:00+00:00,7.0,7,0.875,12.88857,73.83857,4.033,ordinary,open_water,Jamnagar (Sikka) marine terminal,1146.95,False,False,2,,False
419789351,JERO NET299%,IND,india_mangalore_dec2025_jan2026,2026-01-07 11:00:00+00:00,2026-01-07 18:00:00+00:00,7.0,8,1.0,12.85625,73.82875,3.871,ordinary,open_water,Jamnagar (Sikka) marine terminal,1149.89,False,False,2,,False
419809091,SHAN NET3(82%,IND,india_mangalore_dec2025_jan2026,2025-12-12 12:00:00+00:00,2025-12-12 19:00:00+00:00,7.0,6,0.75,12.96333,73.8,3.707,ordinary,open_water,Jamnagar (Sikka) marine terminal,1137.68,False,False,2,,False
419817763,JEHOVAHNISSI NETBOAT,IND,india_mangalore_dec2025_jan2026,2025-12-14 10:00:00+00:00,2025-12-14 17:00:00+00:00,7.0,7,0.875,13.10857,74.56857,3.616,ordinary,open_water,Jamnagar (Sikka) marine terminal,1156.35,False,False,2,,False
419825108,SAGAR SHRI,IND,india_mangalore_dec2025_jan2026,2025-12-14 12:00:00+00:00,2025-12-14 19:00:00+00:00,7.0,8,1.0,13.7775,73.8625,1.163,ordinary,open_water,Jamnagar (Sikka) marine terminal,1056.82,False,False,2,,False
419826092,ROSA MISTICA,IND,india_mangalore_dec2025_jan2026,2025-12-18 12:00:00+00:00,2025-12-18 19:00:00+00:00,7.0,7,0.875,12.50286,74.84143,4.173,ordinary,open_water,Jamnagar (Sikka) marine terminal,1229.88,False,False,2,,False
419826092,ROSA MISTICA,IND,india_mangalore_dec2025_jan2026,2025-12-21 13:00:00+00:00,2025-12-21 20:00:00+00:00,7.0,8,1.0,12.5975,74.775,4.998,ordinary,open_water,Jamnagar (Sikka) marine terminal,1217.28,False,False,2,,False
419826350,VILLURMATHA BOAT,IND,india_mangalore_dec2025_jan2026,2026-01-09 10:00:00+00:00,2026-01-09 17:00:00+00:00,7.0,3,0.375,12.06,74.08667,4.926,ordinary,open_water,Jamnagar (Sikka) marine terminal,1242.54,False,False,2,,False
419827179,ST ANTONY BOAT,IND,india_mangalore_dec2025_jan2026,2025-12-08 05:00:00+00:00,2025-12-08 12:00:00+00:00,7.0,3,0.375,12.66333,73.97,3.674,ordinary,open_water,Jamnagar (Sikka) marine terminal,1175.5,False,False,2,,False
419853272,RESHNU_NET_1-61%,IND,india_mangalore_dec2025_jan2026,2025-12-18 13:00:00+00:00,2025-12-18 20:00:00+00:00,7.0,8,1.0,12.2075,75.0,1.37,ordinary,open_water,Jamnagar (Sikka) marine terminal,1266.93,False,False,2,,False
419886107,SREERAGINI NET2(79%,IND,india_mangalore_dec2025_jan2026,2025-12-11 14:00:00+00:00,2025-12-11 21:00:00+00:00,7.0,3,0.375,13.03333,73.81667,4.459,ordinary,open_water,Jamnagar (Sikka) marine terminal,1131.12,False,False,2,,False
419901434,,IND,india_mangalore_dec2025_jan2026,2025-12-01 00:00:00+00:00,2025-12-01 07:00:00+00:00,7.0,7,0.875,12.84714,74.82572,3.466,ordinary,open_water,Jamnagar (Sikka) marine terminal,1194.68,False,False,2,,False
419901998,DEVAMATHA NET 7-90%,IND,india_mangalore_dec2025_jan2026,2025-12-17 11:00:00+00:00,2025-12-17 18:00:00+00:00,7.0,8,1.0,13.67125,74.3375,1.01,ordinary,open_water,Jamnagar (Sikka) marine terminal,1089.14,False,False,2,,False
419901998,DEVAMATHA NET 7-90%,IND,india_mangalore_dec2025_jan2026,2025-12-18 02:00:00+00:00,2025-12-18 09:00:00+00:00,7.0,4,0.5,13.34,74.71,0.0,ordinary,open_water,Jamnagar (Sikka) marine terminal,1140.04,False,False,2,,False
419902422,SHALOM,IND,india_mangalore_dec2025_jan2026,2026-01-05 08:00:00+00:00,2026-01-05 15:00:00+00:00,7.0,3,0.375,13.16667,74.10333,3.724,ordinary,open_water,Jamnagar (Sikka) marine terminal,1129.48,False,False,2,,False
419905650,VINNARASI NET 1N 71%,IND,india_mangalore_dec2025_jan2026,2025-12-01 10:00:00+00:00,2025-12-01 17:00:00+00:00,7.0,8,1.0,13.6575,74.325,4.757,ordinary,open_water,Jamnagar (Sikka) marine terminal,1089.93,False,False,2,,False
419906086,JALASHANTHA NETBOAT,IND,india_mangalore_dec2025_jan2026,2026-01-05 09:00:00+00:00,2026-01-05 16:00:00+00:00,7.0,4,0.5,13.3525,74.685,3.332,ordinary,open_water,Jamnagar (Sikka) marine terminal,1137.58,False,False,2,,False
419906641,CHRIST NETBOAT,IND,india_mangalore_dec2025_jan2026,2025-12-14 06:00:00+00:00,2025-12-14 13:00:00+00:00,7.0,3,0.375,13.46667,74.55,4.818,ordinary,open_water,Jamnagar (Sikka) marine terminal,1119.69,False,False,2,,False
419906850,ANNAI ALWIN BOAT,IND,india_mangalore_dec2025_jan2026,2025-12-19 14:00:00+00:00,2025-12-19 21:00:00+00:00,7.0,8,1.0,12.9925,74.435,3.463,ordinary,open_water,Jamnagar (Sikka) marine terminal,1161.87,False,False,2,,False
419912310,GAGULTHA BOAT,IND,india_mangalore_dec2025_jan2026,2025-12-13 09:00:00+00:00,2025-12-13 16:00:00+00:00,7.0,8,1.0,13.18,74.1125,3.6,ordinary,open_water,Jamnagar (Sikka) marine terminal,1128.52,False,False,2,,False
419912310,GAGULTHA BOAT,IND,india_mangalore_dec2025_jan2026,2026-01-10 12:00:00+00:00,2026-01-10 19:00:00+00:00,7.0,3,0.375,12.11,73.88334,2.899,ordinary,open_water,Jamnagar (Sikka) marine terminal,1229.46,False,False,2,,False
419912956,MIRANSH  NET BOAT,IND,india_mangalore_dec2025_jan2026,2025-12-07 12:00:00+00:00,2025-12-07 19:00:00+00:00,7.0,7,0.875,12.87,73.93,4.873,ordinary,open_water,Jamnagar (Sikka) marine terminal,1152.57,False,False,2,,False
419924337,GOLDEN LINE 3,IND,india_mangalore_dec2025_jan2026,2025-12-22 15:00:00+00:00,2025-12-22 22:00:00+00:00,7.0,3,0.375,12.85667,74.82,2.2,ordinary,open_water,Jamnagar (Sikka) marine terminal,1193.45,False,False,2,,False
419931128,MAHASATHI KRUPA NET3,IND,india_mangalore_dec2025_jan2026,2026-01-10 10:00:00+00:00,2026-01-10 17:00:00+00:00,7.0,8,1.0,13.64125,74.5675,2.378,ordinary,open_water,Jamnagar (Sikka) marine terminal,1103.2,False,False,2,,False
419950187,RAHAMATH,IND,india_mangalore_dec2025_jan2026,2025-12-14 13:00:00+00:00,2025-12-14 20:00:00+00:00,7.0,6,0.75,13.20667,73.87833,0.975,ordinary,open_water,Jamnagar (Sikka) marine terminal,1115.82,False,False,2,,False
419950286,RUDRA PRAYAG,IND,india_mangalore_dec2025_jan2026,2025-12-02 17:00:00+00:00,2025-12-03 00:00:00+00:00,7.0,8,1.0,13.1575,74.56125,2.164,ordinary,open_water,Jamnagar (Sikka) marine terminal,1151.1,False,False,2,,False
419950333,SHAMBAVI PRASAD.,IND,india_mangalore_dec2025_jan2026,2025-12-24 03:00:00+00:00,2025-12-24 10:00:00+00:00,7.0,5,0.625,12.278,74.494,4.275,ordinary,open_water,Jamnagar (Sikka) marine terminal,1236.99,False,False,2,,False
419950333,SHAMBAVI PRASAD.,IND,india_mangalore_dec2025_jan2026,2026-01-01 01:00:00+00:00,2026-01-01 08:00:00+00:00,7.0,3,0.375,12.66667,74.72667,3.299,ordinary,open_water,Jamnagar (Sikka) marine terminal,1208.08,False,False,2,,False
419950382,AK FISHERIES,IND,india_mangalore_dec2025_jan2026,2025-12-08 17:00:00+00:00,2025-12-09 00:00:00+00:00,7.0,8,1.0,13.15125,74.4775,2.13,ordinary,open_water,Jamnagar (Sikka) marine terminal,1147.82,False,False,2,,False
419950383,AFEEF,IND,india_mangalore_dec2025_jan2026,2025-12-19 12:00:00+00:00,2025-12-19 19:00:00+00:00,7.0,4,0.5,13.2725,74.65,3.244,ordinary,open_water,Jamnagar (Sikka) marine terminal,1143.84,False,False,2,,False
419950500,AL MADEENA-3,IND,india_mangalore_dec2025_jan2026,2025-12-02 09:00:00+00:00,2025-12-02 16:00:00+00:00,7.0,5,0.625,13.14,74.702,4.453,ordinary,open_water,Jamnagar (Sikka) marine terminal,1159.54,False,False,2,,False
419950500,AL MADEENA-3,IND,india_mangalore_dec2025_jan2026,2025-12-15 18:00:00+00:00,2025-12-16 01:00:00+00:00,7.0,3,0.375,12.85333,74.73667,4.141,ordinary,open_water,Jamnagar (Sikka) marine terminal,1189.83,False,False,2,,False
419950536,SOURABH 3,IND,india_mangalore_dec2025_jan2026,2025-12-10 12:00:00+00:00,2025-12-10 19:00:00+00:00,7.0,3,0.375,13.12333,74.16667,1.034,ordinary,open_water,Jamnagar (Sikka) marine terminal,1136.65,False,False,2,,False
419950536,SOURABH 3,IND,india_mangalore_dec2025_jan2026,2025-12-17 16:00:00+00:00,2025-12-17 23:00:00+00:00,7.0,6,0.75,12.94667,74.23,2.812,ordinary,open_water,Jamnagar (Sikka) marine terminal,1157.39,False,False,2,,False
419950536,SOURABH 3,IND,india_mangalore_dec2025_jan2026,2025-12-18 13:00:00+00:00,2025-12-18 20:00:00+00:00,7.0,8,1.0,12.98,74.17,0.0,ordinary,open_water,Jamnagar (Sikka) marine terminal,1151.39,False,False,2,,False
419950536,SOURABH 3,IND,india_mangalore_dec2025_jan2026,2025-12-19 14:00:00+00:00,2025-12-19 21:00:00+00:00,7.0,6,0.75,12.32,74.47,0.0,ordinary,open_water,Jamnagar (Sikka) marine terminal,1231.67,False,False,2,,False
419950536,SOURABH 3,IND,india_mangalore_dec2025_jan2026,2026-01-06 14:00:00+00:00,2026-01-06 21:00:00+00:00,7.0,4,0.5,12.865,74.4775,0.985,ordinary,open_water,Jamnagar (Sikka) marine terminal,1176.67,False,False,2,,False
419950559,ARMAN,IND,india_mangalore_dec2025_jan2026,2025-12-21 04:00:00+00:00,2025-12-21 11:00:00+00:00,7.0,4,0.5,13.175,74.6575,2.896,ordinary,open_water,Jamnagar (Sikka) marine terminal,1153.92,False,False,2,,False
419950613,IQRA 2,IND,india_mangalore_dec2025_jan2026,2025-12-26 03:00:00+00:00,2025-12-26 10:00:00+00:00,7.0,4,0.5,12.8225,74.1425,4.831,ordinary,open_water,Jamnagar (Sikka) marine terminal,1166.3,False,False,2,,False
419950670,JYOTHI,IND,india_mangalore_dec2025_jan2026,2025-12-13 13:00:00+00:00,2025-12-13 20:00:00+00:00,7.0,3,0.375,12.67,74.46,4.48,ordinary,open_water,Jamnagar (Sikka) marine terminal,1195.63,False,False,2,,False
419950673,1-RAFAY RAAID,IND,india_mangalore_dec2025_jan2026,2025-12-07 17:00:00+00:00,2025-12-08 00:00:00+00:00,7.0,5,0.625,12.91,74.59,0.0,ordinary,open_water,Jamnagar (Sikka) marine terminal,1177.28,False,False,2,,False
419950673,1-RAFAY RAAID,IND,india_mangalore_dec2025_jan2026,2025-12-18 01:00:00+00:00,2025-12-18 08:00:00+00:00,7.0,3,0.375,13.18667,74.65,4.577,ordinary,open_water,Jamnagar (Sikka) marine terminal,1152.4,False,False,2,,False
419950673,1-RAFAY RAAID,IND,india_mangalore_dec2025_jan2026,2025-12-20 16:00:00+00:00,2025-12-20 23:00:00+00:00,7.0,8,1.0,12.83,74.77,0.0,ordinary,open_water,Jamnagar (Sikka) marine terminal,1193.74,False,False,2,,False
419950701,DOLPHIN 2,IND,india_mangalore_dec2025_jan2026,2025-12-02 16:00:00+00:00,2025-12-02 23:00:00+00:00,7.0,8,1.0,13.16,74.55,0.0,ordinary,open_water,Jamnagar (Sikka) marine terminal,1150.33,False,False,2,,False
419950705,MIQATH,IND,india_mangalore_dec2025_jan2026,2025-12-19 00:00:00+00:00,2025-12-19 07:00:00+00:00,7.0,3,0.375,12.58333,74.23333,4.703,ordinary,open_water,Jamnagar (Sikka) marine terminal,1194.63,False,False,2,,False
419950705,MIQATH,IND,india_mangalore_dec2025_jan2026,2025-12-22 09:00:00+00:00,2025-12-22 16:00:00+00:00,7.0,6,0.75,12.66167,74.24667,3.233,ordinary,open_water,Jamnagar (Sikka) marine terminal,1187.18,False,False,2,,False
419950708,AQEEDAH,IND,india_mangalore_dec2025_jan2026,2025-12-14 07:00:00+00:00,2025-12-14 14:00:00+00:00,7.0,4,0.5,13.105,74.6475,3.895,ordinary,open_water,Jamnagar (Sikka) marine terminal,1160.43,False,False,2,,False
419950737,ASHIYANA,IND,india_mangalore_dec2025_jan2026,2025-12-10 08:00:00+00:00,2025-12-10 15:00:00+00:00,7.0,8,1.0,12.56,74.51,0.0,ordinary,open_water,Jamnagar (Sikka) marine terminal,1209.01,False,False,2,,False
419950737,ASHIYANA,IND,india_mangalore_dec2025_jan2026,2025-12-18 16:00:00+00:00,2025-12-18 23:00:00+00:00,7.0,6,0.75,12.27167,74.70833,2.231,ordinary,open_water,Jamnagar (Sikka) marine terminal,1247.09,False,False,2,,False
419950749,BLUE SKY,IND,india_mangalore_dec2025_jan2026,2025-12-23 03:00:00+00:00,2025-12-23 10:00:00+00:00,7.0,3,0.375,12.83667,74.79,4.583,ordinary,open_water,Jamnagar (Sikka) marine terminal,1194.02,False,False,2,,False
419951226,MAHIMA  IV,IND,india_mangalore_dec2025_jan2026,2025-12-21 01:00:00+00:00,2025-12-21 08:00:00+00:00,7.0,3,0.375,13.07,74.71333,3.413,ordinary,open_water,Jamnagar (Sikka) marine terminal,1167.06,False,False,2,,False
419951245,AL  SHUHADA (VHF C4),IND,india_mangalore_dec2025_jan2026,2026-01-10 17:00:00+00:00,2026-01-11 00:00:00+00:00,7.0,6,0.75,13.75,74.225,0.54,ordinary,open_water,Jamnagar (Sikka) marine terminal,1075.97,False,False,2,,False
419951310,SAIFULLAH,IND,india_mangalore_dec2025_jan2026,2025-12-22 12:00:00+00:00,2025-12-22 19:00:00+00:00,7.0,3,0.375,12.02,74.54333,1.328,ordinary,open_water,Jamnagar (Sikka) marine terminal,1265.46,False,False,2,,False
419951320,RATHNAM,IND,india_mangalore_dec2025_jan2026,2025-12-14 13:00:00+00:00,2025-12-14 20:00:00+00:00,7.0,5,0.625,13.248,73.86,4.817,ordinary,open_water,Jamnagar (Sikka) marine terminal,1110.82,False,False,2,,False
419951322,SRI DURGAMBA,IND,india_mangalore_dec2025_jan2026,2025-12-08 12:00:00+00:00,2025-12-08 19:00:00+00:00,7.0,4,0.5,12.4175,74.7675,4.083,ordinary,open_water,Jamnagar (Sikka) marine terminal,1235.04,False,False,2,,False
419951326,MARYAM 1,IND,india_mangalore_dec2025_jan2026,2025-12-02 17:00:00+00:00,2025-12-03 00:00:00+00:00,7.0,8,1.0,13.1575,74.56,1.946,ordinary,open_water,Jamnagar (Sikka) marine terminal,1151.05,False,False,2,,False
419951326,MARYAM 1,IND,india_mangalore_dec2025_jan2026,2025-12-07 18:00:00+00:00,2025-12-08 01:00:00+00:00,7.0,3,0.375,12.84,74.68,4.337,ordinary,open_water,Jamnagar (Sikka) marine terminal,1188.5,False,False,2,,False
419951353,AL MAKKI 1,IND,india_mangalore_dec2025_jan2026,2025-12-08 17:00:00+00:00,2025-12-09 00:00:00+00:00,7.0,3,0.375,12.67667,74.64,1.314,ordinary,open_water,Jamnagar (Sikka) marine terminal,1203.08,False,False,2,,False
419951392,AL NOOR 1,IND,india_mangalore_dec2025_jan2026,2025-12-04 16:00:00+00:00,2025-12-04 23:00:00+00:00,7.0,8,1.0,13.02875,74.64125,0.982,ordinary,open_water,Jamnagar (Sikka) marine terminal,1167.76,False,False,2,,False
419951396,AL AMEEN,IND,india_mangalore_dec2025_jan2026,2025-12-18 16:00:00+00:00,2025-12-18 23:00:00+00:00,7.0,5,0.625,13.382,74.594,4.196,ordinary,open_water,Jamnagar (Sikka) marine terminal,1130.24,False,False,2,,False
419951396,AL AMEEN,IND,india_mangalore_dec2025_jan2026,2025-12-23 00:00:00+00:00,2025-12-23 07:00:00+00:00,7.0,6,0.75,13.15167,74.665,4.928,ordinary,open_water,Jamnagar (Sikka) marine terminal,1156.6,False,False,2,,False
419951406,SRI LAXMI 2,IND,india_mangalore_dec2025_jan2026,2025-12-26 03:00:00+00:00,2025-12-26 10:00:00+00:00,7.0,4,0.5,12.8175,74.1425,4.36,ordinary,open_water,Jamnagar (Sikka) marine terminal,1166.81,False,False,2,,False
419951413,KANZ UL BAHR,IND,india_mangalore_dec2025_jan2026,2025-12-20 13:00:00+00:00,2025-12-20 20:00:00+00:00,7.0,8,1.0,12.87125,74.7725,4.964,ordinary,open_water,Jamnagar (Sikka) marine terminal,1189.73,False,False,2,,False
419951420,RAFAY RAAID,IND,india_mangalore_dec2025_jan2026,2025-12-24 23:00:00+00:00,2025-12-25 06:00:00+00:00,7.0,7,0.875,12.77857,74.82,3.659,ordinary,open_water,Jamnagar (Sikka) marine terminal,1201.25,False,False,2,,False
419951473,THIRANGA,IND,india_mangalore_dec2025_jan2026,2025-12-08 14:00:00+00:00,2025-12-08 21:00:00+00:00,7.0,4,0.5,12.7925,74.305,2.02,ordinary,open_water,Jamnagar (Sikka) marine terminal,1176.36,False,False,2,,False
419951473,THIRANGA,IND,india_mangalore_dec2025_jan2026,2025-12-09 09:00:00+00:00,2025-12-09 16:00:00+00:00,7.0,5,0.625,12.792,74.32,2.951,ordinary,open_water,Jamnagar (Sikka) marine terminal,1177.06,False,False,2,,False
419951488,SHANUM,IND,india_mangalore_dec2025_jan2026,2025-12-26 22:00:00+00:00,2025-12-27 05:00:00+00:00,7.0,4,0.5,13.01,74.7425,4.456,ordinary,open_water,Jamnagar (Sikka) marine terminal,1174.44,False,False,2,,False
419956059,MAKARA  JYOTHI,IND,india_mangalore_dec2025_jan2026,2025-12-31 00:00:00+00:00,2025-12-31 07:00:00+00:00,7.0,8,1.0,13.32625,74.65125,2.04,ordinary,open_water,Jamnagar (Sikka) marine terminal,1138.55,False,False,2,,False
419956119,AL NABHAN,IND,india_mangalore_dec2025_jan2026,2026-01-05 04:00:00+00:00,2026-01-05 11:00:00+00:00,7.0,3,0.375,12.4,74.46333,3.795,ordinary,open_water,Jamnagar (Sikka) marine terminal,1223.23,False,False,2,,False
419957047,SHRI ASHWAROODA,IND,india_mangalore_dec2025_jan2026,2025-12-04 11:00:00+00:00,2025-12-04 18:00:00+00:00,7.0,7,0.875,13.75714,74.48857,3.856,ordinary,open_water,Jamnagar (Sikka) marine terminal,1087.85,False,False,2,,False
419957166,GANESH KRIPA,IND,india_mangalore_dec2025_jan2026,2025-12-12 16:00:00+00:00,2025-12-12 23:00:00+00:00,7.0,7,0.875,13.01571,74.39429,1.655,ordinary,open_water,Jamnagar (Sikka) marine terminal,1157.68,False,False,2,,False
419957243,MALIKULBAHR,IND,india_mangalore_dec2025_jan2026,2025-12-11 01:00:00+00:00,2025-12-11 08:00:00+00:00,7.0,4,0.5,12.2475,74.8325,4.583,ordinary,open_water,Jamnagar (Sikka) marine terminal,1255.16,False,False,2,,False
419957247,SAGAR JEETH,IND,india_mangalore_dec2025_jan2026,2025-12-30 10:00:00+00:00,2025-12-30 17:00:00+00:00,7.0,3,0.375,12.75667,74.19,2.147,ordinary,open_water,Jamnagar (Sikka) marine terminal,1175.05,False,False,2,,False
419957303,SHRI PANCHAMI,IND,india_mangalore_dec2025_jan2026,2025-12-22 01:00:00+00:00,2025-12-22 08:00:00+00:00,7.0,5,0.625,13.162,74.384,2.647,ordinary,open_water,Jamnagar (Sikka) marine terminal,1142.44,False,False,2,,False
419957303,SHRI PANCHAMI,IND,india_mangalore_dec2025_jan2026,2025-12-22 09:00:00+00:00,2025-12-22 16:00:00+00:00,7.0,3,0.375,13.23667,74.48,2.196,ordinary,open_water,Jamnagar (Sikka) marine terminal,1139.36,False,False,2,,False
419957303,SHRI PANCHAMI,IND,india_mangalore_dec2025_jan2026,2025-12-23 11:00:00+00:00,2025-12-23 18:00:00+00:00,7.0,8,1.0,13.08,74.17,0.0,ordinary,open_water,Jamnagar (Sikka) marine terminal,1141.2,False,False,2,,False
419957531,RASIL,IND,india_mangalore_dec2025_jan2026,2025-12-18 17:00:00+00:00,2025-12-19 00:00:00+00:00,7.0,6,0.75,13.145,74.51,2.78,ordinary,open_water,Jamnagar (Sikka) marine terminal,1149.96,False,False,2,,False
419957531,RASIL,IND,india_mangalore_dec2025_jan2026,2025-12-19 01:00:00+00:00,2025-12-19 08:00:00+00:00,7.0,3,0.375,13.19,74.50333,2.338,ordinary,open_water,Jamnagar (Sikka) marine terminal,1145.13,False,False,2,,False
636024375,BEAGLE,LBR,india_mangalore_dec2025_jan2026,2025-12-09 17:00:00+00:00,2025-12-10 00:00:00+00:00,7.0,8,1.0,12.9275,74.795,4.948,ordinary,open_water,Jamnagar (Sikka) marine terminal,1185.19,False,False,2,,False
9131448,ONWA31448,,india_mangalore_dec2025_jan2026,2025-12-22 06:00:00+00:00,2025-12-22 12:00:00+00:00,6.0,6,0.857,12.59,74.34,0.0,ordinary,open_water,Jamnagar (Sikka) marine terminal,1198.51,False,False,2,,False
9131448,ONWA31448,,india_mangalore_dec2025_jan2026,2025-12-22 15:00:00+00:00,2025-12-22 21:00:00+00:00,6.0,3,0.429,12.37,74.37,0.0,ordinary,open_water,Jamnagar (Sikka) marine terminal,1222.27,False,False,2,,False
9131448,ONWA31448,,india_mangalore_dec2025_jan2026,2025-12-24 11:00:00+00:00,2025-12-24 17:00:00+00:00,6.0,5,0.714,12.98,74.21,0.0,ordinary,open_water,Jamnagar (Sikka) marine terminal,1153.13,False,False,2,,False
247012800,ITAL UNICA,ITA,india_mangalore_dec2025_jan2026,2025-12-27 06:00:00+00:00,2025-12-27 12:00:00+00:00,6.0,7,1.0,12.21,74.47572,4.472,ordinary,open_water,Jamnagar (Sikka) marine terminal,1243.14,False,False,2,,False
255915837,SPIRIT OF BERTRAM,PRT,india_mangalore_dec2025_jan2026,2025-12-24 15:00:00+00:00,2025-12-24 21:00:00+00:00,6.0,7,1.0,12.93857,74.54857,3.983,ordinary,open_water,Jamnagar (Sikka) marine terminal,1172.5,False,False,2,,False
314001028,MULAN,BRB,india_mangalore_dec2025_jan2026,2026-01-11 22:00:00+00:00,2026-01-12 04:00:00+00:00,6.0,7,1.0,12.96143,74.61429,4.911,ordinary,open_water,Jamnagar (Sikka) marine terminal,1173.25,False,False,2,,False
351517000,VALIANT,PAN,india_mangalore_dec2025_jan2026,2025-12-15 20:00:00+00:00,2025-12-16 02:00:00+00:00,6.0,7,1.0,12.95,74.66,0.0,ordinary,open_water,Jamnagar (Sikka) marine terminal,1176.53,False,False,2,,False
352005381,DARIKA,PAN,india_mangalore_dec2025_jan2026,2025-12-25 02:00:00+00:00,2025-12-25 08:00:00+00:00,6.0,7,1.0,12.95,74.60429,1.548,ordinary,open_water,Jamnagar (Sikka) marine terminal,1173.93,False,False,2,,False
372240000,FAIRCHEM VICTORY,PAN,india_mangalore_dec2025_jan2026,2025-12-26 00:00:00+00:00,2025-12-26 06:00:00+00:00,6.0,7,1.0,12.92,74.81,0.0,ordinary,open_water,Jamnagar (Sikka) marine terminal,1186.65,False,False,2,,False
373885000,LUCTOR,PAN,india_mangalore_dec2025_jan2026,2025-12-09 09:00:00+00:00,2025-12-09 15:00:00+00:00,6.0,7,1.0,12.91857,74.79428,4.893,ordinary,open_water,Jamnagar (Sikka) marine terminal,1186.04,False,False,2,,False
419000103,SWARNA MALA,IND,india_mangalore_dec2025_jan2026,2025-12-20 00:00:00+00:00,2025-12-20 06:00:00+00:00,6.0,7,1.0,12.95571,74.47429,4.823,ordinary,open_water,Jamnagar (Sikka) marine terminal,1167.37,False,False,2,,False
419001654,KAVIRAJ,IND,india_mangalore_dec2025_jan2026,2025-12-09 06:00:00+00:00,2025-12-09 12:00:00+00:00,6.0,7,1.0,12.9,74.65,0.0,ordinary,open_water,Jamnagar (Sikka) marine terminal,1181.08,False,False,2,,False
419001746,SARATHI,IND,india_mangalore_dec2025_jan2026,2025-12-14 05:00:00+00:00,2025-12-14 11:00:00+00:00,6.0,7,1.0,12.93429,74.81286,4.909,ordinary,open_water,Jamnagar (Sikka) marine terminal,1185.37,False,False,2,,False
419001746,SARATHI,IND,india_mangalore_dec2025_jan2026,2025-12-21 07:00:00+00:00,2025-12-21 13:00:00+00:00,6.0,7,1.0,12.92714,74.79143,4.878,ordinary,open_water,Jamnagar (Sikka) marine terminal,1185.05,False,False,2,,False
419001984,,IND,india_mangalore_dec2025_jan2026,2025-12-28 15:00:00+00:00,2025-12-28 21:00:00+00:00,6.0,7,1.0,12.93286,74.80286,4.859,ordinary,open_water,Jamnagar (Sikka) marine terminal,1185.03,False,False,2,,False
419001984,,IND,india_mangalore_dec2025_jan2026,2026-01-02 02:00:00+00:00,2026-01-02 08:00:00+00:00,6.0,7,1.0,12.93571,74.81286,4.963,ordinary,open_water,Jamnagar (Sikka) marine terminal,1185.23,False,False,2,,False
419001984,,IND,india_mangalore_dec2025_jan2026,2026-01-12 07:00:00+00:00,2026-01-12 13:00:00+00:00,6.0,7,1.0,12.93429,74.81286,4.909,ordinary,open_water,Jamnagar (Sikka) marine terminal,1185.37,False,False,2,,False
419003418,LORD JESUS NET1_69%,IND,india_mangalore_dec2025_jan2026,2026-01-06 14:00:00+00:00,2026-01-06 20:00:00+00:00,6.0,6,0.857,12.08667,75.05167,1.469,ordinary,open_water,Jamnagar (Sikka) marine terminal,1281.48,False,False,2,,False
419003418,LORD JESUS NET1_69%,IND,india_mangalore_dec2025_jan2026,2026-01-10 23:00:00+00:00,2026-01-11 05:00:00+00:00,6.0,3,0.429,12.41,74.25333,4.189,ordinary,open_water,Jamnagar (Sikka) marine terminal,1213.23,False,False,2,,False
419008930,,IND,india_mangalore_dec2025_jan2026,2025-12-20 11:00:00+00:00,2025-12-20 17:00:00+00:00,6.0,7,1.0,12.83286,74.68572,4.788,ordinary,open_water,Jamnagar (Sikka) marine terminal,1189.48,False,False,2,,False
419008930,,IND,india_mangalore_dec2025_jan2026,2025-12-20 18:00:00+00:00,2025-12-21 00:00:00+00:00,6.0,7,1.0,12.91143,74.67714,3.508,ordinary,open_water,Jamnagar (Sikka) marine terminal,1181.2,False,False,2,,False
419010467,MOTHERMARY NET3_79%,IND,india_mangalore_dec2025_jan2026,2025-12-05 18:00:00+00:00,2025-12-06 00:00:00+00:00,6.0,6,0.857,12.30167,74.355,1.875,ordinary,open_water,Jamnagar (Sikka) marine terminal,1228.62,False,False,2,,False
419010467,MOTHERMARY NET3_79%,IND,india_mangalore_dec2025_jan2026,2025-12-06 15:00:00+00:00,2025-12-06 21:00:00+00:00,6.0,7,1.0,12.11429,74.51,3.964,ordinary,open_water,Jamnagar (Sikka) marine terminal,1254.39,False,False,2,,False
419011527,ST.PAUL NET 1_89%,IND,india_mangalore_dec2025_jan2026,2026-01-08 12:00:00+00:00,2026-01-08 18:00:00+00:00,6.0,6,0.857,13.02833,74.67667,2.499,ordinary,open_water,Jamnagar (Sikka) marine terminal,1169.48,False,False,2,,False
419012060,RENJITH NET 1_87%,IND,india_mangalore_dec2025_jan2026,2025-12-13 13:00:00+00:00,2025-12-13 19:00:00+00:00,6.0,3,0.429,12.29667,74.93667,1.888,ordinary,open_water,Jamnagar (Sikka) marine terminal,1255.02,False,False,2,,False
419017300,DCI DREDGE XVI,IND,india_mangalore_dec2025_jan2026,2025-12-01 14:00:00+00:00,2025-12-01 20:00:00+00:00,6.0,7,1.0,12.94714,74.72143,3.196,ordinary,open_water,Jamnagar (Sikka) marine terminal,1179.72,False,False,2,,False
419017300,DCI DREDGE XVI,IND,india_mangalore_dec2025_jan2026,2025-12-03 12:00:00+00:00,2025-12-03 18:00:00+00:00,6.0,7,1.0,12.95143,74.71,4.947,ordinary,open_water,Jamnagar (Sikka) marine terminal,1178.75,False,False,2,,False
419017300,DCI DREDGE XVI,IND,india_mangalore_dec2025_jan2026,2025-12-07 11:00:00+00:00,2025-12-07 17:00:00+00:00,6.0,7,1.0,12.94714,74.72286,4.454,ordinary,open_water,Jamnagar (Sikka) marine terminal,1179.79,False,False,2,,False
419017300,DCI DREDGE XVI,IND,india_mangalore_dec2025_jan2026,2025-12-07 23:00:00+00:00,2025-12-08 05:00:00+00:00,6.0,7,1.0,12.92714,74.76714,4.76,ordinary,open_water,Jamnagar (Sikka) marine terminal,1183.89,False,False,2,,False
419017300,DCI DREDGE XVI,IND,india_mangalore_dec2025_jan2026,2025-12-14 10:00:00+00:00,2025-12-14 16:00:00+00:00,6.0,7,1.0,12.94143,74.73143,3.983,ordinary,open_water,Jamnagar (Sikka) marine terminal,1180.76,False,False,2,,False
419017300,DCI DREDGE XVI,IND,india_mangalore_dec2025_jan2026,2025-12-15 17:00:00+00:00,2025-12-15 23:00:00+00:00,6.0,7,1.0,12.93143,74.76,3.851,ordinary,open_water,Jamnagar (Sikka) marine terminal,1183.12,False,False,2,,False
419017300,DCI DREDGE XVI,IND,india_mangalore_dec2025_jan2026,2025-12-25 18:00:00+00:00,2025-12-26 00:00:00+00:00,6.0,7,1.0,12.92714,74.77429,3.982,ordinary,open_water,Jamnagar (Sikka) marine terminal,1184.23,False,False,2,,False
419022119,PAYANAMATHA,IND,india_mangalore_dec2025_jan2026,2025-12-18 11:00:00+00:00,2025-12-18 17:00:00+00:00,6.0,4,0.571,12.5175,74.805,2.02,ordinary,open_water,Jamnagar (Sikka) marine terminal,1226.71,False,False,2,,False
419022119,PAYANAMATHA,IND,india_mangalore_dec2025_jan2026,2026-01-10 11:00:00+00:00,2026-01-10 17:00:00+00:00,6.0,5,0.714,12.218,74.93,4.826,ordinary,open_water,Jamnagar (Sikka) marine terminal,1262.62,False,False,2,,False
419030269,NITHYAJEEVAN NET281%,IND,india_mangalore_dec2025_jan2026,2025-12-06 20:00:00+00:00,2025-12-07 02:00:00+00:00,6.0,6,0.857,12.03167,74.53,3.521,ordinary,open_water,Jamnagar (Sikka) marine terminal,1263.69,False,False,2,,False
419031099,ST ANTONY NET1_89%,IND,india_mangalore_dec2025_jan2026,2025-12-17 13:00:00+00:00,2025-12-17 19:00:00+00:00,6.0,7,1.0,12.32143,74.95,2.619,ordinary,open_water,Jamnagar (Sikka) marine terminal,1253.16,False,False,2,,False
419040825,NATHAN NET4_99%,IND,india_mangalore_dec2025_jan2026,2026-01-10 23:00:00+00:00,2026-01-11 05:00:00+00:00,6.0,3,0.429,12.41333,74.18,2.203,ordinary,open_water,Jamnagar (Sikka) marine terminal,1209.84,False,False,2,,False
419041106,NITHIYAJEEVANET1_99%,IND,india_mangalore_dec2025_jan2026,2025-12-11 23:00:00+00:00,2025-12-12 05:00:00+00:00,6.0,7,1.0,12.16143,74.44857,4.7,ordinary,open_water,Jamnagar (Sikka) marine terminal,1246.95,False,False,2,,False
419045021,SHAAN NET 1_89%,IND,india_mangalore_dec2025_jan2026,2025-12-11 16:00:00+00:00,2025-12-11 22:00:00+00:00,6.0,7,1.0,13.0,73.81857,4.617,ordinary,open_water,Jamnagar (Sikka) marine terminal,1134.64,False,False,2,,False
419047877,DEVA MAHATHUVAM 244%,IND,india_mangalore_dec2025_jan2026,2026-01-10 11:00:00+00:00,2026-01-10 17:00:00+00:00,6.0,7,1.0,13.28857,74.60429,1.816,ordinary,open_water,Jamnagar (Sikka) marine terminal,1140.04,False,False,2,,False
419056232,AROKKIA MATHA NE 86%,IND,india_mangalore_dec2025_jan2026,2025-12-10 10:00:00+00:00,2025-12-10 16:00:00+00:00,6.0,5,0.714,12.086,75.056,2.341,ordinary,open_water,Jamnagar (Sikka) marine terminal,1281.75,False,False,2,,False
419056232,AROKKIA MATHA NE 86%,IND,india_mangalore_dec2025_jan2026,2025-12-11 12:00:00+00:00,2025-12-11 18:00:00+00:00,6.0,5,0.714,12.088,75.042,4.288,ordinary,open_water,Jamnagar (Sikka) marine terminal,1280.89,False,False,2,,False
419056232,AROKKIA MATHA NE 86%,IND,india_mangalore_dec2025_jan2026,2025-12-13 17:00:00+00:00,2025-12-13 23:00:00+00:00,6.0,4,0.571,12.075,75.05,1.991,ordinary,open_water,Jamnagar (Sikka) marine terminal,1282.57,False,False,2,,False
419056232,AROKKIA MATHA NE 86%,IND,india_mangalore_dec2025_jan2026,2026-01-06 14:00:00+00:00,2026-01-06 20:00:00+00:00,6.0,6,0.857,12.07833,75.03333,2.036,ordinary,open_water,Jamnagar (Sikka) marine terminal,1281.46,False,False,2,,False
419056232,AROKKIA MATHA NE 86%,IND,india_mangalore_dec2025_jan2026,2026-01-10 10:00:00+00:00,2026-01-10 16:00:00+00:00,6.0,6,0.857,12.08333,75.04167,4.709,ordinary,open_water,Jamnagar (Sikka) marine terminal,1281.35,False,False,2,,False
419058812,OMEGA NET 1_99%,IND,india_mangalore_dec2025_jan2026,2025-12-17 06:00:00+00:00,2025-12-17 12:00:00+00:00,6.0,3,0.429,12.72333,74.73333,0.825,ordinary,open_water,Jamnagar (Sikka) marine terminal,1202.7,False,False,2,,False
419058812,OMEGA NET 1_99%,IND,india_mangalore_dec2025_jan2026,2025-12-19 23:00:00+00:00,2025-12-20 05:00:00+00:00,6.0,6,0.857,13.105,74.58833,2.092,ordinary,open_water,Jamnagar (Sikka) marine terminal,1157.64,False,False,2,,False
419059778,BIBLE NET 3-99%,IND,india_mangalore_dec2025_jan2026,2025-12-21 13:00:00+00:00,2025-12-21 19:00:00+00:00,6.0,6,0.857,12.125,74.97667,4.017,ordinary,open_water,Jamnagar (Sikka) marine terminal,1274.14,False,False,2,,False
419059878,NEHEMIAH NET 3_99%,IND,india_mangalore_dec2025_jan2026,2025-12-12 17:00:00+00:00,2025-12-12 23:00:00+00:00,6.0,7,1.0,12.86857,73.88714,4.51,ordinary,open_water,Jamnagar (Sikka) marine terminal,1150.97,False,False,2,,False
419064387,SMIL NET-4_86%,IND,india_mangalore_dec2025_jan2026,2026-01-12 09:00:00+00:00,2026-01-12 15:00:00+00:00,6.0,7,1.0,13.77143,74.41714,2.773,ordinary,open_water,Jamnagar (Sikka) marine terminal,1082.96,False,False,2,,False
419065046,JK NIWAS NET 4-93%,IND,india_mangalore_dec2025_jan2026,2025-12-03 12:00:00+00:00,2025-12-03 18:00:00+00:00,6.0,5,0.714,12.706,74.084,1.687,ordinary,open_water,Jamnagar (Sikka) marine terminal,1175.78,False,False,2,,False
419065046,JK NIWAS NET 4-93%,IND,india_mangalore_dec2025_jan2026,2025-12-07 12:00:00+00:00,2025-12-07 18:00:00+00:00,6.0,6,0.857,12.78667,74.01,4.402,ordinary,open_water,Jamnagar (Sikka) marine terminal,1164.43,False,False,2,,False
419070067,ROSA MYSTICA 1_84%,IND,india_mangalore_dec2025_jan2026,2026-01-09 05:00:00+00:00,2026-01-09 11:00:00+00:00,6.0,2,0.286,12.56,74.76,4.578,ordinary,open_water,Jamnagar (Sikka) marine terminal,1220.35,False,False,2,,False
419071224,HALLELUJAH NET4_99%,IND,india_mangalore_dec2025_jan2026,2025-12-13 12:00:00+00:00,2025-12-13 18:00:00+00:00,6.0,7,1.0,13.06143,74.67428,1.06,ordinary,open_water,Jamnagar (Sikka) marine terminal,1166.06,False,False,2,,False
419077111,JEBAMALI M NET5_68%,IND,india_mangalore_dec2025_jan2026,2025-12-13 08:00:00+00:00,2025-12-13 14:00:00+00:00,6.0,7,1.0,12.63714,73.87714,4.661,ordinary,open_water,Jamnagar (Sikka) marine terminal,1174.48,False,False,2,,False
419078906,JERO NET1(97%,IND,india_mangalore_dec2025_jan2026,2025-12-13 04:00:00+00:00,2025-12-13 10:00:00+00:00,6.0,7,1.0,12.78571,73.83429,4.595,ordinary,open_water,Jamnagar (Sikka) marine terminal,1157.41,False,False,2,,False
419078906,JERO NET1(97%,IND,india_mangalore_dec2025_jan2026,2026-01-10 22:00:00+00:00,2026-01-11 04:00:00+00:00,6.0,4,0.571,12.5025,74.035,4.269,ordinary,open_water,Jamnagar (Sikka) marine terminal,1194.72,False,False,2,,False
419080338,THEVALAYAM NET 1_99%,IND,india_mangalore_dec2025_jan2026,2025-12-19 06:00:00+00:00,2025-12-19 12:00:00+00:00,6.0,3,0.429,12.20667,75.13,1.483,ordinary,open_water,Jamnagar (Sikka) marine terminal,1273.16,False,False,2,,False
419080338,THEVALAYAM NET 1_99%,IND,india_mangalore_dec2025_jan2026,2026-01-09 14:00:00+00:00,2026-01-09 20:00:00+00:00,6.0,5,0.714,12.144,75.022,3.172,ordinary,open_water,Jamnagar (Sikka) marine terminal,1274.34,False,False,2,,False
419080855,JERO NET 8-88%,IND,india_mangalore_dec2025_jan2026,2025-12-17 14:00:00+00:00,2025-12-17 20:00:00+00:00,6.0,7,1.0,13.24143,74.63428,3.533,ordinary,open_water,Jamnagar (Sikka) marine terminal,1146.18,False,False,2,,False
419080855,JERO NET 8-88%,IND,india_mangalore_dec2025_jan2026,2026-01-07 12:00:00+00:00,2026-01-07 18:00:00+00:00,6.0,7,1.0,12.78,73.86857,4.544,ordinary,open_water,Jamnagar (Sikka) marine terminal,1159.37,False,False,2,,False
419080855,JERO NET 8-88%,IND,india_mangalore_dec2025_jan2026,2026-01-10 22:00:00+00:00,2026-01-11 04:00:00+00:00,6.0,5,0.714,12.504,74.028,3.582,ordinary,open_water,Jamnagar (Sikka) marine terminal,1194.28,False,False,2,,False
419080855,JERO NET 8-88%,IND,india_mangalore_dec2025_jan2026,2026-01-12 05:00:00+00:00,2026-01-12 11:00:00+00:00,6.0,7,1.0,12.65143,74.07286,4.51,ordinary,open_water,Jamnagar (Sikka) marine terminal,1180.93,False,False,2,,False
419080910,SWASTHIK NET-1_81%,IND,india_mangalore_dec2025_jan2026,2026-01-12 10:00:00+00:00,2026-01-12 16:00:00+00:00,6.0,7,1.0,12.65429,74.01714,4.944,ordinary,open_water,Jamnagar (Sikka) marine terminal,1178.35,False,False,2,,False
419080969,ANBU MATHA-4-98%,IND,india_mangalore_dec2025_jan2026,2026-01-10 09:00:00+00:00,2026-01-10 15:00:00+00:00,6.0,7,1.0,12.35,74.13857,4.556,ordinary,open_water,Jamnagar (Sikka) marine terminal,1214.66,False,False,2,,False
419080969,ANBU MATHA-4-98%,IND,india_mangalore_dec2025_jan2026,2026-01-10 22:00:00+00:00,2026-01-11 04:00:00+00:00,6.0,5,0.714,12.426,73.974,4.056,ordinary,open_water,Jamnagar (Sikka) marine terminal,1200.18,False,False,2,,False
419080980,SWASTHIK NET-7_69%,IND,india_mangalore_dec2025_jan2026,2026-01-11 23:00:00+00:00,2026-01-12 05:00:00+00:00,6.0,7,1.0,12.73286,73.95857,3.423,ordinary,open_water,Jamnagar (Sikka) marine terminal,1167.86,False,False,2,,False
419080986,SHALOOM NET 3-99%,IND,india_mangalore_dec2025_jan2026,2026-01-07 12:00:00+00:00,2026-01-07 18:00:00+00:00,6.0,3,0.429,13.42333,74.54667,4.872,ordinary,open_water,Jamnagar (Sikka) marine terminal,1123.85,False,False,2,,False
419081064,GAGULTHA NET-699%,IND,india_mangalore_dec2025_jan2026,2025-12-11 16:00:00+00:00,2025-12-11 22:00:00+00:00,6.0,7,1.0,12.78714,74.64,4.887,ordinary,open_water,Jamnagar (Sikka) marine terminal,1191.95,False,False,2,,False
419081064,GAGULTHA NET-699%,IND,india_mangalore_dec2025_jan2026,2026-01-10 21:00:00+00:00,2026-01-11 03:00:00+00:00,6.0,3,0.429,12.12,73.81333,1.812,ordinary,open_water,Jamnagar (Sikka) marine terminal,1225.77,False,False,2,,False
419081116,SHALOOM NET 1-99%,IND,india_mangalore_dec2025_jan2026,2026-01-07 13:00:00+00:00,2026-01-07 19:00:00+00:00,6.0,4,0.571,13.4675,74.52,4.17,ordinary,open_water,Jamnagar (Sikka) marine terminal,1118.17,False,False,2,,False
419081144,GAGULTHA NET-199%,IND,india_mangalore_dec2025_jan2026,2025-12-11 12:00:00+00:00,2025-12-11 18:00:00+00:00,6.0,7,1.0,12.63286,74.69714,3.545,ordinary,open_water,Jamnagar (Sikka) marine terminal,1210.11,False,False,2,,False
419081144,GAGULTHA NET-199%,IND,india_mangalore_dec2025_jan2026,2026-01-09 10:00:00+00:00,2026-01-09 16:00:00+00:00,6.0,4,0.571,12.0475,74.0825,4.519,ordinary,open_water,Jamnagar (Sikka) marine terminal,1243.67,False,False,2,,False
419081236,ANBU MATHA-1_94%,IND,india_mangalore_dec2025_jan2026,2026-01-12 12:00:00+00:00,2026-01-12 18:00:00+00:00,6.0,7,1.0,12.43286,74.11286,4.673,ordinary,open_water,Jamnagar (Sikka) marine terminal,1205.07,False,False,2,,False
419081323,JERO NET 6-88%,IND,india_mangalore_dec2025_jan2026,2025-12-12 17:00:00+00:00,2025-12-12 23:00:00+00:00,6.0,7,1.0,12.85429,73.85429,4.765,ordinary,open_water,Jamnagar (Sikka) marine terminal,1151.12,False,False,2,,False
419081326,JERO NET 7-99%,IND,india_mangalore_dec2025_jan2026,2025-12-12 12:00:00+00:00,2025-12-12 18:00:00+00:00,6.0,7,1.0,12.75857,73.88,4.607,ordinary,open_water,Jamnagar (Sikka) marine terminal,1162.04,False,False,2,,False
419081326,JERO NET 7-99%,IND,india_mangalore_dec2025_jan2026,2025-12-13 05:00:00+00:00,2025-12-13 11:00:00+00:00,6.0,7,1.0,12.78,73.83714,4.156,ordinary,open_water,Jamnagar (Sikka) marine terminal,1158.11,False,False,2,,False
419081326,JERO NET 7-99%,IND,india_mangalore_dec2025_jan2026,2025-12-17 02:00:00+00:00,2025-12-17 08:00:00+00:00,6.0,4,0.571,13.3175,74.35,2.182,ordinary,open_water,Jamnagar (Sikka) marine terminal,1125.22,False,False,2,,False
419081326,JERO NET 7-99%,IND,india_mangalore_dec2025_jan2026,2025-12-17 16:00:00+00:00,2025-12-17 22:00:00+00:00,6.0,7,1.0,13.27571,74.62286,4.058,ordinary,open_water,Jamnagar (Sikka) marine terminal,1142.22,False,False,2,,False
419081326,JERO NET 7-99%,IND,india_mangalore_dec2025_jan2026,2026-01-12 05:00:00+00:00,2026-01-12 11:00:00+00:00,6.0,7,1.0,12.64286,74.07857,4.595,ordinary,open_water,Jamnagar (Sikka) marine terminal,1182.05,False,False,2,,False
419081326,JERO NET 7-99%,IND,india_mangalore_dec2025_jan2026,2026-01-13 19:00:00+00:00,2026-01-14 01:00:00+00:00,6.0,7,1.0,12.82714,73.89429,4.109,ordinary,open_water,Jamnagar (Sikka) marine terminal,1155.53,False,False,2,,False
419081327,MANIKYA NET 1-94%,IND,india_mangalore_dec2025_jan2026,2025-12-15 11:00:00+00:00,2025-12-15 17:00:00+00:00,6.0,6,0.857,13.76,74.50834,1.431,ordinary,open_water,Jamnagar (Sikka) marine terminal,1088.53,False,False,2,,False
419081327,MANIKYA NET 1-94%,IND,india_mangalore_dec2025_jan2026,2025-12-16 11:00:00+00:00,2025-12-16 17:00:00+00:00,6.0,7,1.0,13.67714,74.54,0.794,ordinary,open_water,Jamnagar (Sikka) marine terminal,1098.29,False,False,2,,False
419087400,KRUSADAI,IND,india_mangalore_dec2025_jan2026,2025-12-10 03:00:00+00:00,2025-12-10 09:00:00+00:00,6.0,4,0.571,12.935,74.82,0.556,ordinary,open_water,Jamnagar (Sikka) marine terminal,1185.64,False,False,2,,False
419090454,MARIYAVALGA NET3_89%,IND,india_mangalore_dec2025_jan2026,2025-12-11 01:00:00+00:00,2025-12-11 07:00:00+00:00,6.0,3,0.429,13.35,74.56,0.0,ordinary,open_water,Jamnagar (Sikka) marine terminal,1131.8,False,False,2,,False
419090454,MARIYAVALGA NET3_89%,IND,india_mangalore_dec2025_jan2026,2026-01-10 11:00:00+00:00,2026-01-10 17:00:00+00:00,6.0,7,1.0,13.38714,74.49286,2.856,ordinary,open_water,Jamnagar (Sikka) marine terminal,1124.9,False,False,2,,False
419101008,,IND,india_mangalore_dec2025_jan2026,2025-12-02 10:00:00+00:00,2025-12-02 16:00:00+00:00,6.0,6,0.857,12.77,74.06,0.0,ordinary,open_water,Jamnagar (Sikka) marine terminal,1168.21,False,False,2,,False
419101008,,IND,india_mangalore_dec2025_jan2026,2025-12-05 20:00:00+00:00,2025-12-06 02:00:00+00:00,6.0,5,0.714,12.704,74.008,2.427,ordinary,open_water,Jamnagar (Sikka) marine terminal,1172.85,False,False,2,,False
419101008,,IND,india_mangalore_dec2025_jan2026,2025-12-07 10:00:00+00:00,2025-12-07 16:00:00+00:00,6.0,7,1.0,12.72286,74.06571,4.983,ordinary,open_water,Jamnagar (Sikka) marine terminal,1173.29,False,False,2,,False
419101008,,IND,india_mangalore_dec2025_jan2026,2025-12-09 10:00:00+00:00,2025-12-09 16:00:00+00:00,6.0,7,1.0,12.72857,74.03286,4.813,ordinary,open_water,Jamnagar (Sikka) marine terminal,1171.35,False,False,2,,False
419101008,,IND,india_mangalore_dec2025_jan2026,2025-12-09 17:00:00+00:00,2025-12-09 23:00:00+00:00,6.0,4,0.571,12.82,74.005,4.736,ordinary,open_water,Jamnagar (Sikka) marine terminal,1160.8,False,False,2,,False
419101015,ST.MARYS[BACHILAR],IND,india_mangalore_dec2025_jan2026,2025-12-17 11:00:00+00:00,2025-12-17 17:00:00+00:00,6.0,3,0.429,13.70667,74.43333,4.457,ordinary,open_water,Jamnagar (Sikka) marine terminal,1090.18,False,False,2,,False
419101033,ALLELUIA,IND,india_mangalore_dec2025_jan2026,2025-12-14 11:00:00+00:00,2025-12-14 17:00:00+00:00,6.0,7,1.0,13.54286,74.42857,2.768,ordinary,open_water,Jamnagar (Sikka) marine terminal,1106.29,False,False,2,,False
419102391,ANBU MATHA,IND,india_mangalore_dec2025_jan2026,2026-01-10 09:00:00+00:00,2026-01-10 15:00:00+00:00,6.0,7,1.0,12.29143,74.16429,3.672,ordinary,open_water,Jamnagar (Sikka) marine terminal,1221.74,False,False,2,,False
419104357,MALABAR FISHING BOAT,IND,india_mangalore_dec2025_jan2026,2026-01-07 11:00:00+00:00,2026-01-07 17:00:00+00:00,6.0,6,0.857,12.13833,74.45167,4.202,ordinary,open_water,Jamnagar (Sikka) marine terminal,1249.44,False,False,2,,False
419104359,EBSON NET BOAT,IND,india_mangalore_dec2025_jan2026,2025-12-02 14:00:00+00:00,2025-12-02 20:00:00+00:00,6.0,2,0.286,12.12,74.49,2.442,ordinary,open_water,Jamnagar (Sikka) marine terminal,1252.95,False,False,2,,False
419107605,JERO BOAT,IND,india_mangalore_dec2025_jan2026,2025-12-12 12:00:00+00:00,2025-12-12 18:00:00+00:00,6.0,7,1.0,12.71857,73.88571,4.648,ordinary,open_water,Jamnagar (Sikka) marine terminal,1166.4,False,False,2,,False
419107605,JERO BOAT,IND,india_mangalore_dec2025_jan2026,2025-12-14 12:00:00+00:00,2025-12-14 18:00:00+00:00,6.0,6,0.857,13.27167,74.30167,2.572,ordinary,open_water,Jamnagar (Sikka) marine terminal,1127.63,False,False,2,,False
419107605,JERO BOAT,IND,india_mangalore_dec2025_jan2026,2025-12-17 13:00:00+00:00,2025-12-17 19:00:00+00:00,6.0,4,0.571,13.24,74.635,2.289,ordinary,open_water,Jamnagar (Sikka) marine terminal,1146.36,False,False,2,,False
419107877,KOHINOOR,IND,india_mangalore_dec2025_jan2026,2026-01-11 03:00:00+00:00,2026-01-11 09:00:00+00:00,6.0,3,0.429,12.85333,74.83,0.741,ordinary,open_water,Jamnagar (Sikka) marine terminal,1194.26,False,False,2,,False
419107877,KOHINOOR,IND,india_mangalore_dec2025_jan2026,2026-01-12 10:00:00+00:00,2026-01-12 16:00:00+00:00,6.0,7,1.0,12.84857,74.28143,4.813,ordinary,open_water,Jamnagar (Sikka) marine terminal,1169.62,False,False,2,,False
419120725,DORNIKA NET1_99%,IND,india_mangalore_dec2025_jan2026,2026-01-09 13:00:00+00:00,2026-01-09 19:00:00+00:00,6.0,3,0.429,13.38,74.56667,2.338,ordinary,open_water,Jamnagar (Sikka) marine terminal,1129.13,False,False,2,,False
419120727,MOTHER NET3_84%,IND,india_mangalore_dec2025_jan2026,2025-12-14 12:00:00+00:00,2025-12-14 18:00:00+00:00,6.0,7,1.0,13.27286,74.6,1.43,ordinary,open_water,Jamnagar (Sikka) marine terminal,1141.41,False,False,2,,False
419120727,MOTHER NET3_84%,IND,india_mangalore_dec2025_jan2026,2026-01-05 11:00:00+00:00,2026-01-05 17:00:00+00:00,6.0,7,1.0,13.35,74.56,3.336,ordinary,open_water,Jamnagar (Sikka) marine terminal,1131.8,False,False,2,,False
419130528,LORDJESUS NET4_99%,IND,india_mangalore_dec2025_jan2026,2025-12-12 07:00:00+00:00,2025-12-12 13:00:00+00:00,6.0,7,1.0,13.34286,74.69428,4.17,ordinary,open_water,Jamnagar (Sikka) marine terminal,1138.99,False,False,2,,False
419160780,MESSIYAI NET5_83%,IND,india_mangalore_dec2025_jan2026,2025-12-08 20:00:00+00:00,2025-12-09 02:00:00+00:00,6.0,3,0.429,12.80333,73.90667,2.62,ordinary,open_water,Jamnagar (Sikka) marine terminal,1158.49,False,False,2,,False
419160901,SELVAMATHA 6-99%,IND,india_mangalore_dec2025_jan2026,2025-12-15 07:00:00+00:00,2025-12-15 13:00:00+00:00,6.0,5,0.714,13.108,74.594,3.868,ordinary,open_water,Jamnagar (Sikka) marine terminal,1157.6,False,False,2,,False
419160902,SELVAMATHA 5-98%,IND,india_mangalore_dec2025_jan2026,2025-12-17 11:00:00+00:00,2025-12-17 17:00:00+00:00,6.0,6,0.857,13.62333,74.435,0.917,ordinary,open_water,Jamnagar (Sikka) marine terminal,1098.56,False,False,2,,False
419161291,ALLELUYA(N) NET3_76%,IND,india_mangalore_dec2025_jan2026,2025-12-09 11:00:00+00:00,2025-12-09 17:00:00+00:00,6.0,7,1.0,13.68857,74.35286,2.403,ordinary,open_water,Jamnagar (Sikka) marine terminal,1088.14,False,False,2,,False
419170330,MINNALMATHNET 4_96%,IND,india_mangalore_dec2025_jan2026,2025-12-13 21:00:00+00:00,2025-12-14 03:00:00+00:00,6.0,2,0.286,12.045,74.31,4.041,ordinary,open_water,Jamnagar (Sikka) marine terminal,1253.09,False,False,2,,False
419170655,THOMASLEGA2 NET1-88%,IND,india_mangalore_dec2025_jan2026,2025-12-06 12:00:00+00:00,2025-12-06 18:00:00+00:00,6.0,6,0.857,13.02667,73.81833,4.902,ordinary,open_water,Jamnagar (Sikka) marine terminal,1131.88,False,False,2,,False
419179507,NATHAN NET2_56%,IND,india_mangalore_dec2025_jan2026,2026-01-12 08:00:00+00:00,2026-01-12 14:00:00+00:00,6.0,7,1.0,12.25,74.22286,4.886,ordinary,open_water,Jamnagar (Sikka) marine terminal,1228.41,False,False,2,,False
419180220,EBSON NET 3_95%,IND,india_mangalore_dec2025_jan2026,2025-12-12 12:00:00+00:00,2025-12-12 18:00:00+00:00,6.0,5,0.714,12.234,74.942,4.21,ordinary,open_water,Jamnagar (Sikka) marine terminal,1261.57,False,False,2,,False
419180220,EBSON NET 3_95%,IND,india_mangalore_dec2025_jan2026,2025-12-14 18:00:00+00:00,2025-12-15 00:00:00+00:00,6.0,6,0.857,12.31,74.94,1.555,ordinary,open_water,Jamnagar (Sikka) marine terminal,1253.84,False,False,2,,False
419180269,MOTHER NET 2_99%,IND,india_mangalore_dec2025_jan2026,2026-01-05 10:00:00+00:00,2026-01-05 16:00:00+00:00,6.0,7,1.0,13.35857,74.55,3.495,ordinary,open_water,Jamnagar (Sikka) marine terminal,1130.47,False,False,2,,False
419180269,MOTHER NET 2_99%,IND,india_mangalore_dec2025_jan2026,2026-01-12 20:00:00+00:00,2026-01-13 02:00:00+00:00,6.0,7,1.0,13.27143,74.62428,2.579,ordinary,open_water,Jamnagar (Sikka) marine terminal,1142.71,False,False,2,,False
419180301,AACHARIYAMATHA 1_99%,IND,india_mangalore_dec2025_jan2026,2025-12-13 15:00:00+00:00,2025-12-13 21:00:00+00:00,6.0,7,1.0,12.59571,73.87857,4.112,ordinary,open_water,Jamnagar (Sikka) marine terminal,1178.83,False,False,2,,False
419180302,AACHARIYAMATHA 2_99%,IND,india_mangalore_dec2025_jan2026,2025-12-15 13:00:00+00:00,2025-12-15 19:00:00+00:00,6.0,7,1.0,12.34143,74.07428,4.561,ordinary,open_water,Jamnagar (Sikka) marine terminal,1212.93,False,False,2,,False
419180303,AACHARIYAMATHA 3_83%,IND,india_mangalore_dec2025_jan2026,2025-12-15 13:00:00+00:00,2025-12-15 19:00:00+00:00,6.0,7,1.0,12.34143,74.07429,4.561,ordinary,open_water,Jamnagar (Sikka) marine terminal,1212.93,False,False,2,,False
419180303,AACHARIYAMATHA 3_83%,IND,india_mangalore_dec2025_jan2026,2025-12-16 13:00:00+00:00,2025-12-16 19:00:00+00:00,6.0,7,1.0,12.03714,73.87857,4.856,ordinary,open_water,Jamnagar (Sikka) marine terminal,1236.87,False,False,2,,False
419180304,AACHARIYAMATHA 4_83%,IND,india_mangalore_dec2025_jan2026,2025-12-13 06:00:00+00:00,2025-12-13 12:00:00+00:00,6.0,4,0.571,12.48,73.99,4.343,ordinary,open_water,Jamnagar (Sikka) marine terminal,1195.23,False,False,2,,False
419180304,AACHARIYAMATHA 4_83%,IND,india_mangalore_dec2025_jan2026,2025-12-13 13:00:00+00:00,2025-12-13 19:00:00+00:00,6.0,7,1.0,12.53429,73.91,4.526,ordinary,open_water,Jamnagar (Sikka) marine terminal,1186.43,False,False,2,,False
419180304,AACHARIYAMATHA 4_83%,IND,india_mangalore_dec2025_jan2026,2025-12-15 13:00:00+00:00,2025-12-15 19:00:00+00:00,6.0,7,1.0,12.31429,74.08571,4.323,ordinary,open_water,Jamnagar (Sikka) marine terminal,1216.2,False,False,2,,False
419180340,AACHARIYAMATHA 6_99%,IND,india_mangalore_dec2025_jan2026,2025-12-14 11:00:00+00:00,2025-12-14 17:00:00+00:00,6.0,6,0.857,12.34333,74.075,4.113,ordinary,open_water,Jamnagar (Sikka) marine terminal,1212.77,False,False,2,,False
419181024,FR NET BUOY 1_99%,IND,india_mangalore_dec2025_jan2026,2025-12-05 18:00:00+00:00,2025-12-06 00:00:00+00:00,6.0,6,0.857,12.22,74.40333,1.811,ordinary,open_water,Jamnagar (Sikka) marine terminal,1239.03,False,False,2,,False
419182469,EMMANUEL BOAT,IND,india_mangalore_dec2025_jan2026,2025-12-13 09:00:00+00:00,2025-12-13 15:00:00+00:00,6.0,5,0.714,12.74,73.808,3.447,ordinary,open_water,Jamnagar (Sikka) marine terminal,1161.1,False,False,2,,False
419190769,JERO NET 5-99%,IND,india_mangalore_dec2025_jan2026,2026-01-10 22:00:00+00:00,2026-01-11 04:00:00+00:00,6.0,5,0.714,12.512,74.016,3.574,ordinary,open_water,Jamnagar (Sikka) marine terminal,1192.97,False,False,2,,False
419201060,ST MARYS B NET BOUY1,IND,india_mangalore_dec2025_jan2026,2025-12-17 11:00:00+00:00,2025-12-17 17:00:00+00:00,6.0,7,1.0,13.78,74.42286,1.388,ordinary,open_water,Jamnagar (Sikka) marine terminal,1082.38,False,False,2,,False
419201169,KARUNYA BOAT,IND,india_mangalore_dec2025_jan2026,2025-12-12 12:00:00+00:00,2025-12-12 18:00:00+00:00,6.0,5,0.714,12.73,73.968,4.858,ordinary,open_water,Jamnagar (Sikka) marine terminal,1168.54,False,False,2,,False
419232467,MATHAGRACES NET1(81%,IND,india_mangalore_dec2025_jan2026,2025-12-12 14:00:00+00:00,2025-12-12 20:00:00+00:00,6.0,7,1.0,12.85429,74.18571,2.44,ordinary,open_water,Jamnagar (Sikka) marine terminal,1164.89,False,False,2,,False
419232467,MATHAGRACES NET1(81%,IND,india_mangalore_dec2025_jan2026,2025-12-13 04:00:00+00:00,2025-12-13 10:00:00+00:00,6.0,7,1.0,12.87571,73.98857,4.912,ordinary,open_water,Jamnagar (Sikka) marine terminal,1154.39,False,False,2,,False
419239579,KREUPASANAM NET4_96%,IND,india_mangalore_dec2025_jan2026,2025-12-13 10:00:00+00:00,2025-12-13 16:00:00+00:00,6.0,7,1.0,13.02143,74.62143,4.877,ordinary,open_water,Jamnagar (Sikka) marine terminal,1167.56,False,False,2,,False
419250308,GAGULTHA NET2_99%,IND,india_mangalore_dec2025_jan2026,2025-12-01 13:00:00+00:00,2025-12-01 19:00:00+00:00,6.0,3,0.429,12.34,74.04333,0.724,ordinary,open_water,Jamnagar (Sikka) marine terminal,1211.84,False,False,2,,False
419250310,GAGULTHA NET4_53%,IND,india_mangalore_dec2025_jan2026,2025-12-11 11:00:00+00:00,2025-12-11 17:00:00+00:00,6.0,7,1.0,12.67571,74.67286,4.548,ordinary,open_water,Jamnagar (Sikka) marine terminal,1204.68,False,False,2,,False
419250311,GAGULTHA NET5_99%,IND,india_mangalore_dec2025_jan2026,2025-12-03 10:00:00+00:00,2025-12-03 16:00:00+00:00,6.0,4,0.571,12.215,74.335,4.219,ordinary,open_water,Jamnagar (Sikka) marine terminal,1236.66,False,False,2,,False
419250311,GAGULTHA NET5_99%,IND,india_mangalore_dec2025_jan2026,2025-12-11 10:00:00+00:00,2025-12-11 16:00:00+00:00,6.0,7,1.0,12.67286,74.67572,4.468,ordinary,open_water,Jamnagar (Sikka) marine terminal,1205.1,False,False,2,,False
419250311,GAGULTHA NET5_99%,IND,india_mangalore_dec2025_jan2026,2025-12-13 12:00:00+00:00,2025-12-13 18:00:00+00:00,6.0,7,1.0,13.23286,74.08286,4.358,ordinary,open_water,Jamnagar (Sikka) marine terminal,1121.85,False,False,2,,False
419250726,YOVAN NET3_91%,IND,india_mangalore_dec2025_jan2026,2025-12-09 11:00:00+00:00,2025-12-09 17:00:00+00:00,6.0,7,1.0,13.58286,74.42714,4.202,ordinary,open_water,Jamnagar (Sikka) marine terminal,1102.22,False,False,2,,False
419250901,NALLIDAYAN NET4(99%,IND,india_mangalore_dec2025_jan2026,2025-12-17 11:00:00+00:00,2025-12-17 17:00:00+00:00,6.0,6,0.857,13.75,74.39333,0.72,ordinary,open_water,Jamnagar (Sikka) marine terminal,1083.94,False,False,2,,False
419260740,VINNARASI NET2_99%,IND,india_mangalore_dec2025_jan2026,2026-01-12 15:00:00+00:00,2026-01-12 21:00:00+00:00,6.0,7,1.0,12.29,74.00286,4.206,ordinary,open_water,Jamnagar (Sikka) marine terminal,1215.4,False,False,2,,False
419271111,ANTONYSAJIN NET1_75%,IND,india_mangalore_dec2025_jan2026,2025-12-11 12:00:00+00:00,2025-12-11 18:00:00+00:00,6.0,7,1.0,12.86286,73.91714,4.965,ordinary,open_water,Jamnagar (Sikka) marine terminal,1152.78,False,False,2,,False
419271226,MOTHERMARY NET1(85%,IND,india_mangalore_dec2025_jan2026,2025-12-05 17:00:00+00:00,2025-12-05 23:00:00+00:00,6.0,5,0.714,12.244,74.386,2.487,ordinary,open_water,Jamnagar (Sikka) marine terminal,1235.84,False,False,2,,False
419299502,MAHATHUVAM NET6_91%,IND,india_mangalore_dec2025_jan2026,2025-12-12 17:00:00+00:00,2025-12-12 23:00:00+00:00,6.0,6,0.857,13.00333,73.825,3.746,ordinary,open_water,Jamnagar (Sikka) marine terminal,1134.55,False,False,2,,False
419300906,THANAM NET 2(99%,IND,india_mangalore_dec2025_jan2026,2025-12-11 15:00:00+00:00,2025-12-11 21:00:00+00:00,6.0,5,0.714,13.456,74.49,2.891,ordinary,open_water,Jamnagar (Sikka) marine terminal,1117.88,False,False,2,,False
419300906,THANAM NET 2(99%,IND,india_mangalore_dec2025_jan2026,2026-01-10 11:00:00+00:00,2026-01-10 17:00:00+00:00,6.0,7,1.0,13.46143,74.52286,1.685,ordinary,open_water,Jamnagar (Sikka) marine terminal,1118.91,False,False,2,,False
419301092,REO NET 1_82%,IND,india_mangalore_dec2025_jan2026,2025-12-27 14:00:00+00:00,2025-12-27 20:00:00+00:00,6.0,6,0.857,12.15,75.03333,2.339,ordinary,open_water,Jamnagar (Sikka) marine terminal,1274.26,False,False,2,,False
419301092,REO NET 1_82%,IND,india_mangalore_dec2025_jan2026,2025-12-29 12:00:00+00:00,2025-12-29 18:00:00+00:00,6.0,7,1.0,12.08,75.07143,1.243,ordinary,open_water,Jamnagar (Sikka) marine terminal,1283.07,False,False,2,,False
419301092,REO NET 1_82%,IND,india_mangalore_dec2025_jan2026,2026-01-08 11:00:00+00:00,2026-01-08 17:00:00+00:00,6.0,4,0.571,12.1875,74.8575,4.689,ordinary,open_water,Jamnagar (Sikka) marine terminal,1262.36,False,False,2,,False
419305646,KARUNYA NET1  100%,IND,india_mangalore_dec2025_jan2026,2025-12-12 10:00:00+00:00,2025-12-12 16:00:00+00:00,6.0,7,1.0,12.81429,73.93714,4.385,ordinary,open_water,Jamnagar (Sikka) marine terminal,1158.6,False,False,2,,False
419305651,KARUNYA NET4  100%,IND,india_mangalore_dec2025_jan2026,2025-12-12 11:00:00+00:00,2025-12-12 17:00:00+00:00,6.0,7,1.0,12.76,73.96143,4.544,ordinary,open_water,Jamnagar (Sikka) marine terminal,1165.18,False,False,2,,False
419305653,KARUNYA NET2  100%,IND,india_mangalore_dec2025_jan2026,2025-12-12 10:00:00+00:00,2025-12-12 16:00:00+00:00,6.0,7,1.0,12.79143,73.94571,4.86,ordinary,open_water,Jamnagar (Sikka) marine terminal,1161.3,False,False,2,,False
419305653,KARUNYA NET2  100%,IND,india_mangalore_dec2025_jan2026,2025-12-13 08:00:00+00:00,2025-12-13 14:00:00+00:00,6.0,7,1.0,12.67857,73.93286,3.439,ordinary,open_water,Jamnagar (Sikka) marine terminal,1172.42,False,False,2,,False
419305657,KARUNYA NET5  100%,IND,india_mangalore_dec2025_jan2026,2025-12-12 12:00:00+00:00,2025-12-12 18:00:00+00:00,6.0,6,0.857,12.73333,73.96833,4.536,ordinary,open_water,Jamnagar (Sikka) marine terminal,1168.21,False,False,2,,False
419308342,MIRANSH NET 4  100%,IND,india_mangalore_dec2025_jan2026,2025-12-12 12:00:00+00:00,2025-12-12 18:00:00+00:00,6.0,7,1.0,12.87857,73.93286,4.674,ordinary,open_water,Jamnagar (Sikka) marine terminal,1151.8,False,False,2,,False
419318413,YAHOVA NET-3  100%,IND,india_mangalore_dec2025_jan2026,2025-12-08 11:00:00+00:00,2025-12-08 17:00:00+00:00,6.0,7,1.0,13.54,74.32429,3.393,ordinary,open_water,Jamnagar (Sikka) marine terminal,1101.67,False,False,2,,False
419322000,SAMUDRA SHAUDHIKAMA,IND,india_mangalore_dec2025_jan2026,2025-12-03 13:00:00+00:00,2025-12-03 19:00:00+00:00,6.0,7,1.0,12.71,74.81,4.949,ordinary,open_water,Jamnagar (Sikka) marine terminal,1207.64,False,False,2,,False
419322000,SAMUDRA SHAUDHIKAMA,IND,india_mangalore_dec2025_jan2026,2025-12-11 02:00:00+00:00,2025-12-11 08:00:00+00:00,6.0,7,1.0,13.52714,74.29714,3.323,ordinary,open_water,Jamnagar (Sikka) marine terminal,1101.7,False,False,2,,False
419322000,SAMUDRA SHAUDHIKAMA,IND,india_mangalore_dec2025_jan2026,2025-12-12 15:00:00+00:00,2025-12-12 21:00:00+00:00,6.0,7,1.0,13.15286,74.71286,3.547,ordinary,open_water,Jamnagar (Sikka) marine terminal,1158.78,False,False,2,,False
419322000,SAMUDRA SHAUDHIKAMA,IND,india_mangalore_dec2025_jan2026,2025-12-19 13:00:00+00:00,2025-12-19 19:00:00+00:00,6.0,7,1.0,12.75143,74.81572,4.961,ordinary,open_water,Jamnagar (Sikka) marine terminal,1203.76,False,False,2,,False
419322000,SAMUDRA SHAUDHIKAMA,IND,india_mangalore_dec2025_jan2026,2025-12-20 15:00:00+00:00,2025-12-20 21:00:00+00:00,6.0,7,1.0,12.62429,74.86,4.622,ordinary,open_water,Jamnagar (Sikka) marine terminal,1218.58,False,False,2,,False
419322000,SAMUDRA SHAUDHIKAMA,IND,india_mangalore_dec2025_jan2026,2025-12-30 14:00:00+00:00,2025-12-30 20:00:00+00:00,6.0,7,1.0,12.31143,75.00143,2.333,ordinary,open_water,Jamnagar (Sikka) marine terminal,1256.58,False,False,2,,False
419322000,SAMUDRA SHAUDHIKAMA,IND,india_mangalore_dec2025_jan2026,2025-12-31 00:00:00+00:00,2025-12-31 06:00:00+00:00,6.0,4,0.571,12.2675,74.685,3.893,ordinary,open_water,Jamnagar (Sikka) marine terminal,1246.47,False,False,2,,False
419322000,SAMUDRA SHAUDHIKAMA,IND,india_mangalore_dec2025_jan2026,2026-01-05 05:00:00+00:00,2026-01-05 11:00:00+00:00,6.0,3,0.429,12.3,74.68333,3.652,ordinary,open_water,Jamnagar (Sikka) marine terminal,1243.1,False,False,2,,False
419322000,SAMUDRA SHAUDHIKAMA,IND,india_mangalore_dec2025_jan2026,2026-01-05 13:00:00+00:00,2026-01-05 19:00:00+00:00,6.0,6,0.857,12.46333,74.93833,2.887,ordinary,open_water,Jamnagar (Sikka) marine terminal,1238.39,False,False,2,,False
419322000,SAMUDRA SHAUDHIKAMA,IND,india_mangalore_dec2025_jan2026,2026-01-07 15:00:00+00:00,2026-01-07 21:00:00+00:00,6.0,7,1.0,12.43714,74.92714,2.964,ordinary,open_water,Jamnagar (Sikka) marine terminal,1240.49,False,False,2,,False
419322867,PRAKASHMATHA NET2,IND,india_mangalore_dec2025_jan2026,2025-12-12 15:00:00+00:00,2025-12-12 21:00:00+00:00,6.0,3,0.429,12.12333,74.96667,4.141,ordinary,open_water,Jamnagar (Sikka) marine terminal,1273.84,False,False,2,,False
419322870,SHIBANO NET-2  69%,IND,india_mangalore_dec2025_jan2026,2025-12-19 22:00:00+00:00,2025-12-20 04:00:00+00:00,6.0,7,1.0,12.74143,74.75428,3.888,ordinary,open_water,Jamnagar (Sikka) marine terminal,1201.86,False,False,2,,False
419322883,THANKYOUJESUS NET1,IND,india_mangalore_dec2025_jan2026,2026-01-12 07:00:00+00:00,2026-01-12 13:00:00+00:00,6.0,6,0.857,12.385,74.92833,3.5,ordinary,open_water,Jamnagar (Sikka) marine terminal,1245.77,False,False,2,,False
419323568,LAENA MATHA NET-2,IND,india_mangalore_dec2025_jan2026,2025-12-12 14:00:00+00:00,2025-12-12 20:00:00+00:00,6.0,7,1.0,12.99143,73.92857,4.388,ordinary,open_water,Jamnagar (Sikka) marine terminal,1140.01,False,False,2,,False
419326728,OMIGA NET-3  80%,IND,india_mangalore_dec2025_jan2026,2026-01-05 13:00:00+00:00,2026-01-05 19:00:00+00:00,6.0,6,0.857,13.24667,74.57667,4.093,ordinary,open_water,Jamnagar (Sikka) marine terminal,1142.91,False,False,2,,False
419326728,OMIGA NET-3  80%,IND,india_mangalore_dec2025_jan2026,2026-01-13 09:00:00+00:00,2026-01-13 15:00:00+00:00,6.0,4,0.571,13.3325,74.6,1.946,ordinary,open_water,Jamnagar (Sikka) marine terminal,1135.46,False,False,2,,False
419328421,MAHIMAI MATHA -2_,IND,india_mangalore_dec2025_jan2026,2026-01-12 10:00:00+00:00,2026-01-12 16:00:00+00:00,6.0,7,1.0,13.6,74.47143,3.462,ordinary,open_water,Jamnagar (Sikka) marine terminal,1102.63,False,False,2,,False
419335498,RITHIK 2 NET-2  100%,IND,india_mangalore_dec2025_jan2026,2025-12-18 15:00:00+00:00,2025-12-18 21:00:00+00:00,6.0,6,0.857,12.60667,74.16334,3.052,ordinary,open_water,Jamnagar (Sikka) marine terminal,1189.29,False,False,2,,False
419335498,RITHIK 2 NET-2  100%,IND,india_mangalore_dec2025_jan2026,2025-12-19 20:00:00+00:00,2025-12-20 02:00:00+00:00,6.0,3,0.429,12.59333,74.18667,4.677,ordinary,open_water,Jamnagar (Sikka) marine terminal,1191.64,False,False,2,,False
419338439,MIRANSH NET 2  72%,IND,india_mangalore_dec2025_jan2026,2025-12-12 12:00:00+00:00,2025-12-12 18:00:00+00:00,6.0,7,1.0,12.85571,73.94857,4.16,ordinary,open_water,Jamnagar (Sikka) marine terminal,1154.8,False,False,2,,False
419345249,JERO 3NET99%,IND,india_mangalore_dec2025_jan2026,2025-12-12 17:00:00+00:00,2025-12-12 23:00:00+00:00,6.0,6,0.857,12.87333,73.84833,3.569,ordinary,open_water,Jamnagar (Sikka) marine terminal,1148.91,False,False,2,,False
419345250,DORNICKA2NET99%,IND,india_mangalore_dec2025_jan2026,2026-01-05 12:00:00+00:00,2026-01-05 18:00:00+00:00,6.0,6,0.857,13.36833,74.58167,4.637,ordinary,open_water,Jamnagar (Sikka) marine terminal,1131.01,False,False,2,,False
419345250,DORNICKA2NET99%,IND,india_mangalore_dec2025_jan2026,2026-01-10 11:00:00+00:00,2026-01-10 17:00:00+00:00,6.0,7,1.0,13.53286,74.46429,2.004,ordinary,open_water,Jamnagar (Sikka) marine terminal,1108.99,False,False,2,,False
419345253,THANNAM NET199%,IND,india_mangalore_dec2025_jan2026,2025-12-09 10:00:00+00:00,2025-12-09 16:00:00+00:00,6.0,7,1.0,13.43714,74.36429,2.584,ordinary,open_water,Jamnagar (Sikka) marine terminal,1113.85,False,False,2,,False
419345253,THANNAM NET199%,IND,india_mangalore_dec2025_jan2026,2025-12-12 10:00:00+00:00,2025-12-12 16:00:00+00:00,6.0,6,0.857,13.445,74.49,1.668,ordinary,open_water,Jamnagar (Sikka) marine terminal,1118.98,False,False,2,,False
419345253,THANNAM NET199%,IND,india_mangalore_dec2025_jan2026,2026-01-10 11:00:00+00:00,2026-01-10 17:00:00+00:00,6.0,7,1.0,13.47714,74.51857,2.119,ordinary,open_water,Jamnagar (Sikka) marine terminal,1117.14,False,False,2,,False
419345510,RITHIK 2 NET-3  100%,IND,india_mangalore_dec2025_jan2026,2025-12-18 15:00:00+00:00,2025-12-18 21:00:00+00:00,6.0,5,0.714,12.544,74.2,3.781,ordinary,open_water,Jamnagar (Sikka) marine terminal,1197.25,False,False,2,,False
419345957,JESUS NET1(10%,IND,india_mangalore_dec2025_jan2026,2026-01-10 11:00:00+00:00,2026-01-10 17:00:00+00:00,6.0,7,1.0,13.48714,74.45428,1.962,ordinary,open_water,Jamnagar (Sikka) marine terminal,1113.07,False,False,2,,False
419349227,RITHIK 2 NET-1  100%,IND,india_mangalore_dec2025_jan2026,2025-12-19 02:00:00+00:00,2025-12-19 08:00:00+00:00,6.0,3,0.429,12.76667,74.07667,3.299,ordinary,open_water,Jamnagar (Sikka) marine terminal,1169.25,False,False,2,,False
419355339,ANTO NET3  60%,IND,india_mangalore_dec2025_jan2026,2026-01-12 09:00:00+00:00,2026-01-12 15:00:00+00:00,6.0,7,1.0,12.25429,74.16429,3.891,ordinary,open_water,Jamnagar (Sikka) marine terminal,1225.57,False,False,2,,False
419368462,MIRANSH NET 1  72%,IND,india_mangalore_dec2025_jan2026,2025-12-07 10:00:00+00:00,2025-12-07 16:00:00+00:00,6.0,6,0.857,12.805,74.01,4.279,ordinary,open_water,Jamnagar (Sikka) marine terminal,1162.54,False,False,2,,False
419388526,SHREE GURURAYA NET,IND,india_mangalore_dec2025_jan2026,2025-12-17 12:00:00+00:00,2025-12-17 18:00:00+00:00,6.0,7,1.0,13.63,74.52,0.0,ordinary,open_water,Jamnagar (Sikka) marine terminal,1102.0,False,False,2,,False
419401024,ARUNSAJIN NET-4_80%,IND,india_mangalore_dec2025_jan2026,2025-12-10 23:00:00+00:00,2025-12-11 05:00:00+00:00,6.0,4,0.571,12.7275,74.005,3.337,ordinary,open_water,Jamnagar (Sikka) marine terminal,1170.31,False,False,2,,False
419401024,ARUNSAJIN NET-4_80%,IND,india_mangalore_dec2025_jan2026,2025-12-12 11:00:00+00:00,2025-12-12 17:00:00+00:00,6.0,7,1.0,12.9,73.88857,4.617,ordinary,open_water,Jamnagar (Sikka) marine terminal,1147.79,False,False,2,,False
419446012,HARSHA _NET_1-89%,IND,india_mangalore_dec2025_jan2026,2025-12-08 10:00:00+00:00,2025-12-08 16:00:00+00:00,6.0,7,1.0,12.58571,74.12429,4.322,ordinary,open_water,Jamnagar (Sikka) marine terminal,1189.81,False,False,2,,False
419446012,HARSHA _NET_1-89%,IND,india_mangalore_dec2025_jan2026,2025-12-09 10:00:00+00:00,2025-12-09 16:00:00+00:00,6.0,7,1.0,12.70571,74.00428,4.322,ordinary,open_water,Jamnagar (Sikka) marine terminal,1172.52,False,False,2,,False
419446012,HARSHA _NET_1-89%,IND,india_mangalore_dec2025_jan2026,2025-12-09 22:00:00+00:00,2025-12-10 04:00:00+00:00,6.0,3,0.429,12.86,73.95333,3.413,ordinary,open_water,Jamnagar (Sikka) marine terminal,1154.55,False,False,2,,False
419446012,HARSHA _NET_1-89%,IND,india_mangalore_dec2025_jan2026,2025-12-12 10:00:00+00:00,2025-12-12 16:00:00+00:00,6.0,7,1.0,12.71143,74.03143,4.465,ordinary,open_water,Jamnagar (Sikka) marine terminal,1173.05,False,False,2,,False
419446012,HARSHA _NET_1-89%,IND,india_mangalore_dec2025_jan2026,2025-12-12 17:00:00+00:00,2025-12-12 23:00:00+00:00,6.0,7,1.0,12.8,73.99,3.979,ordinary,open_water,Jamnagar (Sikka) marine terminal,1162.23,False,False,2,,False
419446013,HARSHA_NET_2-87%,IND,india_mangalore_dec2025_jan2026,2025-12-08 10:00:00+00:00,2025-12-08 16:00:00+00:00,6.0,7,1.0,12.60143,74.12286,4.51,ordinary,open_water,Jamnagar (Sikka) marine terminal,1188.14,False,False,2,,False
419446013,HARSHA_NET_2-87%,IND,india_mangalore_dec2025_jan2026,2025-12-09 10:00:00+00:00,2025-12-09 16:00:00+00:00,6.0,7,1.0,12.72,73.99286,4.821,ordinary,open_water,Jamnagar (Sikka) marine terminal,1170.59,False,False,2,,False
419446013,HARSHA_NET_2-87%,IND,india_mangalore_dec2025_jan2026,2025-12-09 17:00:00+00:00,2025-12-09 23:00:00+00:00,6.0,5,0.714,12.818,73.962,4.655,ordinary,open_water,Jamnagar (Sikka) marine terminal,1159.23,False,False,2,,False
419446013,HARSHA_NET_2-87%,IND,india_mangalore_dec2025_jan2026,2025-12-12 17:00:00+00:00,2025-12-12 23:00:00+00:00,6.0,7,1.0,12.81286,73.98429,4.031,ordinary,open_water,Jamnagar (Sikka) marine terminal,1160.68,False,False,2,,False
419446014,HARSHA_NET_3-77%,IND,india_mangalore_dec2025_jan2026,2025-12-07 11:00:00+00:00,2025-12-07 17:00:00+00:00,6.0,7,1.0,12.61714,74.14286,3.667,ordinary,open_water,Jamnagar (Sikka) marine terminal,1187.36,False,False,2,,False
419446014,HARSHA_NET_3-77%,IND,india_mangalore_dec2025_jan2026,2025-12-07 18:00:00+00:00,2025-12-08 00:00:00+00:00,6.0,5,0.714,12.682,74.126,3.458,ordinary,open_water,Jamnagar (Sikka) marine terminal,1180.0,False,False,2,,False
419446014,HARSHA_NET_3-77%,IND,india_mangalore_dec2025_jan2026,2025-12-12 11:00:00+00:00,2025-12-12 17:00:00+00:00,6.0,7,1.0,12.74857,74.01143,3.708,ordinary,open_water,Jamnagar (Sikka) marine terminal,1168.41,False,False,2,,False
419446015,HARSHA_NET_4-65%,IND,india_mangalore_dec2025_jan2026,2025-12-09 17:00:00+00:00,2025-12-09 23:00:00+00:00,6.0,4,0.571,12.8525,73.945,4.757,ordinary,open_water,Jamnagar (Sikka) marine terminal,1154.98,False,False,2,,False
419446016,HARSHA_NET_5-68%,IND,india_mangalore_dec2025_jan2026,2025-12-07 12:00:00+00:00,2025-12-07 18:00:00+00:00,6.0,6,0.857,12.67833,74.12,4.398,ordinary,open_water,Jamnagar (Sikka) marine terminal,1180.12,False,False,2,,False
419473000,DESH GAURAV,IND,india_mangalore_dec2025_jan2026,2026-01-12 19:00:00+00:00,2026-01-13 01:00:00+00:00,6.0,5,0.714,13.03,74.518,4.509,ordinary,open_water,Jamnagar (Sikka) marine terminal,1161.89,False,False,2,,False
419473000,DESH GAURAV,IND,india_mangalore_dec2025_jan2026,2026-01-13 04:00:00+00:00,2026-01-13 10:00:00+00:00,6.0,7,1.0,13.06857,74.36429,4.385,ordinary,open_water,Jamnagar (Sikka) marine terminal,1150.98,False,False,2,,False
419494645,MATHAGRACES NET2(91%,IND,india_mangalore_dec2025_jan2026,2025-12-08 00:00:00+00:00,2025-12-08 06:00:00+00:00,6.0,2,0.286,13.055,73.835,3.181,ordinary,open_water,Jamnagar (Sikka) marine terminal,1129.63,False,False,2,,False
419506136,STAR MARIYA,IND,india_mangalore_dec2025_jan2026,2025-12-08 12:00:00+00:00,2025-12-08 18:00:00+00:00,6.0,5,0.714,13.116,74.556,3.836,ordinary,open_water,Jamnagar (Sikka) marine terminal,1155.02,False,False,2,,False
419506416,TKM  NET BOAT,IND,india_mangalore_dec2025_jan2026,2025-12-02 10:00:00+00:00,2025-12-02 16:00:00+00:00,6.0,5,0.714,12.79,74.064,1.288,ordinary,open_water,Jamnagar (Sikka) marine terminal,1166.33,False,False,2,,False
419506440,PRAISETHELORD,IND,india_mangalore_dec2025_jan2026,2025-12-09 15:00:00+00:00,2025-12-09 21:00:00+00:00,6.0,3,0.429,13.7,74.1,0.0,ordinary,open_water,Jamnagar (Sikka) marine terminal,1075.25,False,False,2,,False
419506554,JENIFER BOUY1  100%,IND,india_mangalore_dec2025_jan2026,2025-12-11 18:00:00+00:00,2025-12-12 00:00:00+00:00,6.0,2,0.286,12.04,75.04,3.982,ordinary,open_water,Jamnagar (Sikka) marine terminal,1285.62,False,False,2,,False
419506554,JENIFER BOUY1  100%,IND,india_mangalore_dec2025_jan2026,2026-01-06 18:00:00+00:00,2026-01-07 00:00:00+00:00,6.0,4,0.571,12.02,75.0825,2.606,ordinary,open_water,Jamnagar (Sikka) marine terminal,1289.61,False,False,2,,False
419506697,AMAL VALLAM,IND,india_mangalore_dec2025_jan2026,2026-01-10 11:00:00+00:00,2026-01-10 17:00:00+00:00,6.0,7,1.0,12.51,74.26428,3.449,ordinary,open_water,Jamnagar (Sikka) marine terminal,1203.45,False,False,2,,False
419508216,THIRUPPADAL NET1_99%,IND,india_mangalore_dec2025_jan2026,2025-12-17 18:00:00+00:00,2025-12-18 00:00:00+00:00,6.0,5,0.714,13.364,74.44,3.087,ordinary,open_water,Jamnagar (Sikka) marine terminal,1124.72,False,False,2,,False
419509109,LORDJESUS NETBOUY3,IND,india_mangalore_dec2025_jan2026,2026-01-11 20:00:00+00:00,2026-01-12 02:00:00+00:00,6.0,4,0.571,12.6325,74.2025,1.592,ordinary,open_water,Jamnagar (Sikka) marine terminal,1188.29,False,False,2,,False
419510421,JJ2 NET-23  61%,IND,india_mangalore_dec2025_jan2026,2025-12-09 11:00:00+00:00,2025-12-09 17:00:00+00:00,6.0,7,1.0,12.76,74.00714,4.661,ordinary,open_water,Jamnagar (Sikka) marine terminal,1167.05,False,False,2,,False
419510872,NET VINNAHATHAI-2,IND,india_mangalore_dec2025_jan2026,2025-12-14 11:00:00+00:00,2025-12-14 17:00:00+00:00,6.0,7,1.0,13.36571,74.51286,1.774,ordinary,open_water,Jamnagar (Sikka) marine terminal,1127.99,False,False,2,,False
419510872,NET VINNAHATHAI-2,IND,india_mangalore_dec2025_jan2026,2025-12-17 13:00:00+00:00,2025-12-17 19:00:00+00:00,6.0,5,0.714,12.65,74.746,1.289,ordinary,open_water,Jamnagar (Sikka) marine terminal,1210.65,False,False,2,,False
419514651,ALPHA-2 NET BUOY-3,IND,india_mangalore_dec2025_jan2026,2026-01-12 14:00:00+00:00,2026-01-12 20:00:00+00:00,6.0,7,1.0,12.43,74.04286,4.452,ordinary,open_water,Jamnagar (Sikka) marine terminal,1202.52,False,False,2,,False
419517859,NET POURNAMI MATHA-1,IND,india_mangalore_dec2025_jan2026,2025-12-07 15:00:00+00:00,2025-12-07 21:00:00+00:00,6.0,6,0.857,12.19333,75.00667,2.62,ordinary,open_water,Jamnagar (Sikka) marine terminal,1268.67,False,False,2,,False
419519369,KOTTARAM NET BOAT,IND,india_mangalore_dec2025_jan2026,2025-12-18 14:00:00+00:00,2025-12-18 20:00:00+00:00,6.0,5,0.714,12.486,74.812,3.019,ordinary,open_water,Jamnagar (Sikka) marine terminal,1230.2,False,False,2,,False
419520255,FISHINGNET BIBLE-2,IND,india_mangalore_dec2025_jan2026,2026-01-06 13:00:00+00:00,2026-01-06 19:00:00+00:00,6.0,5,0.714,12.076,75.068,2.501,ordinary,open_water,Jamnagar (Sikka) marine terminal,1283.31,False,False,2,,False
419520785,J K NIWAS NET-5,IND,india_mangalore_dec2025_jan2026,2025-12-07 12:00:00+00:00,2025-12-07 18:00:00+00:00,6.0,5,0.714,12.802,73.99,4.503,ordinary,open_water,Jamnagar (Sikka) marine terminal,1162.03,False,False,2,,False
419520903,OSCAR NET 2_  100%,IND,india_mangalore_dec2025_jan2026,2025-12-17 12:00:00+00:00,2025-12-17 18:00:00+00:00,6.0,5,0.714,13.298,74.35,0.89,ordinary,open_water,Jamnagar (Sikka) marine terminal,1127.18,False,False,2,,False
419521210,OMIGA NET-2  100%,IND,india_mangalore_dec2025_jan2026,2025-12-11 14:00:00+00:00,2025-12-11 20:00:00+00:00,6.0,6,0.857,13.24833,74.56,2.409,ordinary,open_water,Jamnagar (Sikka) marine terminal,1141.95,False,False,2,,False
419521210,OMIGA NET-2  100%,IND,india_mangalore_dec2025_jan2026,2025-12-13 09:00:00+00:00,2025-12-13 15:00:00+00:00,6.0,7,1.0,13.21714,74.56143,1.438,ordinary,open_water,Jamnagar (Sikka) marine terminal,1145.14,False,False,2,,False
419521345,ALPHA2 NET BUOY4,IND,india_mangalore_dec2025_jan2026,2026-01-12 12:00:00+00:00,2026-01-12 18:00:00+00:00,6.0,7,1.0,12.43571,74.05429,3.997,ordinary,open_water,Jamnagar (Sikka) marine terminal,1202.39,False,False,2,,False
419521346,ALPHA2 NET BUOY5,IND,india_mangalore_dec2025_jan2026,2026-01-12 13:00:00+00:00,2026-01-12 19:00:00+00:00,6.0,7,1.0,12.48571,74.02571,3.89,ordinary,open_water,Jamnagar (Sikka) marine terminal,1196.08,False,False,2,,False
419522162,BETHEL NET-3  48%,IND,india_mangalore_dec2025_jan2026,2025-12-11 14:00:00+00:00,2025-12-11 20:00:00+00:00,6.0,4,0.571,13.225,74.605,1.754,ordinary,open_water,Jamnagar (Sikka) marine terminal,1146.42,False,False,2,,False
419525649,KARUNYA NET3  98%,IND,india_mangalore_dec2025_jan2026,2025-12-13 08:00:00+00:00,2025-12-13 14:00:00+00:00,6.0,6,0.857,12.67833,73.93,4.53,ordinary,open_water,Jamnagar (Sikka) marine terminal,1172.33,False,False,2,,False
419545674,,IND,india_mangalore_dec2025_jan2026,2026-01-12 14:00:00+00:00,2026-01-12 20:00:00+00:00,6.0,7,1.0,12.29,74.09857,4.068,ordinary,open_water,Jamnagar (Sikka) marine terminal,1219.22,False,False,2,,False
419545676,,IND,india_mangalore_dec2025_jan2026,2026-01-12 14:00:00+00:00,2026-01-12 20:00:00+00:00,6.0,7,1.0,12.30714,74.09571,4.599,ordinary,open_water,Jamnagar (Sikka) marine terminal,1217.34,False,False,2,,False
419564083,MOSSAI NETBOUY 1-89%,IND,india_mangalore_dec2025_jan2026,2025-12-07 23:00:00+00:00,2025-12-08 05:00:00+00:00,6.0,3,0.429,13.17667,73.82,1.836,ordinary,open_water,Jamnagar (Sikka) marine terminal,1116.49,False,False,2,,False
419565295,MATHA BEBITTO 1-84%,IND,india_mangalore_dec2025_jan2026,2026-01-09 09:00:00+00:00,2026-01-09 15:00:00+00:00,6.0,6,0.857,12.04167,74.12167,4.679,ordinary,open_water,Jamnagar (Sikka) marine terminal,1245.82,False,False,2,,False
419576361,BIBLE NET 1-95%,IND,india_mangalore_dec2025_jan2026,2025-12-19 00:00:00+00:00,2025-12-19 06:00:00+00:00,6.0,6,0.857,12.45333,74.77833,2.062,ordinary,open_water,Jamnagar (Sikka) marine terminal,1231.93,False,False,2,,False
419681983,,IND,india_mangalore_dec2025_jan2026,2025-12-02 10:00:00+00:00,2025-12-02 16:00:00+00:00,6.0,6,0.857,12.79,74.045,0.542,ordinary,open_water,Jamnagar (Sikka) marine terminal,1165.54,False,False,2,,False
419681983,,IND,india_mangalore_dec2025_jan2026,2025-12-02 23:00:00+00:00,2025-12-03 05:00:00+00:00,6.0,7,1.0,12.75143,74.08143,2.558,ordinary,open_water,Jamnagar (Sikka) marine terminal,1171.01,False,False,2,,False
419681983,,IND,india_mangalore_dec2025_jan2026,2025-12-05 20:00:00+00:00,2025-12-06 02:00:00+00:00,6.0,5,0.714,12.69,74.022,3.235,ordinary,open_water,Jamnagar (Sikka) marine terminal,1174.87,False,False,2,,False
419681983,,IND,india_mangalore_dec2025_jan2026,2025-12-08 15:00:00+00:00,2025-12-08 21:00:00+00:00,6.0,5,0.714,12.79,74.038,4.857,ordinary,open_water,Jamnagar (Sikka) marine terminal,1165.24,False,False,2,,False
419681983,,IND,india_mangalore_dec2025_jan2026,2025-12-09 10:00:00+00:00,2025-12-09 16:00:00+00:00,6.0,7,1.0,12.70571,74.04714,4.682,ordinary,open_water,Jamnagar (Sikka) marine terminal,1174.29,False,False,2,,False
419731184,VINNARASI NET 3N_78%,IND,india_mangalore_dec2025_jan2026,2025-12-11 16:00:00+00:00,2025-12-11 22:00:00+00:00,6.0,7,1.0,13.34,74.71,0.0,ordinary,open_water,Jamnagar (Sikka) marine terminal,1140.04,False,False,2,,False
419731184,VINNARASI NET 3N_78%,IND,india_mangalore_dec2025_jan2026,2026-01-12 10:00:00+00:00,2026-01-12 16:00:00+00:00,6.0,7,1.0,13.55143,74.54429,2.0,ordinary,open_water,Jamnagar (Sikka) marine terminal,1110.98,False,False,2,,False
419731279,JABAMALAI M NET4_57%,IND,india_mangalore_dec2025_jan2026,2025-12-12 06:00:00+00:00,2025-12-12 12:00:00+00:00,6.0,3,0.429,12.05,74.24667,4.507,ordinary,open_water,Jamnagar (Sikka) marine terminal,1249.99,False,False,2,,False
419731308,NEHEMIA NET 2_99%,IND,india_mangalore_dec2025_jan2026,2025-12-12 17:00:00+00:00,2025-12-12 23:00:00+00:00,6.0,7,1.0,12.86714,73.88714,4.359,ordinary,open_water,Jamnagar (Sikka) marine terminal,1151.12,False,False,2,,False
419731310,ST.NICHOLAS NET1_81%,IND,india_mangalore_dec2025_jan2026,2026-01-12 07:00:00+00:00,2026-01-12 13:00:00+00:00,6.0,7,1.0,12.39,74.91857,1.45,ordinary,open_water,Jamnagar (Sikka) marine terminal,1244.81,False,False,2,,False
419731315,VACHANAM NET 1_99%,IND,india_mangalore_dec2025_jan2026,2025-12-16 12:00:00+00:00,2025-12-16 18:00:00+00:00,6.0,3,0.429,12.03333,75.05667,4.462,ordinary,open_water,Jamnagar (Sikka) marine terminal,1287.07,False,False,2,,False
419731315,VACHANAM NET 1_99%,IND,india_mangalore_dec2025_jan2026,2025-12-30 11:00:00+00:00,2025-12-30 17:00:00+00:00,6.0,4,0.571,12.0875,75.0675,0.877,ordinary,open_water,Jamnagar (Sikka) marine terminal,1282.14,False,False,2,,False
419731321,RENJITH NET 2_92%,IND,india_mangalore_dec2025_jan2026,2025-12-18 10:00:00+00:00,2025-12-18 16:00:00+00:00,6.0,7,1.0,12.44143,74.84857,4.7,ordinary,open_water,Jamnagar (Sikka) marine terminal,1236.38,False,False,2,,False
419731321,RENJITH NET 2_92%,IND,india_mangalore_dec2025_jan2026,2026-01-07 10:00:00+00:00,2026-01-07 16:00:00+00:00,6.0,7,1.0,12.06,74.51714,4.61,ordinary,open_water,Jamnagar (Sikka) marine terminal,1260.25,False,False,2,,False
419731321,RENJITH NET 2_92%,IND,india_mangalore_dec2025_jan2026,2026-01-10 22:00:00+00:00,2026-01-11 04:00:00+00:00,6.0,4,0.571,12.3425,74.3775,4.671,ordinary,open_water,Jamnagar (Sikka) marine terminal,1225.4,False,False,2,,False
419731322,MAHATHUVAM NET 1_84%,IND,india_mangalore_dec2025_jan2026,2025-12-13 04:00:00+00:00,2025-12-13 10:00:00+00:00,6.0,7,1.0,12.90286,73.83571,4.108,ordinary,open_water,Jamnagar (Sikka) marine terminal,1145.36,False,False,2,,False
419731364,ALLELUYA NET 3_99%,IND,india_mangalore_dec2025_jan2026,2025-12-17 13:00:00+00:00,2025-12-17 19:00:00+00:00,6.0,7,1.0,13.31714,74.54,0.794,ordinary,open_water,Jamnagar (Sikka) marine terminal,1134.13,False,False,2,,False
419731653,YOVAN NET 1_92%,IND,india_mangalore_dec2025_jan2026,2025-12-09 11:00:00+00:00,2025-12-09 17:00:00+00:00,6.0,7,1.0,13.63571,74.41,2.7,ordinary,open_water,Jamnagar (Sikka) marine terminal,1096.13,False,False,2,,False
419731682,ARK NET BUOY 2_80%,IND,india_mangalore_dec2025_jan2026,2025-12-08 06:00:00+00:00,2025-12-08 12:00:00+00:00,6.0,7,1.0,13.26714,73.83143,2.341,ordinary,open_water,Jamnagar (Sikka) marine terminal,1107.66,False,False,2,,False
419731709,DIVINE NETBUOY 5_99%,IND,india_mangalore_dec2025_jan2026,2025-12-14 10:00:00+00:00,2025-12-14 16:00:00+00:00,6.0,6,0.857,12.4,74.085,3.712,ordinary,open_water,Jamnagar (Sikka) marine terminal,1207.32,False,False,2,,False
419731779,PAYANAMATHA NET1_99%,IND,india_mangalore_dec2025_jan2026,2025-12-10 20:00:00+00:00,2025-12-11 02:00:00+00:00,6.0,4,0.571,12.1825,74.9325,3.143,ordinary,open_water,Jamnagar (Sikka) marine terminal,1266.31,False,False,2,,False
419731779,PAYANAMATHA NET1_99%,IND,india_mangalore_dec2025_jan2026,2026-01-10 11:00:00+00:00,2026-01-10 17:00:00+00:00,6.0,7,1.0,12.24,74.92,4.664,ordinary,open_water,Jamnagar (Sikka) marine terminal,1259.94,False,False,2,,False
419731779,PAYANAMATHA NET1_99%,IND,india_mangalore_dec2025_jan2026,2026-01-10 22:00:00+00:00,2026-01-11 04:00:00+00:00,6.0,2,0.286,12.34,74.855,1.973,ordinary,open_water,Jamnagar (Sikka) marine terminal,1246.88,False,False,2,,False
419740046,BETHLEHEM NET 2_99%,IND,india_mangalore_dec2025_jan2026,2025-12-09 12:00:00+00:00,2025-12-09 18:00:00+00:00,6.0,7,1.0,12.14714,74.97429,4.508,ordinary,open_water,Jamnagar (Sikka) marine terminal,1271.8,False,False,2,,False
419740046,BETHLEHEM NET 2_99%,IND,india_mangalore_dec2025_jan2026,2025-12-11 02:00:00+00:00,2025-12-11 08:00:00+00:00,6.0,2,0.286,12.22,74.96,0.0,ordinary,open_water,Jamnagar (Sikka) marine terminal,1263.81,False,False,2,,False
419740050,Y.M.V NET 3_90%,IND,india_mangalore_dec2025_jan2026,2025-12-12 13:00:00+00:00,2025-12-12 19:00:00+00:00,6.0,7,1.0,12.04286,74.86714,4.531,ordinary,open_water,Jamnagar (Sikka) marine terminal,1277.4,False,False,2,,False
419740072,DEVAMATHA NET 5_78%,IND,india_mangalore_dec2025_jan2026,2025-12-09 11:00:00+00:00,2025-12-09 17:00:00+00:00,6.0,7,1.0,13.57857,74.39429,3.525,ordinary,open_water,Jamnagar (Sikka) marine terminal,1101.09,False,False,2,,False
419740106,MERCY NET 2_86%,IND,india_mangalore_dec2025_jan2026,2025-12-13 08:00:00+00:00,2025-12-13 14:00:00+00:00,6.0,7,1.0,12.64714,73.82857,3.413,ordinary,open_water,Jamnagar (Sikka) marine terminal,1171.53,False,False,2,,False
419740108,DIVINE NET 7_99%,IND,india_mangalore_dec2025_jan2026,2025-12-14 11:00:00+00:00,2025-12-14 17:00:00+00:00,6.0,7,1.0,12.39,74.10143,4.618,ordinary,open_water,Jamnagar (Sikka) marine terminal,1209.02,False,False,2,,False
419740112,MOTHER NET 1_82%,IND,india_mangalore_dec2025_jan2026,2025-12-16 12:00:00+00:00,2025-12-16 18:00:00+00:00,6.0,4,0.571,13.3175,74.5975,1.164,ordinary,open_water,Jamnagar (Sikka) marine terminal,1136.83,False,False,2,,False
419740307,AMMA NET 1_93%,IND,india_mangalore_dec2025_jan2026,2025-12-10 10:00:00+00:00,2025-12-10 16:00:00+00:00,6.0,7,1.0,13.56571,74.48714,1.766,ordinary,open_water,Jamnagar (Sikka) marine terminal,1106.8,False,False,2,,False
419740307,AMMA NET 1_93%,IND,india_mangalore_dec2025_jan2026,2025-12-12 19:00:00+00:00,2025-12-13 01:00:00+00:00,6.0,6,0.857,13.71333,74.48,0.741,ordinary,open_water,Jamnagar (Sikka) marine terminal,1091.78,False,False,2,,False
419740309,MAGATHUVAM NET 1_99%,IND,india_mangalore_dec2025_jan2026,2025-12-14 11:00:00+00:00,2025-12-14 17:00:00+00:00,6.0,7,1.0,12.04,74.32,4.951,ordinary,open_water,Jamnagar (Sikka) marine terminal,1254.02,False,False,2,,False
419740325,ESHOMARIYAM NET1_99%,IND,india_mangalore_dec2025_jan2026,2025-12-05 19:00:00+00:00,2025-12-06 01:00:00+00:00,6.0,7,1.0,12.01286,74.45857,1.707,ordinary,open_water,Jamnagar (Sikka) marine terminal,1262.58,False,False,2,,False
419740369,CHRISTHEKINGNET1_99%,IND,india_mangalore_dec2025_jan2026,2025-12-14 04:00:00+00:00,2025-12-14 10:00:00+00:00,6.0,6,0.857,12.24,74.715,4.737,ordinary,open_water,Jamnagar (Sikka) marine terminal,1250.6,False,False,2,,False
419740369,CHRISTHEKINGNET1_99%,IND,india_mangalore_dec2025_jan2026,2025-12-14 11:00:00+00:00,2025-12-14 17:00:00+00:00,6.0,7,1.0,12.33714,74.73714,4.101,ordinary,open_water,Jamnagar (Sikka) marine terminal,1241.77,False,False,2,,False
419776670,EBINEZER NET 2(66%,IND,india_mangalore_dec2025_jan2026,2025-12-01 11:00:00+00:00,2025-12-01 17:00:00+00:00,6.0,7,1.0,13.78,74.31,1.112,ordinary,open_water,Jamnagar (Sikka) marine terminal,1076.97,False,False,2,,False
419783897,MAJUMATHA NET2(99%,IND,india_mangalore_dec2025_jan2026,2025-12-09 10:00:00+00:00,2025-12-09 16:00:00+00:00,6.0,7,1.0,13.51571,74.38857,2.855,ordinary,open_water,Jamnagar (Sikka) marine terminal,1107.11,False,False,2,,False
419783897,MAJUMATHA NET2(99%,IND,india_mangalore_dec2025_jan2026,2025-12-10 11:00:00+00:00,2025-12-10 17:00:00+00:00,6.0,6,0.857,13.50667,74.35,2.146,ordinary,open_water,Jamnagar (Sikka) marine terminal,1106.21,False,False,2,,False
419783897,MAJUMATHA NET2(99%,IND,india_mangalore_dec2025_jan2026,2025-12-16 10:00:00+00:00,2025-12-16 16:00:00+00:00,6.0,7,1.0,13.50286,74.34714,2.359,ordinary,open_water,Jamnagar (Sikka) marine terminal,1106.46,False,False,2,,False
419789305,ROSARIO NET188%,IND,india_mangalore_dec2025_jan2026,2025-12-09 13:00:00+00:00,2025-12-09 19:00:00+00:00,6.0,6,0.857,12.05333,75.06667,4.492,ordinary,open_water,Jamnagar (Sikka) marine terminal,1285.53,False,False,2,,False
419789305,ROSARIO NET188%,IND,india_mangalore_dec2025_jan2026,2025-12-11 12:00:00+00:00,2025-12-11 18:00:00+00:00,6.0,3,0.429,12.03667,75.07667,4.802,ordinary,open_water,Jamnagar (Sikka) marine terminal,1287.67,False,False,2,,False
419789351,JERO NET299%,IND,india_mangalore_dec2025_jan2026,2025-12-09 10:00:00+00:00,2025-12-09 16:00:00+00:00,6.0,7,1.0,13.43286,74.39857,3.157,ordinary,open_water,Jamnagar (Sikka) marine terminal,1115.88,False,False,2,,False
419789351,JERO NET299%,IND,india_mangalore_dec2025_jan2026,2025-12-12 09:00:00+00:00,2025-12-12 15:00:00+00:00,6.0,7,1.0,12.80143,73.85571,4.86,ordinary,open_water,Jamnagar (Sikka) marine terminal,1156.64,False,False,2,,False
419789351,JERO NET299%,IND,india_mangalore_dec2025_jan2026,2025-12-14 12:00:00+00:00,2025-12-14 18:00:00+00:00,6.0,7,1.0,13.29286,74.28571,3.464,ordinary,open_water,Jamnagar (Sikka) marine terminal,1124.77,False,False,2,,False
419789351,JERO NET299%,IND,india_mangalore_dec2025_jan2026,2025-12-15 11:00:00+00:00,2025-12-15 17:00:00+00:00,6.0,6,0.857,13.35667,74.36333,2.349,ordinary,open_water,Jamnagar (Sikka) marine terminal,1121.89,False,False,2,,False
419789351,JERO NET299%,IND,india_mangalore_dec2025_jan2026,2025-12-17 17:00:00+00:00,2025-12-17 23:00:00+00:00,6.0,6,0.857,13.33667,74.60333,1.841,ordinary,open_water,Jamnagar (Sikka) marine terminal,1135.2,False,False,2,,False
419801746,YOJAKA DHRUV,IND,india_mangalore_dec2025_jan2026,2025-12-15 02:00:00+00:00,2025-12-15 08:00:00+00:00,6.0,6,0.857,12.92667,74.78333,4.755,ordinary,open_water,Jamnagar (Sikka) marine terminal,1184.71,False,False,2,,False
419817763,JEHOVAHNISSI NETBOAT,IND,india_mangalore_dec2025_jan2026,2025-12-13 10:00:00+00:00,2025-12-13 16:00:00+00:00,6.0,6,0.857,13.09833,74.585,3.878,ordinary,open_water,Jamnagar (Sikka) marine terminal,1158.15,False,False,2,,False
419818377,SEPPANIA NET BOAT,IND,india_mangalore_dec2025_jan2026,2025-12-14 11:00:00+00:00,2025-12-14 17:00:00+00:00,6.0,5,0.714,13.322,74.566,2.646,ordinary,open_water,Jamnagar (Sikka) marine terminal,1134.88,False,False,2,,False
419818490,SANJAY 2 NET BOAT,IND,india_mangalore_dec2025_jan2026,2025-12-11 09:00:00+00:00,2025-12-11 15:00:00+00:00,6.0,5,0.714,13.638,74.432,2.18,ordinary,open_water,Jamnagar (Sikka) marine terminal,1096.96,False,False,2,,False
419819179,AL.MINA.VHF.113,IND,india_mangalore_dec2025_jan2026,2025-12-09 11:00:00+00:00,2025-12-09 17:00:00+00:00,6.0,2,0.286,13.085,73.955,2.328,ordinary,open_water,Jamnagar (Sikka) marine terminal,1131.51,False,False,2,,False
419823459,RAKSHAKAN NETBOAT,IND,india_mangalore_dec2025_jan2026,2026-01-12 14:00:00+00:00,2026-01-12 20:00:00+00:00,6.0,7,1.0,12.30857,74.09714,4.033,ordinary,open_water,Jamnagar (Sikka) marine terminal,1217.25,False,False,2,,False
419823816,NEHEMIA NETBOAT,IND,india_mangalore_dec2025_jan2026,2025-12-12 12:00:00+00:00,2025-12-12 18:00:00+00:00,6.0,6,0.857,12.71333,73.93667,2.589,ordinary,open_water,Jamnagar (Sikka) marine terminal,1168.99,False,False,2,,False
419823825,LAENA MATHA  BOAT,IND,india_mangalore_dec2025_jan2026,2025-12-12 15:00:00+00:00,2025-12-12 21:00:00+00:00,6.0,7,1.0,12.92286,73.97857,2.827,ordinary,open_water,Jamnagar (Sikka) marine terminal,1149.13,False,False,2,,False
419824937,VINNARASI BOAT,IND,india_mangalore_dec2025_jan2026,2026-01-12 13:00:00+00:00,2026-01-12 19:00:00+00:00,6.0,7,1.0,12.35,74.00714,3.82,ordinary,open_water,Jamnagar (Sikka) marine terminal,1209.36,False,False,2,,False
419824947,RC MATHA II BOAT,IND,india_mangalore_dec2025_jan2026,2026-01-09 13:00:00+00:00,2026-01-09 19:00:00+00:00,6.0,5,0.714,12.02,74.052,4.28,ordinary,open_water,Jamnagar (Sikka) marine terminal,1245.32,False,False,2,,False
419825697,RITHIK 2 NET BOAT,IND,india_mangalore_dec2025_jan2026,2025-12-18 15:00:00+00:00,2025-12-18 21:00:00+00:00,6.0,3,0.429,12.53667,74.19333,1.036,ordinary,open_water,Jamnagar (Sikka) marine terminal,1197.73,False,False,2,,False
419825697,RITHIK 2 NET BOAT,IND,india_mangalore_dec2025_jan2026,2025-12-20 11:00:00+00:00,2025-12-20 17:00:00+00:00,6.0,4,0.571,12.6825,74.0975,2.109,ordinary,open_water,Jamnagar (Sikka) marine terminal,1178.76,False,False,2,,False
419826367,MANIKYA BOAT,IND,india_mangalore_dec2025_jan2026,2025-12-09 09:00:00+00:00,2025-12-09 15:00:00+00:00,6.0,7,1.0,13.49429,74.52,2.254,ordinary,open_water,Jamnagar (Sikka) marine terminal,1115.5,False,False,2,,False
419826367,MANIKYA BOAT,IND,india_mangalore_dec2025_jan2026,2025-12-11 09:00:00+00:00,2025-12-11 15:00:00+00:00,6.0,4,0.571,13.675,74.55,1.215,ordinary,open_water,Jamnagar (Sikka) marine terminal,1098.99,False,False,2,,False
419827179,ST ANTONY BOAT,IND,india_mangalore_dec2025_jan2026,2025-12-07 10:00:00+00:00,2025-12-07 16:00:00+00:00,6.0,4,0.571,12.595,73.96,1.668,ordinary,open_water,Jamnagar (Sikka) marine terminal,1182.15,False,False,2,,False
419886107,SREERAGINI NET2(79%,IND,india_mangalore_dec2025_jan2026,2025-12-12 12:00:00+00:00,2025-12-12 18:00:00+00:00,6.0,7,1.0,12.96,73.84285,4.515,ordinary,open_water,Jamnagar (Sikka) marine terminal,1139.75,False,False,2,,False
419886108,SREERAGINI NET3(99%,IND,india_mangalore_dec2025_jan2026,2025-12-12 09:00:00+00:00,2025-12-12 15:00:00+00:00,6.0,7,1.0,13.00857,73.81857,3.616,ordinary,open_water,Jamnagar (Sikka) marine terminal,1133.75,False,False,2,,False
419900111,MOTHER NET BOAT,IND,india_mangalore_dec2025_jan2026,2026-01-06 10:00:00+00:00,2026-01-06 16:00:00+00:00,6.0,6,0.857,13.35,74.57167,2.4,ordinary,open_water,Jamnagar (Sikka) marine terminal,1132.36,False,False,2,,False
419900111,MOTHER NET BOAT,IND,india_mangalore_dec2025_jan2026,2026-01-12 20:00:00+00:00,2026-01-13 02:00:00+00:00,6.0,3,0.429,13.27333,74.61667,2.969,ordinary,open_water,Jamnagar (Sikka) marine terminal,1142.16,False,False,2,,False
419900632,,IND,india_mangalore_dec2025_jan2026,2025-12-07 14:00:00+00:00,2025-12-07 20:00:00+00:00,6.0,7,1.0,13.46286,73.95714,1.931,ordinary,open_water,Jamnagar (Sikka) marine terminal,1092.96,False,False,2,,False
419901434,,IND,india_mangalore_dec2025_jan2026,2025-12-02 06:00:00+00:00,2025-12-02 12:00:00+00:00,6.0,5,0.714,12.864,74.828,1.792,ordinary,open_water,Jamnagar (Sikka) marine terminal,1193.1,False,False,2,,False
419902178,,IND,india_mangalore_dec2025_jan2026,2025-12-09 08:00:00+00:00,2025-12-09 14:00:00+00:00,6.0,6,0.857,13.19333,73.97167,4.877,ordinary,open_water,Jamnagar (Sikka) marine terminal,1121.11,False,False,2,,False
419902335,BIG BOSS III,IND,india_mangalore_dec2025_jan2026,2025-12-10 09:00:00+00:00,2025-12-10 15:00:00+00:00,6.0,4,0.571,13.1775,74.01,0.834,ordinary,open_water,Jamnagar (Sikka) marine terminal,1124.36,False,False,2,,False
419902335,BIG BOSS III,IND,india_mangalore_dec2025_jan2026,2025-12-13 11:00:00+00:00,2025-12-13 17:00:00+00:00,6.0,7,1.0,13.19,73.94,0.0,ordinary,open_water,Jamnagar (Sikka) marine terminal,1120.11,False,False,2,,False
419902423,,IND,india_mangalore_dec2025_jan2026,2025-12-10 11:00:00+00:00,2025-12-10 17:00:00+00:00,6.0,7,1.0,13.16,73.89,0.0,ordinary,open_water,Jamnagar (Sikka) marine terminal,1121.1,False,False,2,,False
419905558,SAMSON,IND,india_mangalore_dec2025_jan2026,2025-12-08 14:00:00+00:00,2025-12-08 20:00:00+00:00,6.0,3,0.429,12.74667,73.96667,3.299,ordinary,open_water,Jamnagar (Sikka) marine terminal,1166.77,False,False,2,,False
419905650,VINNARASI NET 1N 71%,IND,india_mangalore_dec2025_jan2026,2026-01-13 03:00:00+00:00,2026-01-13 09:00:00+00:00,6.0,3,0.429,13.66,74.45667,2.65,ordinary,open_water,Jamnagar (Sikka) marine terminal,1095.95,False,False,2,,False
419906850,ANNAI ALWIN BOAT,IND,india_mangalore_dec2025_jan2026,2025-12-19 05:00:00+00:00,2025-12-19 11:00:00+00:00,6.0,3,0.429,13.10667,74.48667,4.751,ordinary,open_water,Jamnagar (Sikka) marine terminal,1152.73,False,False,2,,False
419912956,MIRANSH  NET BOAT,IND,india_mangalore_dec2025_jan2026,2025-12-12 13:00:00+00:00,2025-12-12 19:00:00+00:00,6.0,7,1.0,12.87286,73.94286,3.034,ordinary,open_water,Jamnagar (Sikka) marine terminal,1152.8,False,False,2,,False
419912968,AL  AQSA,IND,india_mangalore_dec2025_jan2026,2025-12-10 13:00:00+00:00,2025-12-10 19:00:00+00:00,6.0,2,0.286,12.87,74.29,0.0,ordinary,open_water,Jamnagar (Sikka) marine terminal,1167.81,False,False,2,,False
419912968,AL  AQSA,IND,india_mangalore_dec2025_jan2026,2025-12-12 13:00:00+00:00,2025-12-12 19:00:00+00:00,6.0,6,0.857,13.59,73.8,0.0,ordinary,open_water,Jamnagar (Sikka) marine terminal,1073.25,False,False,2,,False
419950103,VIKRAM,IND,india_mangalore_dec2025_jan2026,2025-12-13 10:00:00+00:00,2025-12-13 16:00:00+00:00,6.0,6,0.857,12.92,74.25,0.0,ordinary,open_water,Jamnagar (Sikka) marine terminal,1160.98,False,False,2,,False
419950103,VIKRAM,IND,india_mangalore_dec2025_jan2026,2025-12-17 16:00:00+00:00,2025-12-17 22:00:00+00:00,6.0,3,0.429,12.91667,74.26,1.313,ordinary,open_water,Jamnagar (Sikka) marine terminal,1161.75,False,False,2,,False
419950111,ST LAWRENCE,IND,india_mangalore_dec2025_jan2026,2025-12-08 01:00:00+00:00,2025-12-08 07:00:00+00:00,6.0,2,0.286,13.025,74.585,1.754,ordinary,open_water,Jamnagar (Sikka) marine terminal,1165.5,False,False,2,,False
419950111,ST LAWRENCE,IND,india_mangalore_dec2025_jan2026,2025-12-14 06:00:00+00:00,2025-12-14 12:00:00+00:00,6.0,2,0.286,13.43,74.475,1.967,ordinary,open_water,Jamnagar (Sikka) marine terminal,1119.77,False,False,2,,False
419950157,HITHARAJ,IND,india_mangalore_dec2025_jan2026,2026-01-10 16:00:00+00:00,2026-01-10 22:00:00+00:00,6.0,3,0.429,13.69333,74.31,2.145,ordinary,open_water,Jamnagar (Sikka) marine terminal,1085.63,False,False,2,,False
419950241,SHRIKAR,IND,india_mangalore_dec2025_jan2026,2025-12-11 21:00:00+00:00,2025-12-12 03:00:00+00:00,6.0,2,0.286,12.895,74.58,1.218,ordinary,open_water,Jamnagar (Sikka) marine terminal,1178.33,False,False,2,,False
419950286,RUDRA PRAYAG,IND,india_mangalore_dec2025_jan2026,2025-12-06 18:00:00+00:00,2025-12-07 00:00:00+00:00,6.0,3,0.429,12.83,74.66334,2.338,ordinary,open_water,Jamnagar (Sikka) marine terminal,1188.73,False,False,2,,False
419950333,SHAMBAVI PRASAD.,IND,india_mangalore_dec2025_jan2026,2026-01-02 10:00:00+00:00,2026-01-02 16:00:00+00:00,6.0,3,0.429,12.16,74.54667,2.339,ordinary,open_water,Jamnagar (Sikka) marine terminal,1251.31,False,False,2,,False
419950335,HIZBUL BAHR,IND,india_mangalore_dec2025_jan2026,2025-12-13 19:00:00+00:00,2025-12-14 01:00:00+00:00,6.0,2,0.286,13.41,74.6,3.336,ordinary,open_water,Jamnagar (Sikka) marine terminal,1127.74,False,False,2,,False
419950337,AMITHA KIRAN 2,IND,india_mangalore_dec2025_jan2026,2025-12-24 03:00:00+00:00,2025-12-24 09:00:00+00:00,6.0,4,0.571,13.04,74.73,4.578,ordinary,open_water,Jamnagar (Sikka) marine terminal,1170.85,False,False,2,,False
419950450,AL`MUQEET,IND,india_mangalore_dec2025_jan2026,2025-12-05 18:00:00+00:00,2025-12-06 00:00:00+00:00,6.0,7,1.0,12.85,74.70428,4.028,ordinary,open_water,Jamnagar (Sikka) marine terminal,1188.63,False,False,2,,False
419950452,AL-KAREEM,IND,india_mangalore_dec2025_jan2026,2025-12-05 18:00:00+00:00,2025-12-06 00:00:00+00:00,6.0,7,1.0,12.84429,74.70428,3.924,ordinary,open_water,Jamnagar (Sikka) marine terminal,1189.21,False,False,2,,False
419950470,DIVINE SPIRIT,IND,india_mangalore_dec2025_jan2026,2025-12-21 03:00:00+00:00,2025-12-21 09:00:00+00:00,6.0,3,0.429,13.1,74.66667,4.676,ordinary,open_water,Jamnagar (Sikka) marine terminal,1161.84,False,False,2,,False
419950489,SHUBHAM,IND,india_mangalore_dec2025_jan2026,2026-01-08 19:00:00+00:00,2026-01-09 01:00:00+00:00,6.0,4,0.571,12.905,74.7925,3.901,ordinary,open_water,Jamnagar (Sikka) marine terminal,1187.31,False,False,2,,False
419950559,ARMAN,IND,india_mangalore_dec2025_jan2026,2025-12-08 05:00:00+00:00,2025-12-08 11:00:00+00:00,6.0,4,0.571,13.0025,74.59,3.614,ordinary,open_water,Jamnagar (Sikka) marine terminal,1167.99,False,False,2,,False
419950560,SV KRIPA 2,IND,india_mangalore_dec2025_jan2026,2025-12-07 18:00:00+00:00,2025-12-08 00:00:00+00:00,6.0,2,0.286,12.86,74.655,2.93,ordinary,open_water,Jamnagar (Sikka) marine terminal,1185.33,False,False,2,,False
419950563,SAGAR NIDHI,IND,india_mangalore_dec2025_jan2026,2025-12-19 01:00:00+00:00,2025-12-19 07:00:00+00:00,6.0,3,0.429,13.44,74.59333,2.338,ordinary,open_water,Jamnagar (Sikka) marine terminal,1124.44,False,False,2,,False
419950610,MARINE BLUE,IND,india_mangalore_dec2025_jan2026,2025-12-17 11:00:00+00:00,2025-12-17 17:00:00+00:00,6.0,3,0.429,13.59667,73.89,0.741,ordinary,open_water,Jamnagar (Sikka) marine terminal,1076.42,False,False,2,,False
419950618,SAGAR VISHAL,IND,india_mangalore_dec2025_jan2026,2025-12-12 13:00:00+00:00,2025-12-12 19:00:00+00:00,6.0,7,1.0,13.25429,73.84857,3.56,ordinary,open_water,Jamnagar (Sikka) marine terminal,1109.69,False,False,2,,False
419950626,ZAID,IND,india_mangalore_dec2025_jan2026,2025-12-04 13:00:00+00:00,2025-12-04 19:00:00+00:00,6.0,7,1.0,13.29429,74.55286,4.956,ordinary,open_water,Jamnagar (Sikka) marine terminal,1137.02,False,False,2,,False
419950670,JYOTHI,IND,india_mangalore_dec2025_jan2026,2026-01-10 12:00:00+00:00,2026-01-10 18:00:00+00:00,6.0,2,0.286,12.675,74.515,0.777,ordinary,open_water,Jamnagar (Sikka) marine terminal,1197.58,False,False,2,,False
419950670,JYOTHI,IND,india_mangalore_dec2025_jan2026,2026-01-12 14:00:00+00:00,2026-01-12 20:00:00+00:00,6.0,2,0.286,12.76,74.54,3.253,ordinary,open_water,Jamnagar (Sikka) marine terminal,1190.11,False,False,2,,False
419950686,MUBDI II,IND,india_mangalore_dec2025_jan2026,2025-12-10 13:00:00+00:00,2025-12-10 19:00:00+00:00,6.0,6,0.857,12.84,74.66,4.948,ordinary,open_water,Jamnagar (Sikka) marine terminal,1187.57,False,False,2,,False
419950699,AANSH,IND,india_mangalore_dec2025_jan2026,2025-12-02 02:00:00+00:00,2025-12-02 08:00:00+00:00,6.0,4,0.571,12.86,74.83,0.0,ordinary,open_water,Jamnagar (Sikka) marine terminal,1193.6,False,False,2,,False
419950705,MIQATH,IND,india_mangalore_dec2025_jan2026,2025-12-12 12:00:00+00:00,2025-12-12 18:00:00+00:00,6.0,7,1.0,13.25429,73.85,1.589,ordinary,open_water,Jamnagar (Sikka) marine terminal,1109.75,False,False,2,,False
419950731,SEA WINNER,IND,india_mangalore_dec2025_jan2026,2026-01-11 19:00:00+00:00,2026-01-12 01:00:00+00:00,6.0,2,0.286,12.995,74.745,1.754,ordinary,open_water,Jamnagar (Sikka) marine terminal,1176.06,False,False,2,,False
419950734,MORNIG STAR 5,IND,india_mangalore_dec2025_jan2026,2025-12-23 09:00:00+00:00,2025-12-23 15:00:00+00:00,6.0,4,0.571,12.8725,74.76,3.773,ordinary,open_water,Jamnagar (Sikka) marine terminal,1189.01,False,False,2,,False
419950737,ASHIYANA,IND,india_mangalore_dec2025_jan2026,2026-01-07 13:00:00+00:00,2026-01-07 19:00:00+00:00,6.0,4,0.571,12.575,74.5325,1.856,ordinary,open_water,Jamnagar (Sikka) marine terminal,1208.49,False,False,2,,False
419950749,BLUE SKY,IND,india_mangalore_dec2025_jan2026,2026-01-06 13:00:00+00:00,2026-01-06 19:00:00+00:00,6.0,3,0.429,12.75,74.23667,4.677,ordinary,open_water,Jamnagar (Sikka) marine terminal,1177.73,False,False,2,,False
419951226,MAHIMA  IV,IND,india_mangalore_dec2025_jan2026,2025-12-20 16:00:00+00:00,2025-12-20 22:00:00+00:00,6.0,7,1.0,12.90714,74.74,4.891,ordinary,open_water,Jamnagar (Sikka) marine terminal,1184.6,False,False,2,,False
419951255,SHRI  KOTESHWARA,IND,india_mangalore_dec2025_jan2026,2025-12-22 21:00:00+00:00,2025-12-23 03:00:00+00:00,6.0,6,0.857,12.78167,74.47333,2.724,ordinary,open_water,Jamnagar (Sikka) marine terminal,1184.91,False,False,2,,False
419951268,BAHRUL IZZAH,IND,india_mangalore_dec2025_jan2026,2026-01-04 21:00:00+00:00,2026-01-05 03:00:00+00:00,6.0,3,0.429,13.09667,74.73,2.811,ordinary,open_water,Jamnagar (Sikka) marine terminal,1165.2,False,False,2,,False
419951286,FATHIMA SEHRISH,IND,india_mangalore_dec2025_jan2026,2025-12-25 18:00:00+00:00,2025-12-26 00:00:00+00:00,6.0,7,1.0,12.89,74.74571,0.62,ordinary,open_water,Jamnagar (Sikka) marine terminal,1186.58,False,False,2,,False
419951306,AL AHNAF,IND,india_mangalore_dec2025_jan2026,2025-12-03 11:00:00+00:00,2025-12-03 17:00:00+00:00,6.0,2,0.286,12.86,74.83,0.0,ordinary,open_water,Jamnagar (Sikka) marine terminal,1193.6,False,False,2,,False
419951310,SAIFULLAH,IND,india_mangalore_dec2025_jan2026,2025-12-21 16:00:00+00:00,2025-12-21 22:00:00+00:00,6.0,3,0.429,12.26333,74.48333,3.3,ordinary,open_water,Jamnagar (Sikka) marine terminal,1238.03,False,False,2,,False
419951322,SRI DURGAMBA,IND,india_mangalore_dec2025_jan2026,2025-12-05 16:00:00+00:00,2025-12-05 22:00:00+00:00,6.0,4,0.571,12.8375,74.8075,4.581,ordinary,open_water,Jamnagar (Sikka) marine terminal,1194.77,False,False,2,,False
419951326,MARYAM 1,IND,india_mangalore_dec2025_jan2026,2025-12-10 01:00:00+00:00,2025-12-10 07:00:00+00:00,6.0,7,1.0,13.07,74.66429,4.472,ordinary,open_water,Jamnagar (Sikka) marine terminal,1164.73,False,False,2,,False
419951330,MUBDI IV,IND,india_mangalore_dec2025_jan2026,2025-12-06 03:00:00+00:00,2025-12-06 09:00:00+00:00,6.0,4,0.571,12.8325,74.705,4.887,ordinary,open_water,Jamnagar (Sikka) marine terminal,1190.42,False,False,2,,False
419951330,MUBDI IV,IND,india_mangalore_dec2025_jan2026,2025-12-18 18:00:00+00:00,2025-12-19 00:00:00+00:00,6.0,7,1.0,13.06857,74.7,0.953,ordinary,open_water,Jamnagar (Sikka) marine terminal,1166.57,False,False,2,,False
419951345,KAIBER,IND,india_mangalore_dec2025_jan2026,2026-01-11 02:00:00+00:00,2026-01-11 08:00:00+00:00,6.0,7,1.0,12.62857,74.40286,2.09,ordinary,open_water,Jamnagar (Sikka) marine terminal,1197.32,False,False,2,,False
419951347,KANZULBAHR I,IND,india_mangalore_dec2025_jan2026,2025-12-12 12:00:00+00:00,2025-12-12 18:00:00+00:00,6.0,4,0.571,13.2575,73.815,3.962,ordinary,open_water,Jamnagar (Sikka) marine terminal,1107.97,False,False,2,,False
419951356,DURGA JYOTHI,IND,india_mangalore_dec2025_jan2026,2025-12-09 13:00:00+00:00,2025-12-09 19:00:00+00:00,6.0,3,0.429,12.94333,74.43,2.147,ordinary,open_water,Jamnagar (Sikka) marine terminal,1166.61,False,False,2,,False
419951356,DURGA JYOTHI,IND,india_mangalore_dec2025_jan2026,2025-12-21 18:00:00+00:00,2025-12-22 00:00:00+00:00,6.0,5,0.714,12.918,74.598,1.32,ordinary,open_water,Jamnagar (Sikka) marine terminal,1176.85,False,False,2,,False
419951419,SEA BREEZ,IND,india_mangalore_dec2025_jan2026,2025-12-31 18:00:00+00:00,2026-01-01 00:00:00+00:00,6.0,2,0.286,13.235,74.68,2.983,ordinary,open_water,Jamnagar (Sikka) marine terminal,1149.02,False,False,2,,False
419951431,SNEHA SONU,IND,india_mangalore_dec2025_jan2026,2025-12-04 13:00:00+00:00,2025-12-04 19:00:00+00:00,6.0,4,0.571,12.36,74.54,2.475,ordinary,open_water,Jamnagar (Sikka) marine terminal,1230.65,False,False,2,,False
419951473,THIRANGA,IND,india_mangalore_dec2025_jan2026,2025-12-07 13:00:00+00:00,2025-12-07 19:00:00+00:00,6.0,3,0.429,12.81333,74.32,3.707,ordinary,open_water,Jamnagar (Sikka) marine terminal,1174.89,False,False,2,,False
419951473,THIRANGA,IND,india_mangalore_dec2025_jan2026,2025-12-13 11:00:00+00:00,2025-12-13 17:00:00+00:00,6.0,4,0.571,12.9125,74.155,0.995,ordinary,open_water,Jamnagar (Sikka) marine terminal,1157.63,False,False,2,,False
419951473,THIRANGA,IND,india_mangalore_dec2025_jan2026,2025-12-19 21:00:00+00:00,2025-12-20 03:00:00+00:00,6.0,3,0.429,12.18,74.71667,3.355,ordinary,open_water,Jamnagar (Sikka) marine terminal,1256.75,False,False,2,,False
419951473,THIRANGA,IND,india_mangalore_dec2025_jan2026,2025-12-25 12:00:00+00:00,2025-12-25 18:00:00+00:00,6.0,2,0.286,12.8,74.52,0.0,ordinary,open_water,Jamnagar (Sikka) marine terminal,1185.16,False,False,2,,False
419951473,THIRANGA,IND,india_mangalore_dec2025_jan2026,2026-01-11 18:00:00+00:00,2026-01-12 00:00:00+00:00,6.0,4,0.571,12.785,74.7925,2.896,ordinary,open_water,Jamnagar (Sikka) marine terminal,1199.3,False,False,2,,False
419951502,SEA LINE,IND,india_mangalore_dec2025_jan2026,2025-12-21 05:00:00+00:00,2025-12-21 11:00:00+00:00,6.0,2,0.286,13.515,74.555,4.216,ordinary,open_water,Jamnagar (Sikka) marine terminal,1115.12,False,False,2,,False
419952077,UJJAYINI,IND,india_mangalore_dec2025_jan2026,2025-12-02 02:00:00+00:00,2025-12-02 08:00:00+00:00,6.0,4,0.571,12.8575,74.5975,2.631,ordinary,open_water,Jamnagar (Sikka) marine terminal,1182.91,False,False,2,,False
419952242,VEERA HANUMA,IND,india_mangalore_dec2025_jan2026,2025-12-14 05:00:00+00:00,2025-12-14 11:00:00+00:00,6.0,2,0.286,13.36,74.595,0.541,ordinary,open_water,Jamnagar (Sikka) marine terminal,1132.48,False,False,2,,False
419952287,SEA DIAMOND,IND,india_mangalore_dec2025_jan2026,2025-12-11 16:00:00+00:00,2025-12-11 22:00:00+00:00,6.0,4,0.571,13.4325,74.26,2.318,ordinary,open_water,Jamnagar (Sikka) marine terminal,1109.51,False,False,2,,False
419954328,,IND,india_mangalore_dec2025_jan2026,2025-12-02 05:00:00+00:00,2025-12-02 11:00:00+00:00,6.0,7,1.0,12.94857,74.68,4.289,ordinary,open_water,Jamnagar (Sikka) marine terminal,1177.62,False,False,2,,False
419954328,,IND,india_mangalore_dec2025_jan2026,2025-12-21 16:00:00+00:00,2025-12-21 22:00:00+00:00,6.0,4,0.571,13.62,74.42,0.0,ordinary,open_water,Jamnagar (Sikka) marine terminal,1098.18,False,False,2,,False
419956009,PREKSHAK,IND,india_mangalore_dec2025_jan2026,2025-12-02 05:00:00+00:00,2025-12-02 11:00:00+00:00,6.0,7,1.0,12.86714,74.73286,3.544,ordinary,open_water,Jamnagar (Sikka) marine terminal,1188.26,False,False,2,,False
419956049,THAQWA,IND,india_mangalore_dec2025_jan2026,2025-12-13 07:00:00+00:00,2025-12-13 13:00:00+00:00,6.0,6,0.857,12.92167,74.72833,4.352,ordinary,open_water,Jamnagar (Sikka) marine terminal,1182.59,False,False,2,,False
419956049,THAQWA,IND,india_mangalore_dec2025_jan2026,2025-12-19 07:00:00+00:00,2025-12-19 13:00:00+00:00,6.0,4,0.571,12.5325,74.26,4.107,ordinary,open_water,Jamnagar (Sikka) marine terminal,1200.96,False,False,2,,False
419956059,MAKARA  JYOTHI,IND,india_mangalore_dec2025_jan2026,2025-12-16 01:00:00+00:00,2025-12-16 07:00:00+00:00,6.0,7,1.0,12.87571,74.79286,3.983,ordinary,open_water,Jamnagar (Sikka) marine terminal,1190.25,False,False,2,,False
419956059,MAKARA  JYOTHI,IND,india_mangalore_dec2025_jan2026,2026-01-04 05:00:00+00:00,2026-01-04 11:00:00+00:00,6.0,5,0.714,13.046,74.664,1.831,ordinary,open_water,Jamnagar (Sikka) marine terminal,1167.11,False,False,2,,False
419956204,BLUE DAIMOND,IND,india_mangalore_dec2025_jan2026,2025-12-24 05:00:00+00:00,2025-12-24 11:00:00+00:00,6.0,2,0.286,12.65,74.245,3.797,ordinary,open_water,Jamnagar (Sikka) marine terminal,1188.3,False,False,2,,False
419957089,SOLAR,IND,india_mangalore_dec2025_jan2026,2025-12-04 11:00:00+00:00,2025-12-04 17:00:00+00:00,6.0,5,0.714,13.764,74.362,4.897,ordinary,open_water,Jamnagar (Sikka) marine terminal,1081.05,False,False,2,,False
419957089,SOLAR,IND,india_mangalore_dec2025_jan2026,2025-12-06 22:00:00+00:00,2025-12-07 04:00:00+00:00,6.0,3,0.429,12.88667,74.67667,4.872,ordinary,open_water,Jamnagar (Sikka) marine terminal,1183.66,False,False,2,,False
419957165,AL MADEENA I,IND,india_mangalore_dec2025_jan2026,2026-01-06 07:00:00+00:00,2026-01-06 13:00:00+00:00,6.0,4,0.571,12.98,74.7675,2.368,ordinary,open_water,Jamnagar (Sikka) marine terminal,1178.63,False,False,2,,False
419957166,GANESH KRIPA,IND,india_mangalore_dec2025_jan2026,2025-12-08 13:00:00+00:00,2025-12-08 19:00:00+00:00,6.0,7,1.0,12.94429,74.43286,2.557,ordinary,open_water,Jamnagar (Sikka) marine terminal,1166.64,False,False,2,,False
419957166,GANESH KRIPA,IND,india_mangalore_dec2025_jan2026,2025-12-20 05:00:00+00:00,2025-12-20 11:00:00+00:00,6.0,3,0.429,12.84667,74.82333,1.625,ordinary,open_water,Jamnagar (Sikka) marine terminal,1194.61,False,False,2,,False
419957166,GANESH KRIPA,IND,india_mangalore_dec2025_jan2026,2025-12-24 10:00:00+00:00,2025-12-24 16:00:00+00:00,6.0,7,1.0,12.55,74.43,0.0,ordinary,open_water,Jamnagar (Sikka) marine terminal,1206.5,False,False,2,,False
419957166,GANESH KRIPA,IND,india_mangalore_dec2025_jan2026,2025-12-28 15:00:00+00:00,2025-12-28 21:00:00+00:00,6.0,7,1.0,12.64,74.49,0.0,ordinary,open_water,Jamnagar (Sikka) marine terminal,1200.01,False,False,2,,False
419957166,GANESH KRIPA,IND,india_mangalore_dec2025_jan2026,2026-01-11 02:00:00+00:00,2026-01-11 08:00:00+00:00,6.0,7,1.0,12.68857,74.64286,1.867,ordinary,open_water,Jamnagar (Sikka) marine terminal,1202.01,False,False,2,,False
419957201,GARUDADRI,IND,india_mangalore_dec2025_jan2026,2025-12-08 23:00:00+00:00,2025-12-09 05:00:00+00:00,6.0,3,0.429,12.83667,74.76667,4.926,ordinary,open_water,Jamnagar (Sikka) marine terminal,1192.91,False,False,2,,False
419957201,GARUDADRI,IND,india_mangalore_dec2025_jan2026,2025-12-19 04:00:00+00:00,2025-12-19 10:00:00+00:00,6.0,2,0.286,12.815,74.795,3.221,ordinary,open_water,Jamnagar (Sikka) marine terminal,1196.42,False,False,2,,False
419957201,GARUDADRI,IND,india_mangalore_dec2025_jan2026,2026-01-06 13:00:00+00:00,2026-01-06 19:00:00+00:00,6.0,5,0.714,12.462,74.456,3.144,ordinary,open_water,Jamnagar (Sikka) marine terminal,1216.59,False,False,2,,False
419957244,NIVYA NIVEDITHA 2,IND,india_mangalore_dec2025_jan2026,2025-12-12 18:00:00+00:00,2025-12-13 00:00:00+00:00,6.0,4,0.571,12.3925,74.7975,2.631,ordinary,open_water,Jamnagar (Sikka) marine terminal,1238.94,False,False,2,,False
419957303,SHRI PANCHAMI,IND,india_mangalore_dec2025_jan2026,2025-12-02 01:00:00+00:00,2025-12-02 07:00:00+00:00,6.0,7,1.0,13.23857,74.68428,4.247,ordinary,open_water,Jamnagar (Sikka) marine terminal,1148.87,False,False,2,,False
419957303,SHRI PANCHAMI,IND,india_mangalore_dec2025_jan2026,2025-12-08 14:00:00+00:00,2025-12-08 20:00:00+00:00,6.0,5,0.714,13.104,74.154,2.963,ordinary,open_water,Jamnagar (Sikka) marine terminal,1138.06,False,False,2,,False
419957303,SHRI PANCHAMI,IND,india_mangalore_dec2025_jan2026,2026-01-07 12:00:00+00:00,2026-01-07 18:00:00+00:00,6.0,6,0.857,13.04333,73.97667,1.035,ordinary,open_water,Jamnagar (Sikka) marine terminal,1136.69,False,False,2,,False
419957303,SHRI PANCHAMI,IND,india_mangalore_dec2025_jan2026,2026-01-10 14:00:00+00:00,2026-01-10 20:00:00+00:00,6.0,7,1.0,13.08286,74.18714,3.116,ordinary,open_water,Jamnagar (Sikka) marine terminal,1141.66,False,False,2,,False
419957303,SHRI PANCHAMI,IND,india_mangalore_dec2025_jan2026,2026-01-12 01:00:00+00:00,2026-01-12 07:00:00+00:00,6.0,6,0.857,13.06833,74.495,4.962,ordinary,open_water,Jamnagar (Sikka) marine terminal,1156.97,False,False,2,,False
419957541,AL AAF,IND,india_mangalore_dec2025_jan2026,2025-12-04 03:00:00+00:00,2025-12-04 09:00:00+00:00,6.0,3,0.429,13.77333,74.48667,3.976,ordinary,open_water,Jamnagar (Sikka) marine terminal,1086.15,False,False,2,,False
477340400,TIAN E ZUO,HKG,india_mangalore_dec2025_jan2026,2025-12-08 14:00:00+00:00,2025-12-08 20:00:00+00:00,6.0,7,1.0,12.87714,74.55857,4.739,ordinary,open_water,Jamnagar (Sikka) marine terminal,1179.14,False,False,2,,False
538012084,MARIA FAITH,MHL,india_mangalore_dec2025_jan2026,2026-01-08 04:00:00+00:00,2026-01-08 10:00:00+00:00,6.0,6,0.857,12.945,74.64833,4.814,ordinary,open_water,Jamnagar (Sikka) marine terminal,1176.49,False,False,2,,False
636017055,MSC MILA 3,LBR,india_mangalore_dec2025_jan2026,2026-01-14 15:00:00+00:00,2026-01-14 21:00:00+00:00,6.0,7,1.0,12.72143,74.64,3.357,ordinary,open_water,Jamnagar (Sikka) marine terminal,1198.57,False,False,2,,False
636019069,BAY SPIRIT,LBR,india_mangalore_dec2025_jan2026,2025-12-28 13:00:00+00:00,2025-12-28 19:00:00+00:00,6.0,7,1.0,12.92,74.81,0.0,ordinary,open_water,Jamnagar (Sikka) marine terminal,1186.65,False,False,2,,False
