mmsi,ship_name,flag,window,episode_start,episode_end,duration_h,n_bins,continuity,centroid_lat,centroid_lon,radius_km,dwell_tier,location_class,nearest_facility,nearest_facility_km,resident_fixture,domestic_flag,dwell_score,trigger_category,escalate
308171000,AL SAFLIYA,BHS,qatar_control_sept2025,2025-09-20 00:00:00+00:00,2025-09-23 18:00:00+00:00,90.0,91,1.0,25.82692,51.89528,0.904,extended,open_water,"Ras Laffan port, Qatar",30.9,False,False,3,,False
311001717,MACHITIS,BHS,qatar_control_sept2025,2025-09-20 05:00:00+00:00,2025-09-23 23:00:00+00:00,90.0,91,1.0,24.95,51.59,0.0,extended,open_water,"Doha port, Qatar",38.77,False,False,3,,False
466111000,SAILAIN II,QAT,qatar_control_sept2025,2025-09-20 07:00:00+00:00,2025-09-23 23:00:00+00:00,88.0,89,1.0,24.93876,51.58191,3.923,extended,open_water,"Doha port, Qatar",39.94,False,False,3,,False
538008003,XI HU,MHL,qatar_control_sept2025,2025-09-20 00:00:00+00:00,2025-09-23 13:00:00+00:00,85.0,86,1.0,25.56547,52.2,0.608,extended,open_water,"Ras Laffan port, Qatar",71.11,False,False,3,,False
466028000,HALUL 29,QAT,qatar_control_sept2025,2025-09-20 11:00:00+00:00,2025-09-23 23:00:00+00:00,84.0,85,1.0,25.65988,52.43212,3.564,extended,open_water,"Ras Laffan port, Qatar",87.78,False,False,3,,False
538003910,GAS GROUPER,MHL,qatar_control_sept2025,2025-09-20 00:00:00+00:00,2025-09-23 11:00:00+00:00,83.0,84,1.0,24.90536,51.63298,4.106,extended,open_water,"Doha port, Qatar",44.31,False,False,3,,False
466527860,BELEMINTE,QAT,qatar_control_sept2025,2025-09-20 15:00:00+00:00,2025-09-23 23:00:00+00:00,80.0,81,1.0,24.90938,51.58333,1.682,extended,open_water,"Doha port, Qatar",43.21,False,False,3,,False
466535410,ALSHLA 100%,QAT,qatar_control_sept2025,2025-09-20 00:00:00+00:00,2025-09-23 08:00:00+00:00,80.0,58,0.716,25.83,51.25,0.0,extended,open_water,"Ras Laffan port, Qatar",35.95,False,False,3,,False
563117300,ASTRO AQUILA,SGP,qatar_control_sept2025,2025-09-20 00:00:00+00:00,2025-09-23 07:00:00+00:00,79.0,80,1.0,25.47,51.88,0.0,extended,open_water,"Doha port, Qatar",38.24,False,False,3,,False
636024724,VALIANT,LBR,qatar_control_sept2025,2025-09-20 00:00:00+00:00,2025-09-23 07:00:00+00:00,79.0,80,1.0,24.96,51.6,0.0,extended,open_water,"Doha port, Qatar",37.78,False,False,3,,False
466501310,MQ5,QAT,qatar_control_sept2025,2025-09-20 00:00:00+00:00,2025-09-23 02:00:00+00:00,74.0,75,1.0,25.01053,51.61093,3.642,extended,open_water,"Doha port, Qatar",32.41,False,False,3,,False
466501320,MQ6,QAT,qatar_control_sept2025,2025-09-20 00:00:00+00:00,2025-09-23 02:00:00+00:00,74.0,75,1.0,25.01133,51.61213,3.492,extended,open_water,"Doha port, Qatar",32.34,False,False,3,,False
466514640,AL THARB,QAT,qatar_control_sept2025,2025-09-20 00:00:00+00:00,2025-09-23 00:00:00+00:00,72.0,64,0.877,26.26141,52.27,4.492,extended,open_water,"Ras Laffan port, Qatar",77.77,False,False,3,,False
466010000,HALUL41,QAT,qatar_control_sept2025,2025-09-20 00:00:00+00:00,2025-09-22 20:00:00+00:00,68.0,69,1.0,25.47145,52.36435,3.834,extended,open_water,"Doha port, Qatar",83.97,False,False,3,,False
538003363,ONAIZA,MHL,qatar_control_sept2025,2025-09-20 09:00:00+00:00,2025-09-23 01:00:00+00:00,64.0,65,1.0,25.83108,51.91784,1.265,extended,open_water,"Ras Laffan port, Qatar",32.95,False,False,3,,False
466238000,HALUL 71,QAT,qatar_control_sept2025,2025-09-20 00:00:00+00:00,2025-09-22 14:00:00+00:00,62.0,63,1.0,25.66286,52.42714,4.992,extended,open_water,"Ras Laffan port, Qatar",87.2,False,False,3,,False
538003346,ZARGA,MHL,qatar_control_sept2025,2025-09-21 10:00:00+00:00,2025-09-23 23:00:00+00:00,61.0,62,1.0,25.8,51.89484,0.517,extended,open_water,"Ras Laffan port, Qatar",31.85,False,False,3,,False
377628000,STANFORD OSPREY,VCT,qatar_control_sept2025,2025-09-20 00:00:00+00:00,2025-09-22 12:00:00+00:00,60.0,61,1.0,25.52066,52.38443,4.459,extended,open_water,"Doha port, Qatar",87.32,False,False,3,,False
466404000,HALUL 53,QAT,qatar_control_sept2025,2025-09-20 00:00:00+00:00,2025-09-22 12:00:00+00:00,60.0,61,1.0,25.48852,52.37803,4.651,extended,open_water,"Doha port, Qatar",85.76,False,False,3,,False
466413000,HALUL 45,QAT,qatar_control_sept2025,2025-09-20 00:00:00+00:00,2025-09-22 12:00:00+00:00,60.0,61,1.0,26.15,52.07016,0.982,extended,open_water,"Ras Laffan port, Qatar",54.31,False,False,3,,False
636019161,NEW OPTIMA,LBR,qatar_control_sept2025,2025-09-20 00:00:00+00:00,2025-09-22 11:00:00+00:00,59.0,60,1.0,25.30967,51.79967,2.948,extended,open_water,"Doha port, Qatar",25.03,False,False,3,,False
466513400,,QAT,qatar_control_sept2025,2025-09-20 00:00:00+00:00,2025-09-22 09:00:00+00:00,57.0,53,0.914,25.73679,52.44321,2.707,extended,open_water,"Ras Laffan port, Qatar",86.55,False,False,3,,False
466574070,MUHAGEM 100%,QAT,qatar_control_sept2025,2025-09-20 10:00:00+00:00,2025-09-22 19:00:00+00:00,57.0,41,0.707,25.73585,52.45634,2.27,extended,open_water,"Ras Laffan port, Qatar",87.86,False,False,3,,False
466503600,ALBARQAN,QAT,qatar_control_sept2025,2025-09-20 15:00:00+00:00,2025-09-22 23:00:00+00:00,56.0,57,1.0,24.93175,51.57825,4.994,extended,open_water,"Doha port, Qatar",40.69,False,False,3,,False
538011275,ORYX 2,MHL,qatar_control_sept2025,2025-09-20 00:00:00+00:00,2025-09-22 08:00:00+00:00,56.0,48,0.842,26.46167,51.96312,3.893,extended,open_water,"Ras Laffan port, Qatar",71.66,False,False,3,,False
565597000,LANPAN 23,SGP,qatar_control_sept2025,2025-09-21 15:00:00+00:00,2025-09-23 23:00:00+00:00,56.0,45,0.789,25.38,51.73,0.0,extended,open_water,"Doha port, Qatar",20.21,False,False,3,,False
314813000,AMS AMETHYST,BRB,qatar_control_sept2025,2025-09-20 00:00:00+00:00,2025-09-22 06:00:00+00:00,54.0,55,1.0,24.52055,52.42945,4.428,extended,open_water,"Doha port, Qatar",123.69,False,False,3,,False
466109000,SALWA,QAT,qatar_control_sept2025,2025-09-20 00:00:00+00:00,2025-09-22 06:00:00+00:00,54.0,55,1.0,24.90236,51.562,4.562,extended,open_water,"Doha port, Qatar",43.88,False,False,3,,False
466110000,AL MASHRA II,QAT,qatar_control_sept2025,2025-09-20 00:00:00+00:00,2025-09-22 05:00:00+00:00,53.0,54,1.0,24.93944,51.58056,3.149,extended,open_water,"Doha port, Qatar",39.86,False,False,3,,False
466218000,AL SAMLAH,QAT,qatar_control_sept2025,2025-09-20 00:00:00+00:00,2025-09-22 05:00:00+00:00,53.0,54,1.0,25.01,51.61,0.0,extended,open_water,"Doha port, Qatar",32.45,False,False,3,,False
466542660,WASSIT-II,QAT,qatar_control_sept2025,2025-09-20 00:00:00+00:00,2025-09-22 05:00:00+00:00,53.0,54,1.0,24.93889,51.58,3.367,extended,open_water,"Doha port, Qatar",39.92,False,False,3,,False
466574750,SODANATHEEL II,QAT,qatar_control_sept2025,2025-09-20 00:00:00+00:00,2025-09-22 05:00:00+00:00,53.0,54,1.0,24.93981,51.58259,4.368,extended,open_water,"Doha port, Qatar",39.83,False,False,3,,False
466580480,ALMUWAFQ 100%,QAT,qatar_control_sept2025,2025-09-20 06:00:00+00:00,2025-09-22 11:00:00+00:00,53.0,49,0.907,25.72878,52.46041,4.164,extended,open_water,"Ras Laffan port, Qatar",88.43,False,False,3,,False
466403000,HALUL 43,QAT,qatar_control_sept2025,2025-09-20 00:00:00+00:00,2025-09-22 04:00:00+00:00,52.0,53,1.0,26.44151,51.95491,4.588,extended,open_water,"Ras Laffan port, Qatar",69.31,False,False,3,,False
466517620,AL SHABH 3562,QAT,qatar_control_sept2025,2025-09-20 00:00:00+00:00,2025-09-22 04:00:00+00:00,52.0,53,1.0,25.7317,52.35132,4.88,extended,open_water,"Ras Laffan port, Qatar",77.74,False,False,3,,False
466503370,MALAH,QAT,qatar_control_sept2025,2025-09-20 00:00:00+00:00,2025-09-22 03:00:00+00:00,51.0,51,0.981,25.73686,52.44745,4.194,extended,open_water,"Ras Laffan port, Qatar",86.96,False,False,3,,False
466510950,,QAT,qatar_control_sept2025,2025-09-20 00:00:00+00:00,2025-09-22 03:00:00+00:00,51.0,46,0.885,25.72696,52.3587,3.154,extended,open_water,"Ras Laffan port, Qatar",78.59,False,False,3,,False
466586650,AL SHABAH 100%,QAT,qatar_control_sept2025,2025-09-20 00:00:00+00:00,2025-09-22 03:00:00+00:00,51.0,40,0.769,25.73175,52.35125,1.453,extended,open_water,"Ras Laffan port, Qatar",77.73,False,False,3,,False
466574800,UMM SLAL,QAT,qatar_control_sept2025,2025-09-21 21:00:00+00:00,2025-09-23 23:00:00+00:00,50.0,51,1.0,24.94,51.58177,2.885,extended,open_water,"Doha port, Qatar",39.81,False,False,3,,False
466587640,BADDAH 94%,QAT,qatar_control_sept2025,2025-09-20 00:00:00+00:00,2025-09-22 02:00:00+00:00,50.0,50,0.98,25.7398,52.4408,3.121,extended,open_water,"Ras Laffan port, Qatar",86.24,False,False,3,,False
466550710,AL MASTOOR 96%,QAT,qatar_control_sept2025,2025-09-20 00:00:00+00:00,2025-09-22 01:00:00+00:00,49.0,41,0.82,25.99366,52.47537,4.732,extended,open_water,"Ras Laffan port, Qatar",88.14,False,False,3,,False
228463800,WADI AL SAIL,FRA,qatar_control_sept2025,2025-09-20 00:00:00+00:00,2025-09-23 23:00:00+00:00,95.0,96,1.0,25.86,51.87094,0.907,extended,open_water,"Ras Laffan port, Qatar",27.66,True,False,2,,False
229129000,MILAHA QATAR,MLT,qatar_control_sept2025,2025-09-20 00:00:00+00:00,2025-09-23 23:00:00+00:00,95.0,96,1.0,25.82417,51.81,0.649,extended,open_water,"Ras Laffan port, Qatar",22.98,True,False,2,,False
235114575,HAVANAH,GBR,qatar_control_sept2025,2025-09-20 00:00:00+00:00,2025-09-23 23:00:00+00:00,95.0,96,1.0,24.94,51.58,0.0,extended,open_water,"Doha port, Qatar",39.79,True,False,2,,False
341476000,SEA CARE 1,KNA,qatar_control_sept2025,2025-09-20 00:00:00+00:00,2025-09-23 23:00:00+00:00,95.0,96,1.0,26.15,51.21,0.0,extended,open_water,"Ras Laffan port, Qatar",47.41,True,False,2,,False
351252000,KAMIKAZE 4301,PAN,qatar_control_sept2025,2025-09-20 00:00:00+00:00,2025-09-23 23:00:00+00:00,95.0,96,1.0,25.49,52.38,0.0,extended,open_water,"Doha port, Qatar",85.99,True,False,2,,False
352004189,AL-BIDDA,PAN,qatar_control_sept2025,2025-09-20 00:00:00+00:00,2025-09-23 23:00:00+00:00,95.0,96,1.0,26.05,51.81813,0.812,extended,open_water,"Ras Laffan port, Qatar",27.11,True,False,2,,False
353776000,MCDERMOTT DB50,PAN,qatar_control_sept2025,2025-09-20 00:00:00+00:00,2025-09-23 23:00:00+00:00,95.0,96,1.0,26.33094,51.79208,2.771,extended,open_water,"Ras Laffan port, Qatar",51.01,True,False,2,,False
355681000,RIG AL ZUBARAH,PAN,qatar_control_sept2025,2025-09-20 00:00:00+00:00,2025-09-23 23:00:00+00:00,95.0,96,1.0,25.14,52.46,0.0,extended,open_water,"Doha port, Qatar",93.08,True,False,2,,False
371431000,WEST TUCANA,PAN,qatar_control_sept2025,2025-09-20 00:00:00+00:00,2025-09-23 23:00:00+00:00,95.0,96,1.0,26.1,52.14,0.0,extended,open_water,"Ras Laffan port, Qatar",58.19,True,False,2,,False
373644000,MESAIEED,PAN,qatar_control_sept2025,2025-09-20 00:00:00+00:00,2025-09-23 23:00:00+00:00,95.0,96,1.0,25.9,52.13,0.0,extended,open_water,"Ras Laffan port, Qatar",53.1,True,False,2,,False
376267000,STANFORD BREAM,VCT,qatar_control_sept2025,2025-09-20 00:00:00+00:00,2025-09-23 23:00:00+00:00,95.0,96,1.0,25.01,51.6,0.0,extended,open_water,"Doha port, Qatar",32.28,True,False,2,,False
377538000,SWISSCO SERVER,VCT,qatar_control_sept2025,2025-09-20 00:00:00+00:00,2025-09-23 23:00:00+00:00,95.0,96,1.0,24.90646,51.57833,3.394,extended,open_water,"Doha port, Qatar",43.5,True,False,2,,False
413021180,DE BO,CHN,qatar_control_sept2025,2025-09-20 00:00:00+00:00,2025-09-23 23:00:00+00:00,95.0,96,1.0,25.77469,51.86,0.591,extended,open_water,"Ras Laffan port, Qatar",29.91,True,False,2,,False
413375860,BO RUN XIAN FENG,CHN,qatar_control_sept2025,2025-09-20 00:00:00+00:00,2025-09-23 23:00:00+00:00,95.0,96,1.0,25.47,51.73,0.0,extended,open_water,"Doha port, Qatar",26.33,True,False,2,,False
413484880,HAI YANG SHI YOU 289,CHN,qatar_control_sept2025,2025-09-20 00:00:00+00:00,2025-09-23 23:00:00+00:00,95.0,96,1.0,25.02,51.6,0.0,extended,open_water,"Doha port, Qatar",31.18,True,False,2,,False
419001629,JAG RAJIV,IND,qatar_control_sept2025,2025-09-20 00:00:00+00:00,2025-09-23 23:00:00+00:00,95.0,96,1.0,24.95,51.59,0.0,extended,open_water,"Doha port, Qatar",38.77,True,False,2,,False
466001000,WASSIT,QAT,qatar_control_sept2025,2025-09-20 00:00:00+00:00,2025-09-23 23:00:00+00:00,95.0,96,1.0,25.67052,52.41042,3.82,extended,open_water,"Ras Laffan port, Qatar",85.34,True,False,2,,False
466006000,SIDRA AL GHARIYA,QAT,qatar_control_sept2025,2025-09-20 00:00:00+00:00,2025-09-23 23:00:00+00:00,95.0,96,1.0,24.89,51.62,0.0,extended,open_water,"Doha port, Qatar",45.77,True,False,2,,False
466015000,ABI 5,QAT,qatar_control_sept2025,2025-09-20 00:00:00+00:00,2025-09-23 23:00:00+00:00,95.0,96,1.0,26.45,51.64,0.0,extended,open_water,"Ras Laffan port, Qatar",60.62,True,False,2,,False
466019693,DORY 10,QAT,qatar_control_sept2025,2025-09-20 00:00:00+00:00,2025-09-23 23:00:00+00:00,95.0,96,1.0,25.48854,52.37938,3.789,extended,open_water,"Doha port, Qatar",85.89,True,False,2,,False
466050000,HALUL 50,QAT,qatar_control_sept2025,2025-09-20 00:00:00+00:00,2025-09-23 23:00:00+00:00,95.0,96,1.0,24.96,51.59,0.0,extended,open_water,"Doha port, Qatar",37.67,True,False,2,,False
466079000,HALUL     51,QAT,qatar_control_sept2025,2025-09-20 00:00:00+00:00,2025-09-23 23:00:00+00:00,95.0,96,1.0,24.96,51.59,0.0,extended,open_water,"Doha port, Qatar",37.67,True,False,2,,False
466083000,SHADDAD,QAT,qatar_control_sept2025,2025-09-20 00:00:00+00:00,2025-09-23 23:00:00+00:00,95.0,96,1.0,25.64292,52.45385,3.889,extended,open_water,"Ras Laffan port, Qatar",90.44,True,False,2,,False
466149000,HALUL 62,QAT,qatar_control_sept2025,2025-09-20 00:00:00+00:00,2025-09-23 23:00:00+00:00,95.0,96,1.0,24.96,51.59,0.0,extended,open_water,"Doha port, Qatar",37.67,True,False,2,,False
466331000,HALUL 82,QAT,qatar_control_sept2025,2025-09-20 00:00:00+00:00,2025-09-23 23:00:00+00:00,95.0,96,1.0,25.1376,52.43656,1.87,extended,open_water,"Doha port, Qatar",90.82,True,False,2,,False
466408000,HALUL 44,QAT,qatar_control_sept2025,2025-09-20 00:00:00+00:00,2025-09-23 23:00:00+00:00,95.0,96,1.0,24.96,51.59,0.0,extended,open_water,"Doha port, Qatar",37.67,True,False,2,,False
466430000,MQ BARGE,QAT,qatar_control_sept2025,2025-09-20 00:00:00+00:00,2025-09-23 23:00:00+00:00,95.0,96,1.0,25.01,51.61,0.0,extended,open_water,"Doha port, Qatar",32.45,True,False,2,,False
466432000,MQ 1,QAT,qatar_control_sept2025,2025-09-20 00:00:00+00:00,2025-09-23 23:00:00+00:00,95.0,96,1.0,25.01083,51.60896,1.505,extended,open_water,"Doha port, Qatar",32.34,True,False,2,,False
466433000,MQ 2,QAT,qatar_control_sept2025,2025-09-20 00:00:00+00:00,2025-09-23 23:00:00+00:00,95.0,96,1.0,25.01104,51.6101,3.677,extended,open_water,"Doha port, Qatar",32.34,True,False,2,,False
466466101,MARSA PORT VTS,QAT,qatar_control_sept2025,2025-09-20 00:00:00+00:00,2025-09-23 23:00:00+00:00,95.0,96,1.0,25.06,51.59,0.0,extended,open_water,"Doha port, Qatar",26.63,True,False,2,,False
466501420,GHASHAM II,QAT,qatar_control_sept2025,2025-09-20 00:00:00+00:00,2025-09-23 23:00:00+00:00,95.0,93,0.969,24.93581,51.57957,4.444,extended,open_water,"Doha port, Qatar",40.25,True,False,2,,False
466505990,PAVONA,QAT,qatar_control_sept2025,2025-09-20 00:00:00+00:00,2025-09-23 23:00:00+00:00,95.0,96,1.0,24.91802,51.57844,4.235,extended,open_water,"Doha port, Qatar",42.22,True,False,2,,False
466508730,MWANI 1,QAT,qatar_control_sept2025,2025-09-20 00:00:00+00:00,2025-09-23 23:00:00+00:00,95.0,96,1.0,26.14021,51.20979,2.957,extended,open_water,"Ras Laffan port, Qatar",46.82,True,False,2,,False
466508740,MWANI 2,QAT,qatar_control_sept2025,2025-09-20 00:00:00+00:00,2025-09-23 23:00:00+00:00,95.0,96,1.0,26.14062,51.20948,2.902,extended,open_water,"Ras Laffan port, Qatar",46.87,True,False,2,,False
466518700,MQ9,QAT,qatar_control_sept2025,2025-09-20 00:00:00+00:00,2025-09-23 23:00:00+00:00,95.0,96,1.0,25.01,51.61,0.0,extended,open_water,"Doha port, Qatar",32.45,True,False,2,,False
466541710,ALAFJA,QAT,qatar_control_sept2025,2025-09-20 00:00:00+00:00,2025-09-23 23:00:00+00:00,95.0,96,1.0,24.92083,51.56813,3.885,extended,open_water,"Doha port, Qatar",41.85,True,False,2,,False
466545930,,QAT,qatar_control_sept2025,2025-09-20 00:00:00+00:00,2025-09-23 23:00:00+00:00,95.0,78,0.812,25.01,51.61,0.0,extended,open_water,"Doha port, Qatar",32.45,True,False,2,,False
466574710,WADI ALSAHAL,QAT,qatar_control_sept2025,2025-09-20 00:00:00+00:00,2025-09-23 23:00:00+00:00,95.0,96,1.0,24.93958,51.58021,4.85,extended,open_water,"Doha port, Qatar",39.84,True,False,2,,False
466574900,SHAQRA  II,QAT,qatar_control_sept2025,2025-09-20 00:00:00+00:00,2025-09-23 23:00:00+00:00,95.0,96,1.0,24.93969,51.58073,3.675,extended,open_water,"Doha port, Qatar",39.83,True,False,2,,False
466591120,,QAT,qatar_control_sept2025,2025-09-20 00:00:00+00:00,2025-09-23 23:00:00+00:00,95.0,85,0.885,24.85024,51.51,1.086,extended,open_water,"Doha port, Qatar",49.84,True,False,2,,False
470856000,SHUWEHAT,ARE,qatar_control_sept2025,2025-09-20 00:00:00+00:00,2025-09-23 23:00:00+00:00,95.0,96,1.0,24.65,52.31,0.0,extended,open_water,"Doha port, Qatar",105.0,True,False,2,,False
538003101,FRAIHA,MHL,qatar_control_sept2025,2025-09-20 00:00:00+00:00,2025-09-23 23:00:00+00:00,95.0,96,1.0,25.84,51.79,0.0,extended,open_water,"Ras Laffan port, Qatar",20.46,True,False,2,,False
538003684,SEAFOX MARINIA,MHL,qatar_control_sept2025,2025-09-20 00:00:00+00:00,2025-09-23 23:00:00+00:00,95.0,96,1.0,25.49,52.38,0.0,extended,open_water,"Doha port, Qatar",85.99,True,False,2,,False
538004758,CLASSIC TSINGTAO,MHL,qatar_control_sept2025,2025-09-20 00:00:00+00:00,2025-09-23 23:00:00+00:00,95.0,96,1.0,25.80948,51.81,1.054,extended,open_water,"Ras Laffan port, Qatar",23.67,True,False,2,,False
538007554,JAVASTAR3,MHL,qatar_control_sept2025,2025-09-20 00:00:00+00:00,2025-09-23 23:00:00+00:00,95.0,96,1.0,25.90833,51.80115,1.571,extended,open_water,"Ras Laffan port, Qatar",20.2,True,False,2,,False
538009755,BROOG,MHL,qatar_control_sept2025,2025-09-20 00:00:00+00:00,2025-09-23 23:00:00+00:00,95.0,96,1.0,25.81,51.7751,0.511,extended,open_water,"Ras Laffan port, Qatar",20.59,True,False,2,,False
538009767,AL ZUBARAH,MHL,qatar_control_sept2025,2025-09-20 00:00:00+00:00,2025-09-23 23:00:00+00:00,95.0,96,1.0,25.84,51.89021,0.98,extended,open_water,"Ras Laffan port, Qatar",30.03,True,False,2,,False
538009769,AL WAJBAH,MHL,qatar_control_sept2025,2025-09-20 00:00:00+00:00,2025-09-23 23:00:00+00:00,95.0,96,1.0,25.85698,51.85635,0.858,extended,open_water,"Ras Laffan port, Qatar",26.3,True,False,2,,False
538009772,AL BIDDA,MHL,qatar_control_sept2025,2025-09-20 00:00:00+00:00,2025-09-23 23:00:00+00:00,95.0,96,1.0,25.84062,51.86,1.042,extended,open_water,"Ras Laffan port, Qatar",27.09,True,False,2,,False
564164000,BRITOIL 62,SGP,qatar_control_sept2025,2025-09-20 00:00:00+00:00,2025-09-23 23:00:00+00:00,95.0,96,1.0,25.07,51.6,0.0,extended,open_water,"Doha port, Qatar",25.71,True,False,2,,False
565776000,LANPAN 12,SGP,qatar_control_sept2025,2025-09-20 00:00:00+00:00,2025-09-23 23:00:00+00:00,95.0,87,0.906,25.07,51.6,0.0,extended,open_water,"Doha port, Qatar",25.71,True,False,2,,False
636012697,AL-WAJBA,LBR,qatar_control_sept2025,2025-09-20 00:00:00+00:00,2025-09-23 23:00:00+00:00,95.0,96,1.0,25.33,52.35,0.0,extended,open_water,"Doha port, Qatar",80.39,True,False,2,,False
636015376,NOBLE MICK OBRIEN,LBR,qatar_control_sept2025,2025-09-20 00:00:00+00:00,2025-09-23 23:00:00+00:00,95.0,96,1.0,26.1699,52.25,1.1,extended,open_water,"Ras Laffan port, Qatar",71.33,True,False,2,,False
636015684,LES HAT,LBR,qatar_control_sept2025,2025-09-20 00:00:00+00:00,2025-09-23 23:00:00+00:00,95.0,96,1.0,25.75,51.9499,0.991,extended,open_water,"Ras Laffan port, Qatar",39.16,True,False,2,,False
636020323,SEAFOX 8,LBR,qatar_control_sept2025,2025-09-20 00:00:00+00:00,2025-09-23 23:00:00+00:00,95.0,96,1.0,26.39,52.29,0.0,extended,open_water,"Ras Laffan port, Qatar",87.46,True,False,2,,False
466580710,DANA ALBAHAR,QAT,qatar_control_sept2025,2025-09-20 00:00:00+00:00,2025-09-23 22:00:00+00:00,94.0,70,0.737,26.14,51.21,0.0,extended,open_water,"Ras Laffan port, Qatar",46.79,True,False,2,,False
466546960,,QAT,qatar_control_sept2025,2025-09-20 02:00:00+00:00,2025-09-23 23:00:00+00:00,93.0,88,0.936,25.01011,51.61034,3.184,extended,open_water,"Doha port, Qatar",32.44,True,False,2,,False
636024957,SPM INDRA,LBR,qatar_control_sept2025,2025-09-20 06:00:00+00:00,2025-09-23 23:00:00+00:00,89.0,90,1.0,25.87489,51.67378,1.769,extended,ordinary_anchorage,"Ras Laffan port, Qatar",8.23,False,False,2,,False
466536110,AL SADEEM,QAT,qatar_control_sept2025,2025-09-20 08:00:00+00:00,2025-09-23 23:00:00+00:00,87.0,88,1.0,25.37,51.54,0.0,extended,ordinary_anchorage,"Doha port, Qatar",8.2,False,False,2,,False
341095000,MERSANA,KNA,qatar_control_sept2025,2025-09-20 09:00:00+00:00,2025-09-23 23:00:00+00:00,86.0,87,1.0,25.41,51.56,0.0,extended,ordinary_anchorage,"Doha port, Qatar",12.61,False,False,2,,False
466574440,AL WOSAIL,QAT,qatar_control_sept2025,2025-09-20 10:00:00+00:00,2025-09-23 23:00:00+00:00,85.0,86,1.0,25.92,51.59,0.0,extended,ordinary_anchorage,"Ras Laffan port, Qatar",1.8,False,False,2,,False
466538580,SEA FORCE 1,QAT,qatar_control_sept2025,2025-09-20 11:00:00+00:00,2025-09-23 23:00:00+00:00,84.0,85,1.0,25.29,51.55,0.0,extended,ordinary_anchorage,"Doha port, Qatar",0.78,False,False,2,,False
311468000,AL MARROUNA,BHS,qatar_control_sept2025,2025-09-20 12:00:00+00:00,2025-09-23 23:00:00+00:00,83.0,84,1.0,25.87071,51.77571,1.18,extended,ordinary_anchorage,"Ras Laffan port, Qatar",18.09,False,False,2,,False
466501220,MELAIH,QAT,qatar_control_sept2025,2025-09-20 00:00:00+00:00,2025-09-23 10:00:00+00:00,82.0,83,1.0,25.92012,51.6247,4.53,extended,ordinary_anchorage,"Ras Laffan port, Qatar",2.99,False,False,2,,False
466532340,,QAT,qatar_control_sept2025,2025-09-20 13:00:00+00:00,2025-09-23 23:00:00+00:00,82.0,83,1.0,25.3,51.55,0.0,extended,ordinary_anchorage,"Doha port, Qatar",0.36,False,False,2,,False
466533310,ALGAYLA,QAT,qatar_control_sept2025,2025-09-20 13:00:00+00:00,2025-09-23 23:00:00+00:00,82.0,76,0.916,25.36816,51.54276,3.401,extended,ordinary_anchorage,"Doha port, Qatar",7.97,False,False,2,,False
376577000,SWISSCO SURF,VCT,qatar_control_sept2025,2025-09-20 20:00:00+00:00,2025-09-23 23:00:00+00:00,75.0,76,1.0,25.86987,51.615,3.67,extended,ordinary_anchorage,"Ras Laffan port, Qatar",4.33,False,False,2,,False
408201106,SURFACE,BHR,qatar_control_sept2025,2025-09-20 20:00:00+00:00,2025-09-23 23:00:00+00:00,75.0,76,1.0,25.87,51.61461,1.54,extended,ordinary_anchorage,"Ras Laffan port, Qatar",4.3,False,False,2,,False
466593380,,QAT,qatar_control_sept2025,2025-09-20 00:00:00+00:00,2025-09-23 02:00:00+00:00,74.0,43,0.573,25.16,51.61116,0.889,extended,ordinary_anchorage,"Doha port, Qatar",16.38,False,False,2,,False
564959000,BRITOIL 41,SGP,qatar_control_sept2025,2025-09-20 17:00:00+00:00,2025-09-23 13:00:00+00:00,68.0,69,1.0,25.99406,51.58812,4.211,extended,ordinary_anchorage,"Ras Laffan port, Qatar",9.84,False,False,2,,False
636022108,FOG 15,LBR,qatar_control_sept2025,2025-09-21 03:00:00+00:00,2025-09-23 23:00:00+00:00,68.0,69,1.0,25.83319,51.72319,1.367,extended,ordinary_anchorage,"Ras Laffan port, Qatar",14.82,False,False,2,,False
511100231,ALLIANZ FORCE,PLW,qatar_control_sept2025,2025-09-20 00:00:00+00:00,2025-09-22 19:00:00+00:00,67.0,68,1.0,25.84,51.65,0.0,extended,ordinary_anchorage,"Ras Laffan port, Qatar",8.94,False,False,2,,False
636022755,HARBOUR STAR 4,LBR,qatar_control_sept2025,2025-09-21 04:00:00+00:00,2025-09-23 23:00:00+00:00,67.0,68,1.0,25.86044,51.66559,4.76,extended,ordinary_anchorage,"Ras Laffan port, Qatar",8.36,False,False,2,,False
466525210,BARQ ALRUWAIS,QAT,qatar_control_sept2025,2025-09-21 06:00:00+00:00,2025-09-23 23:00:00+00:00,65.0,66,1.0,25.3003,51.55015,2.404,extended,ordinary_anchorage,"Doha port, Qatar",0.39,False,False,2,,False
471062000,HARBOUR STAR 3,,qatar_control_sept2025,2025-09-21 07:00:00+00:00,2025-09-23 23:00:00+00:00,64.0,65,1.0,25.85985,51.66,1.095,extended,ordinary_anchorage,"Ras Laffan port, Qatar",7.97,False,False,2,,False
538008473,LIAM J MCCALL,MHL,qatar_control_sept2025,2025-09-20 00:00:00+00:00,2025-09-22 15:00:00+00:00,63.0,64,1.0,25.87109,51.65094,2.838,extended,ordinary_anchorage,"Ras Laffan port, Qatar",6.48,False,False,2,,False
466501240,CASA CHAIL,QAT,qatar_control_sept2025,2025-09-20 00:00:00+00:00,2025-09-22 13:00:00+00:00,61.0,62,1.0,25.87903,51.64355,4.217,extended,ordinary_anchorage,"Ras Laffan port, Qatar",5.36,False,False,2,,False
466573960,UMM AL ROUS,QAT,qatar_control_sept2025,2025-09-21 10:00:00+00:00,2025-09-23 23:00:00+00:00,61.0,62,1.0,25.92016,51.59113,3.087,extended,ordinary_anchorage,"Ras Laffan port, Qatar",1.76,False,False,2,,False
466004000,SIDRA AL RUMEILA,QAT,qatar_control_sept2025,2025-09-21 11:00:00+00:00,2025-09-23 23:00:00+00:00,60.0,61,1.0,25.85,51.64,0.0,extended,ordinary_anchorage,"Ras Laffan port, Qatar",7.45,False,False,2,,False
466563330,,QAT,qatar_control_sept2025,2025-09-20 00:00:00+00:00,2025-09-22 11:00:00+00:00,59.0,48,0.8,25.38,51.53,0.0,extended,ordinary_anchorage,"Doha port, Qatar",9.48,False,False,2,,False
636023764,STEADY EAGLE,LBR,qatar_control_sept2025,2025-09-21 12:00:00+00:00,2025-09-23 23:00:00+00:00,59.0,60,1.0,25.87,51.64,0.0,extended,ordinary_anchorage,"Ras Laffan port, Qatar",5.72,False,False,2,,False
470241000,FUGRO PEGASUS,ARE,qatar_control_sept2025,2025-09-21 13:00:00+00:00,2025-09-23 23:00:00+00:00,58.0,59,1.0,25.92,51.59,0.0,extended,ordinary_anchorage,"Ras Laffan port, Qatar",1.8,False,False,2,,False
577283000,PATERSON TIDE,VUT,qatar_control_sept2025,2025-09-20 00:00:00+00:00,2025-09-22 10:00:00+00:00,58.0,59,1.0,25.88,51.65,0.0,extended,ordinary_anchorage,"Ras Laffan port, Qatar",5.85,False,False,2,,False
466510320,SEA DRAGON 95%,QAT,qatar_control_sept2025,2025-09-20 00:00:00+00:00,2025-09-22 07:00:00+00:00,55.0,56,1.0,25.30143,51.55018,4.729,extended,ordinary_anchorage,"Doha port, Qatar",0.51,False,False,2,,False
413021340,DE  BO 2,CHN,qatar_control_sept2025,2025-09-20 00:00:00+00:00,2025-09-22 05:00:00+00:00,53.0,54,1.0,25.91,51.63,0.0,extended,ordinary_anchorage,"Ras Laffan port, Qatar",3.11,False,False,2,,False
413046070,WEI LI,CHN,qatar_control_sept2025,2025-09-20 00:00:00+00:00,2025-09-22 05:00:00+00:00,53.0,54,1.0,25.91,51.63019,0.981,extended,ordinary_anchorage,"Ras Laffan port, Qatar",3.13,False,False,2,,False
466573900,RL 32,QAT,qatar_control_sept2025,2025-09-20 00:00:00+00:00,2025-09-22 05:00:00+00:00,53.0,54,1.0,25.92074,51.59333,2.859,extended,ordinary_anchorage,"Ras Laffan port, Qatar",1.73,False,False,2,,False
413368050,XIN SI LU,CHN,qatar_control_sept2025,2025-09-20 00:00:00+00:00,2025-09-22 04:00:00+00:00,52.0,53,1.0,25.91,51.63038,1.963,extended,ordinary_anchorage,"Ras Laffan port, Qatar",3.15,False,False,2,,False
466501830,ABU HADEEDAH,QAT,qatar_control_sept2025,2025-09-20 00:00:00+00:00,2025-09-22 04:00:00+00:00,52.0,53,1.0,25.29,51.55,0.0,extended,ordinary_anchorage,"Doha port, Qatar",0.78,False,False,2,,False
466519680,TIGER,QAT,qatar_control_sept2025,2025-09-20 00:00:00+00:00,2025-09-22 03:00:00+00:00,51.0,52,1.0,25.3,51.55038,1.525,extended,ordinary_anchorage,"Doha port, Qatar",0.35,False,False,2,,False
466540430,MANSOUR,QAT,qatar_control_sept2025,2025-09-21 18:00:00+00:00,2025-09-23 21:00:00+00:00,51.0,23,0.442,25.16,51.62,0.0,extended,ordinary_anchorage,"Doha port, Qatar",16.73,False,False,2,,False
538006519,TOMINI SYMPHONY,MHL,qatar_control_sept2025,2025-09-21 20:00:00+00:00,2025-09-23 23:00:00+00:00,51.0,52,1.0,25.93,51.61019,0.981,extended,ordinary_anchorage,"Ras Laffan port, Qatar",2.88,False,False,2,,False
471068000,MUBARAK 241,,qatar_control_sept2025,2025-09-21 21:00:00+00:00,2025-09-23 23:00:00+00:00,50.0,51,1.0,25.86804,51.61196,2.698,extended,ordinary_anchorage,"Ras Laffan port, Qatar",4.42,False,False,2,,False
565315000,LANPAN 22,SGP,qatar_control_sept2025,2025-09-21 21:00:00+00:00,2025-09-23 23:00:00+00:00,50.0,51,1.0,25.88,51.6502,0.981,extended,ordinary_anchorage,"Ras Laffan port, Qatar",5.87,False,False,2,,False
408201087,WCD SALMANIYA,BHR,qatar_control_sept2025,2025-09-21 22:00:00+00:00,2025-09-23 23:00:00+00:00,49.0,47,0.94,25.86894,51.61106,1.337,extended,ordinary_anchorage,"Ras Laffan port, Qatar",4.3,False,False,2,,False
466529860,SEATEK TORNA,QAT,qatar_control_sept2025,2025-09-21 22:00:00+00:00,2025-09-23 23:00:00+00:00,49.0,50,1.0,25.92,51.59,0.0,extended,ordinary_anchorage,"Ras Laffan port, Qatar",1.8,False,False,2,,False
636022732,GMS RAPIDITY,LBR,qatar_control_sept2025,2025-09-21 22:00:00+00:00,2025-09-23 23:00:00+00:00,49.0,50,1.0,25.8582,51.6254,1.06,extended,ordinary_anchorage,"Ras Laffan port, Qatar",5.94,False,False,2,,False
466157000,HALUL 52,QAT,qatar_control_sept2025,2025-09-21 23:00:00+00:00,2025-09-23 23:00:00+00:00,48.0,49,1.0,25.67,52.41,0.0,ordinary,open_water,"Ras Laffan port, Qatar",85.32,False,False,2,,False
466511500,AL KUWAIT 99%,QAT,qatar_control_sept2025,2025-09-21 16:00:00+00:00,2025-09-23 15:00:00+00:00,47.0,35,0.729,26.10771,52.18114,4.597,ordinary,open_water,"Ras Laffan port, Qatar",62.33,False,False,2,,False
565460000,SHAHRASTANI,SGP,qatar_control_sept2025,2025-09-20 22:00:00+00:00,2025-09-22 21:00:00+00:00,47.0,48,1.0,24.90021,51.56083,4.097,ordinary,open_water,"Doha port, Qatar",44.12,False,False,2,,False
466587670,AL SHATTAN 94%,QAT,qatar_control_sept2025,2025-09-20 00:00:00+00:00,2025-09-21 22:00:00+00:00,46.0,46,0.979,25.73196,52.355,2.513,ordinary,open_water,"Ras Laffan port, Qatar",78.09,False,False,2,,False
240653000,MINERVA DOXA,GRC,qatar_control_sept2025,2025-09-21 11:00:00+00:00,2025-09-23 08:00:00+00:00,45.0,46,1.0,25.7713,51.88935,4.338,ordinary,open_water,"Ras Laffan port, Qatar",32.68,False,False,2,,False
466073000,MILAHA  1,QAT,qatar_control_sept2025,2025-09-20 00:00:00+00:00,2025-09-21 21:00:00+00:00,45.0,46,1.0,24.93,51.58,0.0,ordinary,open_water,"Doha port, Qatar",40.9,False,False,2,,False
466542650,ALMASHAF,QAT,qatar_control_sept2025,2025-09-22 02:00:00+00:00,2025-09-23 23:00:00+00:00,45.0,46,1.0,24.93043,51.58065,4.497,ordinary,open_water,"Doha port, Qatar",40.86,False,False,2,,False
470340000,SEP 450,ARE,qatar_control_sept2025,2025-09-22 02:00:00+00:00,2025-09-23 23:00:00+00:00,45.0,46,1.0,24.51065,52.43044,2.923,ordinary,open_water,"Doha port, Qatar",124.53,False,False,2,,False
466334000,HALUL 69,QAT,qatar_control_sept2025,2025-09-21 00:00:00+00:00,2025-09-22 20:00:00+00:00,44.0,45,1.0,26.444,51.97644,4.672,ordinary,open_water,"Ras Laffan port, Qatar",70.67,False,False,2,,False
466512150,AL RASHIDYAH 93%,QAT,qatar_control_sept2025,2025-09-20 13:00:00+00:00,2025-09-22 09:00:00+00:00,44.0,39,0.867,25.73795,52.44897,3.694,ordinary,open_water,"Ras Laffan port, Qatar",87.09,False,False,2,,False
538005940,TOPAZ ISRA,MHL,qatar_control_sept2025,2025-09-22 03:00:00+00:00,2025-09-23 23:00:00+00:00,44.0,45,1.0,26.42711,51.95044,3.259,ordinary,open_water,"Ras Laffan port, Qatar",67.71,False,False,2,,False
538009771,ZEKREET,MHL,qatar_control_sept2025,2025-09-22 03:00:00+00:00,2025-09-23 23:00:00+00:00,44.0,45,1.0,25.82,51.86,0.0,ordinary,open_water,"Ras Laffan port, Qatar",27.8,False,False,2,,False
351241000,AN SHUN,PAN,qatar_control_sept2025,2025-09-22 04:00:00+00:00,2025-09-23 23:00:00+00:00,43.0,44,1.0,25.3125,51.82227,1.264,ordinary,open_water,"Doha port, Qatar",27.31,False,False,2,,False
466552550,ZARKA II,QAT,qatar_control_sept2025,2025-09-20 00:00:00+00:00,2025-09-21 19:00:00+00:00,43.0,44,1.0,24.94,51.58,0.0,ordinary,open_water,"Doha port, Qatar",39.79,False,False,2,,False
466574050,MUSHERIB 89%,QAT,qatar_control_sept2025,2025-09-20 15:00:00+00:00,2025-09-22 09:00:00+00:00,42.0,27,0.628,25.73852,52.44963,2.274,ordinary,open_water,"Ras Laffan port, Qatar",87.14,False,False,2,,False
466586560,,QAT,qatar_control_sept2025,2025-09-20 09:00:00+00:00,2025-09-22 03:00:00+00:00,42.0,42,0.977,25.73,52.46429,2.296,ordinary,open_water,"Ras Laffan port, Qatar",88.78,False,False,2,,False
413368050,XIN SI LU,CHN,qatar_control_sept2025,2025-09-22 06:00:00+00:00,2025-09-23 23:00:00+00:00,41.0,42,1.0,25.81905,51.92333,1.948,ordinary,open_water,"Ras Laffan port, Qatar",33.85,False,False,2,,False
466101000,HALUL 974,QAT,qatar_control_sept2025,2025-09-22 06:00:00+00:00,2025-09-23 23:00:00+00:00,41.0,42,1.0,25.67,52.41,0.0,ordinary,open_water,"Ras Laffan port, Qatar",85.32,False,False,2,,False
466130000,HALUL26,QAT,qatar_control_sept2025,2025-09-22 06:00:00+00:00,2025-09-23 23:00:00+00:00,41.0,42,1.0,25.67,52.41,0.0,ordinary,open_water,"Ras Laffan port, Qatar",85.32,False,False,2,,False
372567000,BLUE AKIHABARA,PAN,qatar_control_sept2025,2025-09-22 07:00:00+00:00,2025-09-23 23:00:00+00:00,40.0,41,1.0,24.91049,51.57219,4.936,ordinary,open_water,"Doha port, Qatar",43.02,False,False,2,,False
376435000,QMS CARDINAL,VCT,qatar_control_sept2025,2025-09-21 22:00:00+00:00,2025-09-23 14:00:00+00:00,40.0,41,1.0,26.48902,52.03902,2.09,ordinary,open_water,"Ras Laffan port, Qatar",78.27,False,False,2,,False
466110000,AL MASHRA II,QAT,qatar_control_sept2025,2025-09-22 07:00:00+00:00,2025-09-23 23:00:00+00:00,40.0,41,1.0,24.93805,51.58366,3.916,ordinary,open_water,"Doha port, Qatar",40.04,False,False,2,,False
466501590,SEMESMA,QAT,qatar_control_sept2025,2025-09-20 00:00:00+00:00,2025-09-21 16:00:00+00:00,40.0,41,1.0,24.90073,51.56098,2.328,ordinary,open_water,"Doha port, Qatar",44.06,False,False,2,,False
466542650,ALMASHAF,QAT,qatar_control_sept2025,2025-09-20 00:00:00+00:00,2025-09-21 16:00:00+00:00,40.0,41,1.0,24.9378,51.57976,4.652,ordinary,open_water,"Doha port, Qatar",40.03,False,False,2,,False
572206220,BRITOIL DIAMOND,TUV,qatar_control_sept2025,2025-09-20 00:00:00+00:00,2025-09-21 16:00:00+00:00,40.0,41,1.0,25.85927,52.03976,1.031,ordinary,open_water,"Ras Laffan port, Qatar",44.38,False,False,2,,False
636022638,MAGMA INTEGRITY,LBR,qatar_control_sept2025,2025-09-20 00:00:00+00:00,2025-09-21 16:00:00+00:00,40.0,41,1.0,24.91024,51.57,1.085,ordinary,open_water,"Doha port, Qatar",43.04,False,False,2,,False
636093266,HONG KUN MEI GUI,LBR,qatar_control_sept2025,2025-09-20 00:00:00+00:00,2025-09-21 16:00:00+00:00,40.0,41,1.0,25.85341,52.04,4.068,ordinary,open_water,"Ras Laffan port, Qatar",44.49,False,False,2,,False
248606000,CONSTRUCTOR,MLT,qatar_control_sept2025,2025-09-21 19:00:00+00:00,2025-09-23 10:00:00+00:00,39.0,40,1.0,26.38875,52.17925,0.976,ordinary,open_water,"Ras Laffan port, Qatar",78.95,False,False,2,,False
422056800,MARAL2,IRN,qatar_control_sept2025,2025-09-22 08:00:00+00:00,2025-09-23 23:00:00+00:00,39.0,40,1.0,26.14,51.20675,0.674,ordinary,open_water,"Ras Laffan port, Qatar",47.06,False,False,2,,False
538003212,MOZAH,MHL,qatar_control_sept2025,2025-09-22 08:00:00+00:00,2025-09-23 23:00:00+00:00,39.0,40,1.0,25.85175,51.81025,0.995,ordinary,open_water,"Ras Laffan port, Qatar",21.96,False,False,2,,False
255806220,SPIRIT OF KOLKATA,PRT,qatar_control_sept2025,2025-09-20 01:00:00+00:00,2025-09-21 15:00:00+00:00,38.0,39,1.0,24.89,51.55,0.0,ordinary,open_water,"Doha port, Qatar",45.25,False,False,2,,False
370132000,HAYKAL,PAN,qatar_control_sept2025,2025-09-20 00:00:00+00:00,2025-09-21 14:00:00+00:00,38.0,39,1.0,24.97,51.6,0.0,ordinary,open_water,"Doha port, Qatar",36.68,False,False,2,,False
413021340,DE  BO 2,CHN,qatar_control_sept2025,2025-09-22 09:00:00+00:00,2025-09-23 23:00:00+00:00,38.0,39,1.0,25.8,51.93,0.0,ordinary,open_water,"Ras Laffan port, Qatar",35.14,False,False,2,,False
466218000,AL SAMLAH,QAT,qatar_control_sept2025,2025-09-22 09:00:00+00:00,2025-09-23 23:00:00+00:00,38.0,39,1.0,25.01,51.61,0.0,ordinary,open_water,"Doha port, Qatar",32.45,False,False,2,,False
466511730,QASED KAREEM 97%,QAT,qatar_control_sept2025,2025-09-20 12:00:00+00:00,2025-09-22 02:00:00+00:00,38.0,36,0.923,25.73,52.35944,2.243,ordinary,open_water,"Ras Laffan port, Qatar",78.58,False,False,2,,False
466514350,ALTAREQ 94%,QAT,qatar_control_sept2025,2025-09-20 12:00:00+00:00,2025-09-22 02:00:00+00:00,38.0,17,0.436,25.73529,52.45882,1.859,ordinary,open_water,"Ras Laffan port, Qatar",88.11,False,False,2,,False
466535800,,QAT,qatar_control_sept2025,2025-09-20 17:00:00+00:00,2025-09-22 07:00:00+00:00,38.0,39,1.0,25.73205,52.45692,3.631,ordinary,open_water,"Ras Laffan port, Qatar",88.01,False,False,2,,False
466552560,AL KHARARA 2,QAT,qatar_control_sept2025,2025-09-20 00:00:00+00:00,2025-09-21 14:00:00+00:00,38.0,39,1.0,24.94,51.58077,0.931,ordinary,open_water,"Doha port, Qatar",39.8,False,False,2,,False
466553790,ZANAD 100%,QAT,qatar_control_sept2025,2025-09-22 09:00:00+00:00,2025-09-23 23:00:00+00:00,38.0,39,1.0,26.0,51.33,0.0,ordinary,open_water,"Ras Laffan port, Qatar",28.87,False,False,2,,False
466591290,SUHAIL ALWAKRAH 2,QAT,qatar_control_sept2025,2025-09-21 07:00:00+00:00,2025-09-22 21:00:00+00:00,38.0,28,0.718,25.73071,52.45429,4.193,ordinary,open_water,"Ras Laffan port, Qatar",87.78,False,False,2,,False
563157800,SINAR MALAHAYATI,SGP,qatar_control_sept2025,2025-09-20 00:00:00+00:00,2025-09-21 14:00:00+00:00,38.0,39,1.0,25.79,51.77051,1.951,ordinary,open_water,"Ras Laffan port, Qatar",21.46,False,False,2,,False
403733370,,SAU,qatar_control_sept2025,2025-09-20 01:00:00+00:00,2025-09-21 14:00:00+00:00,37.0,17,0.447,24.56,51.47,0.0,ordinary,open_water,"Doha port, Qatar",82.35,False,False,2,,False
466541720,ALMELAIHAT,QAT,qatar_control_sept2025,2025-09-20 22:00:00+00:00,2025-09-22 11:00:00+00:00,37.0,38,1.0,24.94053,51.58132,2.87,ordinary,open_water,"Doha port, Qatar",39.74,False,False,2,,False
466545950,RAAD,QAT,qatar_control_sept2025,2025-09-21 15:00:00+00:00,2025-09-23 04:00:00+00:00,37.0,34,0.895,25.01,51.61,0.0,ordinary,open_water,"Doha port, Qatar",32.45,False,False,2,,False
466586830,ALAHMADI 93%,QAT,qatar_control_sept2025,2025-09-20 12:00:00+00:00,2025-09-22 01:00:00+00:00,37.0,33,0.868,25.69,51.52,0.0,ordinary,open_water,"Ras Laffan port, Qatar",25.3,False,False,2,,False
466589090,,QAT,qatar_control_sept2025,2025-09-20 20:00:00+00:00,2025-09-22 09:00:00+00:00,37.0,31,0.816,25.73645,52.45323,3.351,ordinary,open_water,"Ras Laffan port, Qatar",87.54,False,False,2,,False
466044000,HALUL 28,QAT,qatar_control_sept2025,2025-09-22 11:00:00+00:00,2025-09-23 23:00:00+00:00,36.0,37,1.0,25.67,52.41,0.0,ordinary,open_water,"Ras Laffan port, Qatar",85.32,False,False,2,,False
466230000,HALUL 37,QAT,qatar_control_sept2025,2025-09-22 11:00:00+00:00,2025-09-23 23:00:00+00:00,36.0,37,1.0,25.66892,52.41,4.328,ordinary,open_water,"Ras Laffan port, Qatar",85.35,False,False,2,,False
466517140,ALQANAS 1,QAT,qatar_control_sept2025,2025-09-20 11:00:00+00:00,2025-09-21 23:00:00+00:00,36.0,24,0.649,25.75792,52.32042,4.061,ordinary,open_water,"Ras Laffan port, Qatar",74.04,False,False,2,,False
466584250,,QAT,qatar_control_sept2025,2025-09-21 17:00:00+00:00,2025-09-23 05:00:00+00:00,36.0,26,0.703,25.69,51.52,0.0,ordinary,open_water,"Ras Laffan port, Qatar",25.3,False,False,2,,False
466589080,ALSHOROOQ 100%,QAT,qatar_control_sept2025,2025-09-21 15:00:00+00:00,2025-09-23 03:00:00+00:00,36.0,36,0.973,25.73278,52.35361,2.612,ordinary,open_water,"Ras Laffan port, Qatar",77.93,False,False,2,,False
538006499,RUSTAQ SILVER,MHL,qatar_control_sept2025,2025-09-22 11:00:00+00:00,2025-09-23 23:00:00+00:00,36.0,37,1.0,26.30973,51.43081,3.104,ordinary,open_water,"Ras Laffan port, Qatar",47.93,False,False,2,,False
355534000,AMIS BRAVE,PAN,qatar_control_sept2025,2025-09-22 12:00:00+00:00,2025-09-23 23:00:00+00:00,35.0,36,1.0,24.91972,51.57056,2.239,ordinary,open_water,"Doha port, Qatar",41.99,False,False,2,,False
357037000,MARZHAN,PAN,qatar_control_sept2025,2025-09-22 12:00:00+00:00,2025-09-23 23:00:00+00:00,35.0,36,1.0,26.15,51.49278,3.511,ordinary,open_water,"Ras Laffan port, Qatar",29.13,False,False,2,,False
466109000,SALWA,QAT,qatar_control_sept2025,2025-09-22 12:00:00+00:00,2025-09-23 23:00:00+00:00,35.0,36,1.0,24.89083,51.58333,1.221,ordinary,open_water,"Doha port, Qatar",45.27,False,False,2,,False
466511780,NASEM ALKHALEEJ 92%,QAT,qatar_control_sept2025,2025-09-21 04:00:00+00:00,2025-09-22 15:00:00+00:00,35.0,29,0.806,25.73207,52.46414,4.621,ordinary,open_water,"Ras Laffan port, Qatar",88.71,False,False,2,,False
470170000,ADNOC 222,ARE,qatar_control_sept2025,2025-09-22 12:00:00+00:00,2025-09-23 23:00:00+00:00,35.0,36,1.0,26.25417,51.44167,2.899,ordinary,open_water,"Ras Laffan port, Qatar",41.78,False,False,2,,False
565056000,BRITOIL 73,SGP,qatar_control_sept2025,2025-09-22 12:00:00+00:00,2025-09-23 23:00:00+00:00,35.0,36,1.0,25.77444,51.925,1.682,ordinary,open_water,"Ras Laffan port, Qatar",35.74,False,False,2,,False
565428000,BRITOIL 70,SGP,qatar_control_sept2025,2025-09-22 12:00:00+00:00,2025-09-23 23:00:00+00:00,35.0,36,1.0,25.76639,51.92472,2.113,ordinary,open_water,"Ras Laffan port, Qatar",36.09,False,False,2,,False
636014592,FPMC C JADE,LBR,qatar_control_sept2025,2025-09-22 12:00:00+00:00,2025-09-23 23:00:00+00:00,35.0,36,1.0,24.89111,51.5825,4.326,ordinary,open_water,"Doha port, Qatar",45.23,False,False,2,,False
356949000,SURFER 19003,PAN,qatar_control_sept2025,2025-09-22 13:00:00+00:00,2025-09-23 23:00:00+00:00,34.0,35,1.0,25.66971,52.41086,1.919,ordinary,open_water,"Ras Laffan port, Qatar",85.41,False,False,2,,False
375588000,STANFORD KITE,VCT,qatar_control_sept2025,2025-09-22 13:00:00+00:00,2025-09-23 23:00:00+00:00,34.0,35,1.0,25.67,52.41,0.0,ordinary,open_water,"Ras Laffan port, Qatar",85.32,False,False,2,,False
466502410,ISTOOL ALSHAMAL 94%,QAT,qatar_control_sept2025,2025-09-21 09:00:00+00:00,2025-09-22 19:00:00+00:00,34.0,18,0.514,25.69,51.52111,1.893,ordinary,open_water,"Ras Laffan port, Qatar",25.27,False,False,2,,False
466508750,MWANI3,QAT,qatar_control_sept2025,2025-09-20 06:00:00+00:00,2025-09-21 16:00:00+00:00,34.0,35,1.0,25.01057,51.612,3.01,ordinary,open_water,"Doha port, Qatar",32.42,False,False,2,,False
466526350,HALWAN 100%,QAT,qatar_control_sept2025,2025-09-20 00:00:00+00:00,2025-09-21 10:00:00+00:00,34.0,35,1.0,25.72971,52.35143,2.414,ordinary,open_water,"Ras Laffan port, Qatar",77.81,False,False,2,,False
466574800,UMM SLAL,QAT,qatar_control_sept2025,2025-09-20 04:00:00+00:00,2025-09-21 14:00:00+00:00,34.0,35,1.0,24.93886,51.58086,2.85,ordinary,open_water,"Doha port, Qatar",39.92,False,False,2,,False
466587370,ALAMIN 97%,QAT,qatar_control_sept2025,2025-09-22 13:00:00+00:00,2025-09-23 23:00:00+00:00,34.0,34,0.971,26.22676,51.75735,2.251,ordinary,open_water,"Ras Laffan port, Qatar",39.0,False,False,2,,False
353612000,MSC BRIANNA,PAN,qatar_control_sept2025,2025-09-20 09:00:00+00:00,2025-09-21 18:00:00+00:00,33.0,34,1.0,25.02,51.60147,4.89,ordinary,open_water,"Doha port, Qatar",31.2,False,False,2,,False
413397170,ZHONG QUAN 7,CHN,qatar_control_sept2025,2025-09-22 14:00:00+00:00,2025-09-23 23:00:00+00:00,33.0,34,1.0,25.79029,51.8103,1.452,ordinary,open_water,"Ras Laffan port, Qatar",24.74,False,False,2,,False
422724000,LIAN 110,IRN,qatar_control_sept2025,2025-09-22 14:00:00+00:00,2025-09-23 23:00:00+00:00,33.0,34,1.0,26.14,51.2,0.0,ordinary,open_water,"Ras Laffan port, Qatar",47.62,False,False,2,,False
466161000,HALUL14,QAT,qatar_control_sept2025,2025-09-22 14:00:00+00:00,2025-09-23 23:00:00+00:00,33.0,34,1.0,25.66971,52.41029,1.453,ordinary,open_water,"Ras Laffan port, Qatar",85.36,False,False,2,,False
466404000,HALUL 53,QAT,qatar_control_sept2025,2025-09-22 14:00:00+00:00,2025-09-23 23:00:00+00:00,33.0,34,1.0,25.67,52.41,0.0,ordinary,open_water,"Ras Laffan port, Qatar",85.32,False,False,2,,False
466504740,ZYD 100%,QAT,qatar_control_sept2025,2025-09-20 00:00:00+00:00,2025-09-21 09:00:00+00:00,33.0,32,0.941,25.72531,52.35781,1.811,ordinary,open_water,"Ras Laffan port, Qatar",78.55,False,False,2,,False
466515450,AL AMARI 98%,QAT,qatar_control_sept2025,2025-09-22 14:00:00+00:00,2025-09-23 23:00:00+00:00,33.0,26,0.765,26.14038,51.21,1.069,ordinary,open_water,"Ras Laffan port, Qatar",46.81,False,False,2,,False
466536680,NSW AL SHUAIBA,QAT,qatar_control_sept2025,2025-09-22 14:00:00+00:00,2025-09-23 23:00:00+00:00,33.0,34,1.0,25.67,52.41,0.0,ordinary,open_water,"Ras Laffan port, Qatar",85.32,False,False,2,,False
466536700,NSW AL YAMAMA,QAT,qatar_control_sept2025,2025-09-22 14:00:00+00:00,2025-09-23 23:00:00+00:00,33.0,34,1.0,25.67,52.41,0.0,ordinary,open_water,"Ras Laffan port, Qatar",85.32,False,False,2,,False
466574750,SODANATHEEL II,QAT,qatar_control_sept2025,2025-09-22 14:00:00+00:00,2025-09-23 23:00:00+00:00,33.0,34,1.0,24.93529,51.58088,4.454,ordinary,open_water,"Doha port, Qatar",40.32,False,False,2,,False
538007638,AEGIR SELMER,MHL,qatar_control_sept2025,2025-09-22 00:00:00+00:00,2025-09-23 09:00:00+00:00,33.0,34,1.0,24.90088,51.61941,2.89,ordinary,open_water,"Doha port, Qatar",44.57,False,False,2,,False
636019161,NEW OPTIMA,LBR,qatar_control_sept2025,2025-09-22 14:00:00+00:00,2025-09-23 23:00:00+00:00,33.0,34,1.0,24.92,51.58441,2.58,ordinary,open_water,"Doha port, Qatar",42.04,False,False,2,,False
636024017,VORTEX VENTURE,LBR,qatar_control_sept2025,2025-09-22 13:00:00+00:00,2025-09-23 22:00:00+00:00,33.0,34,1.0,25.80353,51.92618,3.705,ordinary,open_water,"Ras Laffan port, Qatar",34.65,False,False,2,,False
229582000,PALU LNG,MLT,qatar_control_sept2025,2025-09-20 00:00:00+00:00,2025-09-21 08:00:00+00:00,32.0,33,1.0,25.84485,51.87,0.573,ordinary,open_water,"Ras Laffan port, Qatar",27.94,False,False,2,,False
314813000,AMS AMETHYST,BRB,qatar_control_sept2025,2025-09-22 14:00:00+00:00,2025-09-23 22:00:00+00:00,32.0,33,1.0,24.51576,52.43061,2.064,ordinary,open_water,"Doha port, Qatar",124.15,False,False,2,,False
466238000,HALUL 71,QAT,qatar_control_sept2025,2025-09-22 15:00:00+00:00,2025-09-23 23:00:00+00:00,32.0,33,1.0,25.67,52.41,0.0,ordinary,open_water,"Ras Laffan port, Qatar",85.32,False,False,2,,False
466513540,,QAT,qatar_control_sept2025,2025-09-22 15:00:00+00:00,2025-09-23 23:00:00+00:00,32.0,29,0.879,25.66793,52.41862,0.894,ordinary,open_water,"Ras Laffan port, Qatar",86.21,False,False,2,,False
466536690,NSW ZIKREET,QAT,qatar_control_sept2025,2025-09-22 15:00:00+00:00,2025-09-23 23:00:00+00:00,32.0,33,1.0,25.66909,52.41091,4.355,ordinary,open_water,"Ras Laffan port, Qatar",85.44,False,False,2,,False
466545940,UM ALHOUL 2,QAT,qatar_control_sept2025,2025-09-20 02:00:00+00:00,2025-09-21 10:00:00+00:00,32.0,33,1.0,25.01091,51.61182,3.545,ordinary,open_water,"Doha port, Qatar",32.38,False,False,2,,False
466586370,,QAT,qatar_control_sept2025,2025-09-22 15:00:00+00:00,2025-09-23 23:00:00+00:00,32.0,32,0.97,25.67,52.42,0.0,ordinary,open_water,"Ras Laffan port, Qatar",86.27,False,False,2,,False
311000317,AFRICAN ROOK,BHS,qatar_control_sept2025,2025-09-21 12:00:00+00:00,2025-09-22 19:00:00+00:00,31.0,32,1.0,25.01031,51.60156,4.999,ordinary,open_water,"Doha port, Qatar",32.27,False,False,2,,False
372567000,BLUE AKIHABARA,PAN,qatar_control_sept2025,2025-09-20 20:00:00+00:00,2025-09-22 03:00:00+00:00,31.0,32,1.0,25.44937,51.82062,2.155,ordinary,open_water,"Doha port, Qatar",31.95,False,False,2,,False
466194000,HALUL 38,QAT,qatar_control_sept2025,2025-09-22 16:00:00+00:00,2025-09-23 23:00:00+00:00,31.0,32,1.0,25.66969,52.41031,1.45,ordinary,open_water,"Ras Laffan port, Qatar",85.36,False,False,2,,False
466587060,,QAT,qatar_control_sept2025,2025-09-20 11:00:00+00:00,2025-09-21 18:00:00+00:00,31.0,25,0.781,25.7248,52.3584,2.895,ordinary,open_water,"Ras Laffan port, Qatar",78.62,False,False,2,,False
466589420,MOBARAK 93%,QAT,qatar_control_sept2025,2025-09-20 20:00:00+00:00,2025-09-22 03:00:00+00:00,31.0,26,0.812,25.69,51.52,0.0,ordinary,open_water,"Ras Laffan port, Qatar",25.3,False,False,2,,False
413615970,ZHONG QUAN 9,CHN,qatar_control_sept2025,2025-09-22 17:00:00+00:00,2025-09-23 23:00:00+00:00,30.0,31,1.0,25.80097,51.92032,3.371,ordinary,open_water,"Ras Laffan port, Qatar",34.19,False,False,2,,False
466042000,HALUL 17,QAT,qatar_control_sept2025,2025-09-22 17:00:00+00:00,2025-09-23 23:00:00+00:00,30.0,31,1.0,25.67,52.41,0.0,ordinary,open_water,"Ras Laffan port, Qatar",85.32,False,False,2,,False
466073000,MILAHA  1,QAT,qatar_control_sept2025,2025-09-22 17:00:00+00:00,2025-09-23 23:00:00+00:00,30.0,31,1.0,24.93,51.62,0.0,ordinary,open_water,"Doha port, Qatar",41.38,False,False,2,,False
466513320,DHAWIE 3354,QAT,qatar_control_sept2025,2025-09-20 00:00:00+00:00,2025-09-21 06:00:00+00:00,30.0,30,0.968,25.73533,52.355,1.706,ordinary,open_water,"Ras Laffan port, Qatar",78.0,False,False,2,,False
466584790,BRAQA 95%,QAT,qatar_control_sept2025,2025-09-20 14:00:00+00:00,2025-09-21 20:00:00+00:00,30.0,19,0.613,25.73,52.3521,0.791,ordinary,open_water,"Ras Laffan port, Qatar",77.86,False,False,2,,False
466586350,DHIF ALLAH 100%,QAT,qatar_control_sept2025,2025-09-20 18:00:00+00:00,2025-09-22 00:00:00+00:00,30.0,18,0.581,25.69,51.52,0.0,ordinary,open_water,"Ras Laffan port, Qatar",25.3,False,False,2,,False
466589910,ADEL 100%,QAT,qatar_control_sept2025,2025-09-20 00:00:00+00:00,2025-09-21 06:00:00+00:00,30.0,27,0.871,25.72963,52.35852,1.435,ordinary,open_water,"Ras Laffan port, Qatar",78.5,False,False,2,,False
538004277,TOPAZ KHUBAYB,MHL,qatar_control_sept2025,2025-09-22 17:00:00+00:00,2025-09-23 23:00:00+00:00,30.0,31,1.0,25.67,52.41,0.0,ordinary,open_water,"Ras Laffan port, Qatar",85.32,False,False,2,,False
466559250,ABD ALNASER,QAT,qatar_control_sept2025,2025-09-20 06:00:00+00:00,2025-09-21 11:00:00+00:00,29.0,29,0.967,25.42069,51.87448,1.878,ordinary,open_water,"Doha port, Qatar",35.29,False,False,2,,False
466589080,ALSHOROOQ 100%,QAT,qatar_control_sept2025,2025-09-20 00:00:00+00:00,2025-09-21 05:00:00+00:00,29.0,24,0.8,25.73042,52.35583,1.587,ordinary,open_water,"Ras Laffan port, Qatar",78.21,False,False,2,,False
470170000,ADNOC 222,ARE,qatar_control_sept2025,2025-09-20 23:00:00+00:00,2025-09-22 04:00:00+00:00,29.0,30,1.0,26.21667,51.41233,4.621,ordinary,open_water,"Ras Laffan port, Qatar",39.26,False,False,2,,False
466511500,AL KUWAIT 99%,QAT,qatar_control_sept2025,2025-09-20 02:00:00+00:00,2025-09-21 06:00:00+00:00,28.0,25,0.862,26.1268,52.1716,2.858,ordinary,open_water,"Ras Laffan port, Qatar",62.24,False,False,2,,False
466515550,,QAT,qatar_control_sept2025,2025-09-20 00:00:00+00:00,2025-09-21 04:00:00+00:00,28.0,18,0.621,26.14,51.21,0.0,ordinary,open_water,"Ras Laffan port, Qatar",46.79,False,False,2,,False
466552560,AL KHARARA 2,QAT,qatar_control_sept2025,2025-09-22 01:00:00+00:00,2025-09-23 05:00:00+00:00,28.0,29,1.0,24.94069,51.58276,2.762,ordinary,open_water,"Doha port, Qatar",39.74,False,False,2,,False
466587280,,QAT,qatar_control_sept2025,2025-09-21 22:00:00+00:00,2025-09-23 02:00:00+00:00,28.0,24,0.828,26.31083,51.67417,4.632,ordinary,open_water,"Ras Laffan port, Qatar",45.62,False,False,2,,False
564542000,LAN PAN 20,SGP,qatar_control_sept2025,2025-09-22 14:00:00+00:00,2025-09-23 18:00:00+00:00,28.0,29,1.0,25.74586,51.72379,4.006,ordinary,open_water,"Ras Laffan port, Qatar",21.75,False,False,2,,False
636022907,GMS APOLLO,LBR,qatar_control_sept2025,2025-09-22 19:00:00+00:00,2025-09-23 23:00:00+00:00,28.0,29,1.0,26.20655,51.55138,1.995,ordinary,open_water,"Ras Laffan port, Qatar",33.75,False,False,2,,False
422251500,BARI17671,IRN,qatar_control_sept2025,2025-09-20 10:00:00+00:00,2025-09-21 13:00:00+00:00,27.0,25,0.893,26.2044,51.1444,3.128,ordinary,open_water,"Ras Laffan port, Qatar",56.25,False,False,2,,False
466086000,FOG 11,QAT,qatar_control_sept2025,2025-09-22 01:00:00+00:00,2025-09-23 04:00:00+00:00,27.0,28,1.0,26.11714,51.72321,1.044,ordinary,open_water,"Ras Laffan port, Qatar",26.54,False,False,2,,False
466519220,KASHWANI,QAT,qatar_control_sept2025,2025-09-21 15:00:00+00:00,2025-09-22 18:00:00+00:00,27.0,9,0.321,25.73667,52.46667,3.251,ordinary,open_water,"Ras Laffan port, Qatar",88.85,False,False,2,,False
466541720,ALMELAIHAT,QAT,qatar_control_sept2025,2025-09-22 20:00:00+00:00,2025-09-23 23:00:00+00:00,27.0,28,1.0,24.93107,51.57572,3.801,ordinary,open_water,"Doha port, Qatar",40.75,False,False,2,,False
466584250,,QAT,qatar_control_sept2025,2025-09-20 00:00:00+00:00,2025-09-21 03:00:00+00:00,27.0,28,1.0,25.7275,52.35107,2.072,ordinary,open_water,"Ras Laffan port, Qatar",77.84,False,False,2,,False
466586580,AIN DAR 100%,QAT,qatar_control_sept2025,2025-09-21 14:00:00+00:00,2025-09-22 17:00:00+00:00,27.0,14,0.5,25.73714,52.44857,2.289,ordinary,open_water,"Ras Laffan port, Qatar",87.07,False,False,2,,False
470179000,SAFEEN SURVEYOR,ARE,qatar_control_sept2025,2025-09-22 20:00:00+00:00,2025-09-23 23:00:00+00:00,27.0,28,1.0,25.66393,52.42857,4.171,ordinary,open_water,"Ras Laffan port, Qatar",87.3,False,False,2,,False
376435000,QMS CARDINAL,VCT,qatar_control_sept2025,2025-09-20 00:00:00+00:00,2025-09-21 02:00:00+00:00,26.0,27,1.0,26.48926,52.02555,3.685,ordinary,open_water,"Ras Laffan port, Qatar",77.55,False,False,2,,False
466552550,ZARKA II,QAT,qatar_control_sept2025,2025-09-21 21:00:00+00:00,2025-09-22 23:00:00+00:00,26.0,27,1.0,24.93704,51.58111,4.636,ordinary,open_water,"Doha port, Qatar",40.13,False,False,2,,False
563146100,LEONORA KOSAN,SGP,qatar_control_sept2025,2025-09-22 14:00:00+00:00,2025-09-23 16:00:00+00:00,26.0,27,1.0,24.91963,51.57185,4.972,ordinary,open_water,"Doha port, Qatar",42.0,False,False,2,,False
563173900,PROTEUS BOHEMIA,SGP,qatar_control_sept2025,2025-09-20 00:00:00+00:00,2025-09-21 02:00:00+00:00,26.0,27,1.0,25.82593,51.86,0.659,ordinary,open_water,"Ras Laffan port, Qatar",27.58,False,False,2,,False
636093266,HONG KUN MEI GUI,LBR,qatar_control_sept2025,2025-09-22 21:00:00+00:00,2025-09-23 23:00:00+00:00,26.0,27,1.0,25.75963,51.73148,4.004,ordinary,open_water,"Ras Laffan port, Qatar",20.99,False,False,2,,False
403793770,KALEL ALAWAL,SAU,qatar_control_sept2025,2025-09-20 01:00:00+00:00,2025-09-21 02:00:00+00:00,25.0,10,0.385,24.556,51.475,4.035,ordinary,open_water,"Doha port, Qatar",82.74,False,False,2,,False
440657000,HMM HANUL,KOR,qatar_control_sept2025,2025-09-20 23:00:00+00:00,2025-09-22 00:00:00+00:00,25.0,26,1.0,25.01962,51.60077,2.213,ordinary,open_water,"Doha port, Qatar",31.23,False,False,2,,False
466008000,SIDRA DOHA,QAT,qatar_control_sept2025,2025-09-20 07:00:00+00:00,2025-09-21 08:00:00+00:00,25.0,26,1.0,25.85885,51.8,3.159,ordinary,open_water,"Ras Laffan port, Qatar",20.76,False,False,2,,False
466010000,HALUL41,QAT,qatar_control_sept2025,2025-09-22 22:00:00+00:00,2025-09-23 23:00:00+00:00,25.0,26,1.0,25.65962,52.41615,1.234,ordinary,open_water,"Ras Laffan port, Qatar",86.27,False,False,2,,False
466514400,MUBARAK 3360,QAT,qatar_control_sept2025,2025-09-20 00:00:00+00:00,2025-09-21 01:00:00+00:00,25.0,26,1.0,26.00885,52.26231,4.768,ordinary,open_water,"Ras Laffan port, Qatar",67.27,False,False,2,,False
466562520,,QAT,qatar_control_sept2025,2025-09-20 00:00:00+00:00,2025-09-21 01:00:00+00:00,25.0,14,0.538,26.01357,52.26571,2.98,ordinary,open_water,"Ras Laffan port, Qatar",67.7,False,False,2,,False
466572220,,QAT,qatar_control_sept2025,2025-09-22 22:00:00+00:00,2025-09-23 23:00:00+00:00,25.0,26,1.0,25.66769,52.42,0.855,ordinary,open_water,"Ras Laffan port, Qatar",86.35,False,False,2,,False
466586890,,QAT,qatar_control_sept2025,2025-09-20 00:00:00+00:00,2025-09-21 01:00:00+00:00,25.0,13,0.5,25.73077,52.35154,1.038,ordinary,open_water,"Ras Laffan port, Qatar",77.79,False,False,2,,False
470326000,AHTS EXCELSIOR,ARE,qatar_control_sept2025,2025-09-20 10:00:00+00:00,2025-09-21 11:00:00+00:00,25.0,26,1.0,26.15962,52.24885,3.071,ordinary,open_water,"Ras Laffan port, Qatar",70.77,False,False,2,,False
466325000,HALUL 80,QAT,qatar_control_sept2025,2025-09-21 20:00:00+00:00,2025-09-22 20:00:00+00:00,24.0,25,1.0,25.7504,51.948,1.335,ordinary,open_water,"Ras Laffan port, Qatar",38.97,False,False,2,,False
466325000,HALUL 80,QAT,qatar_control_sept2025,2025-09-22 23:00:00+00:00,2025-09-23 23:00:00+00:00,24.0,25,1.0,25.77,51.74,0.0,ordinary,open_water,"Ras Laffan port, Qatar",20.68,False,False,2,,False
466326000,HALUL 83,QAT,qatar_control_sept2025,2025-09-22 23:00:00+00:00,2025-09-23 23:00:00+00:00,24.0,25,1.0,25.7532,51.95,1.468,ordinary,open_water,"Ras Laffan port, Qatar",39.01,False,False,2,,False
466520430,ADWAN,QAT,qatar_control_sept2025,2025-09-20 01:00:00+00:00,2025-09-21 01:00:00+00:00,24.0,17,0.68,26.00353,52.26765,4.583,ordinary,open_water,"Ras Laffan port, Qatar",67.7,False,False,2,,False
466584930,ALDHBIAN,QAT,qatar_control_sept2025,2025-09-20 04:00:00+00:00,2025-09-21 04:00:00+00:00,24.0,19,0.76,26.47947,52.08053,3.063,ordinary,open_water,"Ras Laffan port, Qatar",79.82,False,False,2,,False
538004416,HYUNDAI ANTWERP,MHL,qatar_control_sept2025,2025-09-20 00:00:00+00:00,2025-09-21 00:00:00+00:00,24.0,25,1.0,25.01,51.6,0.0,ordinary,open_water,"Doha port, Qatar",32.28,False,False,2,,False
565680000,POSH ENDEAVOUR,SGP,qatar_control_sept2025,2025-09-20 00:00:00+00:00,2025-09-21 00:00:00+00:00,24.0,25,1.0,25.99,51.8956,0.56,ordinary,open_water,"Ras Laffan port, Qatar",31.07,False,False,2,,False
636024422,SAFA SEARCHER,LBR,qatar_control_sept2025,2025-09-21 14:00:00+00:00,2025-09-22 14:00:00+00:00,24.0,25,1.0,26.126,51.3912,4.098,ordinary,open_water,"Ras Laffan port, Qatar",32.09,False,False,2,,False
352002163,ZAKHER DUTY,PAN,qatar_control_sept2025,2025-09-20 15:00:00+00:00,2025-09-21 14:00:00+00:00,23.0,24,1.0,24.505,52.46,2.099,ordinary,open_water,"Doha port, Qatar",127.11,False,False,2,,False
403703260,YOUSEF ALSADIS,SAU,qatar_control_sept2025,2025-09-20 15:00:00+00:00,2025-09-21 14:00:00+00:00,23.0,13,0.542,24.56,51.47,0.0,ordinary,open_water,"Doha port, Qatar",82.35,False,False,2,,False
466501440,SOHAL 100%,QAT,qatar_control_sept2025,2025-09-23 00:00:00+00:00,2025-09-23 23:00:00+00:00,23.0,18,0.75,26.42278,51.98389,3.684,ordinary,open_water,"Ras Laffan port, Qatar",69.1,False,False,2,,False
466503600,ALBARQAN,QAT,qatar_control_sept2025,2025-09-23 00:00:00+00:00,2025-09-23 23:00:00+00:00,23.0,24,1.0,24.94,51.58,0.0,ordinary,open_water,"Doha port, Qatar",39.79,False,False,2,,False
466514210,UMMSALBAD 91%,QAT,qatar_control_sept2025,2025-09-21 04:00:00+00:00,2025-09-22 03:00:00+00:00,23.0,17,0.708,25.73353,52.45529,2.506,ordinary,open_water,"Ras Laffan port, Qatar",87.81,False,False,2,,False
466549810,AL HAMROOR,QAT,qatar_control_sept2025,2025-09-21 02:00:00+00:00,2025-09-22 01:00:00+00:00,23.0,18,0.75,26.05111,52.21889,4.464,ordinary,open_water,"Ras Laffan port, Qatar",64.01,False,False,2,,False
466577930,TIRYAG 96%,QAT,qatar_control_sept2025,2025-09-23 00:00:00+00:00,2025-09-23 23:00:00+00:00,23.0,22,0.917,26.14,51.21,0.0,ordinary,open_water,"Ras Laffan port, Qatar",46.79,False,False,2,,False
466587140,BU MESFER 100%,QAT,qatar_control_sept2025,2025-09-20 05:00:00+00:00,2025-09-21 04:00:00+00:00,23.0,24,1.0,26.32167,52.18417,4.851,ordinary,open_water,"Ras Laffan port, Qatar",74.48,False,False,2,,False
538006207,HOPE ISLAND,MHL,qatar_control_sept2025,2025-09-20 04:00:00+00:00,2025-09-21 03:00:00+00:00,23.0,24,1.0,25.02917,51.60042,2.34,ordinary,open_water,"Doha port, Qatar",30.18,False,False,2,,False
563011600,POSH SKIMMER,SGP,qatar_control_sept2025,2025-09-23 00:00:00+00:00,2025-09-23 23:00:00+00:00,23.0,24,1.0,26.43,51.99917,2.225,ordinary,open_water,"Ras Laffan port, Qatar",70.62,False,False,2,,False
466501540,AL JUBAILAT,QAT,qatar_control_sept2025,2025-09-23 01:00:00+00:00,2025-09-23 23:00:00+00:00,22.0,23,1.0,24.93913,51.58087,2.871,ordinary,open_water,"Doha port, Qatar",39.9,False,False,2,,False
466516350,SALAHA 3194,QAT,qatar_control_sept2025,2025-09-20 05:00:00+00:00,2025-09-21 03:00:00+00:00,22.0,19,0.826,26.24947,52.40842,3.024,ordinary,open_water,"Ras Laffan port, Qatar",89.39,False,False,2,,False
466533500,ALRIL 0%,QAT,qatar_control_sept2025,2025-09-20 00:00:00+00:00,2025-09-20 22:00:00+00:00,22.0,19,0.826,25.73368,52.44421,1.905,ordinary,open_water,"Ras Laffan port, Qatar",86.73,False,False,2,,False
466587280,,QAT,qatar_control_sept2025,2025-09-20 10:00:00+00:00,2025-09-21 08:00:00+00:00,22.0,19,0.826,26.29632,52.03263,3.186,ordinary,open_water,"Ras Laffan port, Qatar",61.29,False,False,2,,False
466589280,AZAZI 100%,QAT,qatar_control_sept2025,2025-09-21 15:00:00+00:00,2025-09-22 13:00:00+00:00,22.0,12,0.522,25.73417,52.44333,1.792,ordinary,open_water,"Ras Laffan port, Qatar",86.63,False,False,2,,False
351201000,NEW HARVE,PAN,qatar_control_sept2025,2025-09-20 00:00:00+00:00,2025-09-20 21:00:00+00:00,21.0,22,1.0,24.96,51.6,0.0,ordinary,open_water,"Doha port, Qatar",37.78,False,False,2,,False
466514140,AL DAWISH,QAT,qatar_control_sept2025,2025-09-20 08:00:00+00:00,2025-09-21 05:00:00+00:00,21.0,12,0.545,25.72417,52.45917,3.951,ordinary,open_water,"Ras Laffan port, Qatar",88.43,False,False,2,,False
466542660,WASSIT-II,QAT,qatar_control_sept2025,2025-09-22 06:00:00+00:00,2025-09-23 03:00:00+00:00,21.0,22,1.0,24.92,51.56773,2.854,ordinary,open_water,"Doha port, Qatar",41.94,False,False,2,,False
466571400,MAHYOOF 95%,QAT,qatar_control_sept2025,2025-09-21 20:00:00+00:00,2025-09-22 17:00:00+00:00,21.0,17,0.773,25.69,51.52,0.0,ordinary,open_water,"Ras Laffan port, Qatar",25.3,False,False,2,,False
538003838,TOPAZ JURONG,MHL,qatar_control_sept2025,2025-09-22 14:00:00+00:00,2025-09-23 11:00:00+00:00,21.0,22,1.0,25.66909,52.41045,2.328,ordinary,open_water,"Ras Laffan port, Qatar",85.39,False,False,2,,False
563298600,LEONARD SCHULTE,SGP,qatar_control_sept2025,2025-09-23 02:00:00+00:00,2025-09-23 23:00:00+00:00,21.0,22,1.0,25.8,51.86,0.0,ordinary,open_water,"Ras Laffan port, Qatar",28.64,False,False,2,,False
311000638,LICHTENSTEIN,BHS,qatar_control_sept2025,2025-09-20 20:00:00+00:00,2025-09-21 16:00:00+00:00,20.0,21,1.0,26.09857,52.14286,2.682,ordinary,open_water,"Ras Laffan port, Qatar",58.4,False,False,2,,False
466502460,ALASAD 90%,QAT,qatar_control_sept2025,2025-09-22 09:00:00+00:00,2025-09-23 05:00:00+00:00,20.0,20,0.952,26.4795,51.536,3.564,ordinary,open_water,"Ras Laffan port, Qatar",64.07,False,False,2,,False
466512130,BARZAN 93%,QAT,qatar_control_sept2025,2025-09-22 15:00:00+00:00,2025-09-23 11:00:00+00:00,20.0,18,0.857,25.66889,52.405,4.975,ordinary,open_water,"Ras Laffan port, Qatar",84.88,False,False,2,,False
466514400,MUBARAK 3360,QAT,qatar_control_sept2025,2025-09-21 16:00:00+00:00,2025-09-22 12:00:00+00:00,20.0,21,1.0,26.01333,52.25381,2.492,ordinary,open_water,"Ras Laffan port, Qatar",66.52,False,False,2,,False
466515550,,QAT,qatar_control_sept2025,2025-09-23 00:00:00+00:00,2025-09-23 20:00:00+00:00,20.0,15,0.714,26.14,51.21,0.0,ordinary,open_water,"Ras Laffan port, Qatar",46.79,False,False,2,,False
466584990,ALMIHDAR,QAT,qatar_control_sept2025,2025-09-22 17:00:00+00:00,2025-09-23 13:00:00+00:00,20.0,10,0.476,25.763,51.745,2.606,ordinary,open_water,"Ras Laffan port, Qatar",21.59,False,False,2,,False
466587250,BATRAN 99%,QAT,qatar_control_sept2025,2025-09-22 04:00:00+00:00,2025-09-23 00:00:00+00:00,20.0,21,1.0,25.74095,52.44762,3.77,ordinary,open_water,"Ras Laffan port, Qatar",86.88,False,False,2,,False
466591290,SUHAIL ALWAKRAH 2,QAT,qatar_control_sept2025,2025-09-20 05:00:00+00:00,2025-09-21 01:00:00+00:00,20.0,13,0.619,25.72923,52.44923,1.928,ordinary,open_water,"Ras Laffan port, Qatar",87.33,False,False,2,,False
636024422,SAFA SEARCHER,LBR,qatar_control_sept2025,2025-09-20 15:00:00+00:00,2025-09-21 11:00:00+00:00,20.0,21,1.0,26.12333,51.40381,4.095,ordinary,open_water,"Ras Laffan port, Qatar",31.06,False,False,2,,False
352003778,KHALEJIA ANA 7,PAN,qatar_control_sept2025,2025-09-22 04:00:00+00:00,2025-09-22 23:00:00+00:00,19.0,20,1.0,25.339,51.8195,2.318,ordinary,open_water,"Doha port, Qatar",27.38,False,False,2,,False
370023000,KRISTIINA,PAN,qatar_control_sept2025,2025-09-21 19:00:00+00:00,2025-09-22 14:00:00+00:00,19.0,20,1.0,25.8635,52.174,3.719,ordinary,open_water,"Ras Laffan port, Qatar",57.7,False,False,2,,False
376065000,SWISSCO SEARCHER,VCT,qatar_control_sept2025,2025-09-23 01:00:00+00:00,2025-09-23 20:00:00+00:00,19.0,20,1.0,25.653,51.6985,4.918,ordinary,open_water,"Ras Laffan port, Qatar",29.85,False,False,2,,False
466326000,HALUL 83,QAT,qatar_control_sept2025,2025-09-20 19:00:00+00:00,2025-09-21 14:00:00+00:00,19.0,20,1.0,25.7475,51.947,1.896,ordinary,open_water,"Ras Laffan port, Qatar",39.02,False,False,2,,False
466511780,NASEM ALKHALEEJ 92%,QAT,qatar_control_sept2025,2025-09-23 04:00:00+00:00,2025-09-23 23:00:00+00:00,19.0,20,1.0,25.671,52.4195,2.113,ordinary,open_water,"Ras Laffan port, Qatar",86.19,False,False,2,,False
466512130,BARZAN 93%,QAT,qatar_control_sept2025,2025-09-21 16:00:00+00:00,2025-09-22 11:00:00+00:00,19.0,19,0.95,25.62316,52.17105,2.924,ordinary,open_water,"Ras Laffan port, Qatar",65.34,False,False,2,,False
466533850,AL KHAFJI 100%,QAT,qatar_control_sept2025,2025-09-22 05:00:00+00:00,2025-09-23 00:00:00+00:00,19.0,20,1.0,25.7435,52.444,3.722,ordinary,open_water,"Ras Laffan port, Qatar",86.47,False,False,2,,False
466545940,UM ALHOUL 2,QAT,qatar_control_sept2025,2025-09-22 15:00:00+00:00,2025-09-23 10:00:00+00:00,19.0,20,1.0,25.011,51.6125,2.946,ordinary,open_water,"Doha port, Qatar",32.39,False,False,2,,False
466546800,NAYYF 94%,QAT,qatar_control_sept2025,2025-09-21 08:00:00+00:00,2025-09-22 03:00:00+00:00,19.0,20,1.0,25.679,52.4025,4.413,ordinary,open_water,"Ras Laffan port, Qatar",84.3,False,False,2,,False
466587490,SAYYAD 85%,QAT,qatar_control_sept2025,2025-09-20 16:00:00+00:00,2025-09-21 11:00:00+00:00,19.0,15,0.75,26.28333,52.276,2.505,ordinary,open_water,"Ras Laffan port, Qatar",79.54,False,False,2,,False
466589080,ALSHOROOQ 100%,QAT,qatar_control_sept2025,2025-09-23 04:00:00+00:00,2025-09-23 23:00:00+00:00,19.0,14,0.7,25.66214,52.41857,2.299,ordinary,open_water,"Ras Laffan port, Qatar",86.41,False,False,2,,False
466589420,MOBARAK 93%,QAT,qatar_control_sept2025,2025-09-22 12:00:00+00:00,2025-09-23 07:00:00+00:00,19.0,11,0.55,25.69,51.52,0.0,ordinary,open_water,"Ras Laffan port, Qatar",25.3,False,False,2,,False
564931000,LANPAN 18,SGP,qatar_control_sept2025,2025-09-23 04:00:00+00:00,2025-09-23 23:00:00+00:00,19.0,20,1.0,25.0695,51.601,2.186,ordinary,open_water,"Doha port, Qatar",25.78,False,False,2,,False
46651550,BO HASHEM 92%,,qatar_control_sept2025,2025-09-21 12:00:00+00:00,2025-09-22 06:00:00+00:00,18.0,18,0.947,25.73778,52.44611,4.59,ordinary,open_water,"Ras Laffan port, Qatar",86.81,False,False,2,,False
352004672,EXPRESS 80,PAN,qatar_control_sept2025,2025-09-21 07:00:00+00:00,2025-09-22 01:00:00+00:00,18.0,19,1.0,26.13947,51.49474,3.592,ordinary,open_water,"Ras Laffan port, Qatar",27.97,False,False,2,,False
371550000,DIMITRA 1,PAN,qatar_control_sept2025,2025-09-22 10:00:00+00:00,2025-09-23 04:00:00+00:00,18.0,19,1.0,26.15316,51.3979,4.469,ordinary,open_water,"Ras Laffan port, Qatar",34.05,False,False,2,,False
466511460,ABO DALKHREM 100%,QAT,qatar_control_sept2025,2025-09-21 13:00:00+00:00,2025-09-22 07:00:00+00:00,18.0,6,0.316,25.73,52.35167,0.835,ordinary,open_water,"Ras Laffan port, Qatar",77.82,False,False,2,,False
466514160,ALBATRUOT         91,QAT,qatar_control_sept2025,2025-09-21 20:00:00+00:00,2025-09-22 14:00:00+00:00,18.0,13,0.684,26.15308,52.29769,2.785,ordinary,open_water,"Ras Laffan port, Qatar",75.0,False,False,2,,False
466514360,FAIDH,QAT,qatar_control_sept2025,2025-09-21 10:00:00+00:00,2025-09-22 04:00:00+00:00,18.0,18,0.947,25.67056,52.41111,4.37,ordinary,open_water,"Ras Laffan port, Qatar",85.4,False,False,2,,False
466526350,HALWAN 100%,QAT,qatar_control_sept2025,2025-09-21 11:00:00+00:00,2025-09-22 05:00:00+00:00,18.0,19,1.0,25.73158,52.44474,3.603,ordinary,open_water,"Ras Laffan port, Qatar",86.83,False,False,2,,False
466531130,ALNASSER 100%,QAT,qatar_control_sept2025,2025-09-20 07:00:00+00:00,2025-09-21 01:00:00+00:00,18.0,14,0.737,25.73071,52.46143,2.863,ordinary,open_water,"Ras Laffan port, Qatar",88.48,False,False,2,,False
466553790,ZANAD 100%,QAT,qatar_control_sept2025,2025-09-21 14:00:00+00:00,2025-09-22 08:00:00+00:00,18.0,16,0.842,26.11937,51.21125,2.143,ordinary,open_water,"Ras Laffan port, Qatar",45.45,False,False,2,,False
466584790,BRAQA 95%,QAT,qatar_control_sept2025,2025-09-21 21:00:00+00:00,2025-09-22 15:00:00+00:00,18.0,11,0.579,25.74182,52.45091,1.599,ordinary,open_water,"Ras Laffan port, Qatar",87.18,False,False,2,,False
466586870,QASEM 95%,QAT,qatar_control_sept2025,2025-09-20 11:00:00+00:00,2025-09-21 05:00:00+00:00,18.0,19,1.0,26.34421,51.90474,4.014,ordinary,open_water,"Ras Laffan port, Qatar",57.48,False,False,2,,False
636024422,SAFA SEARCHER,LBR,qatar_control_sept2025,2025-09-23 05:00:00+00:00,2025-09-23 23:00:00+00:00,18.0,19,1.0,26.04579,51.45316,4.452,ordinary,open_water,"Ras Laffan port, Qatar",21.32,False,False,2,,False
466161000,HALUL14,QAT,qatar_control_sept2025,2025-09-21 14:00:00+00:00,2025-09-22 07:00:00+00:00,17.0,18,1.0,25.50556,52.37722,2.445,ordinary,open_water,"Doha port, Qatar",86.16,False,False,2,,False
466518420,AL MANSOOR,QAT,qatar_control_sept2025,2025-09-23 06:00:00+00:00,2025-09-23 23:00:00+00:00,17.0,6,0.333,25.03167,52.23333,1.918,ordinary,open_water,"Doha port, Qatar",74.73,False,False,2,,False
466530900,,QAT,qatar_control_sept2025,2025-09-20 14:00:00+00:00,2025-09-21 07:00:00+00:00,17.0,18,1.0,25.60056,52.32,1.544,ordinary,open_water,"Ras Laffan port, Qatar",79.78,False,False,2,,False
466545940,UM ALHOUL 2,QAT,qatar_control_sept2025,2025-09-21 19:00:00+00:00,2025-09-22 12:00:00+00:00,17.0,18,1.0,25.01278,51.61444,2.697,ordinary,open_water,"Doha port, Qatar",32.23,False,False,2,,False
466552560,AL KHARARA 2,QAT,qatar_control_sept2025,2025-09-23 06:00:00+00:00,2025-09-23 23:00:00+00:00,17.0,18,1.0,24.93111,51.58111,4.573,ordinary,open_water,"Doha port, Qatar",40.79,False,False,2,,False
466580450,BIN HARDAN,QAT,qatar_control_sept2025,2025-09-20 09:00:00+00:00,2025-09-21 02:00:00+00:00,17.0,14,0.778,25.74643,52.44571,2.411,ordinary,open_water,"Ras Laffan port, Qatar",86.57,False,False,2,,False
466587390,AL QAHER 93%,QAT,qatar_control_sept2025,2025-09-20 09:00:00+00:00,2025-09-21 02:00:00+00:00,17.0,18,1.0,25.94278,52.01944,4.85,ordinary,open_water,"Ras Laffan port, Qatar",42.22,False,False,2,,False
470241000,FUGRO PEGASUS,ARE,qatar_control_sept2025,2025-09-20 12:00:00+00:00,2025-09-21 05:00:00+00:00,17.0,18,1.0,26.02889,51.79667,4.767,ordinary,open_water,"Ras Laffan port, Qatar",24.0,False,False,2,,False
352003778,KHALEJIA ANA 7,PAN,qatar_control_sept2025,2025-09-23 07:00:00+00:00,2025-09-23 23:00:00+00:00,16.0,17,1.0,24.97,51.6,0.0,ordinary,open_water,"Doha port, Qatar",36.68,False,False,2,,False
357968000,GHOUSTA,PAN,qatar_control_sept2025,2025-09-23 07:00:00+00:00,2025-09-23 23:00:00+00:00,16.0,17,1.0,25.33176,51.82,3.14,ordinary,open_water,"Doha port, Qatar",27.31,False,False,2,,False
403733370,,SAU,qatar_control_sept2025,2025-09-22 16:00:00+00:00,2025-09-23 08:00:00+00:00,16.0,8,0.471,24.56,51.47,0.0,ordinary,open_water,"Doha port, Qatar",82.35,False,False,2,,False
466428000,HALUL 48,QAT,qatar_control_sept2025,2025-09-20 00:00:00+00:00,2025-09-20 16:00:00+00:00,16.0,17,1.0,26.1,52.14059,0.94,ordinary,open_water,"Ras Laffan port, Qatar",58.24,False,False,2,,False
466511730,QASED KAREEM 97%,QAT,qatar_control_sept2025,2025-09-22 03:00:00+00:00,2025-09-22 19:00:00+00:00,16.0,9,0.529,25.73889,52.44889,2.896,ordinary,open_water,"Ras Laffan port, Qatar",87.06,False,False,2,,False
466536970,NSW HASSA,QAT,qatar_control_sept2025,2025-09-20 16:00:00+00:00,2025-09-21 08:00:00+00:00,16.0,17,1.0,25.66765,52.41353,3.3,ordinary,open_water,"Ras Laffan port, Qatar",85.74,False,False,2,,False
466537560,NOOR AL BAHAR 0%,QAT,qatar_control_sept2025,2025-09-21 02:00:00+00:00,2025-09-21 18:00:00+00:00,16.0,17,1.0,25.73529,52.46412,2.917,ordinary,open_water,"Ras Laffan port, Qatar",88.63,False,False,2,,False
466538230,DANA 1,QAT,qatar_control_sept2025,2025-09-20 19:00:00+00:00,2025-09-21 11:00:00+00:00,16.0,11,0.647,25.6,52.31909,1.915,ordinary,open_water,"Ras Laffan port, Qatar",79.73,False,False,2,,False
466559250,ABD ALNASER,QAT,qatar_control_sept2025,2025-09-23 07:00:00+00:00,2025-09-23 23:00:00+00:00,16.0,11,0.647,25.03,52.23,0.0,ordinary,open_water,"Doha port, Qatar",74.49,False,False,2,,False
466584410,MUSAFQ ALMOOJ 96%,QAT,qatar_control_sept2025,2025-09-20 15:00:00+00:00,2025-09-21 07:00:00+00:00,16.0,15,0.882,26.24533,52.268,3.512,ordinary,open_water,"Ras Laffan port, Qatar",76.71,False,False,2,,False
470179000,SAFEEN SURVEYOR,ARE,qatar_control_sept2025,2025-09-20 00:00:00+00:00,2025-09-20 16:00:00+00:00,16.0,17,1.0,25.0,51.6,0.0,ordinary,open_water,"Doha port, Qatar",33.38,False,False,2,,False
538007638,AEGIR SELMER,MHL,qatar_control_sept2025,2025-09-21 04:00:00+00:00,2025-09-21 20:00:00+00:00,16.0,17,1.0,25.32941,51.82353,1.716,ordinary,open_water,"Doha port, Qatar",27.62,False,False,2,,False
636093266,HONG KUN MEI GUI,LBR,qatar_control_sept2025,2025-09-21 17:00:00+00:00,2025-09-22 09:00:00+00:00,16.0,17,1.0,25.95647,52.03353,4.995,ordinary,open_water,"Ras Laffan port, Qatar",43.79,False,False,2,,False
248606000,CONSTRUCTOR,MLT,qatar_control_sept2025,2025-09-20 00:00:00+00:00,2025-09-20 15:00:00+00:00,15.0,16,1.0,26.3775,52.06688,1.079,ordinary,open_water,"Ras Laffan port, Qatar",70.19,False,False,2,,False
248606000,CONSTRUCTOR,MLT,qatar_control_sept2025,2025-09-20 16:00:00+00:00,2025-09-21 07:00:00+00:00,15.0,16,1.0,26.38875,52.17625,3.74,ordinary,open_water,"Ras Laffan port, Qatar",78.73,False,False,2,,False
255806220,SPIRIT OF KOLKATA,PRT,qatar_control_sept2025,2025-09-22 09:00:00+00:00,2025-09-23 00:00:00+00:00,15.0,16,1.0,24.93625,51.60062,2.073,ordinary,open_water,"Doha port, Qatar",40.41,False,False,2,,False
325998000,ALLIANZ INTERSPRAY,DMA,qatar_control_sept2025,2025-09-21 11:00:00+00:00,2025-09-22 02:00:00+00:00,15.0,16,1.0,25.72375,51.72,0.695,ordinary,open_water,"Ras Laffan port, Qatar",23.61,False,False,2,,False
376512000,STANFORD NILE,VCT,qatar_control_sept2025,2025-09-21 11:00:00+00:00,2025-09-22 02:00:00+00:00,15.0,16,1.0,25.72563,51.71938,1.854,ordinary,open_water,"Ras Laffan port, Qatar",23.4,False,False,2,,False
466501540,AL JUBAILAT,QAT,qatar_control_sept2025,2025-09-21 00:00:00+00:00,2025-09-21 15:00:00+00:00,15.0,16,1.0,24.93875,51.58,2.085,ordinary,open_water,"Doha port, Qatar",39.93,False,False,2,,False
466502480,ALHAJAN 94%,QAT,qatar_control_sept2025,2025-09-20 15:00:00+00:00,2025-09-21 06:00:00+00:00,15.0,15,0.938,25.96333,52.09867,4.921,ordinary,open_water,"Ras Laffan port, Qatar",50.35,False,False,2,,False
466504570,SNYARI 96%,QAT,qatar_control_sept2025,2025-09-21 14:00:00+00:00,2025-09-22 05:00:00+00:00,15.0,16,1.0,26.34125,51.8125,2.718,ordinary,open_water,"Ras Laffan port, Qatar",52.87,False,False,2,,False
466510950,,QAT,qatar_control_sept2025,2025-09-22 04:00:00+00:00,2025-09-22 19:00:00+00:00,15.0,16,1.0,25.74063,52.44688,2.94,ordinary,open_water,"Ras Laffan port, Qatar",86.82,False,False,2,,False
466511110,TANAJEEB 100%,QAT,qatar_control_sept2025,2025-09-20 13:00:00+00:00,2025-09-21 04:00:00+00:00,15.0,16,1.0,26.1975,51.81313,3.313,ordinary,open_water,"Ras Laffan port, Qatar",38.82,False,False,2,,False
466511350,LABHOOTH,QAT,qatar_control_sept2025,2025-09-20 20:00:00+00:00,2025-09-21 11:00:00+00:00,15.0,16,1.0,25.60125,52.32625,2.806,ordinary,open_water,"Ras Laffan port, Qatar",80.32,False,False,2,,False
466542660,WASSIT-II,QAT,qatar_control_sept2025,2025-09-23 08:00:00+00:00,2025-09-23 23:00:00+00:00,15.0,16,1.0,24.93313,51.57938,3.684,ordinary,open_water,"Doha port, Qatar",40.55,False,False,2,,False
466571400,MAHYOOF 95%,QAT,qatar_control_sept2025,2025-09-20 12:00:00+00:00,2025-09-21 03:00:00+00:00,15.0,16,1.0,26.44875,51.66562,4.331,ordinary,open_water,"Ras Laffan port, Qatar",60.7,False,False,2,,False
466585110,,QAT,qatar_control_sept2025,2025-09-21 11:00:00+00:00,2025-09-22 02:00:00+00:00,15.0,13,0.812,25.69385,52.38231,2.917,ordinary,open_water,"Ras Laffan port, Qatar",81.87,False,False,2,,False
466585460,LMBARAK,QAT,qatar_control_sept2025,2025-09-23 08:00:00+00:00,2025-09-23 23:00:00+00:00,15.0,8,0.5,25.02875,52.23,0.973,ordinary,open_water,"Doha port, Qatar",74.55,False,False,2,,False
466590560,,QAT,qatar_control_sept2025,2025-09-20 14:00:00+00:00,2025-09-21 05:00:00+00:00,15.0,16,1.0,25.73937,52.42563,4.687,ordinary,open_water,"Ras Laffan port, Qatar",84.77,False,False,2,,False
538005940,TOPAZ ISRA,MHL,qatar_control_sept2025,2025-09-20 00:00:00+00:00,2025-09-20 15:00:00+00:00,15.0,16,1.0,26.44187,51.95063,4.998,ordinary,open_water,"Ras Laffan port, Qatar",69.13,False,False,2,,False
636024724,VALIANT,LBR,qatar_control_sept2025,2025-09-23 08:00:00+00:00,2025-09-23 23:00:00+00:00,15.0,16,1.0,24.9,51.64,0.0,ordinary,open_water,"Doha port, Qatar",45.03,False,False,2,,False
636025028,AMS HAWK,LBR,qatar_control_sept2025,2025-09-23 01:00:00+00:00,2025-09-23 16:00:00+00:00,15.0,12,0.75,24.5075,52.4375,2.667,ordinary,open_water,"Doha port, Qatar",125.29,False,False,2,,False
311605000,FUWAIRIT,BHS,qatar_control_sept2025,2025-09-20 00:00:00+00:00,2025-09-20 14:00:00+00:00,14.0,15,1.0,25.81933,51.91933,1.396,ordinary,open_water,"Ras Laffan port, Qatar",33.45,False,False,2,,False
466008000,SIDRA DOHA,QAT,qatar_control_sept2025,2025-09-21 09:00:00+00:00,2025-09-21 23:00:00+00:00,14.0,15,1.0,25.82933,51.89333,1.691,ordinary,open_water,"Ras Laffan port, Qatar",30.64,False,False,2,,False
466087000,FOG 12,QAT,qatar_control_sept2025,2025-09-23 03:00:00+00:00,2025-09-23 17:00:00+00:00,14.0,15,1.0,25.49533,52.36667,2.895,ordinary,open_water,"Doha port, Qatar",84.84,False,False,2,,False
466161000,HALUL14,QAT,qatar_control_sept2025,2025-09-20 00:00:00+00:00,2025-09-20 14:00:00+00:00,14.0,15,1.0,25.50333,52.384,2.52,ordinary,open_water,"Doha port, Qatar",86.75,False,False,2,,False
466325000,HALUL 80,QAT,qatar_control_sept2025,2025-09-20 00:00:00+00:00,2025-09-20 14:00:00+00:00,14.0,15,1.0,25.742,51.94867,1.243,ordinary,open_water,"Ras Laffan port, Qatar",39.45,False,False,2,,False
466423000,MUSHARA 93%,QAT,qatar_control_sept2025,2025-09-22 14:00:00+00:00,2025-09-23 04:00:00+00:00,14.0,15,1.0,26.03867,51.794,2.114,ordinary,open_water,"Ras Laffan port, Qatar",24.42,False,False,2,,False
466511350,LABHOOTH,QAT,qatar_control_sept2025,2025-09-20 00:00:00+00:00,2025-09-20 14:00:00+00:00,14.0,15,1.0,25.59067,52.326,4.392,ordinary,open_water,"Ras Laffan port, Qatar",80.8,False,False,2,,False
466511350,LABHOOTH,QAT,qatar_control_sept2025,2025-09-21 12:00:00+00:00,2025-09-22 02:00:00+00:00,14.0,15,1.0,25.73667,52.35933,4.183,ordinary,open_water,"Ras Laffan port, Qatar",78.38,False,False,2,,False
466513470,ADHAB 3520,QAT,qatar_control_sept2025,2025-09-20 00:00:00+00:00,2025-09-20 14:00:00+00:00,14.0,15,1.0,25.59733,52.33,3.768,ordinary,open_water,"Ras Laffan port, Qatar",80.84,False,False,2,,False
466515650,ALDALOB 92%,QAT,qatar_control_sept2025,2025-09-20 13:00:00+00:00,2025-09-21 03:00:00+00:00,14.0,15,1.0,26.12867,51.99667,4.329,ordinary,open_water,"Ras Laffan port, Qatar",46.8,False,False,2,,False
466530900,,QAT,qatar_control_sept2025,2025-09-21 12:00:00+00:00,2025-09-22 02:00:00+00:00,14.0,15,1.0,25.59067,52.314,1.911,ordinary,open_water,"Ras Laffan port, Qatar",79.72,False,False,2,,False
466542020,MSAAED QATAR 31%,QAT,qatar_control_sept2025,2025-09-20 12:00:00+00:00,2025-09-21 02:00:00+00:00,14.0,8,0.533,26.1975,52.08625,4.767,ordinary,open_water,"Ras Laffan port, Qatar",58.46,False,False,2,,False
466553790,ZANAD 100%,QAT,qatar_control_sept2025,2025-09-20 15:00:00+00:00,2025-09-21 05:00:00+00:00,14.0,14,0.933,26.12,51.21,0.0,ordinary,open_water,"Ras Laffan port, Qatar",45.59,False,False,2,,False
466572690,ALDAKHIL 95%,QAT,qatar_control_sept2025,2025-09-20 00:00:00+00:00,2025-09-20 14:00:00+00:00,14.0,12,0.8,25.9025,52.21833,4.593,ordinary,open_water,"Ras Laffan port, Qatar",61.93,False,False,2,,False
466584410,MUSAFQ ALMOOJ 96%,QAT,qatar_control_sept2025,2025-09-22 11:00:00+00:00,2025-09-23 01:00:00+00:00,14.0,14,0.933,26.30643,52.27714,4.897,ordinary,open_water,"Ras Laffan port, Qatar",81.02,False,False,2,,False
525119032,VOYAGER EXPLORER,IDN,qatar_control_sept2025,2025-09-23 00:00:00+00:00,2025-09-23 14:00:00+00:00,14.0,15,1.0,26.17933,51.52067,3.827,ordinary,open_water,"Ras Laffan port, Qatar",31.38,False,False,2,,False
538011198,CELSIUS EMMEN,MHL,qatar_control_sept2025,2025-09-21 18:00:00+00:00,2025-09-22 08:00:00+00:00,14.0,15,1.0,25.02867,51.60067,2.279,ordinary,open_water,"Doha port, Qatar",30.24,False,False,2,,False
255806220,SPIRIT OF KOLKATA,PRT,qatar_control_sept2025,2025-09-23 10:00:00+00:00,2025-09-23 23:00:00+00:00,13.0,14,1.0,24.93,51.63,0.0,ordinary,open_water,"Doha port, Qatar",41.56,False,False,2,,False
356949000,SURFER 19003,PAN,qatar_control_sept2025,2025-09-21 14:00:00+00:00,2025-09-22 03:00:00+00:00,13.0,14,1.0,25.67,52.41,0.0,ordinary,open_water,"Ras Laffan port, Qatar",85.32,False,False,2,,False
372040000,ELM GALAXY,PAN,qatar_control_sept2025,2025-09-20 00:00:00+00:00,2025-09-20 13:00:00+00:00,13.0,14,1.0,24.93,51.58,0.0,ordinary,open_water,"Doha port, Qatar",40.9,False,False,2,,False
376435000,QMS CARDINAL,VCT,qatar_control_sept2025,2025-09-21 03:00:00+00:00,2025-09-21 16:00:00+00:00,13.0,14,1.0,26.46143,52.03286,2.986,ordinary,open_water,"Ras Laffan port, Qatar",75.4,False,False,2,,False
419001655,PINE GAS,IND,qatar_control_sept2025,2025-09-20 00:00:00+00:00,2025-09-20 13:00:00+00:00,13.0,14,1.0,25.86,51.81,0.0,ordinary,open_water,"Ras Laffan port, Qatar",21.7,False,False,2,,False
466504580,BU FARAH 94%,QAT,qatar_control_sept2025,2025-09-21 15:00:00+00:00,2025-09-22 04:00:00+00:00,13.0,14,1.0,26.29929,52.14143,3.027,ordinary,open_water,"Ras Laffan port, Qatar",69.59,False,False,2,,False
466505900,EZAAJ 100%,QAT,qatar_control_sept2025,2025-09-20 17:00:00+00:00,2025-09-21 06:00:00+00:00,13.0,14,1.0,26.41357,52.03072,4.117,ordinary,open_water,"Ras Laffan port, Qatar",70.99,False,False,2,,False
466518590,BRAQ LAFFAN 94%,QAT,qatar_control_sept2025,2025-09-20 00:00:00+00:00,2025-09-20 13:00:00+00:00,13.0,9,0.643,26.14,51.21,0.0,ordinary,open_water,"Ras Laffan port, Qatar",46.79,False,False,2,,False
466528990,BIN NAJI,QAT,qatar_control_sept2025,2025-09-21 13:00:00+00:00,2025-09-22 02:00:00+00:00,13.0,14,1.0,25.68214,52.40714,3.406,ordinary,open_water,"Ras Laffan port, Qatar",84.63,False,False,2,,False
466536690,NSW ZIKREET,QAT,qatar_control_sept2025,2025-09-21 14:00:00+00:00,2025-09-22 03:00:00+00:00,13.0,14,1.0,25.66929,52.41071,1.39,ordinary,open_water,"Ras Laffan port, Qatar",85.41,False,False,2,,False
466536980,NSW HUWAILAH,QAT,qatar_control_sept2025,2025-09-21 08:00:00+00:00,2025-09-21 21:00:00+00:00,13.0,14,1.0,25.67,52.41,0.0,ordinary,open_water,"Ras Laffan port, Qatar",85.32,False,False,2,,False
466545950,RAAD,QAT,qatar_control_sept2025,2025-09-20 08:00:00+00:00,2025-09-20 21:00:00+00:00,13.0,12,0.857,25.01167,51.6125,3.44,ordinary,open_water,"Doha port, Qatar",32.31,False,False,2,,False
466550710,AL MASTOOR 96%,QAT,qatar_control_sept2025,2025-09-22 02:00:00+00:00,2025-09-22 15:00:00+00:00,13.0,14,1.0,26.01143,52.47643,3.197,ordinary,open_water,"Ras Laffan port, Qatar",88.48,False,False,2,,False
466577600,BIN JASSUM 100%,QAT,qatar_control_sept2025,2025-09-20 15:00:00+00:00,2025-09-21 04:00:00+00:00,13.0,14,1.0,26.18857,51.82714,2.131,ordinary,open_water,"Ras Laffan port, Qatar",38.8,False,False,2,,False
466584410,MUSAFQ ALMOOJ 96%,QAT,qatar_control_sept2025,2025-09-20 00:00:00+00:00,2025-09-20 13:00:00+00:00,13.0,11,0.786,26.27909,52.24636,3.627,ordinary,open_water,"Ras Laffan port, Qatar",76.79,False,False,2,,False
466584410,MUSAFQ ALMOOJ 96%,QAT,qatar_control_sept2025,2025-09-21 15:00:00+00:00,2025-09-22 04:00:00+00:00,13.0,14,1.0,26.22714,52.26,3.787,ordinary,open_water,"Ras Laffan port, Qatar",75.04,False,False,2,,False
466585010,ALMAYMOON,QAT,qatar_control_sept2025,2025-09-21 14:00:00+00:00,2025-09-22 03:00:00+00:00,13.0,14,1.0,25.73071,52.35071,1.39,ordinary,open_water,"Ras Laffan port, Qatar",77.71,False,False,2,,False
466587476,QASED KHAIR 100%,QAT,qatar_control_sept2025,2025-09-23 10:00:00+00:00,2025-09-23 23:00:00+00:00,13.0,12,0.857,26.41417,52.0925,4.128,ordinary,open_water,"Ras Laffan port, Qatar",74.94,False,False,2,,False
466588370,ALWASEEL 95%,QAT,qatar_control_sept2025,2025-09-21 09:00:00+00:00,2025-09-21 22:00:00+00:00,13.0,14,1.0,26.40357,51.84286,4.897,ordinary,open_water,"Ras Laffan port, Qatar",60.43,False,False,2,,False
466590560,,QAT,qatar_control_sept2025,2025-09-20 00:00:00+00:00,2025-09-20 13:00:00+00:00,13.0,14,1.0,25.73857,52.43357,2.641,ordinary,open_water,"Ras Laffan port, Qatar",85.57,False,False,2,,False
466591230,ALNAN 100%,QAT,qatar_control_sept2025,2025-09-21 16:00:00+00:00,2025-09-22 05:00:00+00:00,13.0,8,0.571,26.2725,52.2625,4.319,ordinary,open_water,"Ras Laffan port, Qatar",77.77,False,False,2,,False
470340000,SEP 450,ARE,qatar_control_sept2025,2025-09-21 12:00:00+00:00,2025-09-22 01:00:00+00:00,13.0,14,1.0,24.58214,52.42643,4.883,ordinary,open_water,"Doha port, Qatar",118.77,False,False,2,,False
470445000,MUTAWA 312,ARE,qatar_control_sept2025,2025-09-21 17:00:00+00:00,2025-09-22 06:00:00+00:00,13.0,14,1.0,24.51429,52.44214,4.015,ordinary,open_water,"Doha port, Qatar",125.09,False,False,2,,False
538007638,AEGIR SELMER,MHL,qatar_control_sept2025,2025-09-23 10:00:00+00:00,2025-09-23 23:00:00+00:00,13.0,14,1.0,24.96,51.6,0.0,ordinary,open_water,"Doha port, Qatar",37.78,False,False,2,,False
636025028,AMS HAWK,LBR,qatar_control_sept2025,2025-09-21 13:00:00+00:00,2025-09-22 02:00:00+00:00,13.0,14,1.0,24.59286,52.44428,3.481,ordinary,open_water,"Doha port, Qatar",119.32,False,False,2,,False
248606000,CONSTRUCTOR,MLT,qatar_control_sept2025,2025-09-23 11:00:00+00:00,2025-09-23 23:00:00+00:00,12.0,13,1.0,26.40308,52.12308,1.034,ordinary,open_water,"Ras Laffan port, Qatar",76.08,False,False,2,,False
311000317,AFRICAN ROOK,BHS,qatar_control_sept2025,2025-09-22 20:00:00+00:00,2025-09-23 08:00:00+00:00,12.0,13,1.0,25.01,51.60077,0.93,ordinary,open_water,"Doha port, Qatar",32.29,False,False,2,,False
356949000,SURFER 19003,PAN,qatar_control_sept2025,2025-09-20 14:00:00+00:00,2025-09-21 02:00:00+00:00,12.0,13,1.0,25.67,52.41154,1.85,ordinary,open_water,"Ras Laffan port, Qatar",85.46,False,False,2,,False
357220000,MIMMI,PAN,qatar_control_sept2025,2025-09-23 00:00:00+00:00,2025-09-23 12:00:00+00:00,12.0,13,1.0,25.74,51.72308,4.458,ordinary,open_water,"Ras Laffan port, Qatar",22.25,False,False,2,,False
466009000,SIDRA AL KHOR,QAT,qatar_control_sept2025,2025-09-20 04:00:00+00:00,2025-09-20 16:00:00+00:00,12.0,13,1.0,25.82154,51.85615,3.623,ordinary,open_water,"Ras Laffan port, Qatar",27.38,False,False,2,,False
466123459,QATAR DEMO 4,QAT,qatar_control_sept2025,2025-09-23 11:00:00+00:00,2025-09-23 23:00:00+00:00,12.0,13,1.0,25.67,52.41,0.0,ordinary,open_water,"Ras Laffan port, Qatar",85.32,False,False,2,,False
466501310,MQ5,QAT,qatar_control_sept2025,2025-09-23 03:00:00+00:00,2025-09-23 15:00:00+00:00,12.0,13,1.0,25.02077,51.61769,4.907,ordinary,open_water,"Doha port, Qatar",31.43,False,False,2,,False
466502480,ALHAJAN 94%,QAT,qatar_control_sept2025,2025-09-21 14:00:00+00:00,2025-09-22 02:00:00+00:00,12.0,13,1.0,25.94308,52.00231,3.543,ordinary,open_water,"Ras Laffan port, Qatar",40.52,False,False,2,,False
466514580,NOOR AL BATH 3407,QAT,qatar_control_sept2025,2025-09-20 00:00:00+00:00,2025-09-20 12:00:00+00:00,12.0,13,1.0,26.29692,52.22231,4.972,ordinary,open_water,"Ras Laffan port, Qatar",75.89,False,False,2,,False
466514710,AL ANABI 0%,QAT,qatar_control_sept2025,2025-09-21 01:00:00+00:00,2025-09-21 13:00:00+00:00,12.0,12,0.923,25.375,51.855,4.173,ordinary,open_water,"Doha port, Qatar",31.75,False,False,2,,False
466514710,AL ANABI 0%,QAT,qatar_control_sept2025,2025-09-21 23:00:00+00:00,2025-09-22 11:00:00+00:00,12.0,13,1.0,25.37,51.85692,1.314,ordinary,open_water,"Doha port, Qatar",31.79,False,False,2,,False
466514780,ALHAKEM 100%,QAT,qatar_control_sept2025,2025-09-20 00:00:00+00:00,2025-09-20 12:00:00+00:00,12.0,13,1.0,25.58615,52.33231,3.407,ordinary,open_water,"Ras Laffan port, Qatar",81.59,False,False,2,,False
466515010,ALSHHID BELAH 96%,QAT,qatar_control_sept2025,2025-09-21 19:00:00+00:00,2025-09-22 07:00:00+00:00,12.0,7,0.538,25.74429,52.43857,1.753,ordinary,open_water,"Ras Laffan port, Qatar",85.92,False,False,2,,False
466515650,ALDALOB 92%,QAT,qatar_control_sept2025,2025-09-21 14:00:00+00:00,2025-09-22 02:00:00+00:00,12.0,11,0.846,26.12,51.98182,0.817,ordinary,open_water,"Ras Laffan port, Qatar",45.03,False,False,2,,False
466536680,NSW AL SHUAIBA,QAT,qatar_control_sept2025,2025-09-21 15:00:00+00:00,2025-09-22 03:00:00+00:00,12.0,13,1.0,25.66846,52.41077,1.319,ordinary,open_water,"Ras Laffan port, Qatar",85.44,False,False,2,,False
466536690,NSW ZIKREET,QAT,qatar_control_sept2025,2025-09-20 15:00:00+00:00,2025-09-21 03:00:00+00:00,12.0,13,1.0,25.67,52.41,0.0,ordinary,open_water,"Ras Laffan port, Qatar",85.32,False,False,2,,False
466536970,NSW HASSA,QAT,qatar_control_sept2025,2025-09-23 01:00:00+00:00,2025-09-23 13:00:00+00:00,12.0,13,1.0,25.67,52.41,0.0,ordinary,open_water,"Ras Laffan port, Qatar",85.32,False,False,2,,False
466536980,NSW HUWAILAH,QAT,qatar_control_sept2025,2025-09-23 01:00:00+00:00,2025-09-23 13:00:00+00:00,12.0,13,1.0,25.67,52.41,0.0,ordinary,open_water,"Ras Laffan port, Qatar",85.32,False,False,2,,False
466541720,ALMELAIHAT,QAT,qatar_control_sept2025,2025-09-20 09:00:00+00:00,2025-09-20 21:00:00+00:00,12.0,13,1.0,24.93462,51.58154,4.963,ordinary,open_water,"Doha port, Qatar",40.4,False,False,2,,False
466544340,MAKHAWI ALLAIL 100%,QAT,qatar_control_sept2025,2025-09-21 15:00:00+00:00,2025-09-22 03:00:00+00:00,12.0,10,0.769,25.669,52.381,1.347,ordinary,open_water,"Ras Laffan port, Qatar",82.6,False,False,2,,False
466545880,JARAH 1 100%,QAT,qatar_control_sept2025,2025-09-22 14:00:00+00:00,2025-09-23 02:00:00+00:00,12.0,13,1.0,26.06,52.4,0.0,ordinary,open_water,"Ras Laffan port, Qatar",81.85,False,False,2,,False
466585010,ALMAYMOON,QAT,qatar_control_sept2025,2025-09-22 04:00:00+00:00,2025-09-22 16:00:00+00:00,12.0,13,1.0,25.73692,52.45,2.146,ordinary,open_water,"Ras Laffan port, Qatar",87.21,False,False,2,,False
466585150,AL NJAM 94%,QAT,qatar_control_sept2025,2025-09-20 02:00:00+00:00,2025-09-20 14:00:00+00:00,12.0,8,0.615,26.145,51.2075,3.283,ordinary,open_water,"Ras Laffan port, Qatar",47.3,False,False,2,,False
466585200,AIN ALMAHA 94%,QAT,qatar_control_sept2025,2025-09-20 15:00:00+00:00,2025-09-21 03:00:00+00:00,12.0,10,0.769,25.061,52.43,2.357,ordinary,open_water,"Doha port, Qatar",92.25,False,False,2,,False
466587250,BATRAN 99%,QAT,qatar_control_sept2025,2025-09-21 11:00:00+00:00,2025-09-21 23:00:00+00:00,12.0,13,1.0,25.74769,52.45,1.317,ordinary,open_water,"Ras Laffan port, Qatar",86.96,False,False,2,,False
466587390,AL QAHER 93%,QAT,qatar_control_sept2025,2025-09-21 15:00:00+00:00,2025-09-22 03:00:00+00:00,12.0,13,1.0,26.20846,51.96308,4.775,ordinary,open_water,"Ras Laffan port, Qatar",49.51,False,False,2,,False
565339000,LANPAN 6,SGP,qatar_control_sept2025,2025-09-21 20:00:00+00:00,2025-09-22 08:00:00+00:00,12.0,13,1.0,25.93846,52.02461,3.486,ordinary,open_water,"Ras Laffan port, Qatar",42.7,False,False,2,,False
636022266,GMS ATRIA,LBR,qatar_control_sept2025,2025-09-22 11:00:00+00:00,2025-09-22 23:00:00+00:00,12.0,13,1.0,26.24154,52.32692,1.932,ordinary,open_water,"Ras Laffan port, Qatar",81.7,False,False,2,,False
311000638,LICHTENSTEIN,BHS,qatar_control_sept2025,2025-09-21 20:00:00+00:00,2025-09-22 07:00:00+00:00,11.0,12,1.0,25.95917,52.03167,3.528,ordinary,open_water,"Ras Laffan port, Qatar",43.65,False,False,2,,False
403702660,MADAN ALAWAL,SAU,qatar_control_sept2025,2025-09-22 20:00:00+00:00,2025-09-23 07:00:00+00:00,11.0,3,0.25,24.56,51.47,0.0,ordinary,open_water,"Doha port, Qatar",82.35,False,False,2,,False
422089300,AVISA 3,IRN,qatar_control_sept2025,2025-09-21 17:00:00+00:00,2025-09-22 04:00:00+00:00,11.0,8,0.667,26.4825,52.36625,4.678,ordinary,open_water,"Ras Laffan port, Qatar",99.83,False,False,2,,False
466130000,HALUL26,QAT,qatar_control_sept2025,2025-09-20 20:00:00+00:00,2025-09-21 07:00:00+00:00,11.0,12,1.0,25.66917,52.40917,1.372,ordinary,open_water,"Ras Laffan port, Qatar",85.27,False,False,2,,False
466230000,HALUL 37,QAT,qatar_control_sept2025,2025-09-21 02:00:00+00:00,2025-09-21 13:00:00+00:00,11.0,12,1.0,25.48333,52.36,3.707,ordinary,open_water,"Doha port, Qatar",83.86,False,False,2,,False
466501320,MQ6,QAT,qatar_control_sept2025,2025-09-23 12:00:00+00:00,2025-09-23 23:00:00+00:00,11.0,12,1.0,25.01,51.61,0.0,ordinary,open_water,"Doha port, Qatar",32.45,False,False,2,,False
466501540,AL JUBAILAT,QAT,qatar_control_sept2025,2025-09-20 06:00:00+00:00,2025-09-20 17:00:00+00:00,11.0,12,1.0,24.94,51.58,0.0,ordinary,open_water,"Doha port, Qatar",39.79,False,False,2,,False
466502410,ISTOOL ALSHAMAL 94%,QAT,qatar_control_sept2025,2025-09-20 16:00:00+00:00,2025-09-21 03:00:00+00:00,11.0,12,1.0,26.46167,51.39667,2.812,ordinary,open_water,"Ras Laffan port, Qatar",65.0,False,False,2,,False
466503230,BUSATALREEH 95%,QAT,qatar_control_sept2025,2025-09-20 04:00:00+00:00,2025-09-20 15:00:00+00:00,11.0,12,1.0,25.7375,52.44583,1.61,ordinary,open_water,"Ras Laffan port, Qatar",86.79,False,False,2,,False
466504570,SNYARI 96%,QAT,qatar_control_sept2025,2025-09-20 17:00:00+00:00,2025-09-21 04:00:00+00:00,11.0,12,1.0,26.22417,52.09,1.761,ordinary,open_water,"Ras Laffan port, Qatar",60.45,False,False,2,,False
466511740,HARBI 3053,QAT,qatar_control_sept2025,2025-09-20 15:00:00+00:00,2025-09-21 02:00:00+00:00,11.0,11,0.917,25.02818,52.23091,2.22,ordinary,open_water,"Doha port, Qatar",74.66,False,False,2,,False
466512130,BARZAN 93%,QAT,qatar_control_sept2025,2025-09-23 12:00:00+00:00,2025-09-23 23:00:00+00:00,11.0,10,0.833,25.67,52.413,0.701,ordinary,open_water,"Ras Laffan port, Qatar",85.6,False,False,2,,False
466512290,ALSAED 94%,QAT,qatar_control_sept2025,2025-09-20 15:00:00+00:00,2025-09-21 02:00:00+00:00,11.0,11,0.917,25.61,52.32091,0.912,ordinary,open_water,"Ras Laffan port, Qatar",79.42,False,False,2,,False
466515000,,QAT,qatar_control_sept2025,2025-09-20 00:00:00+00:00,2025-09-20 11:00:00+00:00,11.0,12,1.0,25.57417,52.33583,2.371,ordinary,open_water,"Ras Laffan port, Qatar",82.5,False,False,2,,False
466515710,RALFARAS 100%,QAT,qatar_control_sept2025,2025-09-20 16:00:00+00:00,2025-09-21 03:00:00+00:00,11.0,11,0.917,25.94273,52.14364,4.018,ordinary,open_water,"Ras Laffan port, Qatar",54.6,False,False,2,,False
466516320,,QAT,qatar_control_sept2025,2025-09-21 16:00:00+00:00,2025-09-22 03:00:00+00:00,11.0,12,1.0,25.74083,52.25667,3.811,ordinary,open_water,"Ras Laffan port, Qatar",68.32,False,False,2,,False
466517620,AL SHABH 3562,QAT,qatar_control_sept2025,2025-09-22 10:00:00+00:00,2025-09-22 21:00:00+00:00,11.0,12,1.0,25.7325,52.35667,2.172,ordinary,open_water,"Ras Laffan port, Qatar",78.24,False,False,2,,False
466518690,MQ8,QAT,qatar_control_sept2025,2025-09-20 02:00:00+00:00,2025-09-20 13:00:00+00:00,11.0,12,1.0,26.14,51.21,0.0,ordinary,open_water,"Ras Laffan port, Qatar",46.79,False,False,2,,False
466518690,MQ8,QAT,qatar_control_sept2025,2025-09-21 02:00:00+00:00,2025-09-21 13:00:00+00:00,11.0,12,1.0,26.14,51.21,0.0,ordinary,open_water,"Ras Laffan port, Qatar",46.79,False,False,2,,False
466518690,MQ8,QAT,qatar_control_sept2025,2025-09-23 02:00:00+00:00,2025-09-23 13:00:00+00:00,11.0,12,1.0,26.14083,51.20917,1.37,ordinary,open_water,"Ras Laffan port, Qatar",46.91,False,False,2,,False
466529580,ALMAGAZ 93%,QAT,qatar_control_sept2025,2025-09-20 03:00:00+00:00,2025-09-20 14:00:00+00:00,11.0,12,1.0,25.58917,52.33,4.65,ordinary,open_water,"Ras Laffan port, Qatar",81.24,False,False,2,,False
466529580,ALMAGAZ 93%,QAT,qatar_control_sept2025,2025-09-21 15:00:00+00:00,2025-09-22 02:00:00+00:00,11.0,12,1.0,25.73833,52.36,2.039,ordinary,open_water,"Ras Laffan port, Qatar",78.4,False,False,2,,False
466532530,NAJIB 100%,QAT,qatar_control_sept2025,2025-09-21 15:00:00+00:00,2025-09-22 02:00:00+00:00,11.0,12,1.0,26.36,51.32,0.0,ordinary,open_water,"Ras Laffan port, Qatar",57.66,False,False,2,,False
466536700,NSW AL YAMAMA,QAT,qatar_control_sept2025,2025-09-21 18:00:00+00:00,2025-09-22 05:00:00+00:00,11.0,12,1.0,25.67,52.41,0.0,ordinary,open_water,"Ras Laffan port, Qatar",85.32,False,False,2,,False
466543080,SUHAILAL WAKRA 100%,QAT,qatar_control_sept2025,2025-09-21 15:00:00+00:00,2025-09-22 02:00:00+00:00,11.0,12,1.0,25.73,52.44,0.0,ordinary,open_water,"Ras Laffan port, Qatar",86.41,False,False,2,,False
466545990,ALSAHM 95%,QAT,qatar_control_sept2025,2025-09-20 14:00:00+00:00,2025-09-21 01:00:00+00:00,11.0,12,1.0,25.24167,51.81083,2.237,ordinary,open_water,"Doha port, Qatar",26.83,False,False,2,,False
466547160,AJMAN 100%,QAT,qatar_control_sept2025,2025-09-21 03:00:00+00:00,2025-09-21 14:00:00+00:00,11.0,10,0.833,26.26,51.912,1.633,ordinary,open_water,"Ras Laffan port, Qatar",50.24,False,False,2,,False
466547160,AJMAN 100%,QAT,qatar_control_sept2025,2025-09-21 15:00:00+00:00,2025-09-22 02:00:00+00:00,11.0,12,1.0,26.2025,51.81667,4.162,ordinary,open_water,"Ras Laffan port, Qatar",39.47,False,False,2,,False
466549120,,QAT,qatar_control_sept2025,2025-09-21 15:00:00+00:00,2025-09-22 02:00:00+00:00,11.0,10,0.833,26.325,52.07,4.907,ordinary,open_water,"Ras Laffan port, Qatar",66.18,False,False,2,,False
466556950,BU ADADI 2 97%,QAT,qatar_control_sept2025,2025-09-21 16:00:00+00:00,2025-09-22 03:00:00+00:00,11.0,12,1.0,25.70917,52.2575,4.32,ordinary,open_water,"Ras Laffan port, Qatar",69.44,False,False,2,,False
466584880,FALAH 93%,QAT,qatar_control_sept2025,2025-09-20 13:00:00+00:00,2025-09-21 00:00:00+00:00,11.0,12,1.0,25.8975,52.36417,4.235,ordinary,open_water,"Ras Laffan port, Qatar",76.52,False,False,2,,False
466584920,KHSHIF ALREEM 100%,QAT,qatar_control_sept2025,2025-09-21 11:00:00+00:00,2025-09-21 22:00:00+00:00,11.0,12,1.0,25.8775,52.46417,4.984,ordinary,open_water,"Ras Laffan port, Qatar",86.58,False,False,2,,False
466585430,FATEA ALKHAEER,QAT,qatar_control_sept2025,2025-09-21 00:00:00+00:00,2025-09-21 11:00:00+00:00,11.0,10,0.833,25.4,51.861,4.449,ordinary,open_water,"Doha port, Qatar",33.18,False,False,2,,False
466586650,AL SHABAH 100%,QAT,qatar_control_sept2025,2025-09-22 10:00:00+00:00,2025-09-22 21:00:00+00:00,11.0,11,0.917,25.73273,52.35727,1.757,ordinary,open_water,"Ras Laffan port, Qatar",78.29,False,False,2,,False
466586870,QASEM 95%,QAT,qatar_control_sept2025,2025-09-21 17:00:00+00:00,2025-09-22 04:00:00+00:00,11.0,12,1.0,26.1075,51.55417,2.93,ordinary,open_water,"Ras Laffan port, Qatar",22.84,False,False,2,,False
466586890,,QAT,qatar_control_sept2025,2025-09-21 13:00:00+00:00,2025-09-22 00:00:00+00:00,11.0,6,0.5,25.73,52.36,0.0,ordinary,open_water,"Ras Laffan port, Qatar",78.63,False,False,2,,False
466590260,MANSOOR 100%,QAT,qatar_control_sept2025,2025-09-20 14:00:00+00:00,2025-09-21 01:00:00+00:00,11.0,12,1.0,25.2425,51.81167,3.571,ordinary,open_water,"Doha port, Qatar",26.89,False,False,2,,False
466590670,ALBAREH 96%,QAT,qatar_control_sept2025,2025-09-20 14:00:00+00:00,2025-09-21 01:00:00+00:00,11.0,12,1.0,25.14667,51.95833,1.989,ordinary,open_water,"Doha port, Qatar",44.24,False,False,2,,False
467382304,,,qatar_control_sept2025,2025-09-22 07:00:00+00:00,2025-09-22 18:00:00+00:00,11.0,4,0.333,26.45,52.0,0.0,ordinary,open_water,"Ras Laffan port, Qatar",72.51,False,False,2,,False
563117300,ASTRO AQUILA,SGP,qatar_control_sept2025,2025-09-23 12:00:00+00:00,2025-09-23 23:00:00+00:00,11.0,12,1.0,25.00167,51.6025,3.44,ordinary,open_water,"Doha port, Qatar",33.23,False,False,2,,False
563146100,LEONORA KOSAN,SGP,qatar_control_sept2025,2025-09-22 02:00:00+00:00,2025-09-22 13:00:00+00:00,11.0,12,1.0,24.92917,51.62917,1.376,ordinary,open_water,"Doha port, Qatar",41.64,False,False,2,,False
564959000,BRITOIL 41,SGP,qatar_control_sept2025,2025-09-20 00:00:00+00:00,2025-09-20 11:00:00+00:00,11.0,12,1.0,25.74917,51.725,4.782,ordinary,open_water,"Ras Laffan port, Qatar",21.52,False,False,2,,False
565339000,LANPAN 6,SGP,qatar_control_sept2025,2025-09-20 11:00:00+00:00,2025-09-20 22:00:00+00:00,11.0,12,1.0,26.075,52.14,4.034,ordinary,open_water,"Ras Laffan port, Qatar",57.22,False,False,2,,False
565339000,LANPAN 6,SGP,qatar_control_sept2025,2025-09-22 16:00:00+00:00,2025-09-23 03:00:00+00:00,11.0,12,1.0,25.74167,51.72667,4.344,ordinary,open_water,"Ras Laffan port, Qatar",22.3,False,False,2,,False
636025028,AMS HAWK,LBR,qatar_control_sept2025,2025-09-22 03:00:00+00:00,2025-09-22 14:00:00+00:00,11.0,12,1.0,24.51,52.425,1.222,ordinary,open_water,"Doha port, Qatar",124.19,False,False,2,,False
215219000,CMA CGM VON HUMBOLD,MLT,qatar_control_sept2025,2025-09-23 13:00:00+00:00,2025-09-23 23:00:00+00:00,10.0,11,1.0,25.01909,51.6,1.011,ordinary,open_water,"Doha port, Qatar",31.28,False,False,2,,False
351841000,SPRINTER,PAN,qatar_control_sept2025,2025-09-23 11:00:00+00:00,2025-09-23 21:00:00+00:00,10.0,11,1.0,25.02818,51.60363,3.775,ordinary,open_water,"Doha port, Qatar",30.34,False,False,2,,False
352517000,BALTIMORE HIGHWAY,PAN,qatar_control_sept2025,2025-09-21 14:00:00+00:00,2025-09-22 00:00:00+00:00,10.0,11,1.0,25.01091,51.60363,3.801,ordinary,open_water,"Doha port, Qatar",32.24,False,False,2,,False
403703260,YOUSEF ALSADIS,SAU,qatar_control_sept2025,2025-09-22 23:00:00+00:00,2025-09-23 09:00:00+00:00,10.0,4,0.364,24.56,51.47,0.0,ordinary,open_water,"Doha port, Qatar",82.35,False,False,2,,False
403768060,GAMEL ALBAHR 1,SAU,qatar_control_sept2025,2025-09-21 00:00:00+00:00,2025-09-21 10:00:00+00:00,10.0,4,0.364,24.56,51.47,0.0,ordinary,open_water,"Doha port, Qatar",82.35,False,False,2,,False
413046070,WEI LI,CHN,qatar_control_sept2025,2025-09-22 22:00:00+00:00,2025-09-23 08:00:00+00:00,10.0,11,1.0,25.63273,52.22273,3.723,ordinary,open_water,"Ras Laffan port, Qatar",69.44,False,False,2,,False
466028000,HALUL 29,QAT,qatar_control_sept2025,2025-09-20 00:00:00+00:00,2025-09-20 10:00:00+00:00,10.0,11,1.0,25.64545,52.45091,4.926,ordinary,open_water,"Ras Laffan port, Qatar",90.07,False,False,2,,False
466044000,HALUL 28,QAT,qatar_control_sept2025,2025-09-21 02:00:00+00:00,2025-09-21 12:00:00+00:00,10.0,11,1.0,25.5,52.37273,2.737,ordinary,open_water,"Doha port, Qatar",85.56,False,False,2,,False
466230000,HALUL 37,QAT,qatar_control_sept2025,2025-09-20 15:00:00+00:00,2025-09-21 01:00:00+00:00,10.0,11,1.0,25.51455,52.38,0.607,ordinary,open_water,"Doha port, Qatar",86.7,False,False,2,,False
466502460,ALASAD 90%,QAT,qatar_control_sept2025,2025-09-23 06:00:00+00:00,2025-09-23 16:00:00+00:00,10.0,9,0.818,26.39778,51.56222,4.559,ordinary,open_water,"Ras Laffan port, Qatar",54.8,False,False,2,,False
466507440,,QAT,qatar_control_sept2025,2025-09-20 15:00:00+00:00,2025-09-21 01:00:00+00:00,10.0,7,0.636,25.74429,52.43571,2.138,ordinary,open_water,"Ras Laffan port, Qatar",85.64,False,False,2,,False
466514580,NOOR AL BATH 3407,QAT,qatar_control_sept2025,2025-09-21 14:00:00+00:00,2025-09-22 00:00:00+00:00,10.0,10,0.909,26.273,51.966,4.863,ordinary,open_water,"Ras Laffan port, Qatar",54.83,False,False,2,,False
466515550,,QAT,qatar_control_sept2025,2025-09-21 12:00:00+00:00,2025-09-21 22:00:00+00:00,10.0,7,0.636,26.14,51.21,0.0,ordinary,open_water,"Ras Laffan port, Qatar",46.79,False,False,2,,False
466517130,SHIMAA,QAT,qatar_control_sept2025,2025-09-20 01:00:00+00:00,2025-09-20 11:00:00+00:00,10.0,9,0.818,25.74333,52.43111,1.337,ordinary,open_water,"Ras Laffan port, Qatar",85.21,False,False,2,,False
466518690,MQ8,QAT,qatar_control_sept2025,2025-09-22 02:00:00+00:00,2025-09-22 12:00:00+00:00,10.0,11,1.0,26.14,51.21,0.0,ordinary,open_water,"Ras Laffan port, Qatar",46.79,False,False,2,,False
466528990,BIN NAJI,QAT,qatar_control_sept2025,2025-09-20 17:00:00+00:00,2025-09-21 03:00:00+00:00,10.0,11,1.0,25.67727,52.39727,2.681,ordinary,open_water,"Ras Laffan port, Qatar",83.85,False,False,2,,False
466531190,,QAT,qatar_control_sept2025,2025-09-20 00:00:00+00:00,2025-09-20 10:00:00+00:00,10.0,7,0.636,25.68143,51.53,0.953,ordinary,open_water,"Ras Laffan port, Qatar",25.93,False,False,2,,False
466533310,ALGAYLA,QAT,qatar_control_sept2025,2025-09-20 00:00:00+00:00,2025-09-20 10:00:00+00:00,10.0,11,1.0,24.80091,51.96091,1.365,ordinary,open_water,"Doha port, Qatar",68.89,False,False,2,,False
466534300,ALFANOOS 94%,QAT,qatar_control_sept2025,2025-09-22 16:00:00+00:00,2025-09-23 02:00:00+00:00,10.0,11,1.0,25.74818,52.08455,4.981,ordinary,open_water,"Ras Laffan port, Qatar",51.65,False,False,2,,False
466547160,AJMAN 100%,QAT,qatar_control_sept2025,2025-09-20 03:00:00+00:00,2025-09-20 13:00:00+00:00,10.0,11,1.0,26.25909,51.91273,1.273,ordinary,open_water,"Ras Laffan port, Qatar",50.21,False,False,2,,False
466549810,AL HAMROOR,QAT,qatar_control_sept2025,2025-09-20 05:00:00+00:00,2025-09-20 15:00:00+00:00,10.0,11,1.0,26.05909,52.22273,1.728,ordinary,open_water,"Ras Laffan port, Qatar",64.61,False,False,2,,False
466556790,TARTWB 100%,QAT,qatar_control_sept2025,2025-09-20 03:00:00+00:00,2025-09-20 13:00:00+00:00,10.0,11,1.0,25.59182,52.33091,2.913,ordinary,open_water,"Ras Laffan port, Qatar",81.19,False,False,2,,False
466571400,MAHYOOF 95%,QAT,qatar_control_sept2025,2025-09-23 02:00:00+00:00,2025-09-23 12:00:00+00:00,10.0,5,0.455,25.69,51.52,0.0,ordinary,open_water,"Ras Laffan port, Qatar",25.3,False,False,2,,False
466582470,SULTAN 95%,QAT,qatar_control_sept2025,2025-09-20 16:00:00+00:00,2025-09-21 02:00:00+00:00,10.0,11,1.0,25.86,52.31636,3.365,ordinary,open_water,"Ras Laffan port, Qatar",71.93,False,False,2,,False
466585070,,QAT,qatar_control_sept2025,2025-09-20 18:00:00+00:00,2025-09-21 04:00:00+00:00,10.0,8,0.727,25.42875,51.87625,1.9,ordinary,open_water,"Doha port, Qatar",35.81,False,False,2,,False
466586360,,QAT,qatar_control_sept2025,2025-09-21 18:00:00+00:00,2025-09-22 04:00:00+00:00,10.0,11,1.0,25.83545,52.18091,2.973,ordinary,open_water,"Ras Laffan port, Qatar",58.73,False,False,2,,False
466587280,,QAT,qatar_control_sept2025,2025-09-23 11:00:00+00:00,2025-09-23 21:00:00+00:00,10.0,6,0.545,25.69,51.52,0.0,ordinary,open_water,"Ras Laffan port, Qatar",25.3,False,False,2,,False
466587340,COSTO 93%,QAT,qatar_control_sept2025,2025-09-20 16:00:00+00:00,2025-09-21 02:00:00+00:00,10.0,11,1.0,25.97,52.2,0.0,ordinary,open_water,"Ras Laffan port, Qatar",60.5,False,False,2,,False
466589810,,QAT,qatar_control_sept2025,2025-09-21 16:00:00+00:00,2025-09-22 02:00:00+00:00,10.0,11,1.0,26.31182,51.51909,2.216,ordinary,open_water,"Ras Laffan port, Qatar",45.82,False,False,2,,False
466590560,,QAT,qatar_control_sept2025,2025-09-21 12:00:00+00:00,2025-09-21 22:00:00+00:00,10.0,11,1.0,25.73909,52.43636,3.518,ordinary,open_water,"Ras Laffan port, Qatar",85.83,False,False,2,,False
565339000,LANPAN 6,SGP,qatar_control_sept2025,2025-09-20 00:00:00+00:00,2025-09-20 10:00:00+00:00,10.0,11,1.0,26.09636,52.14818,4.064,ordinary,open_water,"Ras Laffan port, Qatar",58.8,False,False,2,,False
565339000,LANPAN 6,SGP,qatar_control_sept2025,2025-09-23 04:00:00+00:00,2025-09-23 14:00:00+00:00,10.0,11,1.0,25.69818,51.70909,3.653,ordinary,open_water,"Ras Laffan port, Qatar",25.6,False,False,2,,False
636022263,GEO MARITIMER,LBR,qatar_control_sept2025,2025-09-21 10:00:00+00:00,2025-09-21 20:00:00+00:00,10.0,11,1.0,26.11364,52.14727,4.638,ordinary,open_water,"Ras Laffan port, Qatar",59.43,False,False,2,,False
636023764,STEADY EAGLE,LBR,qatar_control_sept2025,2025-09-20 00:00:00+00:00,2025-09-20 10:00:00+00:00,10.0,11,1.0,26.17,52.25,0.0,ordinary,open_water,"Ras Laffan port, Qatar",71.34,False,False,2,,False
636024422,SAFA SEARCHER,LBR,qatar_control_sept2025,2025-09-20 00:00:00+00:00,2025-09-20 10:00:00+00:00,10.0,11,1.0,26.12727,51.38545,4.438,ordinary,open_water,"Ras Laffan port, Qatar",32.57,False,False,2,,False
352262000,BLENDA,PAN,qatar_control_sept2025,2025-09-20 13:00:00+00:00,2025-09-20 22:00:00+00:00,9.0,10,1.0,25.754,51.706,4.106,ordinary,open_water,"Ras Laffan port, Qatar",20.01,False,False,2,,False
377378000,STANFORD TIGRIS,VCT,qatar_control_sept2025,2025-09-21 16:00:00+00:00,2025-09-22 01:00:00+00:00,9.0,10,1.0,25.855,51.926,1.695,ordinary,open_water,"Ras Laffan port, Qatar",33.18,False,False,2,,False
403702660,MADAN ALAWAL,SAU,qatar_control_sept2025,2025-09-20 15:00:00+00:00,2025-09-21 00:00:00+00:00,9.0,5,0.5,24.56,51.47,0.0,ordinary,open_water,"Doha port, Qatar",82.35,False,False,2,,False
466004000,SIDRA AL RUMEILA,QAT,qatar_control_sept2025,2025-09-20 22:00:00+00:00,2025-09-21 07:00:00+00:00,9.0,10,1.0,25.86,51.804,2.402,ordinary,open_water,"Ras Laffan port, Qatar",21.12,False,False,2,,False
466009000,SIDRA AL KHOR,QAT,qatar_control_sept2025,2025-09-22 03:00:00+00:00,2025-09-22 12:00:00+00:00,9.0,10,1.0,25.8,51.89,0.0,ordinary,open_water,"Ras Laffan port, Qatar",31.4,False,False,2,,False
466161000,HALUL14,QAT,qatar_control_sept2025,2025-09-20 15:00:00+00:00,2025-09-21 00:00:00+00:00,9.0,10,1.0,25.661,52.409,4.56,ordinary,open_water,"Ras Laffan port, Qatar",85.54,False,False,2,,False
466161000,HALUL14,QAT,qatar_control_sept2025,2025-09-21 04:00:00+00:00,2025-09-21 13:00:00+00:00,9.0,10,1.0,25.33,52.35,0.0,ordinary,open_water,"Doha port, Qatar",80.39,False,False,2,,False
466423000,MUSHARA 93%,QAT,qatar_control_sept2025,2025-09-22 04:00:00+00:00,2025-09-22 13:00:00+00:00,9.0,10,1.0,26.018,51.901,2.759,ordinary,open_water,"Ras Laffan port, Qatar",32.64,False,False,2,,False
466502540,,QAT,qatar_control_sept2025,2025-09-23 14:00:00+00:00,2025-09-23 23:00:00+00:00,9.0,8,0.8,25.67,52.415,0.501,ordinary,open_water,"Ras Laffan port, Qatar",85.79,False,False,2,,False
466504580,BU FARAH 94%,QAT,qatar_control_sept2025,2025-09-20 18:00:00+00:00,2025-09-21 03:00:00+00:00,9.0,10,1.0,26.328,51.705,4.911,ordinary,open_water,"Ras Laffan port, Qatar",48.09,False,False,2,,False
466513470,ADHAB 3520,QAT,qatar_control_sept2025,2025-09-21 03:00:00+00:00,2025-09-21 12:00:00+00:00,9.0,10,1.0,25.379,51.848,4.716,ordinary,open_water,"Doha port, Qatar",31.2,False,False,2,,False
466513820,DALHAM 97%,QAT,qatar_control_sept2025,2025-09-22 16:00:00+00:00,2025-09-23 01:00:00+00:00,9.0,10,1.0,26.294,52.27,0.667,ordinary,open_water,"Ras Laffan port, Qatar",79.67,False,False,2,,False
466513820,DALHAM 97%,QAT,qatar_control_sept2025,2025-09-23 02:00:00+00:00,2025-09-23 11:00:00+00:00,9.0,9,0.9,26.34889,52.26,4.438,ordinary,open_water,"Ras Laffan port, Qatar",82.32,False,False,2,,False
466514360,FAIDH,QAT,qatar_control_sept2025,2025-09-20 17:00:00+00:00,2025-09-21 02:00:00+00:00,9.0,9,0.9,25.67889,52.40556,4.97,ordinary,open_water,"Ras Laffan port, Qatar",84.59,False,False,2,,False
466519220,KASHWANI,QAT,qatar_control_sept2025,2025-09-20 03:00:00+00:00,2025-09-20 12:00:00+00:00,9.0,5,0.5,25.73,52.43,2.291,ordinary,open_water,"Ras Laffan port, Qatar",85.43,False,False,2,,False
466529580,ALMAGAZ 93%,QAT,qatar_control_sept2025,2025-09-21 03:00:00+00:00,2025-09-21 12:00:00+00:00,9.0,10,1.0,25.596,52.324,2.691,ordinary,open_water,"Ras Laffan port, Qatar",80.36,False,False,2,,False
466529870,SEATEK PANHALA,QAT,qatar_control_sept2025,2025-09-23 03:00:00+00:00,2025-09-23 12:00:00+00:00,9.0,10,1.0,24.94,51.584,0.605,ordinary,open_water,"Doha port, Qatar",39.82,False,False,2,,False
466533500,ALRIL 0%,QAT,qatar_control_sept2025,2025-09-21 11:00:00+00:00,2025-09-21 20:00:00+00:00,9.0,10,1.0,25.748,52.458,1.495,ordinary,open_water,"Ras Laffan port, Qatar",87.73,False,False,2,,False
466534300,ALFANOOS 94%,QAT,qatar_control_sept2025,2025-09-23 14:00:00+00:00,2025-09-23 23:00:00+00:00,9.0,10,1.0,26.181,52.091,1.006,ordinary,open_water,"Ras Laffan port, Qatar",57.87,False,False,2,,False
466536980,NSW HUWAILAH,QAT,qatar_control_sept2025,2025-09-21 22:00:00+00:00,2025-09-22 07:00:00+00:00,9.0,10,1.0,25.666,52.419,4.478,ordinary,open_water,"Ras Laffan port, Qatar",86.31,False,False,2,,False
466544340,MAKHAWI ALLAIL 100%,QAT,qatar_control_sept2025,2025-09-20 20:00:00+00:00,2025-09-21 05:00:00+00:00,9.0,7,0.7,25.66,52.39286,3.412,ordinary,open_water,"Ras Laffan port, Qatar",84.05,False,False,2,,False
466545950,RAAD,QAT,qatar_control_sept2025,2025-09-23 14:00:00+00:00,2025-09-23 23:00:00+00:00,9.0,9,0.9,25.01,51.61,0.0,ordinary,open_water,"Doha port, Qatar",32.45,False,False,2,,False
466546800,NAYYF 94%,QAT,qatar_control_sept2025,2025-09-20 17:00:00+00:00,2025-09-21 02:00:00+00:00,9.0,10,1.0,25.681,52.4,4.01,ordinary,open_water,"Ras Laffan port, Qatar",83.99,False,False,2,,False
466549810,AL HAMROOR,QAT,qatar_control_sept2025,2025-09-20 16:00:00+00:00,2025-09-21 01:00:00+00:00,9.0,10,1.0,26.023,52.14,1.267,ordinary,open_water,"Ras Laffan port, Qatar",55.61,False,False,2,,False
466552550,ZARKA II,QAT,qatar_control_sept2025,2025-09-23 02:00:00+00:00,2025-09-23 11:00:00+00:00,9.0,10,1.0,24.942,51.582,2.702,ordinary,open_water,"Doha port, Qatar",39.59,False,False,2,,False
466552550,ZARKA II,QAT,qatar_control_sept2025,2025-09-23 14:00:00+00:00,2025-09-23 23:00:00+00:00,9.0,10,1.0,24.935,51.583,3.891,ordinary,open_water,"Doha port, Qatar",40.37,False,False,2,,False
466556950,BU ADADI 2 97%,QAT,qatar_control_sept2025,2025-09-23 14:00:00+00:00,2025-09-23 23:00:00+00:00,9.0,10,1.0,25.667,52.406,4.694,ordinary,open_water,"Ras Laffan port, Qatar",85.04,False,False,2,,False
466571400,MAHYOOF 95%,QAT,qatar_control_sept2025,2025-09-21 10:00:00+00:00,2025-09-21 19:00:00+00:00,9.0,4,0.4,25.685,51.535,4.808,ordinary,open_water,"Ras Laffan port, Qatar",25.41,False,False,2,,False
466574060,BIN EIDAN 15%,QAT,qatar_control_sept2025,2025-09-22 18:00:00+00:00,2025-09-23 03:00:00+00:00,9.0,9,0.9,26.18,52.10333,2.661,ordinary,open_water,"Ras Laffan port, Qatar",58.86,False,False,2,,False
466577050,ALBAHR YAHRIQ,QAT,qatar_control_sept2025,2025-09-21 04:00:00+00:00,2025-09-21 13:00:00+00:00,9.0,6,0.6,25.59167,52.33,3.277,ordinary,open_water,"Ras Laffan port, Qatar",81.11,False,False,2,,False
466583800,FATEH ALBARAKA,QAT,qatar_control_sept2025,2025-09-20 00:00:00+00:00,2025-09-20 09:00:00+00:00,9.0,10,1.0,25.98,51.4,0.0,ordinary,open_water,"Ras Laffan port, Qatar",21.55,False,False,2,,False
466585970,ALQOSWA,QAT,qatar_control_sept2025,2025-09-20 18:00:00+00:00,2025-09-21 03:00:00+00:00,9.0,10,1.0,26.26,52.151,4.886,ordinary,open_water,"Ras Laffan port, Qatar",67.72,False,False,2,,False
466586060,DAR ALMEL 96%,QAT,qatar_control_sept2025,2025-09-21 14:00:00+00:00,2025-09-21 23:00:00+00:00,9.0,9,0.9,25.26889,52.28111,1.333,ordinary,open_water,"Doha port, Qatar",73.46,False,False,2,,False
466586370,,QAT,qatar_control_sept2025,2025-09-20 17:00:00+00:00,2025-09-21 02:00:00+00:00,9.0,9,0.9,25.63667,52.38111,3.096,ordinary,open_water,"Ras Laffan port, Qatar",83.83,False,False,2,,False
466586880,,QAT,qatar_control_sept2025,2025-09-21 18:00:00+00:00,2025-09-22 03:00:00+00:00,9.0,10,1.0,26.376,51.462,4.386,ordinary,open_water,"Ras Laffan port, Qatar",54.02,False,False,2,,False
466586960,ALFAW 100%,QAT,qatar_control_sept2025,2025-09-23 14:00:00+00:00,2025-09-23 23:00:00+00:00,9.0,9,0.9,25.18,52.43,0.0,ordinary,open_water,"Doha port, Qatar",89.35,False,False,2,,False
466587340,COSTO 93%,QAT,qatar_control_sept2025,2025-09-20 05:00:00+00:00,2025-09-20 14:00:00+00:00,9.0,8,0.8,25.9,52.2225,2.967,ordinary,open_water,"Ras Laffan port, Qatar",62.35,False,False,2,,False
466588370,ALWASEEL 95%,QAT,qatar_control_sept2025,2025-09-20 16:00:00+00:00,2025-09-21 01:00:00+00:00,9.0,10,1.0,26.302,51.9,2.002,ordinary,open_water,"Ras Laffan port, Qatar",53.29,False,False,2,,False
466589090,,QAT,qatar_control_sept2025,2025-09-20 00:00:00+00:00,2025-09-20 09:00:00+00:00,9.0,10,1.0,25.738,52.436,3.845,ordinary,open_water,"Ras Laffan port, Qatar",85.82,False,False,2,,False
466589210,AL MASHOOQ,QAT,qatar_control_sept2025,2025-09-21 16:00:00+00:00,2025-09-22 01:00:00+00:00,9.0,10,1.0,25.15,51.96,0.0,ordinary,open_water,"Doha port, Qatar",44.26,False,False,2,,False
466589710,,QAT,qatar_control_sept2025,2025-09-21 18:00:00+00:00,2025-09-22 03:00:00+00:00,9.0,9,0.9,26.37111,51.50333,4.168,ordinary,open_water,"Ras Laffan port, Qatar",52.58,False,False,2,,False
466590590,,QAT,qatar_control_sept2025,2025-09-21 19:00:00+00:00,2025-09-22 04:00:00+00:00,9.0,10,1.0,25.723,52.351,1.349,ordinary,open_water,"Ras Laffan port, Qatar",77.96,False,False,2,,False
466590670,ALBAREH 96%,QAT,qatar_control_sept2025,2025-09-20 03:00:00+00:00,2025-09-20 12:00:00+00:00,9.0,10,1.0,25.016,52.146,4.023,ordinary,open_water,"Doha port, Qatar",67.53,False,False,2,,False
466590740,ALASEF 83%,QAT,qatar_control_sept2025,2025-09-22 02:00:00+00:00,2025-09-22 11:00:00+00:00,9.0,6,0.6,26.49167,52.05833,3.022,ordinary,open_water,"Ras Laffan port, Qatar",79.61,False,False,2,,False
466591230,ALNAN 100%,QAT,qatar_control_sept2025,2025-09-20 16:00:00+00:00,2025-09-21 01:00:00+00:00,9.0,10,1.0,26.281,52.255,4.959,ordinary,open_water,"Ras Laffan port, Qatar",77.63,False,False,2,,False
538005883,TOPAZ MEGAN,MHL,qatar_control_sept2025,2025-09-21 05:00:00+00:00,2025-09-21 14:00:00+00:00,9.0,10,1.0,25.497,52.375,4.808,ordinary,open_water,"Doha port, Qatar",85.7,False,False,2,,False
255806220,SPIRIT OF KOLKATA,PRT,qatar_control_sept2025,2025-09-21 23:00:00+00:00,2025-09-22 07:00:00+00:00,8.0,9,1.0,25.02,51.60555,4.479,ordinary,open_water,"Doha port, Qatar",31.27,False,False,2,,False
311000638,LICHTENSTEIN,BHS,qatar_control_sept2025,2025-09-20 00:00:00+00:00,2025-09-20 08:00:00+00:00,8.0,9,1.0,26.1,52.15,0.0,ordinary,open_water,"Ras Laffan port, Qatar",59.12,False,False,2,,False
372567000,BLUE AKIHABARA,PAN,qatar_control_sept2025,2025-09-20 00:00:00+00:00,2025-09-20 08:00:00+00:00,8.0,9,1.0,24.94,51.59,0.0,ordinary,open_water,"Doha port, Qatar",39.88,False,False,2,,False
403170580,WARDAT ALBAHR,SAU,qatar_control_sept2025,2025-09-20 16:00:00+00:00,2025-09-21 00:00:00+00:00,8.0,3,0.333,24.56,51.47,0.0,ordinary,open_water,"Doha port, Qatar",82.35,False,False,2,,False
413046070,WEI LI,CHN,qatar_control_sept2025,2025-09-22 11:00:00+00:00,2025-09-22 19:00:00+00:00,8.0,9,1.0,25.81,51.95,0.0,ordinary,open_water,"Ras Laffan port, Qatar",36.69,False,False,2,,False
422058400,SHERVIN,IRN,qatar_control_sept2025,2025-09-20 11:00:00+00:00,2025-09-20 19:00:00+00:00,8.0,9,1.0,26.14222,51.2,2.215,ordinary,open_water,"Ras Laffan port, Qatar",47.75,False,False,2,,False
466073000,MILAHA  1,QAT,qatar_control_sept2025,2025-09-22 06:00:00+00:00,2025-09-22 14:00:00+00:00,8.0,9,1.0,25.02,51.6,0.0,ordinary,open_water,"Doha port, Qatar",31.18,False,False,2,,False
466076000,HALUL 60,QAT,qatar_control_sept2025,2025-09-20 00:00:00+00:00,2025-09-20 08:00:00+00:00,8.0,9,1.0,25.67,52.41,0.0,ordinary,open_water,"Ras Laffan port, Qatar",85.32,False,False,2,,False
466123459,QATAR DEMO 4,QAT,qatar_control_sept2025,2025-09-22 18:00:00+00:00,2025-09-23 02:00:00+00:00,8.0,9,1.0,25.66,52.41333,1.336,ordinary,open_water,"Ras Laffan port, Qatar",85.99,False,False,2,,False
466230000,HALUL 37,QAT,qatar_control_sept2025,2025-09-22 02:00:00+00:00,2025-09-22 10:00:00+00:00,8.0,9,1.0,25.50889,52.37889,2.829,ordinary,open_water,"Doha port, Qatar",86.42,False,False,2,,False
466501320,MQ6,QAT,qatar_control_sept2025,2025-09-23 03:00:00+00:00,2025-09-23 11:00:00+00:00,8.0,9,1.0,25.02889,51.62667,4.957,ordinary,open_water,"Doha port, Qatar",30.76,False,False,2,,False
466502480,ALHAJAN 94%,QAT,qatar_control_sept2025,2025-09-22 03:00:00+00:00,2025-09-22 11:00:00+00:00,8.0,9,1.0,25.88667,51.90333,3.766,ordinary,open_water,"Ras Laffan port, Qatar",30.5,False,False,2,,False
466503600,ALBARQAN,QAT,qatar_control_sept2025,2025-09-20 06:00:00+00:00,2025-09-20 14:00:00+00:00,8.0,9,1.0,24.89222,51.55556,3.952,ordinary,open_water,"Doha port, Qatar",45.0,False,False,2,,False
466507440,,QAT,qatar_control_sept2025,2025-09-20 00:00:00+00:00,2025-09-20 08:00:00+00:00,8.0,9,1.0,25.74,52.43555,2.268,ordinary,open_water,"Ras Laffan port, Qatar",85.72,False,False,2,,False
466507940,MAHBOB 99%,QAT,qatar_control_sept2025,2025-09-21 15:00:00+00:00,2025-09-21 23:00:00+00:00,8.0,9,1.0,26.30333,51.88445,4.75,ordinary,open_water,"Ras Laffan port, Qatar",52.56,False,False,2,,False
466511740,HARBI 3053,QAT,qatar_control_sept2025,2025-09-21 16:00:00+00:00,2025-09-22 00:00:00+00:00,8.0,9,1.0,25.15,51.96,0.0,ordinary,open_water,"Doha port, Qatar",44.26,False,False,2,,False
466511780,NASEM ALKHALEEJ 92%,QAT,qatar_control_sept2025,2025-09-20 11:00:00+00:00,2025-09-20 19:00:00+00:00,8.0,4,0.444,25.69,51.52,0.0,ordinary,open_water,"Ras Laffan port, Qatar",25.3,False,False,2,,False
466512130,BARZAN 93%,QAT,qatar_control_sept2025,2025-09-20 16:00:00+00:00,2025-09-21 00:00:00+00:00,8.0,8,0.889,25.61,52.17,0.0,ordinary,open_water,"Ras Laffan port, Qatar",65.97,False,False,2,,False
466513820,DALHAM 97%,QAT,qatar_control_sept2025,2025-09-21 17:00:00+00:00,2025-09-22 01:00:00+00:00,8.0,9,1.0,26.20556,52.27555,3.13,ordinary,open_water,"Ras Laffan port, Qatar",75.32,False,False,2,,False
466514360,FAIDH,QAT,qatar_control_sept2025,2025-09-20 00:00:00+00:00,2025-09-20 08:00:00+00:00,8.0,5,0.556,25.34,52.478,2.53,ordinary,open_water,"Doha port, Qatar",93.29,False,False,2,,False
466514400,MUBARAK 3360,QAT,qatar_control_sept2025,2025-09-21 07:00:00+00:00,2025-09-21 15:00:00+00:00,8.0,9,1.0,26.07889,52.20556,1.899,ordinary,open_water,"Ras Laffan port, Qatar",63.58,False,False,2,,False
466514640,AL THARB,QAT,qatar_control_sept2025,2025-09-23 07:00:00+00:00,2025-09-23 15:00:00+00:00,8.0,8,0.889,26.33625,52.15125,1.914,ordinary,open_water,"Ras Laffan port, Qatar",72.98,False,False,2,,False
466515640,KHANOR,QAT,qatar_control_sept2025,2025-09-20 00:00:00+00:00,2025-09-20 08:00:00+00:00,8.0,8,0.889,24.83125,51.75625,3.371,ordinary,open_water,"Doha port, Qatar",55.75,False,False,2,,False
466515710,RALFARAS 100%,QAT,qatar_control_sept2025,2025-09-21 06:00:00+00:00,2025-09-21 14:00:00+00:00,8.0,5,0.556,25.954,52.188,4.106,ordinary,open_water,"Ras Laffan port, Qatar",59.12,False,False,2,,False
466516320,,QAT,qatar_control_sept2025,2025-09-21 06:00:00+00:00,2025-09-21 14:00:00+00:00,8.0,9,1.0,25.72333,52.45556,3.638,ordinary,open_water,"Ras Laffan port, Qatar",88.1,False,False,2,,False
466516700,BO HASEIR 3515,QAT,qatar_control_sept2025,2025-09-20 11:00:00+00:00,2025-09-20 19:00:00+00:00,8.0,7,0.778,26.32,51.60429,3.393,ordinary,open_water,"Ras Laffan port, Qatar",46.03,False,False,2,,False
466521350,THARESH,QAT,qatar_control_sept2025,2025-09-20 02:00:00+00:00,2025-09-20 10:00:00+00:00,8.0,9,1.0,25.32667,51.84222,2.889,ordinary,open_water,"Doha port, Qatar",29.45,False,False,2,,False
466528990,BIN NAJI,QAT,qatar_control_sept2025,2025-09-20 00:00:00+00:00,2025-09-20 08:00:00+00:00,8.0,7,0.778,25.33571,52.46857,2.246,ordinary,open_water,"Doha port, Qatar",92.32,False,False,2,,False
466529870,SEATEK PANHALA,QAT,qatar_control_sept2025,2025-09-20 04:00:00+00:00,2025-09-20 12:00:00+00:00,8.0,9,1.0,24.93333,51.58111,4.82,ordinary,open_water,"Doha port, Qatar",40.54,False,False,2,,False
466529870,SEATEK PANHALA,QAT,qatar_control_sept2025,2025-09-21 03:00:00+00:00,2025-09-21 11:00:00+00:00,8.0,9,1.0,24.91333,51.56667,3.256,ordinary,open_water,"Doha port, Qatar",42.68,False,False,2,,False
466536970,NSW HASSA,QAT,qatar_control_sept2025,2025-09-20 00:00:00+00:00,2025-09-20 08:00:00+00:00,8.0,9,1.0,25.65222,52.43889,3.506,ordinary,open_water,"Ras Laffan port, Qatar",88.69,False,False,2,,False
466539320,,QAT,qatar_control_sept2025,2025-09-22 15:00:00+00:00,2025-09-22 23:00:00+00:00,8.0,6,0.667,25.685,51.53333,4.965,ordinary,open_water,"Ras Laffan port, Qatar",25.45,False,False,2,,False
466541720,ALMELAIHAT,QAT,qatar_control_sept2025,2025-09-20 00:00:00+00:00,2025-09-20 08:00:00+00:00,8.0,9,1.0,24.94,51.58222,1.792,ordinary,open_water,"Doha port, Qatar",39.81,False,False,2,,False
466542650,ALMASHAF,QAT,qatar_control_sept2025,2025-09-21 17:00:00+00:00,2025-09-22 01:00:00+00:00,8.0,9,1.0,24.93444,51.58,4.942,ordinary,open_water,"Doha port, Qatar",40.41,False,False,2,,False
466544920,,QAT,qatar_control_sept2025,2025-09-20 08:00:00+00:00,2025-09-20 16:00:00+00:00,8.0,9,1.0,25.42111,51.86222,4.417,ordinary,open_water,"Doha port, Qatar",34.18,False,False,2,,False
466545990,ALSAHM 95%,QAT,qatar_control_sept2025,2025-09-21 16:00:00+00:00,2025-09-22 00:00:00+00:00,8.0,9,1.0,25.39,52.09,0.0,ordinary,open_water,"Doha port, Qatar",55.14,False,False,2,,False
466546370,AL KHAIR 94%,QAT,qatar_control_sept2025,2025-09-21 17:00:00+00:00,2025-09-22 01:00:00+00:00,8.0,9,1.0,25.08778,52.16444,4.869,ordinary,open_water,"Doha port, Qatar",65.95,False,False,2,,False
466547160,AJMAN 100%,QAT,qatar_control_sept2025,2025-09-20 18:00:00+00:00,2025-09-21 02:00:00+00:00,8.0,9,1.0,26.20222,51.81,0.865,ordinary,open_water,"Ras Laffan port, Qatar",39.08,False,False,2,,False
466547990,CALLIPSO,QAT,qatar_control_sept2025,2025-09-20 17:00:00+00:00,2025-09-21 01:00:00+00:00,8.0,9,1.0,26.29,52.27,0.0,ordinary,open_water,"Ras Laffan port, Qatar",79.43,False,False,2,,False
466554770,HIMAYA 3 94%,QAT,qatar_control_sept2025,2025-09-20 06:00:00+00:00,2025-09-20 14:00:00+00:00,8.0,4,0.444,25.0575,51.65,2.697,ordinary,open_water,"Doha port, Qatar",28.42,False,False,2,,False
466556950,BU ADADI 2 97%,QAT,qatar_control_sept2025,2025-09-22 17:00:00+00:00,2025-09-23 01:00:00+00:00,8.0,8,0.889,25.67375,52.415,4.563,ordinary,open_water,"Ras Laffan port, Qatar",85.67,False,False,2,,False
466558610,LAFFY,QAT,qatar_control_sept2025,2025-09-20 17:00:00+00:00,2025-09-21 01:00:00+00:00,8.0,7,0.778,26.30714,51.54429,3.081,ordinary,open_water,"Ras Laffan port, Qatar",44.93,False,False,2,,False
466577050,ALBAHR YAHRIQ,QAT,qatar_control_sept2025,2025-09-20 03:00:00+00:00,2025-09-20 11:00:00+00:00,8.0,9,1.0,25.58889,52.32,4.529,ordinary,open_water,"Ras Laffan port, Qatar",80.35,False,False,2,,False
466580550,,QAT,qatar_control_sept2025,2025-09-20 19:00:00+00:00,2025-09-21 03:00:00+00:00,8.0,9,1.0,25.97889,52.19111,0.995,ordinary,open_water,"Ras Laffan port, Qatar",59.74,False,False,2,,False
466581940,GARUDA 97%,QAT,qatar_control_sept2025,2025-09-20 04:00:00+00:00,2025-09-20 12:00:00+00:00,8.0,5,0.556,25.594,52.328,1.283,ordinary,open_water,"Ras Laffan port, Qatar",80.82,False,False,2,,False
466583980,AL RAMAI,QAT,qatar_control_sept2025,2025-09-22 03:00:00+00:00,2025-09-22 11:00:00+00:00,8.0,9,1.0,25.34556,51.84111,3.315,ordinary,open_water,"Doha port, Qatar",29.65,False,False,2,,False
466584930,ALDHBIAN,QAT,qatar_control_sept2025,2025-09-22 02:00:00+00:00,2025-09-22 10:00:00+00:00,8.0,8,0.889,26.4875,52.06125,2.327,ordinary,open_water,"Ras Laffan port, Qatar",79.4,False,False,2,,False
466585200,AIN ALMAHA 94%,QAT,qatar_control_sept2025,2025-09-23 15:00:00+00:00,2025-09-23 23:00:00+00:00,8.0,8,0.889,25.67,52.41,0.0,ordinary,open_water,"Ras Laffan port, Qatar",85.32,False,False,2,,False
466586370,,QAT,qatar_control_sept2025,2025-09-21 17:00:00+00:00,2025-09-22 01:00:00+00:00,8.0,9,1.0,25.66,52.48111,0.891,ordinary,open_water,"Ras Laffan port, Qatar",92.44,False,False,2,,False
466586560,,QAT,qatar_control_sept2025,2025-09-20 00:00:00+00:00,2025-09-20 08:00:00+00:00,8.0,9,1.0,25.72444,52.35222,1.744,ordinary,open_water,"Ras Laffan port, Qatar",78.04,False,False,2,,False
466586680,ALSILIYH 91%,QAT,qatar_control_sept2025,2025-09-22 06:00:00+00:00,2025-09-22 14:00:00+00:00,8.0,8,0.889,25.73875,52.33375,1.633,ordinary,open_water,"Ras Laffan port, Qatar",75.84,False,False,2,,False
466587690,,QAT,qatar_control_sept2025,2025-09-22 15:00:00+00:00,2025-09-22 23:00:00+00:00,8.0,9,1.0,25.75,51.86,0.0,ordinary,open_water,"Ras Laffan port, Qatar",31.35,False,False,2,,False
466588010,MATARI,QAT,qatar_control_sept2025,2025-09-21 19:00:00+00:00,2025-09-22 03:00:00+00:00,8.0,3,0.333,26.05667,51.79,3.576,ordinary,open_water,"Ras Laffan port, Qatar",25.38,False,False,2,,False
466588370,ALWASEEL 95%,QAT,qatar_control_sept2025,2025-09-20 05:00:00+00:00,2025-09-20 13:00:00+00:00,8.0,6,0.667,26.47667,51.88,2.482,ordinary,open_water,"Ras Laffan port, Qatar",69.36,False,False,2,,False
466589210,AL MASHOOQ,QAT,qatar_control_sept2025,2025-09-20 16:00:00+00:00,2025-09-21 00:00:00+00:00,8.0,9,1.0,25.15,51.96,0.0,ordinary,open_water,"Doha port, Qatar",44.26,False,False,2,,False
466589420,MOBARAK 93%,QAT,qatar_control_sept2025,2025-09-20 00:00:00+00:00,2025-09-20 08:00:00+00:00,8.0,9,1.0,26.46444,51.31556,4.962,ordinary,open_water,"Ras Laffan port, Qatar",68.23,False,False,2,,False
466589680,MASEEKAH 100%,QAT,qatar_control_sept2025,2025-09-21 19:00:00+00:00,2025-09-22 03:00:00+00:00,8.0,8,0.889,26.33125,51.15875,1.484,ordinary,open_water,"Ras Laffan port, Qatar",64.57,False,False,2,,False
466590260,MANSOOR 100%,QAT,qatar_control_sept2025,2025-09-21 16:00:00+00:00,2025-09-22 00:00:00+00:00,8.0,6,0.667,25.39167,52.09167,1.249,ordinary,open_water,"Doha port, Qatar",55.34,False,False,2,,False
466590590,,QAT,qatar_control_sept2025,2025-09-20 18:00:00+00:00,2025-09-21 02:00:00+00:00,8.0,9,1.0,25.67556,52.39222,2.947,ordinary,open_water,"Ras Laffan port, Qatar",83.43,False,False,2,,False
470326000,AHTS EXCELSIOR,ARE,qatar_control_sept2025,2025-09-23 03:00:00+00:00,2025-09-23 11:00:00+00:00,8.0,9,1.0,26.11778,51.72778,4.272,ordinary,open_water,"Ras Laffan port, Qatar",26.82,False,False,2,,False
525119032,VOYAGER EXPLORER,IDN,qatar_control_sept2025,2025-09-23 15:00:00+00:00,2025-09-23 23:00:00+00:00,8.0,9,1.0,26.19778,51.42222,4.773,ordinary,open_water,"Ras Laffan port, Qatar",36.94,False,False,2,,False
538005335,TOPAZ SOPHIE,MHL,qatar_control_sept2025,2025-09-20 00:00:00+00:00,2025-09-20 08:00:00+00:00,8.0,9,1.0,26.45,52.0,0.0,ordinary,open_water,"Ras Laffan port, Qatar",72.51,False,False,2,,False
563011600,POSH SKIMMER,SGP,qatar_control_sept2025,2025-09-22 15:00:00+00:00,2025-09-22 23:00:00+00:00,8.0,9,1.0,26.45,51.97889,4.867,ordinary,open_water,"Ras Laffan port, Qatar",71.37,False,False,2,,False
636022708,MSC PRELUDE V,LBR,qatar_control_sept2025,2025-09-23 07:00:00+00:00,2025-09-23 15:00:00+00:00,8.0,9,1.0,25.01889,51.60111,1.334,ordinary,open_water,"Doha port, Qatar",31.32,False,False,2,,False
636022907,GMS APOLLO,LBR,qatar_control_sept2025,2025-09-21 12:00:00+00:00,2025-09-21 20:00:00+00:00,8.0,9,1.0,26.18111,51.41556,4.704,ordinary,open_water,"Ras Laffan port, Qatar",35.66,False,False,2,,False
352004672,EXPRESS 80,PAN,qatar_control_sept2025,2025-09-20 21:00:00+00:00,2025-09-21 04:00:00+00:00,7.0,8,1.0,26.13125,51.49875,3.837,ordinary,open_water,"Ras Laffan port, Qatar",26.97,False,False,2,,False
357037000,MARZHAN,PAN,qatar_control_sept2025,2025-09-20 09:00:00+00:00,2025-09-20 16:00:00+00:00,7.0,8,1.0,26.20125,51.5425,4.854,ordinary,open_water,"Ras Laffan port, Qatar",33.3,False,False,2,,False
372567000,BLUE AKIHABARA,PAN,qatar_control_sept2025,2025-09-20 12:00:00+00:00,2025-09-20 19:00:00+00:00,7.0,8,1.0,25.44375,51.81875,4.943,ordinary,open_water,"Doha port, Qatar",31.46,False,False,2,,False
376955000,STANFORD HAWK,VCT,qatar_control_sept2025,2025-09-22 16:00:00+00:00,2025-09-22 23:00:00+00:00,7.0,8,1.0,26.23875,51.46125,4.505,ordinary,open_water,"Ras Laffan port, Qatar",39.47,False,False,2,,False
376955000,STANFORD HAWK,VCT,qatar_control_sept2025,2025-09-23 07:00:00+00:00,2025-09-23 14:00:00+00:00,7.0,8,1.0,26.205,51.435,1.597,ordinary,open_water,"Ras Laffan port, Qatar",37.06,False,False,2,,False
403701460,,SAU,qatar_control_sept2025,2025-09-22 01:00:00+00:00,2025-09-22 08:00:00+00:00,7.0,4,0.5,24.5425,51.4625,2.803,ordinary,open_water,"Doha port, Qatar",84.36,False,False,2,,False
403703260,YOUSEF ALSADIS,SAU,qatar_control_sept2025,2025-09-20 01:00:00+00:00,2025-09-20 08:00:00+00:00,7.0,5,0.625,24.564,51.496,4.499,ordinary,open_water,"Doha port, Qatar",81.68,False,False,2,,False
466044000,HALUL 28,QAT,qatar_control_sept2025,2025-09-22 03:00:00+00:00,2025-09-22 10:00:00+00:00,7.0,8,1.0,25.5,52.37,0.0,ordinary,open_water,"Doha port, Qatar",85.3,False,False,2,,False
466057000,AL RUMEILA,QAT,qatar_control_sept2025,2025-09-22 05:00:00+00:00,2025-09-22 12:00:00+00:00,7.0,8,1.0,25.02125,51.60625,4.514,ordinary,open_water,"Doha port, Qatar",31.15,False,False,2,,False
466230000,HALUL 37,QAT,qatar_control_sept2025,2025-09-21 17:00:00+00:00,2025-09-22 00:00:00+00:00,7.0,8,1.0,25.67,52.41,0.0,ordinary,open_water,"Ras Laffan port, Qatar",85.32,False,False,2,,False
466501310,MQ5,QAT,qatar_control_sept2025,2025-09-23 16:00:00+00:00,2025-09-23 23:00:00+00:00,7.0,8,1.0,25.01,51.61,0.0,ordinary,open_water,"Doha port, Qatar",32.45,False,False,2,,False
466501590,SEMESMA,QAT,qatar_control_sept2025,2025-09-22 05:00:00+00:00,2025-09-22 12:00:00+00:00,7.0,8,1.0,24.9,51.56375,2.647,ordinary,open_water,"Doha port, Qatar",44.15,False,False,2,,False
466502420,ALTHAIRH 0%,QAT,qatar_control_sept2025,2025-09-21 21:00:00+00:00,2025-09-22 04:00:00+00:00,7.0,8,1.0,26.3125,51.51125,3.123,ordinary,open_water,"Ras Laffan port, Qatar",46.04,False,False,2,,False
466502560,SABHAN 100%,QAT,qatar_control_sept2025,2025-09-20 00:00:00+00:00,2025-09-20 07:00:00+00:00,7.0,8,1.0,26.26625,52.01875,2.23,ordinary,open_water,"Ras Laffan port, Qatar",57.96,False,False,2,,False
466502560,SABHAN 100%,QAT,qatar_control_sept2025,2025-09-20 11:00:00+00:00,2025-09-20 18:00:00+00:00,7.0,8,1.0,26.2825,52.1525,3.302,ordinary,open_water,"Ras Laffan port, Qatar",69.32,False,False,2,,False
466503670,GNOUB AREEDA,QAT,qatar_control_sept2025,2025-09-22 03:00:00+00:00,2025-09-22 10:00:00+00:00,7.0,5,0.625,25.59,51.58,4.448,ordinary,open_water,"Doha port, Qatar",32.72,False,False,2,,False
466504650,MAITHER 95%,QAT,qatar_control_sept2025,2025-09-20 00:00:00+00:00,2025-09-20 07:00:00+00:00,7.0,8,1.0,25.73125,52.35625,1.896,ordinary,open_water,"Ras Laffan port, Qatar",78.23,False,False,2,,False
466511240,AL JUNBI 100%,QAT,qatar_control_sept2025,2025-09-20 17:00:00+00:00,2025-09-21 00:00:00+00:00,7.0,8,1.0,26.47375,51.955,4.372,ordinary,open_water,"Ras Laffan port, Qatar",72.42,False,False,2,,False
466511280,FARKH ALANABI,QAT,qatar_control_sept2025,2025-09-20 17:00:00+00:00,2025-09-21 00:00:00+00:00,7.0,8,1.0,25.42,51.88,0.0,ordinary,open_water,"Doha port, Qatar",35.77,False,False,2,,False
466512040,AL DEEBEL 3505,QAT,qatar_control_sept2025,2025-09-20 00:00:00+00:00,2025-09-20 07:00:00+00:00,7.0,8,1.0,25.73875,52.35375,2.383,ordinary,open_water,"Ras Laffan port, Qatar",77.78,False,False,2,,False
466512130,BARZAN 93%,QAT,qatar_control_sept2025,2025-09-21 05:00:00+00:00,2025-09-21 12:00:00+00:00,7.0,3,0.375,25.62667,52.17,1.483,ordinary,open_water,"Ras Laffan port, Qatar",65.06,False,False,2,,False
466512150,AL RASHIDYAH 93%,QAT,qatar_control_sept2025,2025-09-20 05:00:00+00:00,2025-09-20 12:00:00+00:00,7.0,7,0.875,25.73143,52.35286,1.303,ordinary,open_water,"Ras Laffan port, Qatar",77.9,False,False,2,,False
466512200,RAHAL 97%,QAT,qatar_control_sept2025,2025-09-23 06:00:00+00:00,2025-09-23 13:00:00+00:00,7.0,7,0.875,25.67,52.42,0.0,ordinary,open_water,"Ras Laffan port, Qatar",86.27,False,False,2,,False
466513470,ADHAB 3520,QAT,qatar_control_sept2025,2025-09-20 19:00:00+00:00,2025-09-21 02:00:00+00:00,7.0,8,1.0,25.43125,51.885,4.976,ordinary,open_water,"Doha port, Qatar",36.72,False,False,2,,False
466513540,,QAT,qatar_control_sept2025,2025-09-20 18:00:00+00:00,2025-09-21 01:00:00+00:00,7.0,7,0.875,25.3,52.5,0.0,ordinary,open_water,"Doha port, Qatar",95.39,False,False,2,,False
466514160,ALBATRUOT         91,QAT,qatar_control_sept2025,2025-09-20 17:00:00+00:00,2025-09-21 00:00:00+00:00,7.0,7,0.875,26.09,52.47,0.0,ordinary,open_water,"Ras Laffan port, Qatar",89.4,False,False,2,,False
466517630,,QAT,qatar_control_sept2025,2025-09-20 00:00:00+00:00,2025-09-20 07:00:00+00:00,7.0,8,1.0,24.83125,51.75625,2.822,ordinary,open_water,"Doha port, Qatar",55.75,False,False,2,,False
466518350,DAAM AL KHAIR 3269,QAT,qatar_control_sept2025,2025-09-23 16:00:00+00:00,2025-09-23 23:00:00+00:00,7.0,5,0.625,25.66,52.42,0.0,ordinary,open_water,"Ras Laffan port, Qatar",86.62,False,False,2,,False
466518620,JAQUAR 89%,QAT,qatar_control_sept2025,2025-09-21 02:00:00+00:00,2025-09-21 09:00:00+00:00,7.0,8,1.0,25.31,51.92625,4.94,ordinary,open_water,"Doha port, Qatar",37.74,False,False,2,,False
466523900,AMAR,QAT,qatar_control_sept2025,2025-09-20 00:00:00+00:00,2025-09-20 07:00:00+00:00,7.0,4,0.5,25.51,52.07,0.0,ordinary,open_water,"Doha port, Qatar",57.25,False,False,2,,False
466529580,ALMAGAZ 93%,QAT,qatar_control_sept2025,2025-09-20 19:00:00+00:00,2025-09-21 02:00:00+00:00,7.0,8,1.0,25.6175,52.33125,4.806,ordinary,open_water,"Ras Laffan port, Qatar",80.03,False,False,2,,False
466534300,ALFANOOS 94%,QAT,qatar_control_sept2025,2025-09-23 03:00:00+00:00,2025-09-23 10:00:00+00:00,7.0,8,1.0,25.81625,52.075,4.89,ordinary,open_water,"Ras Laffan port, Qatar",48.65,False,False,2,,False
466535460,AL BATHA,QAT,qatar_control_sept2025,2025-09-20 04:00:00+00:00,2025-09-20 11:00:00+00:00,7.0,5,0.625,24.948,52.162,4.44,ordinary,open_water,"Doha port, Qatar",72.72,False,False,2,,False
466539320,,QAT,qatar_control_sept2025,2025-09-21 21:00:00+00:00,2025-09-22 04:00:00+00:00,7.0,8,1.0,25.7275,52.0075,1.122,ordinary,open_water,"Ras Laffan port, Qatar",45.44,False,False,2,,False
466541720,ALMELAIHAT,QAT,qatar_control_sept2025,2025-09-22 12:00:00+00:00,2025-09-22 19:00:00+00:00,7.0,8,1.0,24.92875,51.58625,4.88,ordinary,open_water,"Doha port, Qatar",41.09,False,False,2,,False
466544340,MAKHAWI ALLAIL 100%,QAT,qatar_control_sept2025,2025-09-20 06:00:00+00:00,2025-09-20 13:00:00+00:00,7.0,4,0.5,25.91,52.2825,3.767,ordinary,open_water,"Ras Laffan port, Qatar",68.34,False,False,2,,False
466544880,KAIROS,QAT,qatar_control_sept2025,2025-09-20 05:00:00+00:00,2025-09-20 12:00:00+00:00,7.0,7,0.875,25.58571,52.31429,4.487,ordinary,open_water,"Ras Laffan port, Qatar",79.99,False,False,2,,False
466545940,UM ALHOUL 2,QAT,qatar_control_sept2025,2025-09-21 11:00:00+00:00,2025-09-21 18:00:00+00:00,7.0,8,1.0,25.015,51.62375,4.949,ordinary,open_water,"Doha port, Qatar",32.19,False,False,2,,False
466549810,AL HAMROOR,QAT,qatar_control_sept2025,2025-09-22 02:00:00+00:00,2025-09-22 09:00:00+00:00,7.0,8,1.0,26.08375,52.245,4.041,ordinary,open_water,"Ras Laffan port, Qatar",67.5,False,False,2,,False
466570270,ALNAWAF 100%,QAT,qatar_control_sept2025,2025-09-20 03:00:00+00:00,2025-09-20 10:00:00+00:00,7.0,7,0.875,26.09857,51.09857,2.342,ordinary,open_water,"Ras Laffan port, Qatar",54.42,False,False,2,,False
466572220,,QAT,qatar_control_sept2025,2025-09-21 19:00:00+00:00,2025-09-22 02:00:00+00:00,7.0,8,1.0,25.1175,52.2575,2.625,ordinary,open_water,"Doha port, Qatar",73.81,False,False,2,,False
466574060,BIN EIDAN 15%,QAT,qatar_control_sept2025,2025-09-21 21:00:00+00:00,2025-09-22 04:00:00+00:00,7.0,6,0.75,25.85,52.3,4.003,ordinary,open_water,"Ras Laffan port, Qatar",70.39,False,False,2,,False
466580550,,QAT,qatar_control_sept2025,2025-09-20 03:00:00+00:00,2025-09-20 10:00:00+00:00,7.0,8,1.0,25.885,52.20625,4.919,ordinary,open_water,"Ras Laffan port, Qatar",60.77,False,False,2,,False
466580550,,QAT,qatar_control_sept2025,2025-09-20 11:00:00+00:00,2025-09-20 18:00:00+00:00,7.0,8,1.0,25.94125,52.19875,4.673,ordinary,open_water,"Ras Laffan port, Qatar",60.09,False,False,2,,False
466580560,,QAT,qatar_control_sept2025,2025-09-21 19:00:00+00:00,2025-09-22 02:00:00+00:00,7.0,6,0.75,25.73,52.36833,0.835,ordinary,open_water,"Ras Laffan port, Qatar",79.44,False,False,2,,False
466584250,,QAT,qatar_control_sept2025,2025-09-21 04:00:00+00:00,2025-09-21 11:00:00+00:00,7.0,8,1.0,25.5975,52.32375,2.538,ordinary,open_water,"Ras Laffan port, Qatar",80.27,False,False,2,,False
466584920,KHSHIF ALREEM 100%,QAT,qatar_control_sept2025,2025-09-21 23:00:00+00:00,2025-09-22 06:00:00+00:00,7.0,8,1.0,25.8575,52.45125,2.248,ordinary,open_water,"Ras Laffan port, Qatar",85.41,False,False,2,,False
466585460,LMBARAK,QAT,qatar_control_sept2025,2025-09-20 19:00:00+00:00,2025-09-21 02:00:00+00:00,7.0,4,0.5,25.9,52.21,0.0,ordinary,open_water,"Ras Laffan port, Qatar",61.1,False,False,2,,False
466585550,,QAT,qatar_control_sept2025,2025-09-20 17:00:00+00:00,2025-09-21 00:00:00+00:00,7.0,6,0.75,25.86,52.47,0.0,ordinary,open_water,"Ras Laffan port, Qatar",87.27,False,False,2,,False
466585970,ALQOSWA,QAT,qatar_control_sept2025,2025-09-20 06:00:00+00:00,2025-09-20 13:00:00+00:00,7.0,5,0.625,26.392,52.086,4.749,ordinary,open_water,"Ras Laffan port, Qatar",72.66,False,False,2,,False
466586360,,QAT,qatar_control_sept2025,2025-09-20 00:00:00+00:00,2025-09-20 07:00:00+00:00,7.0,8,1.0,25.88875,52.07625,3.836,ordinary,open_water,"Ras Laffan port, Qatar",47.76,False,False,2,,False
466586360,,QAT,qatar_control_sept2025,2025-09-22 18:00:00+00:00,2025-09-23 01:00:00+00:00,7.0,8,1.0,25.70875,52.4575,2.005,ordinary,open_water,"Ras Laffan port, Qatar",88.68,False,False,2,,False
466586370,,QAT,qatar_control_sept2025,2025-09-21 09:00:00+00:00,2025-09-21 16:00:00+00:00,7.0,8,1.0,25.6225,52.4475,4.866,ordinary,open_water,"Ras Laffan port, Qatar",90.61,False,False,2,,False
466586480,ALARABI 96%,QAT,qatar_control_sept2025,2025-09-20 20:00:00+00:00,2025-09-21 03:00:00+00:00,7.0,8,1.0,25.295,51.7775,3.921,ordinary,open_water,"Doha port, Qatar",22.76,False,False,2,,False
466586580,AIN DAR 100%,QAT,qatar_control_sept2025,2025-09-20 00:00:00+00:00,2025-09-20 07:00:00+00:00,7.0,8,1.0,25.7275,52.34625,4.837,ordinary,open_water,"Ras Laffan port, Qatar",77.37,False,False,2,,False
466587280,,QAT,qatar_control_sept2025,2025-09-20 00:00:00+00:00,2025-09-20 07:00:00+00:00,7.0,8,1.0,26.175,52.1975,3.906,ordinary,open_water,"Ras Laffan port, Qatar",66.84,False,False,2,,False
466587650,,QAT,qatar_control_sept2025,2025-09-20 10:00:00+00:00,2025-09-20 17:00:00+00:00,7.0,6,0.75,25.72333,52.46,3.351,ordinary,open_water,"Ras Laffan port, Qatar",88.53,False,False,2,,False
466589420,MOBARAK 93%,QAT,qatar_control_sept2025,2025-09-23 15:00:00+00:00,2025-09-23 22:00:00+00:00,7.0,6,0.75,25.69,51.52,0.0,ordinary,open_water,"Ras Laffan port, Qatar",25.3,False,False,2,,False
466590740,ALASEF 83%,QAT,qatar_control_sept2025,2025-09-21 08:00:00+00:00,2025-09-21 15:00:00+00:00,7.0,5,0.625,26.492,52.106,1.411,ordinary,open_water,"Ras Laffan port, Qatar",82.47,False,False,2,,False
466591990,SHAHAD,QAT,qatar_control_sept2025,2025-09-20 00:00:00+00:00,2025-09-20 07:00:00+00:00,7.0,8,1.0,25.6675,52.415,4.011,ordinary,open_water,"Ras Laffan port, Qatar",85.88,False,False,2,,False
466592780,ARABIAN,QAT,qatar_control_sept2025,2025-09-20 00:00:00+00:00,2025-09-20 07:00:00+00:00,7.0,8,1.0,25.67,52.42,0.0,ordinary,open_water,"Ras Laffan port, Qatar",86.27,False,False,2,,False
470614000,MUTAWA 104,ARE,qatar_control_sept2025,2025-09-20 00:00:00+00:00,2025-09-20 07:00:00+00:00,7.0,8,1.0,24.51125,52.44,0.973,ordinary,open_water,"Doha port, Qatar",125.18,False,False,2,,False
470952000,MUTAWA 101,ARE,qatar_control_sept2025,2025-09-22 05:00:00+00:00,2025-09-22 12:00:00+00:00,7.0,8,1.0,24.51,52.43,0.0,ordinary,open_water,"Doha port, Qatar",124.55,False,False,2,,False
538003301,BU SAMRA,MHL,qatar_control_sept2025,2025-09-20 00:00:00+00:00,2025-09-20 07:00:00+00:00,7.0,8,1.0,25.84,51.81,0.0,ordinary,open_water,"Ras Laffan port, Qatar",22.33,False,False,2,,False
563011600,POSH SKIMMER,SGP,qatar_control_sept2025,2025-09-21 18:00:00+00:00,2025-09-22 01:00:00+00:00,7.0,8,1.0,26.43625,52.0075,3.804,ordinary,open_water,"Ras Laffan port, Qatar",71.66,False,False,2,,False
636025028,AMS HAWK,LBR,qatar_control_sept2025,2025-09-21 05:00:00+00:00,2025-09-21 12:00:00+00:00,7.0,8,1.0,24.6275,52.4725,4.786,ordinary,open_water,"Doha port, Qatar",119.03,False,False,2,,False
369558000,APL EAGLE,USA,qatar_control_sept2025,2025-09-21 03:00:00+00:00,2025-09-21 09:00:00+00:00,6.0,7,1.0,25.38143,52.04286,3.43,ordinary,open_water,"Doha port, Qatar",50.31,False,False,2,,False
369558000,APL EAGLE,USA,qatar_control_sept2025,2025-09-21 15:00:00+00:00,2025-09-21 21:00:00+00:00,6.0,7,1.0,25.02,51.60428,2.591,ordinary,open_water,"Doha port, Qatar",31.25,False,False,2,,False
376955000,STANFORD HAWK,VCT,qatar_control_sept2025,2025-09-23 00:00:00+00:00,2025-09-23 06:00:00+00:00,6.0,7,1.0,26.19143,51.42571,4.992,ordinary,open_water,"Ras Laffan port, Qatar",36.15,False,False,2,,False
413046070,WEI LI,CHN,qatar_control_sept2025,2025-09-23 17:00:00+00:00,2025-09-23 23:00:00+00:00,6.0,7,1.0,25.5,52.39,0.0,ordinary,open_water,"Doha port, Qatar",87.24,False,False,2,,False
466123459,QATAR DEMO 4,QAT,qatar_control_sept2025,2025-09-22 10:00:00+00:00,2025-09-22 16:00:00+00:00,6.0,7,1.0,25.85429,52.42857,4.711,ordinary,open_water,"Ras Laffan port, Qatar",83.17,False,False,2,,False
466136000,HALUL 25,QAT,qatar_control_sept2025,2025-09-22 09:00:00+00:00,2025-09-22 15:00:00+00:00,6.0,2,0.286,26.5,51.585,1.493,ordinary,open_water,"Ras Laffan port, Qatar",66.05,False,False,2,,False
466423000,MUSHARA 93%,QAT,qatar_control_sept2025,2025-09-21 17:00:00+00:00,2025-09-21 23:00:00+00:00,6.0,7,1.0,25.94714,51.86571,4.865,ordinary,open_water,"Ras Laffan port, Qatar",27.04,False,False,2,,False
466501440,SOHAL 100%,QAT,qatar_control_sept2025,2025-09-21 22:00:00+00:00,2025-09-22 04:00:00+00:00,6.0,5,0.714,26.152,52.03,2.185,ordinary,open_water,"Ras Laffan port, Qatar",50.99,False,False,2,,False
466501540,AL JUBAILAT,QAT,qatar_control_sept2025,2025-09-21 20:00:00+00:00,2025-09-22 02:00:00+00:00,6.0,7,1.0,24.94,51.58,0.0,ordinary,open_water,"Doha port, Qatar",39.79,False,False,2,,False
466501590,SEMESMA,QAT,qatar_control_sept2025,2025-09-23 17:00:00+00:00,2025-09-23 23:00:00+00:00,6.0,7,1.0,24.90571,51.57,3.417,ordinary,open_water,"Doha port, Qatar",43.54,False,False,2,,False
466502120,LAHOB QATAR,QAT,qatar_control_sept2025,2025-09-20 04:00:00+00:00,2025-09-20 10:00:00+00:00,6.0,6,0.857,25.58333,52.32167,3.198,ordinary,open_water,"Ras Laffan port, Qatar",80.77,False,False,2,,False
466502380,REGENCY  91%,QAT,qatar_control_sept2025,2025-09-22 20:00:00+00:00,2025-09-23 02:00:00+00:00,6.0,7,1.0,25.95,51.91286,0.714,ordinary,open_water,"Ras Laffan port, Qatar",31.74,False,False,2,,False
466502460,ALASAD 90%,QAT,qatar_control_sept2025,2025-09-23 17:00:00+00:00,2025-09-23 23:00:00+00:00,6.0,7,1.0,26.34143,51.58572,1.341,ordinary,open_water,"Ras Laffan port, Qatar",48.43,False,False,2,,False
466505900,EZAAJ 100%,QAT,qatar_control_sept2025,2025-09-22 06:00:00+00:00,2025-09-22 12:00:00+00:00,6.0,7,1.0,26.47429,52.11857,1.944,ordinary,open_water,"Ras Laffan port, Qatar",81.71,False,False,2,,False
466507750,,QAT,qatar_control_sept2025,2025-09-20 03:00:00+00:00,2025-09-20 09:00:00+00:00,6.0,7,1.0,24.94143,51.67714,4.349,ordinary,open_water,"Doha port, Qatar",41.51,False,False,2,,False
466507750,,QAT,qatar_control_sept2025,2025-09-21 04:00:00+00:00,2025-09-21 10:00:00+00:00,6.0,7,1.0,24.97286,51.66857,4.903,ordinary,open_water,"Doha port, Qatar",37.92,False,False,2,,False
466514160,ALBATRUOT         91,QAT,qatar_control_sept2025,2025-09-20 02:00:00+00:00,2025-09-20 08:00:00+00:00,6.0,6,0.857,25.96,52.35333,2.889,ordinary,open_water,"Ras Laffan port, Qatar",75.65,False,False,2,,False
466516710,NOOR AL BANDAR- 3125,QAT,qatar_control_sept2025,2025-09-21 19:00:00+00:00,2025-09-22 01:00:00+00:00,6.0,7,1.0,25.74,52.46429,0.572,ordinary,open_water,"Ras Laffan port, Qatar",88.54,False,False,2,,False
466530900,,QAT,qatar_control_sept2025,2025-09-20 00:00:00+00:00,2025-09-20 06:00:00+00:00,6.0,7,1.0,25.59571,52.32286,1.743,ordinary,open_water,"Ras Laffan port, Qatar",80.27,False,False,2,,False
466530900,,QAT,qatar_control_sept2025,2025-09-20 07:00:00+00:00,2025-09-20 13:00:00+00:00,6.0,7,1.0,25.65429,52.26286,1.783,ordinary,open_water,"Ras Laffan port, Qatar",72.11,False,False,2,,False
466531910,MUKHALIT,QAT,qatar_control_sept2025,2025-09-20 20:00:00+00:00,2025-09-21 02:00:00+00:00,6.0,6,0.857,24.86333,51.735,1.921,ordinary,open_water,"Doha port, Qatar",51.65,False,False,2,,False
466533152,,QAT,qatar_control_sept2025,2025-09-22 02:00:00+00:00,2025-09-22 08:00:00+00:00,6.0,2,0.286,25.795,51.89,0.556,ordinary,open_water,"Ras Laffan port, Qatar",31.61,False,False,2,,False
466536970,NSW HASSA,QAT,qatar_control_sept2025,2025-09-22 07:00:00+00:00,2025-09-22 13:00:00+00:00,6.0,7,1.0,25.66571,52.41429,3.849,ordinary,open_water,"Ras Laffan port, Qatar",85.88,False,False,2,,False
466536980,NSW HUWAILAH,QAT,qatar_control_sept2025,2025-09-20 08:00:00+00:00,2025-09-20 14:00:00+00:00,6.0,7,1.0,25.66429,52.41857,4.953,ordinary,open_water,"Ras Laffan port, Qatar",86.33,False,False,2,,False
466542020,MSAAED QATAR 31%,QAT,qatar_control_sept2025,2025-09-20 02:00:00+00:00,2025-09-20 08:00:00+00:00,6.0,2,0.286,26.19,52.195,2.495,ordinary,open_water,"Ras Laffan port, Qatar",67.37,False,False,2,,False
466546370,AL KHAIR 94%,QAT,qatar_control_sept2025,2025-09-20 22:00:00+00:00,2025-09-21 04:00:00+00:00,6.0,5,0.714,24.956,52.24,4.184,ordinary,open_water,"Doha port, Qatar",79.04,False,False,2,,False
466549120,,QAT,qatar_control_sept2025,2025-09-22 12:00:00+00:00,2025-09-22 18:00:00+00:00,6.0,3,0.429,26.15667,51.99,4.765,ordinary,open_water,"Ras Laffan port, Qatar",47.97,False,False,2,,False
466553790,ZANAD 100%,QAT,qatar_control_sept2025,2025-09-20 00:00:00+00:00,2025-09-20 06:00:00+00:00,6.0,7,1.0,26.0,51.33,0.0,ordinary,open_water,"Ras Laffan port, Qatar",28.87,False,False,2,,False
466571400,MAHYOOF 95%,QAT,qatar_control_sept2025,2025-09-20 00:00:00+00:00,2025-09-20 06:00:00+00:00,6.0,7,1.0,26.33143,51.54857,2.971,ordinary,open_water,"Ras Laffan port, Qatar",47.56,False,False,2,,False
466574440,AL WOSAIL,QAT,qatar_control_sept2025,2025-09-20 00:00:00+00:00,2025-09-20 06:00:00+00:00,6.0,7,1.0,26.01,52.06,0.0,ordinary,open_water,"Ras Laffan port, Qatar",47.5,False,False,2,,False
466577050,ALBAHR YAHRIQ,QAT,qatar_control_sept2025,2025-09-22 05:00:00+00:00,2025-09-22 11:00:00+00:00,6.0,7,1.0,25.58857,52.33857,2.092,ordinary,open_water,"Ras Laffan port, Qatar",82.04,False,False,2,,False
466577600,BIN JASSUM 100%,QAT,qatar_control_sept2025,2025-09-20 07:00:00+00:00,2025-09-20 13:00:00+00:00,6.0,7,1.0,26.31429,51.62429,4.594,ordinary,open_water,"Ras Laffan port, Qatar",45.46,False,False,2,,False
466577930,TIRYAG 96%,QAT,qatar_control_sept2025,2025-09-22 17:00:00+00:00,2025-09-22 23:00:00+00:00,6.0,7,1.0,26.15,51.20286,4.999,ordinary,open_water,"Ras Laffan port, Qatar",48.0,False,False,2,,False
466580560,,QAT,qatar_control_sept2025,2025-09-21 00:00:00+00:00,2025-09-21 06:00:00+00:00,6.0,4,0.571,25.875,52.27,3.433,ordinary,open_water,"Ras Laffan port, Qatar",67.19,False,False,2,,False
466584410,MUSAFQ ALMOOJ 96%,QAT,qatar_control_sept2025,2025-09-21 08:00:00+00:00,2025-09-21 14:00:00+00:00,6.0,6,0.857,26.25667,52.26833,4.898,ordinary,open_water,"Ras Laffan port, Qatar",77.37,False,False,2,,False
466586060,DAR ALMEL 96%,QAT,qatar_control_sept2025,2025-09-23 04:00:00+00:00,2025-09-23 10:00:00+00:00,6.0,6,0.857,25.03,52.23,0.0,ordinary,open_water,"Doha port, Qatar",74.49,False,False,2,,False
466586360,,QAT,qatar_control_sept2025,2025-09-20 23:00:00+00:00,2025-09-21 05:00:00+00:00,6.0,7,1.0,26.2,52.01143,3.848,ordinary,open_water,"Ras Laffan port, Qatar",52.57,False,False,2,,False
466586480,ALARABI 96%,QAT,qatar_control_sept2025,2025-09-20 04:00:00+00:00,2025-09-20 10:00:00+00:00,6.0,7,1.0,26.07857,51.79,3.635,ordinary,open_water,"Ras Laffan port, Qatar",27.05,False,False,2,,False
466586540,,QAT,qatar_control_sept2025,2025-09-20 00:00:00+00:00,2025-09-20 06:00:00+00:00,6.0,7,1.0,25.73429,52.35429,0.767,ordinary,open_water,"Ras Laffan port, Qatar",77.96,False,False,2,,False
466586820,,QAT,qatar_control_sept2025,2025-09-22 02:00:00+00:00,2025-09-22 08:00:00+00:00,6.0,7,1.0,25.62,51.89857,4.024,ordinary,open_water,"Ras Laffan port, Qatar",43.71,False,False,2,,False
466586830,ALAHMADI 93%,QAT,qatar_control_sept2025,2025-09-20 00:00:00+00:00,2025-09-20 06:00:00+00:00,6.0,7,1.0,25.7,51.77,3.483,ordinary,open_water,"Ras Laffan port, Qatar",28.59,False,False,2,,False
466587060,,QAT,qatar_control_sept2025,2025-09-20 00:00:00+00:00,2025-09-20 06:00:00+00:00,6.0,7,1.0,25.73286,52.35714,1.326,ordinary,open_water,"Ras Laffan port, Qatar",78.27,False,False,2,,False
466587340,COSTO 93%,QAT,qatar_control_sept2025,2025-09-21 14:00:00+00:00,2025-09-21 20:00:00+00:00,6.0,7,1.0,25.96286,52.19,4.766,ordinary,open_water,"Ras Laffan port, Qatar",59.41,False,False,2,,False
466587340,COSTO 93%,QAT,qatar_control_sept2025,2025-09-22 20:00:00+00:00,2025-09-23 02:00:00+00:00,6.0,7,1.0,26.35,52.19,2.989,ordinary,open_water,"Ras Laffan port, Qatar",76.91,False,False,2,,False
466587340,COSTO 93%,QAT,qatar_control_sept2025,2025-09-23 08:00:00+00:00,2025-09-23 14:00:00+00:00,6.0,7,1.0,26.41429,52.14,4.813,ordinary,open_water,"Ras Laffan port, Qatar",78.14,False,False,2,,False
466587490,SAYYAD 85%,QAT,qatar_control_sept2025,2025-09-21 19:00:00+00:00,2025-09-22 01:00:00+00:00,6.0,7,1.0,26.34143,52.08714,1.956,ordinary,open_water,"Ras Laffan port, Qatar",68.67,False,False,2,,False
466587640,BADDAH 94%,QAT,qatar_control_sept2025,2025-09-22 09:00:00+00:00,2025-09-22 15:00:00+00:00,6.0,2,0.286,25.685,51.56,4.047,ordinary,open_water,"Ras Laffan port, Qatar",24.9,False,False,2,,False
466587690,,QAT,qatar_control_sept2025,2025-09-21 21:00:00+00:00,2025-09-22 03:00:00+00:00,6.0,7,1.0,26.41857,51.44143,1.28,ordinary,open_water,"Ras Laffan port, Qatar",59.12,False,False,2,,False
466587730,,QAT,qatar_control_sept2025,2025-09-20 01:00:00+00:00,2025-09-20 07:00:00+00:00,6.0,6,0.857,25.035,52.19333,2.142,ordinary,open_water,"Doha port, Qatar",70.89,False,False,2,,False
466588490,RAS AL-TAWAREH 2,QAT,qatar_control_sept2025,2025-09-20 00:00:00+00:00,2025-09-20 06:00:00+00:00,6.0,6,0.857,26.07,51.09,0.0,ordinary,open_water,"Ras Laffan port, Qatar",54.06,False,False,2,,False
466589090,,QAT,qatar_control_sept2025,2025-09-20 11:00:00+00:00,2025-09-20 17:00:00+00:00,6.0,6,0.857,25.73167,52.35667,2.114,ordinary,open_water,"Ras Laffan port, Qatar",78.26,False,False,2,,False
466589320,AL WAFA 100%,QAT,qatar_control_sept2025,2025-09-20 20:00:00+00:00,2025-09-21 02:00:00+00:00,6.0,6,0.857,26.435,51.66833,2.901,ordinary,open_water,"Ras Laffan port, Qatar",59.21,False,False,2,,False
466589820,JOHAR ALSUFN 5%,QAT,qatar_control_sept2025,2025-09-21 06:00:00+00:00,2025-09-21 12:00:00+00:00,6.0,3,0.429,26.39667,51.35,3.957,ordinary,open_water,"Ras Laffan port, Qatar",59.95,False,False,2,,False
466590590,,QAT,qatar_control_sept2025,2025-09-20 07:00:00+00:00,2025-09-20 13:00:00+00:00,6.0,7,1.0,25.67714,52.42857,4.932,ordinary,open_water,"Ras Laffan port, Qatar",86.85,False,False,2,,False
466591230,ALNAN 100%,QAT,qatar_control_sept2025,2025-09-20 03:00:00+00:00,2025-09-20 09:00:00+00:00,6.0,7,1.0,26.30714,52.22714,4.546,ordinary,open_water,"Ras Laffan port, Qatar",76.94,False,False,2,,False
467382304,,,qatar_control_sept2025,2025-09-21 14:00:00+00:00,2025-09-21 20:00:00+00:00,6.0,3,0.429,26.44333,51.93333,1.624,ordinary,open_water,"Ras Laffan port, Qatar",68.41,False,False,2,,False
470170000,ADNOC 222,ARE,qatar_control_sept2025,2025-09-20 00:00:00+00:00,2025-09-20 06:00:00+00:00,6.0,7,1.0,26.13857,51.54429,1.435,ordinary,open_water,"Ras Laffan port, Qatar",26.43,False,False,2,,False
533170658,MALAYSIA PASSION,MYS,qatar_control_sept2025,2025-09-22 19:00:00+00:00,2025-09-23 01:00:00+00:00,6.0,7,1.0,25.00286,51.60571,3.946,ordinary,open_water,"Doha port, Qatar",33.15,False,False,2,,False
538007647,ALEXANDER S MCCALL,MHL,qatar_control_sept2025,2025-09-21 02:00:00+00:00,2025-09-21 08:00:00+00:00,6.0,7,1.0,26.48571,52.03286,0.856,ordinary,open_water,"Ras Laffan port, Qatar",77.63,False,False,2,,False
563298600,LEONARD SCHULTE,SGP,qatar_control_sept2025,2025-09-22 19:00:00+00:00,2025-09-23 01:00:00+00:00,6.0,7,1.0,25.79429,51.86,4.924,ordinary,open_water,"Ras Laffan port, Qatar",28.91,False,False,2,,False
564931000,LANPAN 18,SGP,qatar_control_sept2025,2025-09-20 00:00:00+00:00,2025-09-20 06:00:00+00:00,6.0,7,1.0,25.73,51.69143,0.859,ordinary,open_water,"Ras Laffan port, Qatar",21.65,False,False,2,,False
565339000,LANPAN 6,SGP,qatar_control_sept2025,2025-09-23 17:00:00+00:00,2025-09-23 23:00:00+00:00,6.0,7,1.0,25.7,51.71571,4.485,ordinary,open_water,"Ras Laffan port, Qatar",25.71,False,False,2,,False
572206220,BRITOIL DIAMOND,TUV,qatar_control_sept2025,2025-09-22 05:00:00+00:00,2025-09-22 11:00:00+00:00,6.0,7,1.0,25.86,52.15,0.0,ordinary,open_water,"Ras Laffan port, Qatar",55.34,False,False,2,,False
636018175,STANFORD STAR,LBR,qatar_control_sept2025,2025-09-21 12:00:00+00:00,2025-09-21 18:00:00+00:00,6.0,3,0.429,26.36667,51.88333,4.091,ordinary,open_water,"Ras Laffan port, Qatar",58.54,False,False,2,,False
636022263,GEO MARITIMER,LBR,qatar_control_sept2025,2025-09-21 21:00:00+00:00,2025-09-22 03:00:00+00:00,6.0,7,1.0,26.15714,52.24429,3.917,ordinary,open_water,"Ras Laffan port, Qatar",70.24,False,False,2,,False
636024017,VORTEX VENTURE,LBR,qatar_control_sept2025,2025-09-20 13:00:00+00:00,2025-09-20 19:00:00+00:00,6.0,7,1.0,25.49143,52.37857,1.284,ordinary,open_water,"Doha port, Qatar",85.89,False,False,2,,False
636024422,SAFA SEARCHER,LBR,qatar_control_sept2025,2025-09-22 19:00:00+00:00,2025-09-23 01:00:00+00:00,6.0,7,1.0,26.06429,51.43714,4.808,ordinary,open_water,"Ras Laffan port, Qatar",23.91,False,False,2,,False
235025334,AFON BRAINT,GBR,qatar_control_sept2025,2025-09-20 00:00:00+00:00,2025-09-23 23:00:00+00:00,95.0,96,1.0,25.89,51.64,0.0,extended,ordinary_anchorage,"Ras Laffan port, Qatar",4.46,True,False,1,,False
241343000,MINERVA ELPIDA,GRC,qatar_control_sept2025,2025-09-20 00:00:00+00:00,2025-09-23 23:00:00+00:00,95.0,96,1.0,25.9,51.65,0.0,extended,ordinary_anchorage,"Ras Laffan port, Qatar",5.13,True,False,1,,False
312317000,ATCO BARAKA III,BLZ,qatar_control_sept2025,2025-09-20 00:00:00+00:00,2025-09-23 23:00:00+00:00,95.0,96,1.0,25.79,51.69,0.0,extended,ordinary_anchorage,"Ras Laffan port, Qatar",15.79,True,False,1,,False
341875001,SUN ORCHID,KNA,qatar_control_sept2025,2025-09-20 00:00:00+00:00,2025-09-23 23:00:00+00:00,95.0,96,1.0,25.39,51.56,0.0,extended,ordinary_anchorage,"Doha port, Qatar",10.39,True,False,1,,False
356090000,PHANTOS XX,PAN,qatar_control_sept2025,2025-09-20 00:00:00+00:00,2025-09-23 23:00:00+00:00,95.0,96,1.0,25.92,51.60125,0.875,extended,ordinary_anchorage,"Ras Laffan port, Qatar",1.56,True,False,1,,False
357219000,ANN SOFIE,PAN,qatar_control_sept2025,2025-09-20 00:00:00+00:00,2025-09-23 23:00:00+00:00,95.0,96,1.0,25.89,51.64,0.0,extended,ordinary_anchorage,"Ras Laffan port, Qatar",4.46,True,False,1,,False
357230000,PEGASUS XX,PAN,qatar_control_sept2025,2025-09-20 00:00:00+00:00,2025-09-23 23:00:00+00:00,95.0,95,0.99,25.90547,51.63084,3.482,extended,ordinary_anchorage,"Ras Laffan port, Qatar",3.17,True,False,1,,False
377395000,TSC ROSTAM,VCT,qatar_control_sept2025,2025-09-20 00:00:00+00:00,2025-09-23 23:00:00+00:00,95.0,96,1.0,25.89,51.64,0.0,extended,ordinary_anchorage,"Ras Laffan port, Qatar",4.46,True,False,1,,False
408498000,WESTERN COAST 3,BHR,qatar_control_sept2025,2025-09-20 00:00:00+00:00,2025-09-23 23:00:00+00:00,95.0,76,0.792,25.93329,51.55408,0.953,extended,ordinary_anchorage,"Ras Laffan port, Qatar",5.43,True,False,1,,False
419753000,SWARNA BRAHMAPUTRA,IND,qatar_control_sept2025,2025-09-20 00:00:00+00:00,2025-09-23 23:00:00+00:00,95.0,96,1.0,25.9,51.65,0.0,extended,ordinary_anchorage,"Ras Laffan port, Qatar",5.13,True,False,1,,False
466005000,AL MIRQAB II,QAT,qatar_control_sept2025,2025-09-20 00:00:00+00:00,2025-09-23 23:00:00+00:00,95.0,96,1.0,25.37,51.54,0.0,extended,ordinary_anchorage,"Doha port, Qatar",8.2,True,False,1,,False
466007000,SIDRA AL WAKRA,QAT,qatar_control_sept2025,2025-09-20 00:00:00+00:00,2025-09-23 23:00:00+00:00,95.0,96,1.0,25.85938,51.74,1.042,extended,ordinary_anchorage,"Ras Laffan port, Qatar",15.01,True,False,1,,False
466059000,AL MELIHAT,QAT,qatar_control_sept2025,2025-09-20 00:00:00+00:00,2025-09-23 23:00:00+00:00,95.0,96,1.0,25.91792,51.6176,3.804,extended,ordinary_anchorage,"Ras Laffan port, Qatar",2.26,True,False,1,,False
466063000,ONAIZA,QAT,qatar_control_sept2025,2025-09-20 00:00:00+00:00,2025-09-23 23:00:00+00:00,95.0,96,1.0,25.92063,51.62302,3.303,extended,ordinary_anchorage,"Ras Laffan port, Qatar",2.88,True,False,1,,False
466064000,ANBAR,QAT,qatar_control_sept2025,2025-09-20 00:00:00+00:00,2025-09-23 23:00:00+00:00,95.0,96,1.0,25.92031,51.6225,3.139,extended,ordinary_anchorage,"Ras Laffan port, Qatar",2.82,True,False,1,,False
466078000,JANAN R.V,QAT,qatar_control_sept2025,2025-09-20 00:00:00+00:00,2025-09-23 23:00:00+00:00,95.0,96,1.0,25.3,51.55,0.0,extended,ordinary_anchorage,"Doha port, Qatar",0.36,True,False,1,,False
466250000,HALUL 61,QAT,qatar_control_sept2025,2025-09-20 00:00:00+00:00,2025-09-23 23:00:00+00:00,95.0,96,1.0,25.88479,51.64677,1.822,extended,ordinary_anchorage,"Ras Laffan port, Qatar",5.32,True,False,1,,False
466390000,UM ALHOUL,QAT,qatar_control_sept2025,2025-09-20 00:00:00+00:00,2025-09-23 23:00:00+00:00,95.0,96,1.0,25.3,51.55,0.0,extended,ordinary_anchorage,"Doha port, Qatar",0.36,True,False,1,,False
466391000,ALDUHAIL,QAT,qatar_control_sept2025,2025-09-20 00:00:00+00:00,2025-09-23 23:00:00+00:00,95.0,96,1.0,25.29021,51.55031,3.708,extended,ordinary_anchorage,"Doha port, Qatar",0.75,True,False,1,,False
466409000,AL KHARSAAH,QAT,qatar_control_sept2025,2025-09-20 00:00:00+00:00,2025-09-23 23:00:00+00:00,95.0,96,1.0,25.91313,51.62854,3.416,extended,ordinary_anchorage,"Ras Laffan port, Qatar",3.04,True,False,1,,False
466410000,UMM AL SHUBRUM,QAT,qatar_control_sept2025,2025-09-20 00:00:00+00:00,2025-09-23 23:00:00+00:00,95.0,96,1.0,25.91417,51.62646,3.704,extended,ordinary_anchorage,"Ras Laffan port, Qatar",2.87,True,False,1,,False
466415000,AL NEFAYED,QAT,qatar_control_sept2025,2025-09-20 00:00:00+00:00,2025-09-23 23:00:00+00:00,95.0,96,1.0,25.9151,51.62625,3.815,extended,ordinary_anchorage,"Ras Laffan port, Qatar",2.88,True,False,1,,False
466500460,BU MEJBEL,QAT,qatar_control_sept2025,2025-09-20 00:00:00+00:00,2025-09-23 23:00:00+00:00,95.0,96,1.0,25.37,51.54,0.0,extended,ordinary_anchorage,"Doha port, Qatar",8.2,True,False,1,,False
466501200,DAWI,QAT,qatar_control_sept2025,2025-09-20 00:00:00+00:00,2025-09-23 23:00:00+00:00,95.0,96,1.0,25.92,51.62385,3.386,extended,ordinary_anchorage,"Ras Laffan port, Qatar",2.91,True,False,1,,False
466501210,HADD AL THEEB,QAT,qatar_control_sept2025,2025-09-20 00:00:00+00:00,2025-09-23 23:00:00+00:00,95.0,96,1.0,25.92031,51.61781,3.417,extended,ordinary_anchorage,"Ras Laffan port, Qatar",2.44,True,False,1,,False
466501840,GULF MIRAGE,QAT,qatar_control_sept2025,2025-09-20 00:00:00+00:00,2025-09-23 23:00:00+00:00,95.0,96,1.0,25.37,51.54,0.0,extended,ordinary_anchorage,"Doha port, Qatar",8.2,True,False,1,,False
466502360,GALAXY,QAT,qatar_control_sept2025,2025-09-20 00:00:00+00:00,2025-09-23 23:00:00+00:00,95.0,94,0.979,25.37,51.55,0.0,extended,ordinary_anchorage,"Doha port, Qatar",8.13,True,False,1,,False
466503510,BARIQ ALKHAIR,QAT,qatar_control_sept2025,2025-09-20 00:00:00+00:00,2025-09-23 23:00:00+00:00,95.0,87,0.906,25.16,51.62,0.0,extended,ordinary_anchorage,"Doha port, Qatar",16.73,True,False,1,,False
466503620,SORA 5,QAT,qatar_control_sept2025,2025-09-20 00:00:00+00:00,2025-09-23 23:00:00+00:00,95.0,96,1.0,25.9,51.59,0.0,extended,ordinary_anchorage,"Ras Laffan port, Qatar",1.14,True,False,1,,False
466505840,SILAIN ALDOHA,QAT,qatar_control_sept2025,2025-09-20 00:00:00+00:00,2025-09-23 23:00:00+00:00,95.0,96,1.0,25.37,51.55,0.0,extended,ordinary_anchorage,"Doha port, Qatar",8.13,True,False,1,,False
466507360,THE PEARL PRINCES 93,QAT,qatar_control_sept2025,2025-09-20 00:00:00+00:00,2025-09-23 23:00:00+00:00,95.0,95,0.99,25.3,51.55,0.0,extended,ordinary_anchorage,"Doha port, Qatar",0.36,True,False,1,,False
466511850,AL QADEER 1,QAT,qatar_control_sept2025,2025-09-20 00:00:00+00:00,2025-09-23 23:00:00+00:00,95.0,88,0.917,25.37,51.54,0.0,extended,ordinary_anchorage,"Doha port, Qatar",8.2,True,False,1,,False
466512010,ZAHID,QAT,qatar_control_sept2025,2025-09-20 00:00:00+00:00,2025-09-23 23:00:00+00:00,95.0,87,0.906,25.16,51.62,0.0,extended,ordinary_anchorage,"Doha port, Qatar",16.73,True,False,1,,False
466513390,BEAR-T,QAT,qatar_control_sept2025,2025-09-20 00:00:00+00:00,2025-09-23 23:00:00+00:00,95.0,96,1.0,25.37,51.55,0.0,extended,ordinary_anchorage,"Doha port, Qatar",8.13,True,False,1,,False
466513790,LAHAMEEM,QAT,qatar_control_sept2025,2025-09-20 00:00:00+00:00,2025-09-23 23:00:00+00:00,95.0,96,1.0,25.37,51.54,0.0,extended,ordinary_anchorage,"Doha port, Qatar",8.2,True,False,1,,False
466514720,SHARAF,QAT,qatar_control_sept2025,2025-09-20 00:00:00+00:00,2025-09-23 23:00:00+00:00,95.0,91,0.948,25.37,51.55,0.0,extended,ordinary_anchorage,"Doha port, Qatar",8.13,True,False,1,,False
466518770,SAINT - TROPEZ,QAT,qatar_control_sept2025,2025-09-20 00:00:00+00:00,2025-09-23 23:00:00+00:00,95.0,95,0.99,25.37,51.55,0.0,extended,ordinary_anchorage,"Doha port, Qatar",8.13,True,False,1,,False
466519940,BALMESAN,QAT,qatar_control_sept2025,2025-09-20 00:00:00+00:00,2025-09-23 23:00:00+00:00,95.0,94,0.979,25.38,51.53,0.0,extended,ordinary_anchorage,"Doha port, Qatar",9.48,True,False,1,,False
466527490,MY METEOR,QAT,qatar_control_sept2025,2025-09-20 00:00:00+00:00,2025-09-23 23:00:00+00:00,95.0,74,0.771,25.37,51.54,0.0,extended,ordinary_anchorage,"Doha port, Qatar",8.2,True,False,1,,False
466527720,ALMISAN 2,QAT,qatar_control_sept2025,2025-09-20 00:00:00+00:00,2025-09-23 23:00:00+00:00,95.0,90,0.938,25.37,51.54,0.0,extended,ordinary_anchorage,"Doha port, Qatar",8.2,True,False,1,,False
466528700,ALYAKKA,QAT,qatar_control_sept2025,2025-09-20 00:00:00+00:00,2025-09-23 23:00:00+00:00,95.0,96,1.0,25.3,51.55,0.0,extended,ordinary_anchorage,"Doha port, Qatar",0.36,True,False,1,,False
466533430,A F A,QAT,qatar_control_sept2025,2025-09-20 00:00:00+00:00,2025-09-23 23:00:00+00:00,95.0,93,0.969,25.37,51.54,0.0,extended,ordinary_anchorage,"Doha port, Qatar",8.2,True,False,1,,False
466535310,BLANCA,QAT,qatar_control_sept2025,2025-09-20 00:00:00+00:00,2025-09-23 23:00:00+00:00,95.0,92,0.958,25.37,51.54,0.0,extended,ordinary_anchorage,"Doha port, Qatar",8.2,True,False,1,,False
466539600,MEE7AH,QAT,qatar_control_sept2025,2025-09-20 00:00:00+00:00,2025-09-23 23:00:00+00:00,95.0,96,1.0,25.32073,51.54073,4.387,extended,ordinary_anchorage,"Doha port, Qatar",2.85,True,False,1,,False
466545130,FADAH 100%,QAT,qatar_control_sept2025,2025-09-20 00:00:00+00:00,2025-09-23 23:00:00+00:00,95.0,94,0.979,25.37,51.55,0.0,extended,ordinary_anchorage,"Doha port, Qatar",8.13,True,False,1,,False
466545630,LTHWAR,QAT,qatar_control_sept2025,2025-09-20 00:00:00+00:00,2025-09-23 23:00:00+00:00,95.0,96,1.0,25.37,51.54,0.0,extended,ordinary_anchorage,"Doha port, Qatar",8.2,True,False,1,,False
466548490,LOSHHAB,QAT,qatar_control_sept2025,2025-09-20 00:00:00+00:00,2025-09-23 23:00:00+00:00,95.0,96,1.0,25.37,51.54,0.0,extended,ordinary_anchorage,"Doha port, Qatar",8.2,True,False,1,,False
466553860,RAS RUKUN,QAT,qatar_control_sept2025,2025-09-20 00:00:00+00:00,2025-09-23 23:00:00+00:00,95.0,96,1.0,25.29,51.55,0.0,extended,ordinary_anchorage,"Doha port, Qatar",0.78,True,False,1,,False
466555170,DRB ALSAAE,QAT,qatar_control_sept2025,2025-09-20 00:00:00+00:00,2025-09-23 23:00:00+00:00,95.0,96,1.0,25.37,51.54,0.0,extended,ordinary_anchorage,"Doha port, Qatar",8.2,True,False,1,,False
466563960,LBSAIR 100%,QAT,qatar_control_sept2025,2025-09-20 00:00:00+00:00,2025-09-23 23:00:00+00:00,95.0,96,1.0,25.29,51.5399,0.995,extended,ordinary_anchorage,"Doha port, Qatar",1.36,True,False,1,,False
466573830,LAFFAN,QAT,qatar_control_sept2025,2025-09-20 00:00:00+00:00,2025-09-23 23:00:00+00:00,95.0,96,1.0,25.32,51.54,0.0,extended,ordinary_anchorage,"Doha port, Qatar",2.8,True,False,1,,False
466573880,RL 30,QAT,qatar_control_sept2025,2025-09-20 00:00:00+00:00,2025-09-23 23:00:00+00:00,95.0,96,1.0,25.92052,51.59333,3.668,extended,ordinary_anchorage,"Ras Laffan port, Qatar",1.71,True,False,1,,False
466573890,RL 31,QAT,qatar_control_sept2025,2025-09-20 00:00:00+00:00,2025-09-23 23:00:00+00:00,95.0,96,1.0,25.9201,51.59094,4.907,extended,ordinary_anchorage,"Ras Laffan port, Qatar",1.76,True,False,1,,False
466575970,ABADE,QAT,qatar_control_sept2025,2025-09-20 00:00:00+00:00,2025-09-23 23:00:00+00:00,95.0,90,0.938,25.36933,51.55022,2.928,extended,ordinary_anchorage,"Doha port, Qatar",8.05,True,False,1,,False
466579180,H.S.S. XI,QAT,qatar_control_sept2025,2025-09-20 00:00:00+00:00,2025-09-23 23:00:00+00:00,95.0,96,1.0,25.29,51.56,0.0,extended,ordinary_anchorage,"Doha port, Qatar",1.18,True,False,1,,False
466582040,AL QALAYL 2,QAT,qatar_control_sept2025,2025-09-20 00:00:00+00:00,2025-09-23 23:00:00+00:00,95.0,94,0.979,25.16447,51.61543,0.822,extended,ordinary_anchorage,"Doha port, Qatar",16.08,True,False,1,,False
466584310,SEAS 400,QAT,qatar_control_sept2025,2025-09-20 00:00:00+00:00,2025-09-23 23:00:00+00:00,95.0,95,0.99,25.37,51.55,0.0,extended,ordinary_anchorage,"Doha port, Qatar",8.13,True,False,1,,False
466585210,ONE O ONE,QAT,qatar_control_sept2025,2025-09-20 00:00:00+00:00,2025-09-23 23:00:00+00:00,95.0,96,1.0,25.96,51.43,0.0,extended,ordinary_anchorage,"Ras Laffan port, Qatar",17.95,True,False,1,,False
466591590,VIKING-74,QAT,qatar_control_sept2025,2025-09-20 00:00:00+00:00,2025-09-23 23:00:00+00:00,95.0,96,1.0,25.29,51.55,0.0,extended,ordinary_anchorage,"Doha port, Qatar",0.78,True,False,1,,False
466593400,BEN HARB,QAT,qatar_control_sept2025,2025-09-20 00:00:00+00:00,2025-09-23 23:00:00+00:00,95.0,95,0.99,25.37,51.54,0.0,extended,ordinary_anchorage,"Doha port, Qatar",8.2,True,False,1,,False
538003357,AL MAFYAR,MHL,qatar_control_sept2025,2025-09-20 00:00:00+00:00,2025-09-23 23:00:00+00:00,95.0,96,1.0,25.85604,51.79,0.672,extended,ordinary_anchorage,"Ras Laffan port, Qatar",19.88,True,False,1,,False
538010826,PINNACLE,MHL,qatar_control_sept2025,2025-09-20 00:00:00+00:00,2025-09-23 23:00:00+00:00,95.0,96,1.0,25.9,51.65,0.0,extended,ordinary_anchorage,"Ras Laffan port, Qatar",5.13,True,False,1,,False
565104000,BRITOIL 74,SGP,qatar_control_sept2025,2025-09-20 00:00:00+00:00,2025-09-23 23:00:00+00:00,95.0,96,1.0,25.96042,51.5426,2.09,extended,ordinary_anchorage,"Ras Laffan port, Qatar",8.28,True,False,1,,False
577525000,VORTEX EVOLUTION,VUT,qatar_control_sept2025,2025-09-20 00:00:00+00:00,2025-09-23 23:00:00+00:00,95.0,96,1.0,25.9,51.65,0.0,extended,ordinary_anchorage,"Ras Laffan port, Qatar",5.13,True,False,1,,False
636015700,ALJASSRA,LBR,qatar_control_sept2025,2025-09-20 00:00:00+00:00,2025-09-23 23:00:00+00:00,95.0,96,1.0,25.9,51.65,0.0,extended,ordinary_anchorage,"Ras Laffan port, Qatar",5.13,True,False,1,,False
636024811,MAG JUPITER,LBR,qatar_control_sept2025,2025-09-20 00:00:00+00:00,2025-09-23 23:00:00+00:00,95.0,96,1.0,25.9,51.65,0.0,extended,ordinary_anchorage,"Ras Laffan port, Qatar",5.13,True,False,1,,False
466254000,SEA GALAXY,QAT,qatar_control_sept2025,2025-09-20 00:00:00+00:00,2025-09-23 22:00:00+00:00,94.0,95,1.0,25.41,51.55,0.0,extended,ordinary_anchorage,"Doha port, Qatar",12.58,True,False,1,,False
564162000,BRITOIL 61,SGP,qatar_control_sept2025,2025-09-20 04:00:00+00:00,2025-09-23 23:00:00+00:00,91.0,92,1.0,25.95674,51.55261,2.762,extended,ordinary_anchorage,"Ras Laffan port, Qatar",7.31,True,False,1,,False
538006499,RUSTAQ SILVER,MHL,qatar_control_sept2025,2025-09-20 09:00:00+00:00,2025-09-22 07:00:00+00:00,46.0,47,1.0,25.93,51.60021,0.979,ordinary,ordinary_anchorage,"Ras Laffan port, Qatar",2.66,False,False,1,,False
636018175,STANFORD STAR,LBR,qatar_control_sept2025,2025-09-22 01:00:00+00:00,2025-09-23 23:00:00+00:00,46.0,47,1.0,25.87,51.65,0.0,ordinary,ordinary_anchorage,"Ras Laffan port, Qatar",6.48,False,False,1,,False
466530560,MARLIN 100%,QAT,qatar_control_sept2025,2025-09-20 00:00:00+00:00,2025-09-21 20:00:00+00:00,44.0,40,0.889,25.302,51.5515,4.616,ordinary,ordinary_anchorage,"Doha port, Qatar",0.57,False,False,1,,False
466574920,RAS AL ALLAJ,QAT,qatar_control_sept2025,2025-09-22 03:00:00+00:00,2025-09-23 23:00:00+00:00,44.0,45,1.0,25.92222,51.59422,2.719,ordinary,ordinary_anchorage,"Ras Laffan port, Qatar",1.86,False,False,1,,False
466565300,SAMA,QAT,qatar_control_sept2025,2025-09-20 17:00:00+00:00,2025-09-22 11:00:00+00:00,42.0,32,0.744,25.37031,51.54031,1.078,ordinary,ordinary_anchorage,"Doha port, Qatar",8.23,False,False,1,,False
408201087,WCD SALMANIYA,BHR,qatar_control_sept2025,2025-09-20 00:00:00+00:00,2025-09-21 16:00:00+00:00,40.0,40,0.976,25.94,51.56,0.0,ordinary,ordinary_anchorage,"Ras Laffan port, Qatar",5.44,False,False,1,,False
466573910,RASLAFFAN PILOT,QAT,qatar_control_sept2025,2025-09-22 07:00:00+00:00,2025-09-23 23:00:00+00:00,40.0,41,1.0,25.92683,51.60219,4.841,ordinary,ordinary_anchorage,"Ras Laffan port, Qatar",2.32,False,False,1,,False
471068000,MUBARAK 241,,qatar_control_sept2025,2025-09-20 00:00:00+00:00,2025-09-21 16:00:00+00:00,40.0,41,1.0,25.9422,51.56146,2.712,ordinary,ordinary_anchorage,"Ras Laffan port, Qatar",5.51,False,False,1,,False
538005335,TOPAZ SOPHIE,MHL,qatar_control_sept2025,2025-09-20 17:00:00+00:00,2025-09-22 09:00:00+00:00,40.0,41,1.0,25.92634,51.59683,2.353,ordinary,ordinary_anchorage,"Ras Laffan port, Qatar",2.26,False,False,1,,False
566770000,LANPAN 27,SGP,qatar_control_sept2025,2025-09-22 07:00:00+00:00,2025-09-23 23:00:00+00:00,40.0,41,1.0,25.82244,51.69049,4.611,ordinary,ordinary_anchorage,"Ras Laffan port, Qatar",13.04,False,False,1,,False
241836000,SIENA,GRC,qatar_control_sept2025,2025-09-21 14:00:00+00:00,2025-09-23 05:00:00+00:00,39.0,40,1.0,25.86025,51.75975,1.458,ordinary,ordinary_anchorage,"Ras Laffan port, Qatar",16.85,False,False,1,,False
466501830,ABU HADEEDAH,QAT,qatar_control_sept2025,2025-09-22 08:00:00+00:00,2025-09-23 23:00:00+00:00,39.0,40,1.0,25.29,51.55,0.0,ordinary,ordinary_anchorage,"Doha port, Qatar",0.78,False,False,1,,False
466509520,MARISOL 1,QAT,qatar_control_sept2025,2025-09-20 00:00:00+00:00,2025-09-21 15:00:00+00:00,39.0,40,1.0,25.94,51.55975,0.975,ordinary,ordinary_anchorage,"Ras Laffan port, Qatar",5.46,False,False,1,,False
466536920,SEA FORCE 2,QAT,qatar_control_sept2025,2025-09-20 11:00:00+00:00,2025-09-22 02:00:00+00:00,39.0,40,1.0,25.29,51.55,0.0,ordinary,ordinary_anchorage,"Doha port, Qatar",0.78,False,False,1,,False
466579650,TCC FISHING 1 7%,QAT,qatar_control_sept2025,2025-09-21 21:00:00+00:00,2025-09-23 12:00:00+00:00,39.0,27,0.675,25.37,51.54,0.0,ordinary,ordinary_anchorage,"Doha port, Qatar",8.2,False,False,1,,False
419766000,JAG AMISHA,IND,qatar_control_sept2025,2025-09-22 09:00:00+00:00,2025-09-23 23:00:00+00:00,38.0,39,1.0,25.92,51.61,0.0,ordinary,ordinary_anchorage,"Ras Laffan port, Qatar",1.89,False,False,1,,False
466008000,SIDRA DOHA,QAT,qatar_control_sept2025,2025-09-22 09:00:00+00:00,2025-09-23 23:00:00+00:00,38.0,39,1.0,25.8441,51.77,4.376,ordinary,ordinary_anchorage,"Ras Laffan port, Qatar",18.43,False,False,1,,False
564931000,LANPAN 18,SGP,qatar_control_sept2025,2025-09-21 04:00:00+00:00,2025-09-22 18:00:00+00:00,38.0,39,1.0,25.36026,51.71077,3.131,ordinary,ordinary_anchorage,"Doha port, Qatar",17.53,False,False,1,,False
466536920,SEA FORCE 2,QAT,qatar_control_sept2025,2025-09-22 10:00:00+00:00,2025-09-23 23:00:00+00:00,37.0,38,1.0,25.29,51.55,0.0,ordinary,ordinary_anchorage,"Doha port, Qatar",0.78,False,False,1,,False
466547540,AL RAYYAN ALATTIQ,QAT,qatar_control_sept2025,2025-09-21 13:00:00+00:00,2025-09-23 02:00:00+00:00,37.0,19,0.5,25.16,51.62,0.0,ordinary,ordinary_anchorage,"Doha port, Qatar",16.73,False,False,1,,False
466569300,BAHAR ALSALAMH,QAT,qatar_control_sept2025,2025-09-20 18:00:00+00:00,2025-09-22 07:00:00+00:00,37.0,17,0.447,25.37,51.55,0.0,ordinary,ordinary_anchorage,"Doha port, Qatar",8.13,False,False,1,,False
565680000,POSH ENDEAVOUR,SGP,qatar_control_sept2025,2025-09-22 10:00:00+00:00,2025-09-23 23:00:00+00:00,37.0,38,1.0,25.81,51.7,0.0,ordinary,ordinary_anchorage,"Ras Laffan port, Qatar",14.69,False,False,1,,False
311000638,LICHTENSTEIN,BHS,qatar_control_sept2025,2025-09-22 11:00:00+00:00,2025-09-23 23:00:00+00:00,36.0,37,1.0,25.83,51.76,0.0,ordinary,ordinary_anchorage,"Ras Laffan port, Qatar",18.18,False,False,1,,False
354991000,MMPL MERLIN,PAN,qatar_control_sept2025,2025-09-22 11:00:00+00:00,2025-09-23 23:00:00+00:00,36.0,37,1.0,25.84,51.69081,0.92,ordinary,ordinary_anchorage,"Ras Laffan port, Qatar",11.75,False,False,1,,False
375678000,FIREBIRD 1,VCT,qatar_control_sept2025,2025-09-22 11:00:00+00:00,2025-09-23 23:00:00+00:00,36.0,37,1.0,25.92,51.59,0.0,ordinary,ordinary_anchorage,"Ras Laffan port, Qatar",1.8,False,False,1,,False
466501600,BIRD 1,QAT,qatar_control_sept2025,2025-09-20 00:00:00+00:00,2025-09-21 12:00:00+00:00,36.0,37,1.0,25.3,51.64,0.0,ordinary,ordinary_anchorage,"Doha port, Qatar",8.94,False,False,1,,False
466550130,SPEED MARINE 1,QAT,qatar_control_sept2025,2025-09-21 21:00:00+00:00,2025-09-23 09:00:00+00:00,36.0,29,0.784,25.37,51.54,0.0,ordinary,ordinary_anchorage,"Doha port, Qatar",8.2,False,False,1,,False
466509520,MARISOL 1,QAT,qatar_control_sept2025,2025-09-21 21:00:00+00:00,2025-09-23 08:00:00+00:00,35.0,19,0.528,25.41,51.52158,2.854,ordinary,ordinary_anchorage,"Doha port, Qatar",12.92,False,False,1,,False
466515000,,QAT,qatar_control_sept2025,2025-09-20 18:00:00+00:00,2025-09-22 05:00:00+00:00,35.0,36,1.0,25.16,51.61083,2.935,ordinary,ordinary_anchorage,"Doha port, Qatar",16.37,False,False,1,,False
466529580,ALMAGAZ 93%,QAT,qatar_control_sept2025,2025-09-22 12:00:00+00:00,2025-09-23 23:00:00+00:00,35.0,36,1.0,25.16,51.61028,0.978,ordinary,ordinary_anchorage,"Doha port, Qatar",16.35,False,False,1,,False
466591060,JET BOAT 100%,QAT,qatar_control_sept2025,2025-09-22 12:00:00+00:00,2025-09-23 23:00:00+00:00,35.0,36,1.0,25.32306,51.5425,4.177,ordinary,ordinary_anchorage,"Doha port, Qatar",3.03,False,False,1,,False
538011275,ORYX 2,MHL,qatar_control_sept2025,2025-09-22 12:00:00+00:00,2025-09-23 23:00:00+00:00,35.0,36,1.0,25.90028,51.65028,1.454,ordinary,ordinary_anchorage,"Ras Laffan port, Qatar",5.15,False,False,1,,False
376512000,STANFORD NILE,VCT,qatar_control_sept2025,2025-09-20 00:00:00+00:00,2025-09-21 10:00:00+00:00,34.0,35,1.0,25.86029,51.63086,1.087,ordinary,ordinary_anchorage,"Ras Laffan port, Qatar",6.0,False,False,1,,False
466586820,,QAT,qatar_control_sept2025,2025-09-22 13:00:00+00:00,2025-09-23 23:00:00+00:00,34.0,35,1.0,25.84,51.66029,0.972,ordinary,ordinary_anchorage,"Ras Laffan port, Qatar",9.56,False,False,1,,False
563214800,ASTRO ATHENA,SGP,qatar_control_sept2025,2025-09-22 13:00:00+00:00,2025-09-23 23:00:00+00:00,34.0,35,1.0,25.88,51.69686,0.686,ordinary,ordinary_anchorage,"Ras Laffan port, Qatar",10.19,False,False,1,,False
240653000,MINERVA DOXA,GRC,qatar_control_sept2025,2025-09-20 00:00:00+00:00,2025-09-21 09:00:00+00:00,33.0,34,1.0,25.90029,51.65,1.079,ordinary,ordinary_anchorage,"Ras Laffan port, Qatar",5.12,False,False,1,,False
311605000,FUWAIRIT,BHS,qatar_control_sept2025,2025-09-20 17:00:00+00:00,2025-09-22 02:00:00+00:00,33.0,34,1.0,25.89,51.75412,0.588,ordinary,ordinary_anchorage,"Ras Laffan port, Qatar",15.6,False,False,1,,False
466510320,SEA DRAGON 95%,QAT,qatar_control_sept2025,2025-09-22 14:00:00+00:00,2025-09-23 23:00:00+00:00,33.0,34,1.0,25.30147,51.55,3.172,ordinary,ordinary_anchorage,"Doha port, Qatar",0.52,False,False,1,,False
466530400,SPARK DOHA 98%,QAT,qatar_control_sept2025,2025-09-20 00:00:00+00:00,2025-09-21 09:00:00+00:00,33.0,26,0.765,25.37,51.55,0.0,ordinary,ordinary_anchorage,"Doha port, Qatar",8.13,False,False,1,,False
466573900,RL 32,QAT,qatar_control_sept2025,2025-09-22 14:00:00+00:00,2025-09-23 23:00:00+00:00,33.0,34,1.0,25.92088,51.59412,2.59,ordinary,ordinary_anchorage,"Ras Laffan port, Qatar",1.72,False,False,1,,False
466574910,AL ESAIWED,QAT,qatar_control_sept2025,2025-09-21 06:00:00+00:00,2025-09-22 15:00:00+00:00,33.0,34,1.0,25.92059,51.60559,4.997,ordinary,ordinary_anchorage,"Ras Laffan port, Qatar",1.73,False,False,1,,False
538011274,ORYX 1,MHL,qatar_control_sept2025,2025-09-22 14:00:00+00:00,2025-09-23 23:00:00+00:00,33.0,34,1.0,25.9,51.65,0.0,ordinary,ordinary_anchorage,"Ras Laffan port, Qatar",5.13,False,False,1,,False
538011658,P&O KATARA,MHL,qatar_control_sept2025,2025-09-22 14:00:00+00:00,2025-09-23 23:00:00+00:00,33.0,34,1.0,25.92029,51.59353,2.859,ordinary,ordinary_anchorage,"Ras Laffan port, Qatar",1.68,False,False,1,,False
563173900,PROTEUS BOHEMIA,SGP,qatar_control_sept2025,2025-09-21 04:00:00+00:00,2025-09-22 13:00:00+00:00,33.0,34,1.0,25.92,51.61088,2.912,ordinary,ordinary_anchorage,"Ras Laffan port, Qatar",1.94,False,False,1,,False
577351000,FLOWERS TIDE,VUT,qatar_control_sept2025,2025-09-21 22:00:00+00:00,2025-09-23 07:00:00+00:00,33.0,34,1.0,25.87,51.67029,0.971,ordinary,ordinary_anchorage,"Ras Laffan port, Qatar",8.17,False,False,1,,False
645350000,TRISTAR GLORY,MUS,qatar_control_sept2025,2025-09-21 14:00:00+00:00,2025-09-22 23:00:00+00:00,33.0,34,1.0,25.88118,51.64059,4.418,ordinary,ordinary_anchorage,"Ras Laffan port, Qatar",4.98,False,False,1,,False
377378000,STANFORD TIGRIS,VCT,qatar_control_sept2025,2025-09-22 15:00:00+00:00,2025-09-23 23:00:00+00:00,32.0,33,1.0,25.86485,51.63394,2.67,ordinary,ordinary_anchorage,"Ras Laffan port, Qatar",5.75,False,False,1,,False
466501620,BIRD 3,QAT,qatar_control_sept2025,2025-09-22 15:00:00+00:00,2025-09-23 23:00:00+00:00,32.0,25,0.758,25.3004,51.6396,1.439,ordinary,ordinary_anchorage,"Doha port, Qatar",8.91,False,False,1,,False
377246000,STANFORD CHALLENGER,VCT,qatar_control_sept2025,2025-09-22 16:00:00+00:00,2025-09-23 23:00:00+00:00,31.0,32,1.0,25.86,51.64,0.0,ordinary,ordinary_anchorage,"Ras Laffan port, Qatar",6.55,False,False,1,,False
466009000,SIDRA AL KHOR,QAT,qatar_control_sept2025,2025-09-20 17:00:00+00:00,2025-09-22 00:00:00+00:00,31.0,32,1.0,25.8775,51.76562,4.208,ordinary,ordinary_anchorage,"Ras Laffan port, Qatar",16.95,False,False,1,,False
466323000,HALUL 100,QAT,qatar_control_sept2025,2025-09-22 14:00:00+00:00,2025-09-23 21:00:00+00:00,31.0,32,1.0,25.87938,51.62125,4.992,ordinary,ordinary_anchorage,"Ras Laffan port, Qatar",3.7,False,False,1,,False
466502580,DAR ALSALAM,QAT,qatar_control_sept2025,2025-09-22 16:00:00+00:00,2025-09-23 23:00:00+00:00,31.0,32,1.0,25.88031,51.65031,1.449,ordinary,ordinary_anchorage,"Ras Laffan port, Qatar",5.86,False,False,1,,False
466533230,SORA 1,QAT,qatar_control_sept2025,2025-09-22 16:00:00+00:00,2025-09-23 23:00:00+00:00,31.0,32,1.0,25.39094,51.56,3.232,ordinary,ordinary_anchorage,"Doha port, Qatar",10.49,False,False,1,,False
466563160,LADY BEATRICE,QAT,qatar_control_sept2025,2025-09-20 00:00:00+00:00,2025-09-21 07:00:00+00:00,31.0,32,1.0,25.92,51.59,0.0,ordinary,ordinary_anchorage,"Ras Laffan port, Qatar",1.8,False,False,1,,False
466574910,AL ESAIWED,QAT,qatar_control_sept2025,2025-09-22 16:00:00+00:00,2025-09-23 23:00:00+00:00,31.0,32,1.0,25.9225,51.59469,3.193,ordinary,ordinary_anchorage,"Ras Laffan port, Qatar",1.88,False,False,1,,False
538003346,ZARGA,MHL,qatar_control_sept2025,2025-09-20 00:00:00+00:00,2025-09-21 07:00:00+00:00,31.0,32,1.0,25.9,51.64,0.0,ordinary,ordinary_anchorage,"Ras Laffan port, Qatar",4.14,False,False,1,,False
564292000,LANPAN 35,SGP,qatar_control_sept2025,2025-09-21 13:00:00+00:00,2025-09-22 20:00:00+00:00,31.0,32,1.0,25.98031,51.55563,4.159,ordinary,ordinary_anchorage,"Ras Laffan port, Qatar",9.33,False,False,1,,False
572206220,BRITOIL DIAMOND,TUV,qatar_control_sept2025,2025-09-22 16:00:00+00:00,2025-09-23 23:00:00+00:00,31.0,32,1.0,25.84094,51.69156,4.951,ordinary,ordinary_anchorage,"Ras Laffan port, Qatar",11.74,False,False,1,,False
311605000,FUWAIRIT,BHS,qatar_control_sept2025,2025-09-22 05:00:00+00:00,2025-09-23 11:00:00+00:00,30.0,31,1.0,25.92968,51.61129,4.018,ordinary,ordinary_anchorage,"Ras Laffan port, Qatar",2.89,False,False,1,,False
357220000,MIMMI,PAN,qatar_control_sept2025,2025-09-20 00:00:00+00:00,2025-09-21 06:00:00+00:00,30.0,31,1.0,25.99419,51.5471,4.965,ordinary,ordinary_anchorage,"Ras Laffan port, Qatar",11.09,False,False,1,,False
376065000,SWISSCO SEARCHER,VCT,qatar_control_sept2025,2025-09-21 03:00:00+00:00,2025-09-22 09:00:00+00:00,30.0,31,1.0,25.80387,51.64645,4.069,ordinary,ordinary_anchorage,"Ras Laffan port, Qatar",12.31,False,False,1,,False
377252000,QMS MARIMBA,VCT,qatar_control_sept2025,2025-09-22 03:00:00+00:00,2025-09-23 09:00:00+00:00,30.0,31,1.0,25.83871,51.67645,1.032,ordinary,ordinary_anchorage,"Ras Laffan port, Qatar",10.77,False,False,1,,False
466535800,,QAT,qatar_control_sept2025,2025-09-22 17:00:00+00:00,2025-09-23 23:00:00+00:00,30.0,30,0.968,25.16,51.61033,0.973,ordinary,ordinary_anchorage,"Doha port, Qatar",16.35,False,False,1,,False
466573960,UMM AL ROUS,QAT,qatar_control_sept2025,2025-09-20 00:00:00+00:00,2025-09-21 06:00:00+00:00,30.0,31,1.0,25.92032,51.59161,1.839,ordinary,ordinary_anchorage,"Ras Laffan port, Qatar",1.75,False,False,1,,False
466574920,RAS AL ALLAJ,QAT,qatar_control_sept2025,2025-09-20 00:00:00+00:00,2025-09-21 06:00:00+00:00,30.0,31,1.0,25.9229,51.59742,4.494,ordinary,ordinary_anchorage,"Ras Laffan port, Qatar",1.88,False,False,1,,False
565680000,POSH ENDEAVOUR,SGP,qatar_control_sept2025,2025-09-21 01:00:00+00:00,2025-09-22 07:00:00+00:00,30.0,31,1.0,25.96968,51.71742,1.655,ordinary,ordinary_anchorage,"Ras Laffan port, Qatar",13.77,False,False,1,,False
566670000,LANPAN 32,SGP,qatar_control_sept2025,2025-09-21 12:00:00+00:00,2025-09-22 18:00:00+00:00,30.0,31,1.0,25.88,51.66323,0.678,ordinary,ordinary_anchorage,"Ras Laffan port, Qatar",7.03,False,False,1,,False
352004672,EXPRESS 80,PAN,qatar_control_sept2025,2025-09-22 18:00:00+00:00,2025-09-23 23:00:00+00:00,29.0,30,1.0,25.85533,51.61833,1.713,ordinary,ordinary_anchorage,"Ras Laffan port, Qatar",5.96,False,False,1,,False
352004673,EXPRESS 81,PAN,qatar_control_sept2025,2025-09-22 18:00:00+00:00,2025-09-23 23:00:00+00:00,29.0,30,1.0,25.85433,51.62333,1.774,ordinary,ordinary_anchorage,"Ras Laffan port, Qatar",6.24,False,False,1,,False
466321000,HALUL101,QAT,qatar_control_sept2025,2025-09-22 18:00:00+00:00,2025-09-23 23:00:00+00:00,29.0,30,1.0,25.87,51.62967,0.967,ordinary,ordinary_anchorage,"Ras Laffan port, Qatar",5.04,False,False,1,,False
466428000,HALUL 48,QAT,qatar_control_sept2025,2025-09-22 18:00:00+00:00,2025-09-23 23:00:00+00:00,29.0,30,1.0,25.87,51.67,0.0,ordinary,ordinary_anchorage,"Ras Laffan port, Qatar",8.14,False,False,1,,False
466501640,BIRD-4,QAT,qatar_control_sept2025,2025-09-22 18:00:00+00:00,2025-09-23 23:00:00+00:00,29.0,28,0.933,25.29357,51.54322,3.254,ordinary,ordinary_anchorage,"Doha port, Qatar",0.87,False,False,1,,False
466565300,SAMA,QAT,qatar_control_sept2025,2025-09-22 18:00:00+00:00,2025-09-23 23:00:00+00:00,29.0,15,0.5,25.37,51.54133,0.871,ordinary,ordinary_anchorage,"Doha port, Qatar",8.19,False,False,1,,False
466574910,AL ESAIWED,QAT,qatar_control_sept2025,2025-09-20 00:00:00+00:00,2025-09-21 05:00:00+00:00,29.0,30,1.0,25.92233,51.593,2.598,ordinary,ordinary_anchorage,"Ras Laffan port, Qatar",1.91,False,False,1,,False
466590590,,QAT,qatar_control_sept2025,2025-09-22 18:00:00+00:00,2025-09-23 23:00:00+00:00,29.0,21,0.7,25.16095,51.61,1.006,ordinary,ordinary_anchorage,"Doha port, Qatar",16.24,False,False,1,,False
564292000,LANPAN 35,SGP,qatar_control_sept2025,2025-09-20 00:00:00+00:00,2025-09-21 05:00:00+00:00,29.0,30,1.0,25.97233,51.55333,3.644,ordinary,ordinary_anchorage,"Ras Laffan port, Qatar",8.68,False,False,1,,False
255750000,KLAUS,PRT,qatar_control_sept2025,2025-09-22 19:00:00+00:00,2025-09-23 23:00:00+00:00,28.0,29,1.0,25.93,51.6,0.0,ordinary,ordinary_anchorage,"Ras Laffan port, Qatar",2.66,False,False,1,,False
352001559,BGP INNOVATOR,PAN,qatar_control_sept2025,2025-09-22 19:00:00+00:00,2025-09-23 23:00:00+00:00,28.0,29,1.0,25.92034,51.60034,1.444,ordinary,ordinary_anchorage,"Ras Laffan port, Qatar",1.59,False,False,1,,False
357220000,MIMMI,PAN,qatar_control_sept2025,2025-09-21 07:00:00+00:00,2025-09-22 11:00:00+00:00,28.0,29,1.0,25.99138,51.5531,3.727,ordinary,ordinary_anchorage,"Ras Laffan port, Qatar",10.54,False,False,1,,False
377628000,STANFORD OSPREY,VCT,qatar_control_sept2025,2025-09-22 19:00:00+00:00,2025-09-23 23:00:00+00:00,28.0,29,1.0,25.85414,51.65,0.652,ordinary,ordinary_anchorage,"Ras Laffan port, Qatar",7.69,False,False,1,,False
419001655,PINE GAS,IND,qatar_control_sept2025,2025-09-20 16:00:00+00:00,2025-09-21 20:00:00+00:00,28.0,29,1.0,25.92034,51.62103,3.897,ordinary,ordinary_anchorage,"Ras Laffan port, Qatar",2.7,False,False,1,,False
466501240,CASA CHAIL,QAT,qatar_control_sept2025,2025-09-22 17:00:00+00:00,2025-09-23 21:00:00+00:00,28.0,29,1.0,25.41,51.55,0.0,ordinary,ordinary_anchorage,"Doha port, Qatar",12.58,False,False,1,,False
563068400,HAFNIA DESPINA,SGP,qatar_control_sept2025,2025-09-21 23:00:00+00:00,2025-09-23 03:00:00+00:00,28.0,29,1.0,25.91966,51.62103,3.09,ordinary,ordinary_anchorage,"Ras Laffan port, Qatar",2.65,False,False,1,,False
440272000,UNIVERSAL VICTOR,KOR,qatar_control_sept2025,2025-09-20 00:00:00+00:00,2025-09-21 03:00:00+00:00,27.0,28,1.0,25.92,51.61,0.0,ordinary,ordinary_anchorage,"Ras Laffan port, Qatar",1.89,False,False,1,,False
470179000,SAFEEN SURVEYOR,ARE,qatar_control_sept2025,2025-09-21 12:00:00+00:00,2025-09-22 15:00:00+00:00,27.0,28,1.0,25.91964,51.60178,4.94,ordinary,ordinary_anchorage,"Ras Laffan port, Qatar",1.53,False,False,1,,False
354991000,MMPL MERLIN,PAN,qatar_control_sept2025,2025-09-21 08:00:00+00:00,2025-09-22 10:00:00+00:00,26.0,27,1.0,25.87926,51.65074,2.881,ordinary,ordinary_anchorage,"Ras Laffan port, Qatar",5.96,False,False,1,,False
376065000,SWISSCO SEARCHER,VCT,qatar_control_sept2025,2025-09-20 00:00:00+00:00,2025-09-21 02:00:00+00:00,26.0,27,1.0,25.81074,51.65259,4.96,ordinary,ordinary_anchorage,"Ras Laffan port, Qatar",11.87,False,False,1,,False
466085000,HALUL 42,QAT,qatar_control_sept2025,2025-09-22 15:00:00+00:00,2025-09-23 17:00:00+00:00,26.0,27,1.0,25.88,51.67,0.0,ordinary,ordinary_anchorage,"Ras Laffan port, Qatar",7.65,False,False,1,,False
466087000,FOG 12,QAT,qatar_control_sept2025,2025-09-20 18:00:00+00:00,2025-09-21 20:00:00+00:00,26.0,27,1.0,25.92,51.6,0.0,ordinary,ordinary_anchorage,"Ras Laffan port, Qatar",1.55,False,False,1,,False
466530400,SPARK DOHA 98%,QAT,qatar_control_sept2025,2025-09-22 21:00:00+00:00,2025-09-23 23:00:00+00:00,26.0,19,0.704,25.37,51.55,0.0,ordinary,ordinary_anchorage,"Doha port, Qatar",8.13,False,False,1,,False
466530560,MARLIN 100%,QAT,qatar_control_sept2025,2025-09-22 21:00:00+00:00,2025-09-23 23:00:00+00:00,26.0,27,1.0,25.30148,51.55,3.327,ordinary,ordinary_anchorage,"Doha port, Qatar",0.52,False,False,1,,False
466563330,,QAT,qatar_control_sept2025,2025-09-22 21:00:00+00:00,2025-09-23 23:00:00+00:00,26.0,19,0.704,25.38,51.53,0.0,ordinary,ordinary_anchorage,"Doha port, Qatar",9.48,False,False,1,,False
538003300,UMM SLAL,MHL,qatar_control_sept2025,2025-09-20 00:00:00+00:00,2025-09-21 02:00:00+00:00,26.0,27,1.0,25.86,51.75444,0.556,ordinary,ordinary_anchorage,"Ras Laffan port, Qatar",16.35,False,False,1,,False
538010942,SAFEEN ATHENA 1,MHL,qatar_control_sept2025,2025-09-22 21:00:00+00:00,2025-09-23 23:00:00+00:00,26.0,27,1.0,25.89852,51.65296,1.95,ordinary,ordinary_anchorage,"Ras Laffan port, Qatar",5.44,False,False,1,,False
563268400,FATH AL KHAIR,SGP,qatar_control_sept2025,2025-09-22 21:00:00+00:00,2025-09-23 23:00:00+00:00,26.0,27,1.0,25.93,51.62,0.0,ordinary,ordinary_anchorage,"Ras Laffan port, Qatar",3.37,False,False,1,,False
636021496,ZAKHER,LBR,qatar_control_sept2025,2025-09-22 21:00:00+00:00,2025-09-23 23:00:00+00:00,26.0,27,1.0,25.92,51.62148,3.852,ordinary,ordinary_anchorage,"Ras Laffan port, Qatar",2.71,False,False,1,,False
636022262,IRIS,LBR,qatar_control_sept2025,2025-09-20 02:00:00+00:00,2025-09-21 04:00:00+00:00,26.0,27,1.0,25.83407,51.72852,3.882,ordinary,ordinary_anchorage,"Ras Laffan port, Qatar",15.22,False,False,1,,False
325998000,ALLIANZ INTERSPRAY,DMA,qatar_control_sept2025,2025-09-20 00:00:00+00:00,2025-09-21 01:00:00+00:00,25.0,26,1.0,25.84154,51.64,0.941,ordinary,ordinary_anchorage,"Ras Laffan port, Qatar",8.26,False,False,1,,False
341470000,AQUA III,KNA,qatar_control_sept2025,2025-09-22 22:00:00+00:00,2025-09-23 23:00:00+00:00,25.0,26,1.0,25.84577,51.67231,1.599,ordinary,ordinary_anchorage,"Ras Laffan port, Qatar",9.92,False,False,1,,False
376512000,STANFORD NILE,VCT,qatar_control_sept2025,2025-09-22 22:00:00+00:00,2025-09-23 23:00:00+00:00,25.0,26,1.0,25.84808,51.62192,1.553,ordinary,ordinary_anchorage,"Ras Laffan port, Qatar",6.84,False,False,1,,False
419001795,GREEN ASHA,IND,qatar_control_sept2025,2025-09-20 16:00:00+00:00,2025-09-21 17:00:00+00:00,25.0,26,1.0,25.92077,51.61077,2.18,ordinary,ordinary_anchorage,"Ras Laffan port, Qatar",2.0,False,False,1,,False
466009000,SIDRA AL KHOR,QAT,qatar_control_sept2025,2025-09-22 13:00:00+00:00,2025-09-23 14:00:00+00:00,25.0,26,1.0,25.87192,51.74077,2.336,ordinary,ordinary_anchorage,"Ras Laffan port, Qatar",14.66,False,False,1,,False
466076000,HALUL 60,QAT,qatar_control_sept2025,2025-09-22 22:00:00+00:00,2025-09-23 23:00:00+00:00,25.0,26,1.0,25.91962,51.60423,4.701,ordinary,ordinary_anchorage,"Ras Laffan port, Qatar",1.59,False,False,1,,False
538003300,UMM SLAL,MHL,qatar_control_sept2025,2025-09-21 06:00:00+00:00,2025-09-22 07:00:00+00:00,25.0,26,1.0,25.93962,51.61077,2.2,ordinary,ordinary_anchorage,"Ras Laffan port, Qatar",3.9,False,False,1,,False
228463600,MRAIKH,FRA,qatar_control_sept2025,2025-09-20 09:00:00+00:00,2025-09-21 09:00:00+00:00,24.0,25,1.0,25.93,51.62,0.0,ordinary,ordinary_anchorage,"Ras Laffan port, Qatar",3.37,False,False,1,,False
466501620,BIRD 3,QAT,qatar_control_sept2025,2025-09-21 04:00:00+00:00,2025-09-22 04:00:00+00:00,24.0,24,0.96,25.2925,51.54208,3.415,ordinary,ordinary_anchorage,"Doha port, Qatar",1.03,False,False,1,,False
466505780,,QAT,qatar_control_sept2025,2025-09-20 02:00:00+00:00,2025-09-21 02:00:00+00:00,24.0,16,0.64,25.36812,51.55125,1.261,ordinary,ordinary_anchorage,"Doha port, Qatar",7.92,False,False,1,,False
645350000,TRISTAR GLORY,MUS,qatar_control_sept2025,2025-09-20 08:00:00+00:00,2025-09-21 08:00:00+00:00,24.0,25,1.0,25.8876,51.6512,3.002,ordinary,ordinary_anchorage,"Ras Laffan port, Qatar",5.59,False,False,1,,False
229582000,PALU LNG,MLT,qatar_control_sept2025,2025-09-21 11:00:00+00:00,2025-09-22 10:00:00+00:00,23.0,24,1.0,25.92958,51.62167,3.979,ordinary,ordinary_anchorage,"Ras Laffan port, Qatar",3.44,False,False,1,,False
466428000,HALUL 48,QAT,qatar_control_sept2025,2025-09-20 22:00:00+00:00,2025-09-21 21:00:00+00:00,23.0,24,1.0,25.88167,51.66083,3.332,ordinary,ordinary_anchorage,"Ras Laffan port, Qatar",6.74,False,False,1,,False
466537830,AMNA,QAT,qatar_control_sept2025,2025-09-21 17:00:00+00:00,2025-09-22 16:00:00+00:00,23.0,20,0.833,25.37,51.54,0.0,ordinary,ordinary_anchorage,"Doha port, Qatar",8.2,False,False,1,,False
636025236,AL SLAIMI,LBR,qatar_control_sept2025,2025-09-20 21:00:00+00:00,2025-09-21 20:00:00+00:00,23.0,24,1.0,25.93,51.60083,1.917,ordinary,ordinary_anchorage,"Ras Laffan port, Qatar",2.66,False,False,1,,False
645350000,TRISTAR GLORY,MUS,qatar_control_sept2025,2025-09-23 00:00:00+00:00,2025-09-23 23:00:00+00:00,23.0,24,1.0,25.92,51.59,0.0,ordinary,ordinary_anchorage,"Ras Laffan port, Qatar",1.8,False,False,1,,False
310499000,METHANE RITA ANDREA,BMU,qatar_control_sept2025,2025-09-22 08:00:00+00:00,2025-09-23 06:00:00+00:00,22.0,23,1.0,25.93913,51.6113,3.572,ordinary,ordinary_anchorage,"Ras Laffan port, Qatar",3.87,False,False,1,,False
352262000,BLENDA,PAN,qatar_control_sept2025,2025-09-21 12:00:00+00:00,2025-09-22 10:00:00+00:00,22.0,23,1.0,25.80913,51.6613,3.047,ordinary,ordinary_anchorage,"Ras Laffan port, Qatar",12.44,False,False,1,,False
466076000,HALUL 60,QAT,qatar_control_sept2025,2025-09-20 14:00:00+00:00,2025-09-21 12:00:00+00:00,22.0,23,1.0,25.92043,51.60043,1.431,ordinary,ordinary_anchorage,"Ras Laffan port, Qatar",1.6,False,False,1,,False
466501640,BIRD-4,QAT,qatar_control_sept2025,2025-09-20 13:00:00+00:00,2025-09-21 11:00:00+00:00,22.0,15,0.652,25.3,51.64,0.0,ordinary,ordinary_anchorage,"Doha port, Qatar",8.94,False,False,1,,False
466518570,ANAD AL JANOOB,QAT,qatar_control_sept2025,2025-09-20 14:00:00+00:00,2025-09-21 12:00:00+00:00,22.0,23,1.0,25.30043,51.55043,1.434,ordinary,ordinary_anchorage,"Doha port, Qatar",0.4,False,False,1,,False
466537210,SORA4,QAT,qatar_control_sept2025,2025-09-21 05:00:00+00:00,2025-09-22 03:00:00+00:00,22.0,23,1.0,25.90087,51.61609,4.968,ordinary,ordinary_anchorage,"Ras Laffan port, Qatar",1.79,False,False,1,,False
466540430,MANSOUR,QAT,qatar_control_sept2025,2025-09-20 01:00:00+00:00,2025-09-20 23:00:00+00:00,22.0,16,0.696,25.16,51.62,0.0,ordinary,ordinary_anchorage,"Doha port, Qatar",16.73,False,False,1,,False
466585450,BU SNOOD,QAT,qatar_control_sept2025,2025-09-22 16:00:00+00:00,2025-09-23 14:00:00+00:00,22.0,23,1.0,25.8787,51.65044,4.992,ordinary,ordinary_anchorage,"Ras Laffan port, Qatar",5.96,False,False,1,,False
538006788,TOPAZ MAMLAKA,MHL,qatar_control_sept2025,2025-09-23 01:00:00+00:00,2025-09-23 23:00:00+00:00,22.0,23,1.0,25.88391,51.66,2.901,ordinary,ordinary_anchorage,"Ras Laffan port, Qatar",6.56,False,False,1,,False
636022232,FOG 10,LBR,qatar_control_sept2025,2025-09-23 01:00:00+00:00,2025-09-23 23:00:00+00:00,22.0,23,1.0,25.92,51.6,0.0,ordinary,ordinary_anchorage,"Ras Laffan port, Qatar",1.55,False,False,1,,False
636022263,GEO MARITIMER,LBR,qatar_control_sept2025,2025-09-20 00:00:00+00:00,2025-09-20 22:00:00+00:00,22.0,23,1.0,25.92,51.6,0.0,ordinary,ordinary_anchorage,"Ras Laffan port, Qatar",1.55,False,False,1,,False
636024017,VORTEX VENTURE,LBR,qatar_control_sept2025,2025-09-21 12:00:00+00:00,2025-09-22 10:00:00+00:00,22.0,23,1.0,25.91957,51.60391,4.731,ordinary,ordinary_anchorage,"Ras Laffan port, Qatar",1.57,False,False,1,,False
325998000,ALLIANZ INTERSPRAY,DMA,qatar_control_sept2025,2025-09-23 01:00:00+00:00,2025-09-23 22:00:00+00:00,21.0,22,1.0,25.92,51.59227,4.773,ordinary,ordinary_anchorage,"Ras Laffan port, Qatar",1.69,False,False,1,,False
370023000,KRISTIINA,PAN,qatar_control_sept2025,2025-09-22 18:00:00+00:00,2025-09-23 15:00:00+00:00,21.0,22,1.0,25.86909,51.63046,2.328,ordinary,ordinary_anchorage,"Ras Laffan port, Qatar",5.17,False,False,1,,False
466136000,HALUL 25,QAT,qatar_control_sept2025,2025-09-21 06:00:00+00:00,2025-09-22 03:00:00+00:00,21.0,22,1.0,25.86227,51.65227,4.258,ordinary,ordinary_anchorage,"Ras Laffan port, Qatar",7.21,False,False,1,,False
466529860,SEATEK TORNA,QAT,qatar_control_sept2025,2025-09-20 13:00:00+00:00,2025-09-21 10:00:00+00:00,21.0,22,1.0,25.92409,51.58,4.159,ordinary,ordinary_anchorage,"Ras Laffan port, Qatar",2.77,False,False,1,,False
466573910,RASLAFFAN PILOT,QAT,qatar_control_sept2025,2025-09-20 00:00:00+00:00,2025-09-20 21:00:00+00:00,21.0,22,1.0,25.92909,51.605,4.613,ordinary,ordinary_anchorage,"Ras Laffan port, Qatar",2.62,False,False,1,,False
375762000,STANFORD CARACARA,VCT,qatar_control_sept2025,2025-09-23 03:00:00+00:00,2025-09-23 23:00:00+00:00,20.0,21,1.0,25.92,51.59,0.0,ordinary,ordinary_anchorage,"Ras Laffan port, Qatar",1.8,False,False,1,,False
466403000,HALUL 43,QAT,qatar_control_sept2025,2025-09-22 12:00:00+00:00,2025-09-23 08:00:00+00:00,20.0,21,1.0,25.92,51.59048,0.952,ordinary,ordinary_anchorage,"Ras Laffan port, Qatar",1.77,False,False,1,,False
466501640,BIRD-4,QAT,qatar_control_sept2025,2025-09-21 18:00:00+00:00,2025-09-22 14:00:00+00:00,20.0,14,0.667,25.3,51.64,0.0,ordinary,ordinary_anchorage,"Doha port, Qatar",8.94,False,False,1,,False
466530400,SPARK DOHA 98%,QAT,qatar_control_sept2025,2025-09-21 17:00:00+00:00,2025-09-22 13:00:00+00:00,20.0,13,0.619,25.37,51.55,0.0,ordinary,ordinary_anchorage,"Doha port, Qatar",8.13,False,False,1,,False
466590330,SCOUT 1,QAT,qatar_control_sept2025,2025-09-23 03:00:00+00:00,2025-09-23 23:00:00+00:00,20.0,21,1.0,25.29,51.55,0.0,ordinary,ordinary_anchorage,"Doha port, Qatar",0.78,False,False,1,,False
538003294,LIJMILIYA,MHL,qatar_control_sept2025,2025-09-20 00:00:00+00:00,2025-09-20 20:00:00+00:00,20.0,21,1.0,25.93952,51.61048,1.424,ordinary,ordinary_anchorage,"Ras Laffan port, Qatar",3.88,False,False,1,,False
636022108,FOG 15,LBR,qatar_control_sept2025,2025-09-20 03:00:00+00:00,2025-09-20 23:00:00+00:00,20.0,21,1.0,25.92,51.59952,0.952,ordinary,ordinary_anchorage,"Ras Laffan port, Qatar",1.55,False,False,1,,False
215718000,RAAHI,MLT,qatar_control_sept2025,2025-09-21 23:00:00+00:00,2025-09-22 18:00:00+00:00,19.0,20,1.0,25.94,51.6,0.0,ordinary,ordinary_anchorage,"Ras Laffan port, Qatar",3.77,False,False,1,,False
325998000,ALLIANZ INTERSPRAY,DMA,qatar_control_sept2025,2025-09-22 03:00:00+00:00,2025-09-22 22:00:00+00:00,19.0,20,1.0,25.84,51.64,0.0,ordinary,ordinary_anchorage,"Ras Laffan port, Qatar",8.41,False,False,1,,False
466082000,HALUL 63,QAT,qatar_control_sept2025,2025-09-21 14:00:00+00:00,2025-09-22 09:00:00+00:00,19.0,20,1.0,25.92,51.6,0.0,ordinary,ordinary_anchorage,"Ras Laffan port, Qatar",1.55,False,False,1,,False
466413000,HALUL 45,QAT,qatar_control_sept2025,2025-09-23 01:00:00+00:00,2025-09-23 20:00:00+00:00,19.0,20,1.0,25.919,51.605,4.611,ordinary,ordinary_anchorage,"Ras Laffan port, Qatar",1.55,False,False,1,,False
466428000,HALUL 48,QAT,qatar_control_sept2025,2025-09-21 22:00:00+00:00,2025-09-22 17:00:00+00:00,19.0,20,1.0,25.9205,51.6015,3.04,ordinary,ordinary_anchorage,"Ras Laffan port, Qatar",1.62,False,False,1,,False
466502380,REGENCY  91%,QAT,qatar_control_sept2025,2025-09-23 04:00:00+00:00,2025-09-23 23:00:00+00:00,19.0,20,1.0,25.8405,51.6615,3.041,ordinary,ordinary_anchorage,"Ras Laffan port, Qatar",9.59,False,False,1,,False
466574920,RAS AL ALLAJ,QAT,qatar_control_sept2025,2025-09-21 07:00:00+00:00,2025-09-22 02:00:00+00:00,19.0,20,1.0,25.9195,51.6055,4.951,ordinary,ordinary_anchorage,"Ras Laffan port, Qatar",1.62,False,False,1,,False
577283000,PATERSON TIDE,VUT,qatar_control_sept2025,2025-09-22 11:00:00+00:00,2025-09-23 06:00:00+00:00,19.0,20,1.0,25.92,51.603,4.831,ordinary,ordinary_anchorage,"Ras Laffan port, Qatar",1.59,False,False,1,,False
636025236,AL SLAIMI,LBR,qatar_control_sept2025,2025-09-20 00:00:00+00:00,2025-09-20 19:00:00+00:00,19.0,20,1.0,25.8705,51.753,1.267,ordinary,ordinary_anchorage,"Ras Laffan port, Qatar",15.89,False,False,1,,False
253329000,BOURBON LIBERTY 306,LUX,qatar_control_sept2025,2025-09-23 05:00:00+00:00,2025-09-23 23:00:00+00:00,18.0,19,1.0,25.88,51.64,0.0,ordinary,ordinary_anchorage,"Ras Laffan port, Qatar",5.01,False,False,1,,False
419766000,JAG AMISHA,IND,qatar_control_sept2025,2025-09-21 13:00:00+00:00,2025-09-22 07:00:00+00:00,18.0,19,1.0,25.89105,51.79,2.107,ordinary,ordinary_anchorage,"Ras Laffan port, Qatar",19.16,False,False,1,,False
466537210,SORA4,QAT,qatar_control_sept2025,2025-09-23 05:00:00+00:00,2025-09-23 23:00:00+00:00,18.0,19,1.0,25.90211,51.62105,4.356,ordinary,ordinary_anchorage,"Ras Laffan port, Qatar",2.23,False,False,1,,False
466550130,SPEED MARINE 1,QAT,qatar_control_sept2025,2025-09-20 16:00:00+00:00,2025-09-21 10:00:00+00:00,18.0,15,0.789,25.37,51.54,0.0,ordinary,ordinary_anchorage,"Doha port, Qatar",8.2,False,False,1,,False
466579650,TCC FISHING 1 7%,QAT,qatar_control_sept2025,2025-09-20 10:00:00+00:00,2025-09-21 04:00:00+00:00,18.0,16,0.842,25.36688,51.54625,3.824,ordinary,ordinary_anchorage,"Doha port, Qatar",7.8,False,False,1,,False
538003363,ONAIZA,MHL,qatar_control_sept2025,2025-09-23 05:00:00+00:00,2025-09-23 23:00:00+00:00,18.0,19,1.0,25.93,51.6,0.0,ordinary,ordinary_anchorage,"Ras Laffan port, Qatar",2.66,False,False,1,,False
538005883,TOPAZ MEGAN,MHL,qatar_control_sept2025,2025-09-23 05:00:00+00:00,2025-09-23 23:00:00+00:00,18.0,19,1.0,25.92,51.6,0.0,ordinary,ordinary_anchorage,"Ras Laffan port, Qatar",1.55,False,False,1,,False
538005940,TOPAZ ISRA,MHL,qatar_control_sept2025,2025-09-21 02:00:00+00:00,2025-09-21 20:00:00+00:00,18.0,19,1.0,25.92,51.59263,4.737,ordinary,ordinary_anchorage,"Ras Laffan port, Qatar",1.68,False,False,1,,False
564292000,LANPAN 35,SGP,qatar_control_sept2025,2025-09-22 21:00:00+00:00,2025-09-23 15:00:00+00:00,18.0,19,1.0,25.99632,51.53053,4.27,ordinary,ordinary_anchorage,"Ras Laffan port, Qatar",12.16,False,False,1,,False
577633000,CHRISTINA TIDE,VUT,qatar_control_sept2025,2025-09-20 00:00:00+00:00,2025-09-20 18:00:00+00:00,18.0,19,1.0,25.92421,51.60105,2.001,ordinary,ordinary_anchorage,"Ras Laffan port, Qatar",2.02,False,False,1,,False
577633000,CHRISTINA TIDE,VUT,qatar_control_sept2025,2025-09-22 19:00:00+00:00,2025-09-23 13:00:00+00:00,18.0,19,1.0,25.92053,51.60105,2.168,ordinary,ordinary_anchorage,"Ras Laffan port, Qatar",1.62,False,False,1,,False
636022262,IRIS,LBR,qatar_control_sept2025,2025-09-21 23:00:00+00:00,2025-09-22 17:00:00+00:00,18.0,19,1.0,25.91947,51.6021,4.905,ordinary,ordinary_anchorage,"Ras Laffan port, Qatar",1.51,False,False,1,,False
466502420,ALTHAIRH 0%,QAT,qatar_control_sept2025,2025-09-22 13:00:00+00:00,2025-09-23 06:00:00+00:00,17.0,17,0.944,26.01235,51.61529,3.731,ordinary,ordinary_anchorage,"Ras Laffan port, Qatar",11.92,False,False,1,,False
466502550,SULTAN ALKHOR 94%,QAT,qatar_control_sept2025,2025-09-23 06:00:00+00:00,2025-09-23 23:00:00+00:00,17.0,18,1.0,25.87111,51.65111,2.825,ordinary,ordinary_anchorage,"Ras Laffan port, Qatar",6.49,False,False,1,,False
466505200,ONOOD AL RAYYAN,QAT,qatar_control_sept2025,2025-09-20 17:00:00+00:00,2025-09-21 10:00:00+00:00,17.0,14,0.778,25.37,51.54,0.0,ordinary,ordinary_anchorage,"Doha port, Qatar",8.2,False,False,1,,False
466530560,MARLIN 100%,QAT,qatar_control_sept2025,2025-09-21 23:00:00+00:00,2025-09-22 16:00:00+00:00,17.0,18,1.0,25.30722,51.55389,3.988,ordinary,ordinary_anchorage,"Doha port, Qatar",1.18,False,False,1,,False
466570690,BIN THANI 11 100%,QAT,qatar_control_sept2025,2025-09-20 00:00:00+00:00,2025-09-20 17:00:00+00:00,17.0,17,0.944,25.36,51.55,0.0,ordinary,ordinary_anchorage,"Doha port, Qatar",7.02,False,False,1,,False
538005883,TOPAZ MEGAN,MHL,qatar_control_sept2025,2025-09-20 00:00:00+00:00,2025-09-20 17:00:00+00:00,17.0,18,1.0,25.92,51.6,0.0,ordinary,ordinary_anchorage,"Ras Laffan port, Qatar",1.55,False,False,1,,False
563260000,LANPAN 29,SGP,qatar_control_sept2025,2025-09-22 00:00:00+00:00,2025-09-22 17:00:00+00:00,17.0,18,1.0,25.92056,51.60111,2.161,ordinary,ordinary_anchorage,"Ras Laffan port, Qatar",1.62,False,False,1,,False
636022262,IRIS,LBR,qatar_control_sept2025,2025-09-21 05:00:00+00:00,2025-09-21 22:00:00+00:00,17.0,18,1.0,25.83,51.67,0.0,ordinary,ordinary_anchorage,"Ras Laffan port, Qatar",11.04,False,False,1,,False
309255000,AL HUWAILA,BHS,qatar_control_sept2025,2025-09-23 07:00:00+00:00,2025-09-23 23:00:00+00:00,16.0,17,1.0,25.94,51.61,0.0,ordinary,ordinary_anchorage,"Ras Laffan port, Qatar",3.92,False,False,1,,False
376577000,SWISSCO SURF,VCT,qatar_control_sept2025,2025-09-20 00:00:00+00:00,2025-09-20 16:00:00+00:00,16.0,17,1.0,25.94353,51.57588,0.929,ordinary,ordinary_anchorage,"Ras Laffan port, Qatar",4.77,False,False,1,,False
377246000,STANFORD CHALLENGER,VCT,qatar_control_sept2025,2025-09-21 06:00:00+00:00,2025-09-21 22:00:00+00:00,16.0,17,1.0,25.92059,51.60117,2.154,ordinary,ordinary_anchorage,"Ras Laffan port, Qatar",1.62,False,False,1,,False
408201106,SURFACE,BHR,qatar_control_sept2025,2025-09-20 00:00:00+00:00,2025-09-20 16:00:00+00:00,16.0,17,1.0,25.94353,51.57588,1.877,ordinary,ordinary_anchorage,"Ras Laffan port, Qatar",4.77,False,False,1,,False
466086000,FOG 11,QAT,qatar_control_sept2025,2025-09-21 06:00:00+00:00,2025-09-21 22:00:00+00:00,16.0,17,1.0,25.92118,51.60235,2.934,ordinary,ordinary_anchorage,"Ras Laffan port, Qatar",1.71,False,False,1,,False
466501650,BIRD-8,QAT,qatar_control_sept2025,2025-09-20 03:00:00+00:00,2025-09-20 19:00:00+00:00,16.0,15,0.882,25.29933,51.54133,1.541,ordinary,ordinary_anchorage,"Doha port, Qatar",1.02,False,False,1,,False
466505200,ONOOD AL RAYYAN,QAT,qatar_control_sept2025,2025-09-21 18:00:00+00:00,2025-09-22 10:00:00+00:00,16.0,10,0.588,25.37,51.54,0.0,ordinary,ordinary_anchorage,"Doha port, Qatar",8.2,False,False,1,,False
466511210,ALARFAJ,QAT,qatar_control_sept2025,2025-09-20 00:00:00+00:00,2025-09-20 16:00:00+00:00,16.0,17,1.0,25.42235,51.56059,4.291,ordinary,ordinary_anchorage,"Doha port, Qatar",13.98,False,False,1,,False
466519350,HOUSTON,QAT,qatar_control_sept2025,2025-09-23 07:00:00+00:00,2025-09-23 23:00:00+00:00,16.0,17,1.0,25.37,51.54059,0.945,ordinary,ordinary_anchorage,"Doha port, Qatar",8.2,False,False,1,,False
466536680,NSW AL SHUAIBA,QAT,qatar_control_sept2025,2025-09-20 20:00:00+00:00,2025-09-21 12:00:00+00:00,16.0,17,1.0,25.92059,51.59176,3.011,ordinary,ordinary_anchorage,"Ras Laffan port, Qatar",1.77,False,False,1,,False
466573910,RASLAFFAN PILOT,QAT,qatar_control_sept2025,2025-09-21 04:00:00+00:00,2025-09-21 20:00:00+00:00,16.0,17,1.0,25.91647,51.61353,4.082,ordinary,ordinary_anchorage,"Ras Laffan port, Qatar",1.84,False,False,1,,False
466574970,AL GHAF,QAT,qatar_control_sept2025,2025-09-21 05:00:00+00:00,2025-09-21 21:00:00+00:00,16.0,17,1.0,25.93,51.60588,3.589,ordinary,ordinary_anchorage,"Ras Laffan port, Qatar",2.74,False,False,1,,False
538007647,ALEXANDER S MCCALL,MHL,qatar_control_sept2025,2025-09-23 07:00:00+00:00,2025-09-23 23:00:00+00:00,16.0,17,1.0,25.9,51.65,0.0,ordinary,ordinary_anchorage,"Ras Laffan port, Qatar",5.13,False,False,1,,False
577283000,PATERSON TIDE,VUT,qatar_control_sept2025,2025-09-23 07:00:00+00:00,2025-09-23 23:00:00+00:00,16.0,17,1.0,25.88,51.65,0.0,ordinary,ordinary_anchorage,"Ras Laffan port, Qatar",5.85,False,False,1,,False
577351000,FLOWERS TIDE,VUT,qatar_control_sept2025,2025-09-20 00:00:00+00:00,2025-09-20 16:00:00+00:00,16.0,17,1.0,25.92,51.6,0.0,ordinary,ordinary_anchorage,"Ras Laffan port, Qatar",1.55,False,False,1,,False
241836000,SIENA,GRC,qatar_control_sept2025,2025-09-23 08:00:00+00:00,2025-09-23 23:00:00+00:00,15.0,16,1.0,25.92,51.62062,0.938,ordinary,ordinary_anchorage,"Ras Laffan port, Qatar",2.64,False,False,1,,False
375678000,FIREBIRD 1,VCT,qatar_control_sept2025,2025-09-20 14:00:00+00:00,2025-09-21 05:00:00+00:00,15.0,16,1.0,25.92,51.59063,0.937,ordinary,ordinary_anchorage,"Ras Laffan port, Qatar",1.77,False,False,1,,False
466326000,HALUL 83,QAT,qatar_control_sept2025,2025-09-21 17:00:00+00:00,2025-09-22 08:00:00+00:00,15.0,16,1.0,25.86,51.68,3.336,ordinary,ordinary_anchorage,"Ras Laffan port, Qatar",9.57,False,False,1,,False
466569300,BAHAR ALSALAMH,QAT,qatar_control_sept2025,2025-09-22 21:00:00+00:00,2025-09-23 12:00:00+00:00,15.0,8,0.5,25.36875,51.54875,1.311,ordinary,ordinary_anchorage,"Doha port, Qatar",7.99,False,False,1,,False
466589200,,QAT,qatar_control_sept2025,2025-09-21 11:00:00+00:00,2025-09-22 02:00:00+00:00,15.0,16,1.0,26.03187,51.70063,1.301,ordinary,ordinary_anchorage,"Ras Laffan port, Qatar",17.27,False,False,1,,False
538006788,TOPAZ MAMLAKA,MHL,qatar_control_sept2025,2025-09-22 09:00:00+00:00,2025-09-23 00:00:00+00:00,15.0,16,1.0,25.92,51.6,0.0,ordinary,ordinary_anchorage,"Ras Laffan port, Qatar",1.55,False,False,1,,False
563260000,LANPAN 29,SGP,qatar_control_sept2025,2025-09-20 17:00:00+00:00,2025-09-21 08:00:00+00:00,15.0,16,1.0,25.92,51.6,0.0,ordinary,ordinary_anchorage,"Ras Laffan port, Qatar",1.55,False,False,1,,False
577351000,FLOWERS TIDE,VUT,qatar_control_sept2025,2025-09-23 08:00:00+00:00,2025-09-23 23:00:00+00:00,15.0,16,1.0,25.92063,51.60375,4.626,ordinary,ordinary_anchorage,"Ras Laffan port, Qatar",1.68,False,False,1,,False
352001415,GAS IVORY,PAN,qatar_control_sept2025,2025-09-20 00:00:00+00:00,2025-09-20 14:00:00+00:00,14.0,15,1.0,25.92067,51.61933,1.396,ordinary,ordinary_anchorage,"Ras Laffan port, Qatar",2.58,False,False,1,,False
370023000,KRISTIINA,PAN,qatar_control_sept2025,2025-09-20 00:00:00+00:00,2025-09-20 14:00:00+00:00,14.0,15,1.0,25.87133,51.64133,2.792,ordinary,ordinary_anchorage,"Ras Laffan port, Qatar",5.72,False,False,1,,False
466086000,FOG 11,QAT,qatar_control_sept2025,2025-09-20 15:00:00+00:00,2025-09-21 05:00:00+00:00,14.0,15,1.0,25.88,51.66,0.0,ordinary,ordinary_anchorage,"Ras Laffan port, Qatar",6.74,False,False,1,,False
466130000,HALUL26,QAT,qatar_control_sept2025,2025-09-20 00:00:00+00:00,2025-09-20 14:00:00+00:00,14.0,15,1.0,25.92067,51.60067,1.396,ordinary,ordinary_anchorage,"Ras Laffan port, Qatar",1.63,False,False,1,,False
466325000,HALUL 80,QAT,qatar_control_sept2025,2025-09-20 17:00:00+00:00,2025-09-21 07:00:00+00:00,14.0,15,1.0,25.87,51.66,0.0,ordinary,ordinary_anchorage,"Ras Laffan port, Qatar",7.29,False,False,1,,False
466403000,HALUL 43,QAT,qatar_control_sept2025,2025-09-23 09:00:00+00:00,2025-09-23 23:00:00+00:00,14.0,15,1.0,25.86133,51.67066,2.276,ordinary,ordinary_anchorage,"Ras Laffan port, Qatar",8.71,False,False,1,,False
466423000,MUSHARA 93%,QAT,qatar_control_sept2025,2025-09-23 09:00:00+00:00,2025-09-23 23:00:00+00:00,14.0,15,1.0,25.87,51.65,0.0,ordinary,ordinary_anchorage,"Ras Laffan port, Qatar",6.48,False,False,1,,False
466531420,,QAT,qatar_control_sept2025,2025-09-20 00:00:00+00:00,2025-09-20 14:00:00+00:00,14.0,15,1.0,25.302,51.55,3.113,ordinary,ordinary_anchorage,"Doha port, Qatar",0.58,False,False,1,,False
466537210,SORA4,QAT,qatar_control_sept2025,2025-09-20 14:00:00+00:00,2025-09-21 04:00:00+00:00,14.0,15,1.0,25.9,51.59,0.0,ordinary,ordinary_anchorage,"Ras Laffan port, Qatar",1.14,False,False,1,,False
466574050,MUSHERIB 89%,QAT,qatar_control_sept2025,2025-09-23 08:00:00+00:00,2025-09-23 22:00:00+00:00,14.0,8,0.533,25.17,51.61,0.0,ordinary,ordinary_anchorage,"Doha port, Qatar",15.3,False,False,1,,False
466574970,AL GHAF,QAT,qatar_control_sept2025,2025-09-22 05:00:00+00:00,2025-09-22 19:00:00+00:00,14.0,15,1.0,25.92533,51.602,2.848,ordinary,ordinary_anchorage,"Ras Laffan port, Qatar",2.16,False,False,1,,False
466587350,ALHATEF,QAT,qatar_control_sept2025,2025-09-20 13:00:00+00:00,2025-09-21 03:00:00+00:00,14.0,10,0.667,25.902,51.79,2.405,ordinary,ordinary_anchorage,"Ras Laffan port, Qatar",19.09,False,False,1,,False
466589690,DAAS 100%,QAT,qatar_control_sept2025,2025-09-20 15:00:00+00:00,2025-09-21 05:00:00+00:00,14.0,15,1.0,26.02,51.65067,4.213,ordinary,ordinary_anchorage,"Ras Laffan port, Qatar",13.67,False,False,1,,False
466593380,,QAT,qatar_control_sept2025,2025-09-23 09:00:00+00:00,2025-09-23 23:00:00+00:00,14.0,8,0.533,25.16,51.61,0.0,ordinary,ordinary_anchorage,"Doha port, Qatar",16.33,False,False,1,,False
538007647,ALEXANDER S MCCALL,MHL,qatar_control_sept2025,2025-09-21 18:00:00+00:00,2025-09-22 08:00:00+00:00,14.0,15,1.0,25.86133,51.63067,0.966,ordinary,ordinary_anchorage,"Ras Laffan port, Qatar",5.89,False,False,1,,False
538008473,LIAM J MCCALL,MHL,qatar_control_sept2025,2025-09-22 21:00:00+00:00,2025-09-23 11:00:00+00:00,14.0,15,1.0,25.92,51.59733,0.733,ordinary,ordinary_anchorage,"Ras Laffan port, Qatar",1.56,False,False,1,,False
563260000,LANPAN 29,SGP,qatar_control_sept2025,2025-09-21 09:00:00+00:00,2025-09-21 23:00:00+00:00,14.0,15,1.0,25.89333,51.66267,3.055,ordinary,ordinary_anchorage,"Ras Laffan port, Qatar",6.51,False,False,1,,False
565315000,LANPAN 22,SGP,qatar_control_sept2025,2025-09-20 09:00:00+00:00,2025-09-20 23:00:00+00:00,14.0,15,1.0,25.88,51.64067,0.934,ordinary,ordinary_anchorage,"Ras Laffan port, Qatar",5.06,False,False,1,,False
636022266,GMS ATRIA,LBR,qatar_control_sept2025,2025-09-20 00:00:00+00:00,2025-09-20 14:00:00+00:00,14.0,15,1.0,25.88133,51.632,4.243,ordinary,ordinary_anchorage,"Ras Laffan port, Qatar",4.28,False,False,1,,False
377252000,QMS MARIMBA,VCT,qatar_control_sept2025,2025-09-23 10:00:00+00:00,2025-09-23 23:00:00+00:00,13.0,14,1.0,25.92,51.59714,4.286,ordinary,ordinary_anchorage,"Ras Laffan port, Qatar",1.56,False,False,1,,False
466334000,HALUL 69,QAT,qatar_control_sept2025,2025-09-23 10:00:00+00:00,2025-09-23 23:00:00+00:00,13.0,14,1.0,25.92,51.59,0.0,ordinary,ordinary_anchorage,"Ras Laffan port, Qatar",1.8,False,False,1,,False
466505780,,QAT,qatar_control_sept2025,2025-09-22 17:00:00+00:00,2025-09-23 06:00:00+00:00,13.0,8,0.571,25.36625,51.55375,0.937,ordinary,ordinary_anchorage,"Doha port, Qatar",7.72,False,False,1,,False
466537210,SORA4,QAT,qatar_control_sept2025,2025-09-22 15:00:00+00:00,2025-09-23 04:00:00+00:00,13.0,14,1.0,25.90071,51.59214,2.971,ordinary,ordinary_anchorage,"Ras Laffan port, Qatar",0.93,False,False,1,,False
466537830,AMNA,QAT,qatar_control_sept2025,2025-09-20 01:00:00+00:00,2025-09-20 14:00:00+00:00,13.0,6,0.429,25.37,51.54,0.0,ordinary,ordinary_anchorage,"Doha port, Qatar",8.2,False,False,1,,False
466585560,ALBAZ 99%,QAT,qatar_control_sept2025,2025-09-21 15:00:00+00:00,2025-09-22 04:00:00+00:00,13.0,13,0.929,26.06231,51.56692,4.999,ordinary,ordinary_anchorage,"Ras Laffan port, Qatar",17.67,False,False,1,,False
466586880,,QAT,qatar_control_sept2025,2025-09-22 15:00:00+00:00,2025-09-23 04:00:00+00:00,13.0,14,1.0,25.88071,51.64143,2.126,ordinary,ordinary_anchorage,"Ras Laffan port, Qatar",5.08,False,False,1,,False
511100231,ALLIANZ FORCE,PLW,qatar_control_sept2025,2025-09-22 20:00:00+00:00,2025-09-23 09:00:00+00:00,13.0,14,1.0,25.92,51.59357,4.643,ordinary,ordinary_anchorage,"Ras Laffan port, Qatar",1.64,False,False,1,,False
566670000,LANPAN 32,SGP,qatar_control_sept2025,2025-09-23 07:00:00+00:00,2025-09-23 20:00:00+00:00,13.0,14,1.0,25.88286,51.65214,4.982,ordinary,ordinary_anchorage,"Ras Laffan port, Qatar",5.89,False,False,1,,False
636022263,GEO MARITIMER,LBR,qatar_control_sept2025,2025-09-22 20:00:00+00:00,2025-09-23 09:00:00+00:00,13.0,14,1.0,25.92,51.6,0.0,ordinary,ordinary_anchorage,"Ras Laffan port, Qatar",1.55,False,False,1,,False
636022263,GEO MARITIMER,LBR,qatar_control_sept2025,2025-09-23 10:00:00+00:00,2025-09-23 23:00:00+00:00,13.0,14,1.0,25.84286,51.64143,4.529,ordinary,ordinary_anchorage,"Ras Laffan port, Qatar",8.2,False,False,1,,False
352262000,BLENDA,PAN,qatar_control_sept2025,2025-09-20 00:00:00+00:00,2025-09-20 12:00:00+00:00,12.0,13,1.0,25.84692,51.65231,4.954,ordinary,ordinary_anchorage,"Ras Laffan port, Qatar",8.46,False,False,1,,False
377246000,STANFORD CHALLENGER,VCT,qatar_control_sept2025,2025-09-22 01:00:00+00:00,2025-09-22 13:00:00+00:00,12.0,13,1.0,25.95,51.54154,1.846,ordinary,ordinary_anchorage,"Ras Laffan port, Qatar",7.55,False,False,1,,False
466004000,SIDRA AL RUMEILA,QAT,qatar_control_sept2025,2025-09-20 04:00:00+00:00,2025-09-20 16:00:00+00:00,12.0,13,1.0,25.85462,51.64231,4.314,ordinary,ordinary_anchorage,"Ras Laffan port, Qatar",7.17,False,False,1,,False
466334000,HALUL 69,QAT,qatar_control_sept2025,2025-09-20 04:00:00+00:00,2025-09-20 16:00:00+00:00,12.0,13,1.0,25.92,51.59,0.0,ordinary,ordinary_anchorage,"Ras Laffan port, Qatar",1.8,False,False,1,,False
466544540,AL AHMED 1 18%,QAT,qatar_control_sept2025,2025-09-20 00:00:00+00:00,2025-09-20 12:00:00+00:00,12.0,9,0.692,25.29,51.53,0.0,ordinary,ordinary_anchorage,"Doha port, Qatar",2.26,False,False,1,,False
466544540,AL AHMED 1 18%,QAT,qatar_control_sept2025,2025-09-20 22:00:00+00:00,2025-09-21 10:00:00+00:00,12.0,10,0.769,25.29,51.53,0.0,ordinary,ordinary_anchorage,"Doha port, Qatar",2.26,False,False,1,,False
466574970,AL GHAF,QAT,qatar_control_sept2025,2025-09-23 06:00:00+00:00,2025-09-23 18:00:00+00:00,12.0,13,1.0,25.92154,51.60462,4.542,ordinary,ordinary_anchorage,"Ras Laffan port, Qatar",1.8,False,False,1,,False
466587390,AL QAHER 93%,QAT,qatar_control_sept2025,2025-09-22 15:00:00+00:00,2025-09-23 03:00:00+00:00,12.0,13,1.0,25.88,51.64077,0.924,ordinary,ordinary_anchorage,"Ras Laffan port, Qatar",5.07,False,False,1,,False
466589200,,QAT,qatar_control_sept2025,2025-09-20 14:00:00+00:00,2025-09-21 02:00:00+00:00,12.0,13,1.0,25.90077,51.79231,1.772,ordinary,ordinary_anchorage,"Ras Laffan port, Qatar",19.32,False,False,1,,False
538005335,TOPAZ SOPHIE,MHL,qatar_control_sept2025,2025-09-23 11:00:00+00:00,2025-09-23 23:00:00+00:00,12.0,13,1.0,25.89,51.66,1.0,ordinary,ordinary_anchorage,"Ras Laffan port, Qatar",6.34,False,False,1,,False
563260000,LANPAN 29,SGP,qatar_control_sept2025,2025-09-23 11:00:00+00:00,2025-09-23 23:00:00+00:00,12.0,13,1.0,25.86,51.65,0.0,ordinary,ordinary_anchorage,"Ras Laffan port, Qatar",7.22,False,False,1,,False
352004672,EXPRESS 80,PAN,qatar_control_sept2025,2025-09-22 06:00:00+00:00,2025-09-22 17:00:00+00:00,11.0,12,1.0,25.92,51.59,0.0,ordinary,ordinary_anchorage,"Ras Laffan port, Qatar",1.8,False,False,1,,False
354991000,MMPL MERLIN,PAN,qatar_control_sept2025,2025-09-20 00:00:00+00:00,2025-09-20 11:00:00+00:00,11.0,12,1.0,25.87,51.65,0.0,ordinary,ordinary_anchorage,"Ras Laffan port, Qatar",6.48,False,False,1,,False
375678000,FIREBIRD 1,VCT,qatar_control_sept2025,2025-09-21 14:00:00+00:00,2025-09-22 01:00:00+00:00,11.0,12,1.0,25.92,51.59083,0.917,ordinary,ordinary_anchorage,"Ras Laffan port, Qatar",1.76,False,False,1,,False
377378000,STANFORD TIGRIS,VCT,qatar_control_sept2025,2025-09-21 00:00:00+00:00,2025-09-21 11:00:00+00:00,11.0,12,1.0,25.86667,51.67833,3.799,ordinary,ordinary_anchorage,"Ras Laffan port, Qatar",9.05,False,False,1,,False
466085000,HALUL 42,QAT,qatar_control_sept2025,2025-09-20 14:00:00+00:00,2025-09-21 01:00:00+00:00,11.0,12,1.0,25.92083,51.60083,1.371,ordinary,ordinary_anchorage,"Ras Laffan port, Qatar",1.65,False,False,1,,False
466322000,HALUL 49,QAT,qatar_control_sept2025,2025-09-23 12:00:00+00:00,2025-09-23 23:00:00+00:00,11.0,12,1.0,25.87,51.64,0.0,ordinary,ordinary_anchorage,"Ras Laffan port, Qatar",5.72,False,False,1,,False
466501220,MELAIH,QAT,qatar_control_sept2025,2025-09-23 12:00:00+00:00,2025-09-23 23:00:00+00:00,11.0,12,1.0,25.91583,51.62833,2.417,ordinary,ordinary_anchorage,"Ras Laffan port, Qatar",3.11,False,False,1,,False
466501650,BIRD-8,QAT,qatar_control_sept2025,2025-09-23 03:00:00+00:00,2025-09-23 14:00:00+00:00,11.0,10,0.833,25.299,51.54,1.583,ordinary,ordinary_anchorage,"Doha port, Qatar",1.14,False,False,1,,False
466519680,TIGER,QAT,qatar_control_sept2025,2025-09-23 12:00:00+00:00,2025-09-23 23:00:00+00:00,11.0,12,1.0,25.29917,51.55083,1.023,ordinary,ordinary_anchorage,"Doha port, Qatar",0.25,False,False,1,,False
466537830,AMNA,QAT,qatar_control_sept2025,2025-09-23 12:00:00+00:00,2025-09-23 23:00:00+00:00,11.0,6,0.5,25.37,51.54,0.0,ordinary,ordinary_anchorage,"Doha port, Qatar",8.2,False,False,1,,False
466574970,AL GHAF,QAT,qatar_control_sept2025,2025-09-20 16:00:00+00:00,2025-09-21 03:00:00+00:00,11.0,12,1.0,25.93,51.6025,2.75,ordinary,ordinary_anchorage,"Ras Laffan port, Qatar",2.68,False,False,1,,False
466589300,,QAT,qatar_control_sept2025,2025-09-20 00:00:00+00:00,2025-09-20 11:00:00+00:00,11.0,12,1.0,26.02667,51.73,4.077,ordinary,ordinary_anchorage,"Ras Laffan port, Qatar",18.73,False,False,1,,False
466590330,SCOUT 1,QAT,qatar_control_sept2025,2025-09-20 00:00:00+00:00,2025-09-20 11:00:00+00:00,11.0,12,1.0,25.29,51.55,0.0,ordinary,ordinary_anchorage,"Doha port, Qatar",0.78,False,False,1,,False
470241000,FUGRO PEGASUS,ARE,qatar_control_sept2025,2025-09-20 00:00:00+00:00,2025-09-20 11:00:00+00:00,11.0,12,1.0,26.01167,51.71917,4.917,ordinary,ordinary_anchorage,"Ras Laffan port, Qatar",16.78,False,False,1,,False
470326000,AHTS EXCELSIOR,ARE,qatar_control_sept2025,2025-09-22 02:00:00+00:00,2025-09-22 13:00:00+00:00,11.0,12,1.0,25.92,51.6,1.0,ordinary,ordinary_anchorage,"Ras Laffan port, Qatar",1.55,False,False,1,,False
538008473,LIAM J MCCALL,MHL,qatar_control_sept2025,2025-09-23 12:00:00+00:00,2025-09-23 23:00:00+00:00,11.0,12,1.0,25.88,51.64083,0.917,ordinary,ordinary_anchorage,"Ras Laffan port, Qatar",5.08,False,False,1,,False
563214800,ASTRO ATHENA,SGP,qatar_control_sept2025,2025-09-21 03:00:00+00:00,2025-09-21 14:00:00+00:00,11.0,12,1.0,25.9925,51.56917,4.165,ordinary,ordinary_anchorage,"Ras Laffan port, Qatar",10.07,False,False,1,,False
563214800,ASTRO ATHENA,SGP,qatar_control_sept2025,2025-09-21 15:00:00+00:00,2025-09-22 02:00:00+00:00,11.0,12,1.0,26.02167,51.70333,4.955,ordinary,ordinary_anchorage,"Ras Laffan port, Qatar",16.54,False,False,1,,False
563266400,AL MAS`HABIYYAH,SGP,qatar_control_sept2025,2025-09-20 00:00:00+00:00,2025-09-20 11:00:00+00:00,11.0,12,1.0,25.93,51.61,0.0,ordinary,ordinary_anchorage,"Ras Laffan port, Qatar",2.87,False,False,1,,False
563268400,FATH AL KHAIR,SGP,qatar_control_sept2025,2025-09-22 08:00:00+00:00,2025-09-22 19:00:00+00:00,11.0,12,1.0,25.87333,51.76167,3.08,ordinary,ordinary_anchorage,"Ras Laffan port, Qatar",16.66,False,False,1,,False
565315000,LANPAN 22,SGP,qatar_control_sept2025,2025-09-21 06:00:00+00:00,2025-09-21 17:00:00+00:00,11.0,12,1.0,25.92917,51.60083,1.371,ordinary,ordinary_anchorage,"Ras Laffan port, Qatar",2.57,False,False,1,,False
566670000,LANPAN 32,SGP,qatar_control_sept2025,2025-09-22 19:00:00+00:00,2025-09-23 06:00:00+00:00,11.0,12,1.0,25.92083,51.60083,1.371,ordinary,ordinary_anchorage,"Ras Laffan port, Qatar",1.65,False,False,1,,False
636022266,GMS ATRIA,LBR,qatar_control_sept2025,2025-09-21 00:00:00+00:00,2025-09-21 11:00:00+00:00,11.0,12,1.0,25.88417,51.64333,3.321,ordinary,ordinary_anchorage,"Ras Laffan port, Qatar",5.04,False,False,1,,False
249780000,ASEEM,MLT,qatar_control_sept2025,2025-09-20 00:00:00+00:00,2025-09-20 10:00:00+00:00,10.0,11,1.0,25.93818,51.60454,4.975,ordinary,ordinary_anchorage,"Ras Laffan port, Qatar",3.61,False,False,1,,False
253057000,BOURBON LIBERTY 304,LUX,qatar_control_sept2025,2025-09-21 19:00:00+00:00,2025-09-22 05:00:00+00:00,10.0,11,1.0,25.92,51.59,0.0,ordinary,ordinary_anchorage,"Ras Laffan port, Qatar",1.8,False,False,1,,False
354991000,MMPL MERLIN,PAN,qatar_control_sept2025,2025-09-20 12:00:00+00:00,2025-09-20 22:00:00+00:00,10.0,11,1.0,25.92,51.60363,3.637,ordinary,ordinary_anchorage,"Ras Laffan port, Qatar",1.61,False,False,1,,False
466086000,FOG 11,QAT,qatar_control_sept2025,2025-09-20 04:00:00+00:00,2025-09-20 14:00:00+00:00,10.0,11,1.0,25.92,51.59182,0.818,ordinary,ordinary_anchorage,"Ras Laffan port, Qatar",1.71,False,False,1,,False
466086000,FOG 11,QAT,qatar_control_sept2025,2025-09-23 13:00:00+00:00,2025-09-23 23:00:00+00:00,10.0,11,1.0,25.92,51.59909,0.909,ordinary,ordinary_anchorage,"Ras Laffan port, Qatar",1.55,False,False,1,,False
466321000,HALUL101,QAT,qatar_control_sept2025,2025-09-22 07:00:00+00:00,2025-09-22 17:00:00+00:00,10.0,11,1.0,25.86818,51.63455,4.977,ordinary,ordinary_anchorage,"Ras Laffan port, Qatar",5.5,False,False,1,,False
466406000,SAYAR,QAT,qatar_control_sept2025,2025-09-20 21:00:00+00:00,2025-09-21 07:00:00+00:00,10.0,6,0.545,25.16,51.61167,0.839,ordinary,ordinary_anchorage,"Doha port, Qatar",16.4,False,False,1,,False
466502550,SULTAN ALKHOR 94%,QAT,qatar_control_sept2025,2025-09-22 18:00:00+00:00,2025-09-23 04:00:00+00:00,10.0,7,0.636,26.07857,51.64572,3.831,ordinary,ordinary_anchorage,"Ras Laffan port, Qatar",19.73,False,False,1,,False
466529860,SEATEK TORNA,QAT,qatar_control_sept2025,2025-09-21 11:00:00+00:00,2025-09-21 21:00:00+00:00,10.0,11,1.0,25.91818,51.60091,4.993,ordinary,ordinary_anchorage,"Ras Laffan port, Qatar",1.35,False,False,1,,False
466536680,NSW AL SHUAIBA,QAT,qatar_control_sept2025,2025-09-20 09:00:00+00:00,2025-09-20 19:00:00+00:00,10.0,11,1.0,25.90273,51.64727,4.079,ordinary,ordinary_anchorage,"Ras Laffan port, Qatar",4.82,False,False,1,,False
466585250,,QAT,qatar_control_sept2025,2025-09-20 00:00:00+00:00,2025-09-20 10:00:00+00:00,10.0,11,1.0,25.38,51.54,0.0,ordinary,ordinary_anchorage,"Doha port, Qatar",9.31,False,False,1,,False
466590330,SCOUT 1,QAT,qatar_control_sept2025,2025-09-21 03:00:00+00:00,2025-09-21 13:00:00+00:00,10.0,11,1.0,25.29,51.55,0.0,ordinary,ordinary_anchorage,"Doha port, Qatar",0.78,False,False,1,,False
538003966,ALPINE MARINA,MHL,qatar_control_sept2025,2025-09-20 00:00:00+00:00,2025-09-20 10:00:00+00:00,10.0,11,1.0,25.92,51.61,0.0,ordinary,ordinary_anchorage,"Ras Laffan port, Qatar",1.89,False,False,1,,False
538007647,ALEXANDER S MCCALL,MHL,qatar_control_sept2025,2025-09-22 20:00:00+00:00,2025-09-23 06:00:00+00:00,10.0,11,1.0,25.84909,51.65182,4.899,ordinary,ordinary_anchorage,"Ras Laffan port, Qatar",8.24,False,False,1,,False
563214800,ASTRO ATHENA,SGP,qatar_control_sept2025,2025-09-20 05:00:00+00:00,2025-09-20 15:00:00+00:00,10.0,11,1.0,25.98545,51.57455,4.822,ordinary,ordinary_anchorage,"Ras Laffan port, Qatar",9.16,False,False,1,,False
636022232,FOG 10,LBR,qatar_control_sept2025,2025-09-21 07:00:00+00:00,2025-09-21 17:00:00+00:00,10.0,11,1.0,25.92091,51.60091,1.36,ordinary,ordinary_anchorage,"Ras Laffan port, Qatar",1.66,False,False,1,,False
636022263,GEO MARITIMER,LBR,qatar_control_sept2025,2025-09-22 09:00:00+00:00,2025-09-22 19:00:00+00:00,10.0,11,1.0,25.86636,51.65364,4.083,ordinary,ordinary_anchorage,"Ras Laffan port, Qatar",7.01,False,False,1,,False
249780000,ASEEM,MLT,qatar_control_sept2025,2025-09-20 11:00:00+00:00,2025-09-20 20:00:00+00:00,9.0,10,1.0,25.939,51.603,2.88,ordinary,ordinary_anchorage,"Ras Laffan port, Qatar",3.68,False,False,1,,False
253329000,BOURBON LIBERTY 306,LUX,qatar_control_sept2025,2025-09-21 16:00:00+00:00,2025-09-22 01:00:00+00:00,9.0,10,1.0,25.921,51.601,1.346,ordinary,ordinary_anchorage,"Ras Laffan port, Qatar",1.67,False,False,1,,False
357220000,MIMMI,PAN,qatar_control_sept2025,2025-09-22 14:00:00+00:00,2025-09-22 23:00:00+00:00,9.0,10,1.0,25.78,51.722,3.546,ordinary,ordinary_anchorage,"Ras Laffan port, Qatar",18.64,False,False,1,,False
376065000,SWISSCO SEARCHER,VCT,qatar_control_sept2025,2025-09-22 10:00:00+00:00,2025-09-22 19:00:00+00:00,9.0,10,1.0,25.762,51.677,3.548,ordinary,ordinary_anchorage,"Ras Laffan port, Qatar",17.81,False,False,1,,False
466326000,HALUL 83,QAT,qatar_control_sept2025,2025-09-20 05:00:00+00:00,2025-09-20 14:00:00+00:00,9.0,10,1.0,25.92,51.6,0.0,ordinary,ordinary_anchorage,"Ras Laffan port, Qatar",1.55,False,False,1,,False
466413000,HALUL 45,QAT,qatar_control_sept2025,2025-09-22 15:00:00+00:00,2025-09-23 00:00:00+00:00,9.0,10,1.0,25.89,51.655,0.5,ordinary,ordinary_anchorage,"Ras Laffan port, Qatar",5.86,False,False,1,,False
466501130,SUPER QATAR,QAT,qatar_control_sept2025,2025-09-20 05:00:00+00:00,2025-09-20 14:00:00+00:00,9.0,6,0.6,25.39,51.55167,2.444,ordinary,ordinary_anchorage,"Doha port, Qatar",10.35,False,False,1,,False
466505200,ONOOD AL RAYYAN,QAT,qatar_control_sept2025,2025-09-20 00:00:00+00:00,2025-09-20 09:00:00+00:00,9.0,8,0.8,25.37,51.54,0.0,ordinary,ordinary_anchorage,"Doha port, Qatar",8.2,False,False,1,,False
466505780,,QAT,qatar_control_sept2025,2025-09-21 17:00:00+00:00,2025-09-22 02:00:00+00:00,9.0,9,0.9,25.37,51.55,0.0,ordinary,ordinary_anchorage,"Doha port, Qatar",8.13,False,False,1,,False
466537830,AMNA,QAT,qatar_control_sept2025,2025-09-20 22:00:00+00:00,2025-09-21 07:00:00+00:00,9.0,5,0.5,25.37,51.54,0.0,ordinary,ordinary_anchorage,"Doha port, Qatar",8.2,False,False,1,,False
466538630,SCOUT 2,QAT,qatar_control_sept2025,2025-09-21 04:00:00+00:00,2025-09-21 13:00:00+00:00,9.0,10,1.0,25.29,51.55,0.0,ordinary,ordinary_anchorage,"Doha port, Qatar",0.78,False,False,1,,False
466550130,SPEED MARINE 1,QAT,qatar_control_sept2025,2025-09-20 00:00:00+00:00,2025-09-20 09:00:00+00:00,9.0,8,0.8,25.37,51.54,0.0,ordinary,ordinary_anchorage,"Doha port, Qatar",8.2,False,False,1,,False
466557250,CIGARETTE 4,QAT,qatar_control_sept2025,2025-09-20 05:00:00+00:00,2025-09-20 14:00:00+00:00,9.0,6,0.6,25.29,51.55,0.0,ordinary,ordinary_anchorage,"Doha port, Qatar",0.78,False,False,1,,False
466565300,SAMA,QAT,qatar_control_sept2025,2025-09-20 00:00:00+00:00,2025-09-20 09:00:00+00:00,9.0,9,0.9,25.37,51.54,0.0,ordinary,ordinary_anchorage,"Doha port, Qatar",8.2,False,False,1,,False
466590280,AL-JALAHMA 18%,QAT,qatar_control_sept2025,2025-09-20 17:00:00+00:00,2025-09-21 02:00:00+00:00,9.0,4,0.4,25.2925,51.55,1.043,ordinary,ordinary_anchorage,"Doha port, Qatar",0.5,False,False,1,,False
470179000,SAFEEN SURVEYOR,ARE,qatar_control_sept2025,2025-09-21 02:00:00+00:00,2025-09-21 11:00:00+00:00,9.0,10,1.0,25.892,51.693,4.208,ordinary,ordinary_anchorage,"Ras Laffan port, Qatar",9.51,False,False,1,,False
470326000,AHTS EXCELSIOR,ARE,qatar_control_sept2025,2025-09-21 16:00:00+00:00,2025-09-22 01:00:00+00:00,9.0,10,1.0,25.88,51.638,4.452,ordinary,ordinary_anchorage,"Ras Laffan port, Qatar",4.85,False,False,1,,False
564959000,BRITOIL 41,SGP,qatar_control_sept2025,2025-09-23 14:00:00+00:00,2025-09-23 23:00:00+00:00,9.0,10,1.0,26.014,51.615,4.067,ordinary,ordinary_anchorage,"Ras Laffan port, Qatar",12.1,False,False,1,,False
566670000,LANPAN 32,SGP,qatar_control_sept2025,2025-09-21 00:00:00+00:00,2025-09-21 09:00:00+00:00,9.0,10,1.0,25.985,51.61,3.431,ordinary,ordinary_anchorage,"Ras Laffan port, Qatar",8.84,False,False,1,,False
577633000,CHRISTINA TIDE,VUT,qatar_control_sept2025,2025-09-23 14:00:00+00:00,2025-09-23 23:00:00+00:00,9.0,10,1.0,25.85,51.67,0.0,ordinary,ordinary_anchorage,"Ras Laffan port, Qatar",9.44,False,False,1,,False
636018175,STANFORD STAR,LBR,qatar_control_sept2025,2025-09-20 17:00:00+00:00,2025-09-21 02:00:00+00:00,9.0,10,1.0,25.92,51.604,3.6,ordinary,ordinary_anchorage,"Ras Laffan port, Qatar",1.62,False,False,1,,False
636022266,GMS ATRIA,LBR,qatar_control_sept2025,2025-09-23 11:00:00+00:00,2025-09-23 20:00:00+00:00,9.0,10,1.0,25.88,51.642,4.452,ordinary,ordinary_anchorage,"Ras Laffan port, Qatar",5.17,False,False,1,,False
228463600,MRAIKH,FRA,qatar_control_sept2025,2025-09-20 00:00:00+00:00,2025-09-20 08:00:00+00:00,8.0,9,1.0,25.9,51.75555,4.202,ordinary,ordinary_anchorage,"Ras Laffan port, Qatar",15.65,False,False,1,,False
253057000,BOURBON LIBERTY 304,LUX,qatar_control_sept2025,2025-09-23 15:00:00+00:00,2025-09-23 23:00:00+00:00,8.0,9,1.0,25.88,51.63556,0.556,ordinary,ordinary_anchorage,"Ras Laffan port, Qatar",4.65,False,False,1,,False
370023000,KRISTIINA,PAN,qatar_control_sept2025,2025-09-20 15:00:00+00:00,2025-09-20 23:00:00+00:00,8.0,9,1.0,25.92111,51.59333,2.844,ordinary,ordinary_anchorage,"Ras Laffan port, Qatar",1.77,False,False,1,,False
371550000,DIMITRA 1,PAN,qatar_control_sept2025,2025-09-23 15:00:00+00:00,2025-09-23 23:00:00+00:00,8.0,9,1.0,25.86,51.63,0.0,ordinary,ordinary_anchorage,"Ras Laffan port, Qatar",5.98,False,False,1,,False
376512000,STANFORD NILE,VCT,qatar_control_sept2025,2025-09-22 09:00:00+00:00,2025-09-22 17:00:00+00:00,8.0,9,1.0,25.92,51.59556,4.445,ordinary,ordinary_anchorage,"Ras Laffan port, Qatar",1.59,False,False,1,,False
466009000,SIDRA AL KHOR,QAT,qatar_control_sept2025,2025-09-23 15:00:00+00:00,2025-09-23 23:00:00+00:00,8.0,9,1.0,25.87222,51.73445,4.866,ordinary,ordinary_anchorage,"Ras Laffan port, Qatar",14.04,False,False,1,,False
466136000,HALUL 25,QAT,qatar_control_sept2025,2025-09-20 21:00:00+00:00,2025-09-21 05:00:00+00:00,8.0,9,1.0,25.92,51.6,0.0,ordinary,ordinary_anchorage,"Ras Laffan port, Qatar",1.55,False,False,1,,False
466321000,HALUL101,QAT,qatar_control_sept2025,2025-09-20 17:00:00+00:00,2025-09-21 01:00:00+00:00,8.0,9,1.0,25.87889,51.63,0.988,ordinary,ordinary_anchorage,"Ras Laffan port, Qatar",4.32,False,False,1,,False
466323000,HALUL 100,QAT,qatar_control_sept2025,2025-09-20 15:00:00+00:00,2025-09-20 23:00:00+00:00,8.0,9,1.0,25.86,51.62,0.0,ordinary,ordinary_anchorage,"Ras Laffan port, Qatar",5.53,False,False,1,,False
466325000,HALUL 80,QAT,qatar_control_sept2025,2025-09-21 08:00:00+00:00,2025-09-21 16:00:00+00:00,8.0,9,1.0,25.92222,51.60555,2.593,ordinary,ordinary_anchorage,"Ras Laffan port, Qatar",1.9,False,False,1,,False
466326000,HALUL 83,QAT,qatar_control_sept2025,2025-09-22 09:00:00+00:00,2025-09-22 17:00:00+00:00,8.0,9,1.0,25.92111,51.60222,2.034,ordinary,ordinary_anchorage,"Ras Laffan port, Qatar",1.7,False,False,1,,False
466509520,MARISOL 1,QAT,qatar_control_sept2025,2025-09-23 15:00:00+00:00,2025-09-23 23:00:00+00:00,8.0,8,0.889,25.41,51.52,0.0,ordinary,ordinary_anchorage,"Doha port, Qatar",12.96,False,False,1,,False
466529860,SEATEK TORNA,QAT,qatar_control_sept2025,2025-09-20 04:00:00+00:00,2025-09-20 12:00:00+00:00,8.0,9,1.0,25.90556,51.66222,1.845,ordinary,ordinary_anchorage,"Ras Laffan port, Qatar",6.3,False,False,1,,False
466537210,SORA4,QAT,qatar_control_sept2025,2025-09-22 06:00:00+00:00,2025-09-22 14:00:00+00:00,8.0,9,1.0,25.89333,51.62,4.769,ordinary,ordinary_anchorage,"Ras Laffan port, Qatar",2.52,False,False,1,,False
466544540,AL AHMED 1 18%,QAT,qatar_control_sept2025,2025-09-21 20:00:00+00:00,2025-09-22 04:00:00+00:00,8.0,4,0.444,25.32,51.5375,4.455,ordinary,ordinary_anchorage,"Doha port, Qatar",2.91,False,False,1,,False
466567400,ESTIMAR 2 100%,QAT,qatar_control_sept2025,2025-09-20 03:00:00+00:00,2025-09-20 11:00:00+00:00,8.0,7,0.778,25.40857,51.57857,4.479,ordinary,ordinary_anchorage,"Doha port, Qatar",12.72,False,False,1,,False
466573910,RASLAFFAN PILOT,QAT,qatar_control_sept2025,2025-09-21 21:00:00+00:00,2025-09-22 05:00:00+00:00,8.0,9,1.0,25.91778,51.63,4.008,ordinary,ordinary_anchorage,"Ras Laffan port, Qatar",3.34,False,False,1,,False
466578420,AL SHAHEQ,QAT,qatar_control_sept2025,2025-09-21 09:00:00+00:00,2025-09-21 17:00:00+00:00,8.0,8,0.889,25.35125,51.55375,3.542,ordinary,ordinary_anchorage,"Doha port, Qatar",6.05,False,False,1,,False
466583230,SAHIL ALGHARIA,QAT,qatar_control_sept2025,2025-09-20 09:00:00+00:00,2025-09-20 17:00:00+00:00,8.0,5,0.556,25.3,51.552,0.804,ordinary,ordinary_anchorage,"Doha port, Qatar",0.36,False,False,1,,False
466585450,BU SNOOD,QAT,qatar_control_sept2025,2025-09-23 15:00:00+00:00,2025-09-23 23:00:00+00:00,8.0,9,1.0,25.88,51.64111,0.889,ordinary,ordinary_anchorage,"Ras Laffan port, Qatar",5.1,False,False,1,,False
538003363,ONAIZA,MHL,qatar_control_sept2025,2025-09-20 00:00:00+00:00,2025-09-20 08:00:00+00:00,8.0,9,1.0,25.86,51.77,0.0,ordinary,ordinary_anchorage,"Ras Laffan port, Qatar",17.84,False,False,1,,False
538007647,ALEXANDER S MCCALL,MHL,qatar_control_sept2025,2025-09-22 11:00:00+00:00,2025-09-22 19:00:00+00:00,8.0,9,1.0,25.92,51.59,0.0,ordinary,ordinary_anchorage,"Ras Laffan port, Qatar",1.8,False,False,1,,False
565315000,LANPAN 22,SGP,qatar_control_sept2025,2025-09-20 00:00:00+00:00,2025-09-20 08:00:00+00:00,8.0,9,1.0,25.92,51.59556,4.445,ordinary,ordinary_anchorage,"Ras Laffan port, Qatar",1.59,False,False,1,,False
636022266,GMS ATRIA,LBR,qatar_control_sept2025,2025-09-20 15:00:00+00:00,2025-09-20 23:00:00+00:00,8.0,9,1.0,25.92,51.59111,0.889,ordinary,ordinary_anchorage,"Ras Laffan port, Qatar",1.74,False,False,1,,False
636022266,GMS ATRIA,LBR,qatar_control_sept2025,2025-09-21 12:00:00+00:00,2025-09-21 20:00:00+00:00,8.0,9,1.0,25.92,51.59,0.0,ordinary,ordinary_anchorage,"Ras Laffan port, Qatar",1.8,False,False,1,,False
636023764,STEADY EAGLE,LBR,qatar_control_sept2025,2025-09-20 22:00:00+00:00,2025-09-21 06:00:00+00:00,8.0,9,1.0,25.87333,51.64444,2.42,ordinary,ordinary_anchorage,"Ras Laffan port, Qatar",5.81,False,False,1,,False
377246000,STANFORD CHALLENGER,VCT,qatar_control_sept2025,2025-09-20 13:00:00+00:00,2025-09-20 20:00:00+00:00,7.0,8,1.0,25.95,51.54125,0.875,ordinary,ordinary_anchorage,"Ras Laffan port, Qatar",7.58,False,False,1,,False
419001637,BW PINE,IND,qatar_control_sept2025,2025-09-20 00:00:00+00:00,2025-09-20 07:00:00+00:00,7.0,8,1.0,25.92,51.61375,2.625,ordinary,ordinary_anchorage,"Ras Laffan port, Qatar",2.12,False,False,1,,False
466008000,SIDRA DOHA,QAT,qatar_control_sept2025,2025-09-22 01:00:00+00:00,2025-09-22 08:00:00+00:00,7.0,8,1.0,25.87125,51.74125,0.981,ordinary,ordinary_anchorage,"Ras Laffan port, Qatar",14.73,False,False,1,,False
466130000,HALUL26,QAT,qatar_control_sept2025,2025-09-21 18:00:00+00:00,2025-09-22 01:00:00+00:00,7.0,8,1.0,25.9225,51.6025,1.122,ordinary,ordinary_anchorage,"Ras Laffan port, Qatar",1.85,False,False,1,,False
466323000,HALUL 100,QAT,qatar_control_sept2025,2025-09-21 10:00:00+00:00,2025-09-21 17:00:00+00:00,7.0,8,1.0,25.9075,51.60875,4.68,ordinary,ordinary_anchorage,"Ras Laffan port, Qatar",0.97,False,False,1,,False
466501690,BIRD10,QAT,qatar_control_sept2025,2025-09-22 06:00:00+00:00,2025-09-22 13:00:00+00:00,7.0,8,1.0,25.30125,51.6375,2.01,ordinary,ordinary_anchorage,"Doha port, Qatar",8.7,False,False,1,,False
466514340,ALMANSOR BALLA 100%,QAT,qatar_control_sept2025,2025-09-20 18:00:00+00:00,2025-09-21 01:00:00+00:00,7.0,6,0.75,25.16,51.62,0.0,ordinary,ordinary_anchorage,"Doha port, Qatar",16.73,False,False,1,,False
466521350,THARESH,QAT,qatar_control_sept2025,2025-09-23 06:00:00+00:00,2025-09-23 13:00:00+00:00,7.0,7,0.875,25.31143,51.72571,4.552,ordinary,ordinary_anchorage,"Doha port, Qatar",17.63,False,False,1,,False
466525210,BARQ ALRUWAIS,QAT,qatar_control_sept2025,2025-09-20 07:00:00+00:00,2025-09-20 14:00:00+00:00,7.0,7,0.875,25.3,51.55,0.0,ordinary,ordinary_anchorage,"Doha port, Qatar",0.36,False,False,1,,False
466533230,SORA 1,QAT,qatar_control_sept2025,2025-09-20 17:00:00+00:00,2025-09-21 00:00:00+00:00,7.0,8,1.0,25.90125,51.5925,2.003,ordinary,ordinary_anchorage,"Ras Laffan port, Qatar",0.86,False,False,1,,False
466538630,SCOUT 2,QAT,qatar_control_sept2025,2025-09-20 06:00:00+00:00,2025-09-20 13:00:00+00:00,7.0,8,1.0,25.29,51.55,0.0,ordinary,ordinary_anchorage,"Doha port, Qatar",0.78,False,False,1,,False
466547540,AL RAYYAN ALATTIQ,QAT,qatar_control_sept2025,2025-09-20 08:00:00+00:00,2025-09-20 15:00:00+00:00,7.0,6,0.75,25.16,51.62,0.0,ordinary,ordinary_anchorage,"Doha port, Qatar",16.73,False,False,1,,False
466552200,OPULENT,QAT,qatar_control_sept2025,2025-09-21 13:00:00+00:00,2025-09-21 20:00:00+00:00,7.0,5,0.625,25.364,51.548,2.704,ordinary,ordinary_anchorage,"Doha port, Qatar",7.47,False,False,1,,False
466569300,BAHAR ALSALAMH,QAT,qatar_control_sept2025,2025-09-20 00:00:00+00:00,2025-09-20 07:00:00+00:00,7.0,3,0.375,25.32333,51.56667,4.418,ordinary,ordinary_anchorage,"Doha port, Qatar",3.33,False,False,1,,False
466573900,RL 32,QAT,qatar_control_sept2025,2025-09-22 06:00:00+00:00,2025-09-22 13:00:00+00:00,7.0,8,1.0,25.91875,51.6125,4.849,ordinary,ordinary_anchorage,"Ras Laffan port, Qatar",1.94,False,False,1,,False
466574970,AL GHAF,QAT,qatar_control_sept2025,2025-09-20 00:00:00+00:00,2025-09-20 07:00:00+00:00,7.0,8,1.0,25.92625,51.59875,1.323,ordinary,ordinary_anchorage,"Ras Laffan port, Qatar",2.24,False,False,1,,False
470326000,AHTS EXCELSIOR,ARE,qatar_control_sept2025,2025-09-23 16:00:00+00:00,2025-09-23 23:00:00+00:00,7.0,8,1.0,25.88,51.64,0.0,ordinary,ordinary_anchorage,"Ras Laffan port, Qatar",5.01,False,False,1,,False
538003838,TOPAZ JURONG,MHL,qatar_control_sept2025,2025-09-23 16:00:00+00:00,2025-09-23 23:00:00+00:00,7.0,8,1.0,25.88375,51.67375,4.581,ordinary,ordinary_anchorage,"Ras Laffan port, Qatar",7.86,False,False,1,,False
538006499,RUSTAQ SILVER,MHL,qatar_control_sept2025,2025-09-20 00:00:00+00:00,2025-09-20 07:00:00+00:00,7.0,8,1.0,25.84625,51.77625,4.879,ordinary,ordinary_anchorage,"Ras Laffan port, Qatar",18.92,False,False,1,,False
564292000,LANPAN 35,SGP,qatar_control_sept2025,2025-09-23 16:00:00+00:00,2025-09-23 23:00:00+00:00,7.0,8,1.0,25.98625,51.5525,4.048,ordinary,ordinary_anchorage,"Ras Laffan port, Qatar",10.06,False,False,1,,False
564931000,LANPAN 18,SGP,qatar_control_sept2025,2025-09-20 11:00:00+00:00,2025-09-20 18:00:00+00:00,7.0,8,1.0,25.76,51.67625,3.609,ordinary,ordinary_anchorage,"Ras Laffan port, Qatar",17.98,False,False,1,,False
577633000,CHRISTINA TIDE,VUT,qatar_control_sept2025,2025-09-22 11:00:00+00:00,2025-09-22 18:00:00+00:00,7.0,8,1.0,25.88,51.665,1.501,ordinary,ordinary_anchorage,"Ras Laffan port, Qatar",7.19,False,False,1,,False
636022262,IRIS,LBR,qatar_control_sept2025,2025-09-23 16:00:00+00:00,2025-09-23 23:00:00+00:00,7.0,8,1.0,25.82,51.66,0.0,ordinary,ordinary_anchorage,"Ras Laffan port, Qatar",11.34,False,False,1,,False
636024017,VORTEX VENTURE,LBR,qatar_control_sept2025,2025-09-21 04:00:00+00:00,2025-09-21 11:00:00+00:00,7.0,8,1.0,25.87,51.66,0.0,ordinary,ordinary_anchorage,"Ras Laffan port, Qatar",7.29,False,False,1,,False
375762000,STANFORD CARACARA,VCT,qatar_control_sept2025,2025-09-22 13:00:00+00:00,2025-09-22 19:00:00+00:00,6.0,7,1.0,25.89143,51.63571,4.781,ordinary,ordinary_anchorage,"Ras Laffan port, Qatar",4.0,False,False,1,,False
375762000,STANFORD CARACARA,VCT,qatar_control_sept2025,2025-09-22 20:00:00+00:00,2025-09-23 02:00:00+00:00,6.0,7,1.0,25.88143,51.65143,1.282,ordinary,ordinary_anchorage,"Ras Laffan port, Qatar",5.9,False,False,1,,False
377378000,STANFORD TIGRIS,VCT,qatar_control_sept2025,2025-09-20 00:00:00+00:00,2025-09-20 06:00:00+00:00,6.0,7,1.0,25.86,51.68,0.0,ordinary,ordinary_anchorage,"Ras Laffan port, Qatar",9.57,False,False,1,,False
466008000,SIDRA DOHA,QAT,qatar_control_sept2025,2025-09-20 00:00:00+00:00,2025-09-20 06:00:00+00:00,6.0,7,1.0,25.92857,51.60714,4.391,ordinary,ordinary_anchorage,"Ras Laffan port, Qatar",2.62,False,False,1,,False
466321000,HALUL101,QAT,qatar_control_sept2025,2025-09-20 08:00:00+00:00,2025-09-20 14:00:00+00:00,6.0,7,1.0,25.98143,51.74,0.953,ordinary,ordinary_anchorage,"Ras Laffan port, Qatar",16.38,False,False,1,,False
466321000,HALUL101,QAT,qatar_control_sept2025,2025-09-21 20:00:00+00:00,2025-09-22 02:00:00+00:00,6.0,7,1.0,25.87,51.63,0.0,ordinary,ordinary_anchorage,"Ras Laffan port, Qatar",5.06,False,False,1,,False
466334000,HALUL 69,QAT,qatar_control_sept2025,2025-09-23 03:00:00+00:00,2025-09-23 09:00:00+00:00,6.0,7,1.0,25.84,51.67,0.0,ordinary,ordinary_anchorage,"Ras Laffan port, Qatar",10.21,False,False,1,,False
466500200,HADER1 0%,QAT,qatar_control_sept2025,2025-09-20 13:00:00+00:00,2025-09-20 19:00:00+00:00,6.0,3,0.429,25.41,51.57333,2.678,ordinary,ordinary_anchorage,"Doha port, Qatar",12.77,False,False,1,,False
466501600,BIRD 1,QAT,qatar_control_sept2025,2025-09-21 13:00:00+00:00,2025-09-21 19:00:00+00:00,6.0,7,1.0,25.30143,51.55286,3.422,ordinary,ordinary_anchorage,"Doha port, Qatar",0.53,False,False,1,,False
466501600,BIRD 1,QAT,qatar_control_sept2025,2025-09-23 06:00:00+00:00,2025-09-23 12:00:00+00:00,6.0,6,0.857,25.30667,51.62333,4.601,ordinary,ordinary_anchorage,"Doha port, Qatar",7.34,False,False,1,,False
466501620,BIRD 3,QAT,qatar_control_sept2025,2025-09-20 04:00:00+00:00,2025-09-20 10:00:00+00:00,6.0,7,1.0,25.29,51.54,0.0,ordinary,ordinary_anchorage,"Doha port, Qatar",1.35,False,False,1,,False
466501630,BIRD-7,QAT,qatar_control_sept2025,2025-09-21 07:00:00+00:00,2025-09-21 13:00:00+00:00,6.0,5,0.714,25.3,51.64,0.0,ordinary,ordinary_anchorage,"Doha port, Qatar",8.94,False,False,1,,False
466501660,BIRD-5,QAT,qatar_control_sept2025,2025-09-21 13:00:00+00:00,2025-09-21 19:00:00+00:00,6.0,7,1.0,25.29714,51.54429,2.131,ordinary,ordinary_anchorage,"Doha port, Qatar",0.69,False,False,1,,False
466501680,BIRD9,QAT,qatar_control_sept2025,2025-09-21 06:00:00+00:00,2025-09-21 12:00:00+00:00,6.0,6,0.857,25.30333,51.63333,3.829,ordinary,ordinary_anchorage,"Doha port, Qatar",8.3,False,False,1,,False
466511250,MTWAKL ALA ALLAH-99%,QAT,qatar_control_sept2025,2025-09-23 17:00:00+00:00,2025-09-23 23:00:00+00:00,6.0,7,1.0,25.16,51.61857,0.863,ordinary,ordinary_anchorage,"Doha port, Qatar",16.67,False,False,1,,False
466516920,AL FATHE 3495,QAT,qatar_control_sept2025,2025-09-20 08:00:00+00:00,2025-09-20 14:00:00+00:00,6.0,5,0.714,25.974,51.688,3.458,ordinary,ordinary_anchorage,"Ras Laffan port, Qatar",11.66,False,False,1,,False
466519260,MMUH,QAT,qatar_control_sept2025,2025-09-22 08:00:00+00:00,2025-09-22 14:00:00+00:00,6.0,3,0.429,25.28333,51.55667,0.999,ordinary,ordinary_anchorage,"Doha port, Qatar",1.61,False,False,1,,False
466533230,SORA 1,QAT,qatar_control_sept2025,2025-09-22 00:00:00+00:00,2025-09-22 06:00:00+00:00,6.0,7,1.0,25.89143,51.65286,1.962,ordinary,ordinary_anchorage,"Ras Laffan port, Qatar",5.61,False,False,1,,False
466538770,QATAR FISH 100%,QAT,qatar_control_sept2025,2025-09-20 19:00:00+00:00,2025-09-21 01:00:00+00:00,6.0,6,0.857,25.38,51.43,0.0,ordinary,ordinary_anchorage,"Doha port, Qatar",15.28,False,False,1,,False
466552200,OPULENT,QAT,qatar_control_sept2025,2025-09-23 13:00:00+00:00,2025-09-23 19:00:00+00:00,6.0,7,1.0,25.37,51.54143,0.861,ordinary,ordinary_anchorage,"Doha port, Qatar",8.19,False,False,1,,False
466561760,FAZAAT QATAR 93%,QAT,qatar_control_sept2025,2025-09-20 05:00:00+00:00,2025-09-20 11:00:00+00:00,6.0,6,0.857,25.40167,51.59667,3.537,ordinary,ordinary_anchorage,"Doha port, Qatar",12.52,False,False,1,,False
466569240,ALQADHAFI,QAT,qatar_control_sept2025,2025-09-20 08:00:00+00:00,2025-09-20 14:00:00+00:00,6.0,7,1.0,25.28,51.70143,3.823,ordinary,ordinary_anchorage,"Doha port, Qatar",15.23,False,False,1,,False
466583900,ALMURJANA,QAT,qatar_control_sept2025,2025-09-20 12:00:00+00:00,2025-09-20 18:00:00+00:00,6.0,7,1.0,25.32857,51.56429,4.311,ordinary,ordinary_anchorage,"Doha port, Qatar",3.76,False,False,1,,False
466586050,ALJBEEL  93%,QAT,qatar_control_sept2025,2025-09-21 13:00:00+00:00,2025-09-21 19:00:00+00:00,6.0,2,0.286,25.17,51.645,2.751,ordinary,ordinary_anchorage,"Doha port, Qatar",16.98,False,False,1,,False
466587240,HUREICEN 100%,QAT,qatar_control_sept2025,2025-09-20 08:00:00+00:00,2025-09-20 14:00:00+00:00,6.0,7,1.0,25.31714,51.56857,3.139,ordinary,ordinary_anchorage,"Doha port, Qatar",2.85,False,False,1,,False
466590330,SCOUT 1,QAT,qatar_control_sept2025,2025-09-22 04:00:00+00:00,2025-09-22 10:00:00+00:00,6.0,7,1.0,25.29,51.55,0.0,ordinary,ordinary_anchorage,"Doha port, Qatar",0.78,False,False,1,,False
470170000,ADNOC 222,ARE,qatar_control_sept2025,2025-09-20 12:00:00+00:00,2025-09-20 18:00:00+00:00,6.0,7,1.0,25.92143,51.60286,1.962,ordinary,ordinary_anchorage,"Ras Laffan port, Qatar",1.74,False,False,1,,False
564292000,LANPAN 35,SGP,qatar_control_sept2025,2025-09-21 06:00:00+00:00,2025-09-21 12:00:00+00:00,6.0,7,1.0,25.97429,51.59714,4.737,ordinary,ordinary_anchorage,"Ras Laffan port, Qatar",7.59,False,False,1,,False
636022232,FOG 10,LBR,qatar_control_sept2025,2025-09-21 00:00:00+00:00,2025-09-21 06:00:00+00:00,6.0,7,1.0,25.89,51.66143,0.857,ordinary,ordinary_anchorage,"Ras Laffan port, Qatar",6.48,False,False,1,,False
