mmsi,ship_name,flag,window,episode_start,episode_end,duration_h,n_bins,continuity,centroid_lat,centroid_lon,radius_km,dwell_tier,location_class,nearest_facility,nearest_facility_km,resident_fixture,domestic_flag,dwell_score,trigger_category,escalate
1651,,,jamnagar_vadinar_feb2026,2026-01-27 19:00:00+00:00,2026-02-07 11:00:00+00:00,256.0,217,0.844,22.56088,69.76138,1.548,prolonged,flagged_facility,Vadinar terminal / Nayara refinery (EU+UK sanctioned),11.5,False,False,6,prolonged_dwell_at_flagged_facility,True
667001243,PRISMA,SLE,jamnagar_vadinar_feb2026,2026-01-20 00:00:00+00:00,2026-01-29 09:00:00+00:00,225.0,226,1.0,22.57058,69.68009,4.953,prolonged,flagged_facility,Vadinar terminal / Nayara refinery (EU+UK sanctioned),3.84,False,False,6,prolonged_dwell_at_flagged_facility,True
667001287,TIBURON,SLE,jamnagar_vadinar_feb2026,2026-01-24 04:00:00+00:00,2026-02-02 03:00:00+00:00,215.0,216,1.0,22.55995,69.64,1.107,prolonged,flagged_facility,Vadinar terminal / Nayara refinery (EU+UK sanctioned),1.51,False,False,6,prolonged_dwell_at_flagged_facility,True
667002270,SAPNA,SLE,jamnagar_vadinar_feb2026,2026-01-28 09:00:00+00:00,2026-02-06 03:00:00+00:00,210.0,211,1.0,22.56232,69.66389,4.352,prolonged,flagged_facility,Vadinar terminal / Nayara refinery (EU+UK sanctioned),1.98,False,False,6,prolonged_dwell_at_flagged_facility,True
613511209,SEASONS I,CMR,jamnagar_vadinar_feb2026,2026-01-27 20:00:00+00:00,2026-02-04 08:00:00+00:00,180.0,181,1.0,22.54983,69.65426,3.69,prolonged,flagged_facility,Vadinar terminal / Nayara refinery (EU+UK sanctioned),0.44,False,False,6,prolonged_dwell_at_flagged_facility,True
636023057,BUNUN YOUTH,LBR,jamnagar_vadinar_feb2026,2026-01-20 09:00:00+00:00,2026-01-27 13:00:00+00:00,172.0,173,1.0,22.65965,69.71023,4.924,prolonged,flagged_facility,Vadinar terminal / Nayara refinery (EU+UK sanctioned),13.67,False,False,6,prolonged_dwell_at_flagged_facility,True
341075002,SWISSCO PEARL,KNA,jamnagar_vadinar_feb2026,2026-01-20 00:00:00+00:00,2026-02-16 23:00:00+00:00,671.0,672,1.0,22.44,69.67,0.0,prolonged,flagged_facility,Jamnagar (Sikka) marine terminal,5.26,True,False,5,,False
419001600,RELTUG NINE,IND,jamnagar_vadinar_feb2026,2026-01-20 00:00:00+00:00,2026-02-15 09:00:00+00:00,633.0,630,0.994,22.44562,69.79889,2.861,prolonged,flagged_facility,Jamnagar (Sikka) marine terminal,8.29,False,True,5,,False
419001613,M.T. OCEAN BIRD,IND,jamnagar_vadinar_feb2026,2026-01-25 00:00:00+00:00,2026-02-16 23:00:00+00:00,551.0,549,0.995,22.56213,69.75519,2.526,prolonged,flagged_facility,Vadinar terminal / Nayara refinery (EU+UK sanctioned),10.89,False,True,5,,False
419001488,RELTUG NINETEEN,IND,jamnagar_vadinar_feb2026,2026-01-20 00:00:00+00:00,2026-02-11 02:00:00+00:00,530.0,531,1.0,22.5013,69.8367,4.939,prolonged,flagged_facility,Jamnagar (Sikka) marine terminal,14.38,False,True,5,,False
419093600,KAIVAN,IND,jamnagar_vadinar_feb2026,2026-01-20 00:00:00+00:00,2026-02-10 03:00:00+00:00,507.0,504,0.992,22.477,69.68814,4.517,prolonged,flagged_facility,Jamnagar (Sikka) marine terminal,6.17,False,True,5,,False
419000607,OCEAN CITRINE,IND,jamnagar_vadinar_feb2026,2026-01-20 00:00:00+00:00,2026-02-06 23:00:00+00:00,431.0,432,1.0,22.69935,69.62648,2.737,prolonged,flagged_facility,Vadinar terminal / Nayara refinery (EU+UK sanctioned),16.78,False,True,5,,False
419957016,KB 47,IND,jamnagar_vadinar_feb2026,2026-01-26 14:00:00+00:00,2026-02-13 04:00:00+00:00,422.0,398,0.941,22.68337,69.66171,2.016,prolonged,flagged_facility,Vadinar terminal / Nayara refinery (EU+UK sanctioned),14.88,False,True,5,,False
419067700,MV PERSISTENCE,IND,jamnagar_vadinar_feb2026,2026-01-20 00:00:00+00:00,2026-02-04 20:00:00+00:00,380.0,381,1.0,22.39013,69.60982,3.778,prolonged,flagged_facility,Jamnagar (Sikka) marine terminal,12.16,False,True,5,,False
419024600,ESSAR TUG XI,IND,jamnagar_vadinar_feb2026,2026-02-01 13:00:00+00:00,2026-02-16 22:00:00+00:00,369.0,356,0.962,22.38947,69.61028,2.384,prolonged,flagged_facility,Jamnagar (Sikka) marine terminal,12.15,False,True,5,,False
419082300,DOLPHIN NO.11,IND,jamnagar_vadinar_feb2026,2026-02-03 14:00:00+00:00,2026-02-16 23:00:00+00:00,321.0,317,0.984,22.68748,69.66625,1.862,prolonged,flagged_facility,Vadinar terminal / Nayara refinery (EU+UK sanctioned),15.38,False,True,5,,False
419001487,RELTUG EIGHTEEN,IND,jamnagar_vadinar_feb2026,2026-02-04 01:00:00+00:00,2026-02-16 00:00:00+00:00,287.0,288,1.0,22.50059,69.83836,4.493,prolonged,flagged_facility,Jamnagar (Sikka) marine terminal,14.48,False,True,5,,False
419991279,DARIYA JYOT,IND,jamnagar_vadinar_feb2026,2026-02-05 00:00:00+00:00,2026-02-16 23:00:00+00:00,287.0,281,0.976,22.43,69.67,0.0,prolonged,flagged_facility,Jamnagar (Sikka) marine terminal,5.14,False,True,5,,False
419011700,,IND,jamnagar_vadinar_feb2026,2026-02-05 03:00:00+00:00,2026-02-16 23:00:00+00:00,284.0,283,0.993,22.39007,69.60997,1.506,prolonged,flagged_facility,Jamnagar (Sikka) marine terminal,12.15,False,True,5,,False
419067700,MV PERSISTENCE,IND,jamnagar_vadinar_feb2026,2026-02-05 03:00:00+00:00,2026-02-16 23:00:00+00:00,284.0,285,1.0,22.39011,69.60986,2.32,prolonged,flagged_facility,Jamnagar (Sikka) marine terminal,12.16,False,True,5,,False
419066400,M V CHETAK,IND,jamnagar_vadinar_feb2026,2026-01-21 19:00:00+00:00,2026-02-01 12:00:00+00:00,257.0,254,0.984,22.50173,69.83476,4.517,prolonged,flagged_facility,Jamnagar (Sikka) marine terminal,14.24,False,True,5,,False
419077600,NIVARAK,IND,jamnagar_vadinar_feb2026,2026-02-05 17:00:00+00:00,2026-02-16 03:00:00+00:00,250.0,220,0.876,22.39005,69.60996,1.508,prolonged,flagged_facility,Jamnagar (Sikka) marine terminal,12.15,False,True,5,,False
419001487,RELTUG EIGHTEEN,IND,jamnagar_vadinar_feb2026,2026-01-20 00:00:00+00:00,2026-01-30 08:00:00+00:00,248.0,249,1.0,22.50193,69.83558,4.806,prolonged,flagged_facility,Jamnagar (Sikka) marine terminal,14.32,False,True,5,,False
419057400,RELTUG TWELVE,IND,jamnagar_vadinar_feb2026,2026-02-02 09:00:00+00:00,2026-02-12 16:00:00+00:00,247.0,248,1.0,22.48,69.82996,1.024,prolonged,flagged_facility,Jamnagar (Sikka) marine terminal,12.59,False,True,5,,False
419001456,MEERA,IND,jamnagar_vadinar_feb2026,2026-01-29 05:00:00+00:00,2026-02-08 03:00:00+00:00,238.0,236,0.987,22.46352,69.66716,4.123,prolonged,flagged_facility,Jamnagar (Sikka) marine terminal,6.59,False,True,5,,False
419956824,M.T.NEIRA,IND,jamnagar_vadinar_feb2026,2026-01-27 04:00:00+00:00,2026-02-06 00:00:00+00:00,236.0,224,0.945,22.47911,69.8391,1.378,prolonged,flagged_facility,Jamnagar (Sikka) marine terminal,13.4,False,True,5,,False
419082300,DOLPHIN NO.11,IND,jamnagar_vadinar_feb2026,2026-01-23 13:00:00+00:00,2026-02-02 02:00:00+00:00,229.0,227,0.987,22.68811,69.66722,2.679,prolonged,flagged_facility,Vadinar terminal / Nayara refinery (EU+UK sanctioned),15.46,False,True,5,,False
419077800,REL DARSHAN,IND,jamnagar_vadinar_feb2026,2026-01-31 00:00:00+00:00,2026-02-09 09:00:00+00:00,225.0,222,0.982,22.56162,69.84928,3.342,prolonged,flagged_facility,Jamnagar (Sikka) marine terminal,19.76,False,True,5,,False
419000607,OCEAN CITRINE,IND,jamnagar_vadinar_feb2026,2026-02-07 17:00:00+00:00,2026-02-16 23:00:00+00:00,222.0,223,1.0,22.69798,69.62852,3.115,prolonged,flagged_facility,Vadinar terminal / Nayara refinery (EU+UK sanctioned),16.6,False,True,5,,False
419956663,M.V. MANGAL MURTI,IND,jamnagar_vadinar_feb2026,2026-02-08 16:00:00+00:00,2026-02-16 23:00:00+00:00,199.0,195,0.975,22.44,69.68,0.0,prolonged,flagged_facility,Jamnagar (Sikka) marine terminal,4.26,False,True,5,,False
419001602,MENCAST18,IND,jamnagar_vadinar_feb2026,2026-02-04 06:00:00+00:00,2026-02-12 01:00:00+00:00,187.0,187,0.995,22.44,69.67,0.0,prolonged,flagged_facility,Jamnagar (Sikka) marine terminal,5.26,False,True,5,,False
419956787,DAWN II,IND,jamnagar_vadinar_feb2026,2026-01-29 19:00:00+00:00,2026-02-06 11:00:00+00:00,184.0,185,1.0,22.57611,69.84086,3.93,prolonged,flagged_facility,Vadinar terminal / Nayara refinery (EU+UK sanctioned),19.81,False,True,5,,False
636021979,EKATERINI V,LBR,jamnagar_vadinar_feb2026,2026-01-20 00:00:00+00:00,2026-01-27 00:00:00+00:00,168.0,169,1.0,22.50828,69.54474,1.068,extended,flagged_facility,Vadinar terminal / Nayara refinery (EU+UK sanctioned),11.76,False,False,5,,False
248107000,PSARA I,MLT,jamnagar_vadinar_feb2026,2026-01-31 17:00:00+00:00,2026-02-07 05:00:00+00:00,156.0,157,1.0,22.56943,69.68542,4.419,extended,flagged_facility,Vadinar terminal / Nayara refinery (EU+UK sanctioned),4.23,False,False,5,,False
636021460,SOUTHERN ANOA,LBR,jamnagar_vadinar_feb2026,2026-01-22 12:00:00+00:00,2026-01-28 13:00:00+00:00,145.0,146,1.0,22.66,69.57377,0.64,extended,flagged_facility,Vadinar terminal / Nayara refinery (EU+UK sanctioned),14.52,False,False,5,,False
667001584,GARUDA,SLE,jamnagar_vadinar_feb2026,2026-01-24 17:00:00+00:00,2026-01-30 11:00:00+00:00,138.0,139,1.0,22.56,69.61993,1.02,extended,flagged_facility,Vadinar terminal / Nayara refinery (EU+UK sanctioned),3.28,False,False,5,,False
1651,,,jamnagar_vadinar_feb2026,2026-01-20 07:00:00+00:00,2026-01-25 13:00:00+00:00,126.0,111,0.874,22.56036,69.75811,1.357,extended,flagged_facility,Vadinar terminal / Nayara refinery (EU+UK sanctioned),11.16,False,False,5,,False
372939000,ATHENS VOYAGER,PAN,jamnagar_vadinar_feb2026,2026-02-11 17:00:00+00:00,2026-02-16 21:00:00+00:00,124.0,125,1.0,22.566,69.69192,4.413,extended,flagged_facility,Vadinar terminal / Nayara refinery (EU+UK sanctioned),4.66,False,False,5,,False
461000235,CAVALIER,OMN,jamnagar_vadinar_feb2026,2026-02-07 11:00:00+00:00,2026-02-12 07:00:00+00:00,116.0,117,1.0,22.5494,69.65992,4.498,extended,flagged_facility,Vadinar terminal / Nayara refinery (EU+UK sanctioned),1.02,False,False,5,,False
538012217,BULK ARA,MHL,jamnagar_vadinar_feb2026,2026-01-31 00:00:00+00:00,2026-02-04 20:00:00+00:00,116.0,117,1.0,22.51009,69.54932,4.186,extended,flagged_facility,Vadinar terminal / Nayara refinery (EU+UK sanctioned),11.25,False,False,5,,False
461000320,ACHILLES,OMN,jamnagar_vadinar_feb2026,2026-01-24 12:00:00+00:00,2026-01-29 07:00:00+00:00,115.0,116,1.0,22.57474,69.65009,1.174,extended,flagged_facility,Vadinar terminal / Nayara refinery (EU+UK sanctioned),2.75,False,False,5,,False
423520100,KARABAKH,AZE,jamnagar_vadinar_feb2026,2026-02-02 01:00:00+00:00,2026-02-06 15:00:00+00:00,110.0,111,1.0,22.55018,69.60631,1.27,extended,flagged_facility,Vadinar terminal / Nayara refinery (EU+UK sanctioned),4.49,False,False,5,,False
249413000,SAMOTHRAKI,MLT,jamnagar_vadinar_feb2026,2026-02-06 00:00:00+00:00,2026-02-10 05:00:00+00:00,101.0,102,1.0,22.57931,69.7049,4.4,extended,flagged_facility,Vadinar terminal / Nayara refinery (EU+UK sanctioned),6.51,False,False,5,,False
352001837,GRAND STAR,PAN,jamnagar_vadinar_feb2026,2026-01-30 02:00:00+00:00,2026-02-03 06:00:00+00:00,100.0,101,1.0,22.5203,69.7502,2.338,extended,flagged_facility,Jamnagar (Sikka) marine terminal,10.51,False,False,5,,False
1651,,,jamnagar_vadinar_feb2026,2026-02-13 02:00:00+00:00,2026-02-16 23:00:00+00:00,93.0,88,0.936,22.5658,69.75534,1.637,extended,flagged_facility,Vadinar terminal / Nayara refinery (EU+UK sanctioned),10.96,False,False,5,,False
354717000,SUNNY MARK,PAN,jamnagar_vadinar_feb2026,2026-02-02 10:00:00+00:00,2026-02-06 02:00:00+00:00,88.0,89,1.0,22.66989,69.72955,3.033,extended,flagged_facility,Vadinar terminal / Nayara refinery (EU+UK sanctioned),15.63,False,False,5,,False
538011353,LOULOULIGHT,MHL,jamnagar_vadinar_feb2026,2026-01-25 12:00:00+00:00,2026-01-29 00:00:00+00:00,84.0,85,1.0,22.64035,69.71153,3.409,extended,flagged_facility,Vadinar terminal / Nayara refinery (EU+UK sanctioned),11.87,False,False,5,,False
636023889,VL PRIME,LBR,jamnagar_vadinar_feb2026,2026-02-04 08:00:00+00:00,2026-02-07 13:00:00+00:00,77.0,78,1.0,22.54128,69.70667,4.518,extended,flagged_facility,Vadinar terminal / Nayara refinery (EU+UK sanctioned),5.9,False,False,5,,False
538012098,KASTRO,MHL,jamnagar_vadinar_feb2026,2026-01-25 03:00:00+00:00,2026-01-28 07:00:00+00:00,76.0,77,1.0,22.68026,69.75961,3.748,extended,flagged_facility,Vadinar terminal / Nayara refinery (EU+UK sanctioned),18.34,False,False,5,,False
647553037,GRIF,MDG,jamnagar_vadinar_feb2026,2026-01-26 14:00:00+00:00,2026-01-29 18:00:00+00:00,76.0,77,1.0,22.5026,69.61052,4.066,extended,flagged_facility,Vadinar terminal / Nayara refinery (EU+UK sanctioned),6.65,False,False,5,,False
371458000,NEW AMORGOS,PAN,jamnagar_vadinar_feb2026,2026-02-02 09:00:00+00:00,2026-02-05 12:00:00+00:00,75.0,76,1.0,22.50026,69.83947,4.61,extended,flagged_facility,Jamnagar (Sikka) marine terminal,14.55,False,False,5,,False
636025412,KARPATHOS,LBR,jamnagar_vadinar_feb2026,2026-01-21 10:00:00+00:00,2026-01-24 11:00:00+00:00,73.0,74,1.0,22.50054,69.83919,3.698,extended,flagged_facility,Jamnagar (Sikka) marine terminal,14.54,False,False,5,,False
352003547,IVS TRADER,PAN,jamnagar_vadinar_feb2026,2026-02-14 00:00:00+00:00,2026-02-16 23:00:00+00:00,71.0,72,1.0,22.65097,69.54959,3.038,extended,flagged_facility,Vadinar terminal / Nayara refinery (EU+UK sanctioned),15.24,False,False,5,,False
352004436,CELESTIAL,PAN,jamnagar_vadinar_feb2026,2026-02-02 07:00:00+00:00,2026-02-05 05:00:00+00:00,70.0,71,1.0,22.45056,69.66972,4.83,extended,flagged_facility,Jamnagar (Sikka) marine terminal,5.65,False,False,5,,False
461000320,ACHILLES,OMN,jamnagar_vadinar_feb2026,2026-01-30 17:00:00+00:00,2026-02-02 14:00:00+00:00,69.0,70,1.0,22.56829,69.624,4.657,extended,flagged_facility,Vadinar terminal / Nayara refinery (EU+UK sanctioned),3.36,False,False,5,,False
636021979,EKATERINI V,LBR,jamnagar_vadinar_feb2026,2026-01-27 06:00:00+00:00,2026-01-30 01:00:00+00:00,67.0,68,1.0,22.39015,69.60971,2.304,extended,flagged_facility,Jamnagar (Sikka) marine terminal,12.17,False,False,5,,False
538011986,PACIFIC MOON,MHL,jamnagar_vadinar_feb2026,2026-02-14 06:00:00+00:00,2026-02-16 23:00:00+00:00,65.0,66,1.0,22.5,69.84,0.0,extended,flagged_facility,Jamnagar (Sikka) marine terminal,14.58,False,False,5,,False
636024871,CIELO DI CAGLIARI,LBR,jamnagar_vadinar_feb2026,2026-02-13 01:00:00+00:00,2026-02-15 18:00:00+00:00,65.0,66,1.0,22.5003,69.83939,4.601,extended,flagged_facility,Jamnagar (Sikka) marine terminal,14.55,False,False,5,,False
257933000,BELRAY,NOR,jamnagar_vadinar_feb2026,2026-02-11 14:00:00+00:00,2026-02-14 05:00:00+00:00,63.0,64,1.0,22.65016,69.56734,1.128,extended,flagged_facility,Vadinar terminal / Nayara refinery (EU+UK sanctioned),14.0,False,False,5,,False
636019913,ALMI HYDRA,LBR,jamnagar_vadinar_feb2026,2026-02-06 21:00:00+00:00,2026-02-09 12:00:00+00:00,63.0,64,1.0,22.63641,69.70984,3.87,extended,flagged_facility,Vadinar terminal / Nayara refinery (EU+UK sanctioned),11.4,False,False,5,,False
538010650,ADVANTAGE PORTOCERVO,MHL,jamnagar_vadinar_feb2026,2026-01-31 06:00:00+00:00,2026-02-02 20:00:00+00:00,62.0,63,1.0,22.50016,69.83968,2.299,extended,flagged_facility,Jamnagar (Sikka) marine terminal,14.56,False,False,5,,False
636018827,SERIFOS,LBR,jamnagar_vadinar_feb2026,2026-01-20 00:00:00+00:00,2026-01-22 14:00:00+00:00,62.0,63,1.0,22.53127,69.70825,4.472,extended,flagged_facility,Vadinar terminal / Nayara refinery (EU+UK sanctioned),6.33,False,False,5,,False
314115000,LUNA PELAGOS,BRB,jamnagar_vadinar_feb2026,2026-01-30 10:00:00+00:00,2026-02-01 23:00:00+00:00,61.0,62,1.0,22.66387,69.64371,4.484,extended,flagged_facility,Vadinar terminal / Nayara refinery (EU+UK sanctioned),12.68,False,False,5,,False
538012217,BULK ARA,MHL,jamnagar_vadinar_feb2026,2026-02-04 23:00:00+00:00,2026-02-07 12:00:00+00:00,61.0,62,1.0,22.39,69.61,0.0,extended,flagged_facility,Jamnagar (Sikka) marine terminal,12.15,False,False,5,,False
613471210,MAGNUS,CMR,jamnagar_vadinar_feb2026,2026-01-28 14:00:00+00:00,2026-01-31 03:00:00+00:00,61.0,62,1.0,22.53952,69.63516,4.856,extended,flagged_facility,Vadinar terminal / Nayara refinery (EU+UK sanctioned),1.92,False,False,5,,False
636018071,MSC ADITI,LBR,jamnagar_vadinar_feb2026,2026-02-03 03:00:00+00:00,2026-02-05 16:00:00+00:00,61.0,62,1.0,22.68839,69.73161,4.526,extended,flagged_facility,Vadinar terminal / Nayara refinery (EU+UK sanctioned),17.52,False,False,5,,False
352002851,EASTERN QUINCE,PAN,jamnagar_vadinar_feb2026,2026-01-30 20:00:00+00:00,2026-02-02 08:00:00+00:00,60.0,61,1.0,22.5,69.84,0.0,extended,flagged_facility,Jamnagar (Sikka) marine terminal,14.58,False,False,5,,False
440382000,JBU OPAL,KOR,jamnagar_vadinar_feb2026,2026-01-20 00:00:00+00:00,2026-01-22 11:00:00+00:00,59.0,60,1.0,22.66,69.73,0.0,extended,flagged_facility,Vadinar terminal / Nayara refinery (EU+UK sanctioned),14.73,False,False,5,,False
538004634,GULF LOYALTY,MHL,jamnagar_vadinar_feb2026,2026-01-26 04:00:00+00:00,2026-01-28 14:00:00+00:00,58.0,59,1.0,22.61,69.83288,4.54,extended,flagged_facility,Vadinar terminal / Nayara refinery (EU+UK sanctioned),19.93,False,False,5,,False
1651,,,jamnagar_vadinar_feb2026,2026-02-10 07:00:00+00:00,2026-02-12 15:00:00+00:00,56.0,33,0.579,22.56152,69.76242,1.587,extended,flagged_facility,Vadinar terminal / Nayara refinery (EU+UK sanctioned),11.62,False,False,5,,False
440279000,GRACE BRIDGE,KOR,jamnagar_vadinar_feb2026,2026-02-14 09:00:00+00:00,2026-02-16 17:00:00+00:00,56.0,57,1.0,22.66614,69.72562,0.893,extended,flagged_facility,Vadinar terminal / Nayara refinery (EU+UK sanctioned),15.07,False,False,5,,False
538011933,SKY BLUE,MHL,jamnagar_vadinar_feb2026,2026-02-13 04:00:00+00:00,2026-02-15 12:00:00+00:00,56.0,57,1.0,22.49035,69.84,1.073,extended,flagged_facility,Jamnagar (Sikka) marine terminal,14.04,False,False,5,,False
370455000,HAIMA,PAN,jamnagar_vadinar_feb2026,2026-01-28 10:00:00+00:00,2026-01-30 17:00:00+00:00,55.0,56,1.0,22.5,69.83982,1.008,extended,flagged_facility,Jamnagar (Sikka) marine terminal,14.57,False,False,5,,False
636021408,MSC FIE X,LBR,jamnagar_vadinar_feb2026,2026-01-24 01:00:00+00:00,2026-01-26 07:00:00+00:00,54.0,55,1.0,22.68255,69.73273,1.115,extended,flagged_facility,Vadinar terminal / Nayara refinery (EU+UK sanctioned),17.01,False,False,5,,False
352004909,PURITY,PAN,jamnagar_vadinar_feb2026,2026-02-13 15:00:00+00:00,2026-02-15 20:00:00+00:00,53.0,54,1.0,22.65,69.70667,0.684,extended,flagged_facility,Vadinar terminal / Nayara refinery (EU+UK sanctioned),12.55,False,False,5,,False
550750132,SUN,,jamnagar_vadinar_feb2026,2026-02-14 05:00:00+00:00,2026-02-16 09:00:00+00:00,52.0,53,1.0,22.56943,69.71208,3.132,extended,flagged_facility,Vadinar terminal / Nayara refinery (EU+UK sanctioned),6.73,False,False,5,,False
305885000,BBC XINGANG,ATG,jamnagar_vadinar_feb2026,2026-02-14 17:00:00+00:00,2026-02-16 20:00:00+00:00,51.0,52,1.0,22.65019,69.72962,1.471,extended,flagged_facility,Vadinar terminal / Nayara refinery (EU+UK sanctioned),13.82,False,False,5,,False
352001906,ANAYA,PAN,jamnagar_vadinar_feb2026,2026-02-05 18:00:00+00:00,2026-02-07 21:00:00+00:00,51.0,52,1.0,22.65885,69.70461,1.358,extended,flagged_facility,Vadinar terminal / Nayara refinery (EU+UK sanctioned),13.34,False,False,5,,False
352001518,OMEGA TRADER,PAN,jamnagar_vadinar_feb2026,2026-01-21 09:00:00+00:00,2026-01-23 11:00:00+00:00,50.0,51,1.0,22.59059,69.80706,3.518,extended,flagged_facility,Vadinar terminal / Nayara refinery (EU+UK sanctioned),16.75,False,False,5,,False
370646000,BAY YASU,PAN,jamnagar_vadinar_feb2026,2026-01-30 19:00:00+00:00,2026-02-01 21:00:00+00:00,50.0,51,1.0,22.4902,69.84961,2.29,extended,flagged_facility,Jamnagar (Sikka) marine terminal,14.91,False,False,5,,False
538005967,ZY GALAXY,MHL,jamnagar_vadinar_feb2026,2026-01-30 05:00:00+00:00,2026-02-01 07:00:00+00:00,50.0,51,1.0,22.46078,69.79941,3.812,extended,flagged_facility,Jamnagar (Sikka) marine terminal,8.85,False,False,5,,False
538010358,PAULA GLORY,MHL,jamnagar_vadinar_feb2026,2026-02-03 09:00:00+00:00,2026-02-05 11:00:00+00:00,50.0,51,1.0,22.60353,69.87981,4.178,extended,flagged_facility,Vadinar terminal / Nayara refinery (EU+UK sanctioned),24.33,False,False,5,,False
548923200,CHELSEA PROVIDENCE,PHL,jamnagar_vadinar_feb2026,2026-02-11 10:00:00+00:00,2026-02-13 12:00:00+00:00,50.0,51,1.0,22.45,69.67,0.0,extended,flagged_facility,Jamnagar (Sikka) marine terminal,5.6,False,False,5,,False
352002148,ALBATROSS,PAN,jamnagar_vadinar_feb2026,2026-02-02 09:00:00+00:00,2026-02-04 10:00:00+00:00,49.0,50,1.0,22.39,69.61,0.0,extended,flagged_facility,Jamnagar (Sikka) marine terminal,12.15,False,False,5,,False
636021460,SOUTHERN ANOA,LBR,jamnagar_vadinar_feb2026,2026-02-14 18:00:00+00:00,2026-02-16 19:00:00+00:00,49.0,50,1.0,22.4904,69.8496,2.967,extended,flagged_facility,Jamnagar (Sikka) marine terminal,14.92,False,False,5,,False
419001120,OCEAN AMMOLITE,IND,jamnagar_vadinar_feb2026,2026-01-20 00:00:00+00:00,2026-02-16 23:00:00+00:00,671.0,671,0.999,22.43,69.67,0.0,prolonged,flagged_facility,Jamnagar (Sikka) marine terminal,5.14,True,True,4,,False
419001209,DELFINA,IND,jamnagar_vadinar_feb2026,2026-01-20 00:00:00+00:00,2026-02-16 23:00:00+00:00,671.0,668,0.994,22.44052,69.79996,4.507,prolonged,flagged_facility,Jamnagar (Sikka) marine terminal,8.3,True,True,4,,False
419001256,MV COASTAL COMMANDER,IND,jamnagar_vadinar_feb2026,2026-01-20 00:00:00+00:00,2026-02-16 23:00:00+00:00,671.0,672,1.0,22.56167,69.75054,2.007,prolonged,flagged_facility,Vadinar terminal / Nayara refinery (EU+UK sanctioned),10.41,True,True,4,,False
419001947,COASTAL ANUGRAH,IND,jamnagar_vadinar_feb2026,2026-01-20 00:00:00+00:00,2026-02-16 23:00:00+00:00,671.0,672,1.0,22.56982,69.75887,2.483,prolonged,flagged_facility,Vadinar terminal / Nayara refinery (EU+UK sanctioned),11.39,True,True,4,,False
419956957,MV PAWANSUTH,IND,jamnagar_vadinar_feb2026,2026-01-20 00:00:00+00:00,2026-02-16 23:00:00+00:00,671.0,668,0.994,22.48331,69.83754,3.067,prolonged,flagged_facility,Jamnagar (Sikka) marine terminal,13.45,True,True,4,,False
419957006,RAJAVEER  -5,IND,jamnagar_vadinar_feb2026,2026-01-20 00:00:00+00:00,2026-02-16 23:00:00+00:00,671.0,669,0.996,22.4574,69.79704,3.063,prolonged,flagged_facility,Jamnagar (Sikka) marine terminal,8.48,True,True,4,,False
419000893,OCEAN     CORAL,IND,jamnagar_vadinar_feb2026,2026-01-21 05:00:00+00:00,2026-02-16 23:00:00+00:00,642.0,643,1.0,22.49079,69.69036,4.804,prolonged,flagged_facility,Jamnagar (Sikka) marine terminal,7.41,True,True,4,,False
419001455,M.T. RADHA,IND,jamnagar_vadinar_feb2026,2026-02-03 19:00:00+00:00,2026-02-16 04:00:00+00:00,297.0,291,0.977,22.69151,70.05082,2.347,prolonged,open_water,Vadinar terminal / Nayara refinery (EU+UK sanctioned),44.05,False,False,4,prolonged_dwell_open_water,False
258633000,SEAWAY FALCON,NOR,jamnagar_vadinar_feb2026,2026-01-30 04:00:00+00:00,2026-02-10 11:00:00+00:00,271.0,272,1.0,22.65,70.01452,0.562,prolonged,open_water,Jamnagar (Sikka) marine terminal,38.9,False,False,4,prolonged_dwell_open_water,False
419001055,SAVYA,IND,jamnagar_vadinar_feb2026,2026-01-21 06:00:00+00:00,2026-02-01 01:00:00+00:00,259.0,260,1.0,22.55058,70.03034,4.469,prolonged,open_water,Jamnagar (Sikka) marine terminal,34.59,False,False,4,prolonged_dwell_open_water,False
352005925,SOUTHERN RESONANCE,PAN,jamnagar_vadinar_feb2026,2026-02-06 10:00:00+00:00,2026-02-16 02:00:00+00:00,232.0,233,1.0,22.66009,69.97009,2.437,prolonged,open_water,Vadinar terminal / Nayara refinery (EU+UK sanctioned),35.06,False,False,4,prolonged_dwell_open_water,False
636013373,IOANNA,LBR,jamnagar_vadinar_feb2026,2026-02-09 10:00:00+00:00,2026-02-16 23:00:00+00:00,181.0,182,1.0,22.66,69.91566,3.659,prolonged,open_water,Vadinar terminal / Nayara refinery (EU+UK sanctioned),29.89,False,False,4,prolonged_dwell_open_water,False
636025897,PACIFIC APEX,LBR,jamnagar_vadinar_feb2026,2026-01-20 00:00:00+00:00,2026-01-27 06:00:00+00:00,174.0,175,1.0,22.65017,70.01994,1.495,prolonged,open_water,Jamnagar (Sikka) marine terminal,39.35,False,False,4,prolonged_dwell_open_water,False
419001455,M.T. RADHA,IND,jamnagar_vadinar_feb2026,2026-01-20 00:00:00+00:00,2026-01-27 05:00:00+00:00,173.0,173,0.994,22.68139,70.05954,2.371,prolonged,open_water,Vadinar terminal / Nayara refinery (EU+UK sanctioned),44.5,False,False,4,prolonged_dwell_open_water,False
419001769,VAITARNA,IND,jamnagar_vadinar_feb2026,2026-01-20 00:00:00+00:00,2026-01-27 02:00:00+00:00,170.0,171,1.0,22.58,70.05994,1.02,prolonged,open_water,Jamnagar (Sikka) marine terminal,38.7,False,False,4,prolonged_dwell_open_water,False
419001885,KB 49,IND,jamnagar_vadinar_feb2026,2026-01-31 14:00:00+00:00,2026-02-07 00:00:00+00:00,154.0,155,1.0,22.51381,69.69574,3.805,extended,flagged_facility,Vadinar terminal / Nayara refinery (EU+UK sanctioned),6.19,False,True,4,,False
419956824,M.T.NEIRA,IND,jamnagar_vadinar_feb2026,2026-02-06 07:00:00+00:00,2026-02-12 17:00:00+00:00,154.0,147,0.948,22.48844,69.84,0.938,extended,flagged_facility,Jamnagar (Sikka) marine terminal,13.94,False,True,4,,False
419001085,RELTUG SEVENTEEN,IND,jamnagar_vadinar_feb2026,2026-02-02 15:00:00+00:00,2026-02-08 21:00:00+00:00,150.0,151,1.0,22.49258,69.84675,4.853,extended,flagged_facility,Jamnagar (Sikka) marine terminal,14.77,False,True,4,,False
419001286,TUG KB XI,IND,jamnagar_vadinar_feb2026,2026-01-24 08:00:00+00:00,2026-01-30 07:00:00+00:00,143.0,144,1.0,22.51819,69.68952,4.358,extended,flagged_facility,Vadinar terminal / Nayara refinery (EU+UK sanctioned),5.38,False,True,4,,False
419001602,MENCAST18,IND,jamnagar_vadinar_feb2026,2026-01-29 10:00:00+00:00,2026-02-04 02:00:00+00:00,136.0,137,1.0,22.44,69.67,0.0,extended,flagged_facility,Jamnagar (Sikka) marine terminal,5.26,False,True,4,,False
419011700,,IND,jamnagar_vadinar_feb2026,2026-01-21 08:00:00+00:00,2026-01-27 00:00:00+00:00,136.0,137,1.0,22.39015,69.60978,3.774,extended,flagged_facility,Jamnagar (Sikka) marine terminal,12.17,False,True,4,,False
419014400,M V POONAM,IND,jamnagar_vadinar_feb2026,2026-02-01 03:00:00+00:00,2026-02-06 16:00:00+00:00,133.0,134,1.0,22.50007,69.83985,2.318,extended,flagged_facility,Jamnagar (Sikka) marine terminal,14.57,False,True,4,,False
419001358,PRABHAT SHOBHA,IND,jamnagar_vadinar_feb2026,2026-02-06 17:00:00+00:00,2026-02-12 04:00:00+00:00,131.0,132,1.0,22.4528,69.79,0.8,extended,flagged_facility,Jamnagar (Sikka) marine terminal,7.63,False,True,4,,False
419011700,,IND,jamnagar_vadinar_feb2026,2026-01-27 21:00:00+00:00,2026-02-02 07:00:00+00:00,130.0,131,1.0,22.39031,69.60977,2.988,extended,flagged_facility,Jamnagar (Sikka) marine terminal,12.16,False,True,4,,False
419032200,AQUA MOON,IND,jamnagar_vadinar_feb2026,2026-01-21 03:00:00+00:00,2026-01-26 03:00:00+00:00,120.0,121,1.0,22.48397,69.82579,4.752,extended,flagged_facility,Jamnagar (Sikka) marine terminal,12.42,False,True,4,,False
419033600,RELTUG ELEVEN,IND,jamnagar_vadinar_feb2026,2026-02-07 07:00:00+00:00,2026-02-12 06:00:00+00:00,119.0,120,1.0,22.493,69.84625,4.783,extended,flagged_facility,Jamnagar (Sikka) marine terminal,14.74,False,True,4,,False
419072700,RELTUG 14,IND,jamnagar_vadinar_feb2026,2026-02-04 03:00:00+00:00,2026-02-09 01:00:00+00:00,118.0,119,1.0,22.60966,69.83378,4.621,extended,flagged_facility,Vadinar terminal / Nayara refinery (EU+UK sanctioned),20.0,False,True,4,,False
419079400,MV APSARA,IND,jamnagar_vadinar_feb2026,2026-01-24 06:00:00+00:00,2026-01-29 02:00:00+00:00,116.0,117,1.0,22.5006,69.8394,4.813,extended,flagged_facility,Jamnagar (Sikka) marine terminal,14.57,False,True,4,,False
419001602,MENCAST18,IND,jamnagar_vadinar_feb2026,2026-02-12 06:00:00+00:00,2026-02-16 23:00:00+00:00,113.0,114,1.0,22.44,69.67,0.0,extended,flagged_facility,Jamnagar (Sikka) marine terminal,5.26,False,True,4,,False
419066300,SB EAGLE,IND,jamnagar_vadinar_feb2026,2026-02-09 10:00:00+00:00,2026-02-14 02:00:00+00:00,112.0,113,1.0,22.50168,69.83593,4.124,extended,flagged_facility,Jamnagar (Sikka) marine terminal,14.33,False,True,4,,False
419057400,RELTUG TWELVE,IND,jamnagar_vadinar_feb2026,2026-01-24 13:00:00+00:00,2026-01-29 02:00:00+00:00,109.0,110,1.0,22.49173,69.84791,3.514,extended,flagged_facility,Jamnagar (Sikka) marine terminal,14.83,False,True,4,,False
419001602,MENCAST18,IND,jamnagar_vadinar_feb2026,2026-01-20 16:00:00+00:00,2026-01-25 04:00:00+00:00,108.0,109,1.0,22.44,69.67,0.0,extended,flagged_facility,Jamnagar (Sikka) marine terminal,5.26,False,True,4,,False
419956824,M.T.NEIRA,IND,jamnagar_vadinar_feb2026,2026-01-20 17:00:00+00:00,2026-01-25 05:00:00+00:00,108.0,102,0.936,22.48,69.83941,0.966,extended,flagged_facility,Jamnagar (Sikka) marine terminal,13.47,False,True,4,,False
419093600,KAIVAN,IND,jamnagar_vadinar_feb2026,2026-02-12 14:00:00+00:00,2026-02-16 23:00:00+00:00,105.0,106,1.0,22.47566,69.68736,4.348,extended,flagged_facility,Jamnagar (Sikka) marine terminal,6.09,False,True,4,,False
419991279,DARIYA JYOT,IND,jamnagar_vadinar_feb2026,2026-01-20 06:00:00+00:00,2026-01-24 12:00:00+00:00,102.0,103,1.0,22.43068,69.66845,2.154,extended,flagged_facility,Jamnagar (Sikka) marine terminal,5.3,False,True,4,,False
419033600,RELTUG ELEVEN,IND,jamnagar_vadinar_feb2026,2026-02-02 17:00:00+00:00,2026-02-06 16:00:00+00:00,95.0,96,1.0,22.49177,69.84802,2.745,extended,flagged_facility,Jamnagar (Sikka) marine terminal,14.84,False,True,4,,False
419293000,RELTUG 7,IND,jamnagar_vadinar_feb2026,2026-01-29 04:00:00+00:00,2026-02-02 02:00:00+00:00,94.0,95,1.0,22.49358,69.842,4.685,extended,flagged_facility,Jamnagar (Sikka) marine terminal,14.39,False,True,4,,False
419024600,ESSAR TUG XI,IND,jamnagar_vadinar_feb2026,2026-01-27 02:00:00+00:00,2026-01-30 23:00:00+00:00,93.0,94,1.0,22.39032,69.60968,3.755,extended,flagged_facility,Jamnagar (Sikka) marine terminal,12.17,False,True,4,,False
419001632,HARVEST,IND,jamnagar_vadinar_feb2026,2026-01-23 05:00:00+00:00,2026-01-27 01:00:00+00:00,92.0,93,1.0,22.67215,69.74097,1.424,extended,flagged_facility,Vadinar terminal / Nayara refinery (EU+UK sanctioned),16.48,False,True,4,,False
419902339,MT MAHADEV,IND,jamnagar_vadinar_feb2026,2026-02-09 16:00:00+00:00,2026-02-13 12:00:00+00:00,92.0,93,1.0,22.43022,69.67,1.088,extended,flagged_facility,Jamnagar (Sikka) marine terminal,5.14,False,True,4,,False
419001456,MEERA,IND,jamnagar_vadinar_feb2026,2026-01-23 06:00:00+00:00,2026-01-27 01:00:00+00:00,91.0,92,1.0,22.45739,69.66837,4.815,extended,flagged_facility,Jamnagar (Sikka) marine terminal,6.12,False,True,4,,False
419072600,REL TUG FIFTEEN,IND,jamnagar_vadinar_feb2026,2026-01-25 19:00:00+00:00,2026-01-29 14:00:00+00:00,91.0,92,1.0,22.49098,69.84891,4.386,extended,flagged_facility,Jamnagar (Sikka) marine terminal,14.88,False,True,4,,False
419001358,PRABHAT SHOBHA,IND,jamnagar_vadinar_feb2026,2026-01-24 12:00:00+00:00,2026-01-28 06:00:00+00:00,90.0,88,0.967,22.45034,69.78989,3.451,extended,flagged_facility,Jamnagar (Sikka) marine terminal,7.53,False,True,4,,False
419066300,SB EAGLE,IND,jamnagar_vadinar_feb2026,2026-01-20 00:00:00+00:00,2026-01-23 15:00:00+00:00,87.0,88,1.0,22.50045,69.83875,4.417,extended,flagged_facility,Jamnagar (Sikka) marine terminal,14.5,False,True,4,,False
419000479,DESH VIBHOR,IND,jamnagar_vadinar_feb2026,2026-02-10 23:00:00+00:00,2026-02-14 13:00:00+00:00,86.0,87,1.0,22.53161,69.68678,4.325,extended,flagged_facility,Vadinar terminal / Nayara refinery (EU+UK sanctioned),4.3,False,True,4,,False
419001602,MENCAST18,IND,jamnagar_vadinar_feb2026,2026-01-25 13:00:00+00:00,2026-01-29 02:00:00+00:00,85.0,86,1.0,22.44035,69.67,3.297,extended,flagged_facility,Jamnagar (Sikka) marine terminal,5.27,False,True,4,,False
419001085,RELTUG SEVENTEEN,IND,jamnagar_vadinar_feb2026,2026-01-29 20:00:00+00:00,2026-02-02 08:00:00+00:00,84.0,85,1.0,22.49141,69.84823,3.562,extended,flagged_facility,Jamnagar (Sikka) marine terminal,14.84,False,True,4,,False
419024600,ESSAR TUG XI,IND,jamnagar_vadinar_feb2026,2026-01-20 00:00:00+00:00,2026-01-23 12:00:00+00:00,84.0,85,1.0,22.39,69.61,0.0,extended,flagged_facility,Jamnagar (Sikka) marine terminal,12.15,False,True,4,,False
419057400,RELTUG TWELVE,IND,jamnagar_vadinar_feb2026,2026-02-13 11:00:00+00:00,2026-02-16 23:00:00+00:00,84.0,85,1.0,22.49212,69.84765,3.467,extended,flagged_facility,Jamnagar (Sikka) marine terminal,14.82,False,True,4,,False
419957016,KB 47,IND,jamnagar_vadinar_feb2026,2026-01-22 16:00:00+00:00,2026-01-26 04:00:00+00:00,84.0,85,1.0,22.68306,69.66212,1.912,extended,flagged_facility,Vadinar terminal / Nayara refinery (EU+UK sanctioned),14.85,False,True,4,,False
419001651,KNK NAYRA,IND,jamnagar_vadinar_feb2026,2026-01-20 00:00:00+00:00,2026-01-23 11:00:00+00:00,83.0,84,1.0,22.59071,69.80595,1.64,extended,flagged_facility,Vadinar terminal / Nayara refinery (EU+UK sanctioned),16.64,False,True,4,,False
419057400,RELTUG TWELVE,IND,jamnagar_vadinar_feb2026,2026-01-29 07:00:00+00:00,2026-02-01 18:00:00+00:00,83.0,84,1.0,22.49226,69.84738,4.174,extended,flagged_facility,Jamnagar (Sikka) marine terminal,14.81,False,True,4,,False
419957016,KB 47,IND,jamnagar_vadinar_feb2026,2026-02-13 12:00:00+00:00,2026-02-16 23:00:00+00:00,83.0,78,0.929,22.6841,69.66218,2.543,extended,flagged_facility,Vadinar terminal / Nayara refinery (EU+UK sanctioned),14.96,False,True,4,,False
419066300,SB EAGLE,IND,jamnagar_vadinar_feb2026,2026-02-02 23:00:00+00:00,2026-02-06 09:00:00+00:00,82.0,83,1.0,22.50012,69.83819,3.643,extended,flagged_facility,Jamnagar (Sikka) marine terminal,14.43,False,True,4,,False
419902339,MT MAHADEV,IND,jamnagar_vadinar_feb2026,2026-01-24 18:00:00+00:00,2026-01-28 04:00:00+00:00,82.0,83,1.0,22.43048,69.67,2.17,extended,flagged_facility,Jamnagar (Sikka) marine terminal,5.14,False,True,4,,False
419001058,MV.DAWN,IND,jamnagar_vadinar_feb2026,2026-01-22 21:00:00+00:00,2026-01-26 06:00:00+00:00,81.0,82,1.0,22.58049,69.83902,3.41,extended,flagged_facility,Vadinar terminal / Nayara refinery (EU+UK sanctioned),19.7,False,True,4,,False
419001286,TUG KB XI,IND,jamnagar_vadinar_feb2026,2026-01-20 00:00:00+00:00,2026-01-23 09:00:00+00:00,81.0,82,1.0,22.5039,69.69488,3.291,extended,flagged_facility,Vadinar terminal / Nayara refinery (EU+UK sanctioned),6.89,False,True,4,,False
419902339,MT MAHADEV,IND,jamnagar_vadinar_feb2026,2026-01-29 20:00:00+00:00,2026-02-02 05:00:00+00:00,81.0,82,1.0,22.4311,69.67,0.99,extended,flagged_facility,Jamnagar (Sikka) marine terminal,5.14,False,True,4,,False
419001885,KB 49,IND,jamnagar_vadinar_feb2026,2026-01-22 16:00:00+00:00,2026-01-26 00:00:00+00:00,80.0,81,1.0,22.5,69.69691,3.596,extended,flagged_facility,Vadinar terminal / Nayara refinery (EU+UK sanctioned),7.36,False,True,4,,False
419077600,NIVARAK,IND,jamnagar_vadinar_feb2026,2026-01-20 07:00:00+00:00,2026-01-23 15:00:00+00:00,80.0,79,0.975,22.39,69.61,0.0,extended,flagged_facility,Jamnagar (Sikka) marine terminal,12.15,False,True,4,,False
419077800,REL DARSHAN,IND,jamnagar_vadinar_feb2026,2026-01-24 17:00:00+00:00,2026-01-28 01:00:00+00:00,80.0,81,1.0,22.56198,69.85025,4.342,extended,flagged_facility,Jamnagar (Sikka) marine terminal,19.86,False,True,4,,False
419000638,OCEAN     EMPIRE,IND,jamnagar_vadinar_feb2026,2026-01-22 01:00:00+00:00,2026-01-25 08:00:00+00:00,79.0,80,1.0,22.441,69.67,2.113,extended,flagged_facility,Jamnagar (Sikka) marine terminal,5.28,False,True,4,,False
419077800,REL DARSHAN,IND,jamnagar_vadinar_feb2026,2026-01-21 09:00:00+00:00,2026-01-24 16:00:00+00:00,79.0,80,1.0,22.56813,69.84762,4.995,extended,flagged_facility,Jamnagar (Sikka) marine terminal,20.19,False,True,4,,False
419902339,MT MAHADEV,IND,jamnagar_vadinar_feb2026,2026-01-20 00:00:00+00:00,2026-01-23 07:00:00+00:00,79.0,80,1.0,22.43025,69.67,2.196,extended,flagged_facility,Jamnagar (Sikka) marine terminal,5.14,False,True,4,,False
419001085,RELTUG SEVENTEEN,IND,jamnagar_vadinar_feb2026,2026-02-13 07:00:00+00:00,2026-02-16 13:00:00+00:00,78.0,79,1.0,22.4919,69.84747,4.958,extended,flagged_facility,Jamnagar (Sikka) marine terminal,14.8,False,True,4,,False
419082300,DOLPHIN NO.11,IND,jamnagar_vadinar_feb2026,2026-01-20 00:00:00+00:00,2026-01-23 06:00:00+00:00,78.0,79,1.0,22.68608,69.66443,2.321,extended,flagged_facility,Vadinar terminal / Nayara refinery (EU+UK sanctioned),15.2,False,True,4,,False
419001058,MV.DAWN,IND,jamnagar_vadinar_feb2026,2026-02-06 07:00:00+00:00,2026-02-09 12:00:00+00:00,77.0,76,0.974,22.57408,69.8396,4.114,extended,flagged_facility,Vadinar terminal / Nayara refinery (EU+UK sanctioned),19.65,False,True,4,,False
419001390,KNK ASHIMA,IND,jamnagar_vadinar_feb2026,2026-01-20 03:00:00+00:00,2026-01-23 08:00:00+00:00,77.0,78,1.0,22.44141,69.66987,3.337,extended,flagged_facility,Jamnagar (Sikka) marine terminal,5.31,False,True,4,,False
419001058,MV.DAWN,IND,jamnagar_vadinar_feb2026,2026-02-10 04:00:00+00:00,2026-02-13 08:00:00+00:00,76.0,77,1.0,22.57169,69.84065,3.149,extended,flagged_facility,Vadinar terminal / Nayara refinery (EU+UK sanctioned),19.73,False,True,4,,False
419001358,PRABHAT SHOBHA,IND,jamnagar_vadinar_feb2026,2026-01-29 03:00:00+00:00,2026-02-01 07:00:00+00:00,76.0,77,1.0,22.45052,69.78987,3.431,extended,flagged_facility,Jamnagar (Sikka) marine terminal,7.53,False,True,4,,False
419001885,KB 49,IND,jamnagar_vadinar_feb2026,2026-02-07 06:00:00+00:00,2026-02-10 10:00:00+00:00,76.0,75,0.974,22.5048,69.69693,4.757,extended,flagged_facility,Vadinar terminal / Nayara refinery (EU+UK sanctioned),6.96,False,True,4,,False
419000638,OCEAN     EMPIRE,IND,jamnagar_vadinar_feb2026,2026-02-11 10:00:00+00:00,2026-02-14 12:00:00+00:00,74.0,75,1.0,22.52387,69.68573,4.042,extended,flagged_facility,Vadinar terminal / Nayara refinery (EU+UK sanctioned),4.68,False,True,4,,False
419001462,OCEAN PROMICE,IND,jamnagar_vadinar_feb2026,2026-02-11 09:00:00+00:00,2026-02-14 10:00:00+00:00,73.0,65,0.878,22.67908,69.65616,2.646,extended,flagged_facility,Vadinar terminal / Nayara refinery (EU+UK sanctioned),14.37,False,True,4,,False
419001472,OCEAN PRIDE,IND,jamnagar_vadinar_feb2026,2026-02-09 05:00:00+00:00,2026-02-12 05:00:00+00:00,72.0,73,1.0,22.44082,69.66986,4.473,extended,flagged_facility,Jamnagar (Sikka) marine terminal,5.29,False,True,4,,False
419077600,NIVARAK,IND,jamnagar_vadinar_feb2026,2026-01-27 01:00:00+00:00,2026-01-30 00:00:00+00:00,71.0,72,1.0,22.39028,69.60958,3.749,extended,flagged_facility,Jamnagar (Sikka) marine terminal,12.18,False,True,4,,False
419001286,TUG KB XI,IND,jamnagar_vadinar_feb2026,2026-02-14 01:00:00+00:00,2026-02-16 23:00:00+00:00,70.0,71,1.0,22.51648,69.69423,2.976,extended,flagged_facility,Vadinar terminal / Nayara refinery (EU+UK sanctioned),5.88,False,True,4,,False
419079300,MV ANJALI,IND,jamnagar_vadinar_feb2026,2026-01-21 18:00:00+00:00,2026-01-24 16:00:00+00:00,70.0,71,1.0,22.50028,69.83859,3.665,extended,flagged_facility,Jamnagar (Sikka) marine terminal,14.48,False,True,4,,False
419000638,OCEAN     EMPIRE,IND,jamnagar_vadinar_feb2026,2026-02-02 07:00:00+00:00,2026-02-05 04:00:00+00:00,69.0,70,1.0,22.441,69.66971,4.45,extended,flagged_facility,Jamnagar (Sikka) marine terminal,5.31,False,True,4,,False
419001472,OCEAN PRIDE,IND,jamnagar_vadinar_feb2026,2026-02-03 03:00:00+00:00,2026-02-05 23:00:00+00:00,68.0,69,1.0,22.52304,69.68507,2.994,extended,flagged_facility,Vadinar terminal / Nayara refinery (EU+UK sanctioned),4.69,False,True,4,,False
419001794,RIVER PEARL 10,IND,jamnagar_vadinar_feb2026,2026-02-07 06:00:00+00:00,2026-02-10 02:00:00+00:00,68.0,69,1.0,22.44275,69.66971,4.26,extended,flagged_facility,Jamnagar (Sikka) marine terminal,5.36,False,True,4,,False
419001885,KB 49,IND,jamnagar_vadinar_feb2026,2026-01-27 15:00:00+00:00,2026-01-30 11:00:00+00:00,68.0,69,1.0,22.50478,69.69565,3.191,extended,flagged_facility,Vadinar terminal / Nayara refinery (EU+UK sanctioned),6.88,False,True,4,,False
419066400,M V CHETAK,IND,jamnagar_vadinar_feb2026,2026-02-14 03:00:00+00:00,2026-02-16 22:00:00+00:00,67.0,68,1.0,22.50176,69.83617,4.864,extended,flagged_facility,Jamnagar (Sikka) marine terminal,14.36,False,True,4,,False
419001885,KB 49,IND,jamnagar_vadinar_feb2026,2026-02-11 09:00:00+00:00,2026-02-14 03:00:00+00:00,66.0,67,1.0,22.52433,69.69881,3.923,extended,flagged_facility,Vadinar terminal / Nayara refinery (EU+UK sanctioned),5.77,False,True,4,,False
419001472,OCEAN PRIDE,IND,jamnagar_vadinar_feb2026,2026-01-23 08:00:00+00:00,2026-01-26 01:00:00+00:00,65.0,66,1.0,22.44091,69.67,1.011,extended,flagged_facility,Jamnagar (Sikka) marine terminal,5.28,False,True,4,,False
419001481,M.T.PATRIOT,IND,jamnagar_vadinar_feb2026,2026-01-28 10:00:00+00:00,2026-01-31 03:00:00+00:00,65.0,66,1.0,22.65485,69.71,0.573,extended,flagged_facility,Vadinar terminal / Nayara refinery (EU+UK sanctioned),13.19,False,True,4,,False
419001245,JAG LEENA,IND,jamnagar_vadinar_feb2026,2026-01-20 14:00:00+00:00,2026-01-23 06:00:00+00:00,64.0,65,1.0,22.64308,69.60646,4.985,extended,flagged_facility,Vadinar terminal / Nayara refinery (EU+UK sanctioned),11.27,False,True,4,,False
419001715,ZINNIA STAR,IND,jamnagar_vadinar_feb2026,2026-02-11 09:00:00+00:00,2026-02-14 01:00:00+00:00,64.0,65,1.0,22.44062,69.67,2.155,extended,flagged_facility,Jamnagar (Sikka) marine terminal,5.27,False,True,4,,False
419066300,SB EAGLE,IND,jamnagar_vadinar_feb2026,2026-02-14 07:00:00+00:00,2026-02-16 23:00:00+00:00,64.0,65,1.0,22.50246,69.83477,4.441,extended,flagged_facility,Jamnagar (Sikka) marine terminal,14.28,False,True,4,,False
419066400,M V CHETAK,IND,jamnagar_vadinar_feb2026,2026-02-05 20:00:00+00:00,2026-02-08 12:00:00+00:00,64.0,65,1.0,22.50154,69.83431,4.993,extended,flagged_facility,Jamnagar (Sikka) marine terminal,14.19,False,True,4,,False
419033900,REL SAGAR,IND,jamnagar_vadinar_feb2026,2026-02-10 11:00:00+00:00,2026-02-13 02:00:00+00:00,63.0,64,1.0,22.50578,69.81172,4.306,extended,flagged_facility,Jamnagar (Sikka) marine terminal,12.64,False,True,4,,False
419001358,PRABHAT SHOBHA,IND,jamnagar_vadinar_feb2026,2026-02-02 18:00:00+00:00,2026-02-05 08:00:00+00:00,62.0,63,1.0,22.46048,69.78984,3.435,extended,flagged_facility,Jamnagar (Sikka) marine terminal,7.94,False,True,4,,False
419001632,HARVEST,IND,jamnagar_vadinar_feb2026,2026-02-07 01:00:00+00:00,2026-02-09 15:00:00+00:00,62.0,63,1.0,22.68,69.74,0.0,extended,flagged_facility,Vadinar terminal / Nayara refinery (EU+UK sanctioned),17.16,False,True,4,,False
419066400,M V CHETAK,IND,jamnagar_vadinar_feb2026,2026-02-01 17:00:00+00:00,2026-02-04 07:00:00+00:00,62.0,63,1.0,22.50508,69.83048,4.987,extended,flagged_facility,Jamnagar (Sikka) marine terminal,14.09,False,True,4,,False
419001358,PRABHAT SHOBHA,IND,jamnagar_vadinar_feb2026,2026-01-20 13:00:00+00:00,2026-01-23 02:00:00+00:00,61.0,49,0.79,22.45,69.79,0.0,extended,flagged_facility,Jamnagar (Sikka) marine terminal,7.53,False,True,4,,False
419001488,RELTUG NINETEEN,IND,jamnagar_vadinar_feb2026,2026-02-13 11:00:00+00:00,2026-02-16 00:00:00+00:00,61.0,62,1.0,22.50048,69.83774,4.018,extended,flagged_facility,Jamnagar (Sikka) marine terminal,14.42,False,True,4,,False
419001884,MT KB 50,IND,jamnagar_vadinar_feb2026,2026-01-25 12:00:00+00:00,2026-01-28 01:00:00+00:00,61.0,61,0.984,22.51361,69.7023,2.913,extended,flagged_facility,Vadinar terminal / Nayara refinery (EU+UK sanctioned),6.73,False,True,4,,False
419293000,RELTUG 7,IND,jamnagar_vadinar_feb2026,2026-02-03 18:00:00+00:00,2026-02-06 07:00:00+00:00,61.0,62,1.0,22.49452,69.84081,4.531,extended,flagged_facility,Jamnagar (Sikka) marine terminal,14.34,False,True,4,,False
419762000,SWARNA SINDHU,IND,jamnagar_vadinar_feb2026,2026-01-29 12:00:00+00:00,2026-02-01 01:00:00+00:00,61.0,62,1.0,22.57065,69.63419,4.612,extended,flagged_facility,Vadinar terminal / Nayara refinery (EU+UK sanctioned),2.81,False,True,4,,False
419001390,KNK ASHIMA,IND,jamnagar_vadinar_feb2026,2026-01-25 11:00:00+00:00,2026-01-27 23:00:00+00:00,60.0,61,1.0,22.44082,69.67,4.357,extended,flagged_facility,Jamnagar (Sikka) marine terminal,5.28,False,True,4,,False
419072500,RELTUG 16,IND,jamnagar_vadinar_feb2026,2026-01-20 00:00:00+00:00,2026-01-22 12:00:00+00:00,60.0,61,1.0,22.49,69.85,0.0,extended,flagged_facility,Jamnagar (Sikka) marine terminal,14.93,False,True,4,,False
419077800,REL DARSHAN,IND,jamnagar_vadinar_feb2026,2026-02-09 14:00:00+00:00,2026-02-12 01:00:00+00:00,59.0,60,1.0,22.561,69.85033,3.374,extended,flagged_facility,Jamnagar (Sikka) marine terminal,19.79,False,True,4,,False
419505000,DESH SHAKTI,IND,jamnagar_vadinar_feb2026,2026-02-09 23:00:00+00:00,2026-02-12 10:00:00+00:00,59.0,60,1.0,22.67217,69.62433,4.71,extended,flagged_facility,Vadinar terminal / Nayara refinery (EU+UK sanctioned),13.84,False,True,4,,False
419001715,ZINNIA STAR,IND,jamnagar_vadinar_feb2026,2026-01-31 18:00:00+00:00,2026-02-03 04:00:00+00:00,58.0,59,1.0,22.44169,69.67,4.259,extended,flagged_facility,Jamnagar (Sikka) marine terminal,5.3,False,True,4,,False
419001944,DOLPHIN NO.42,IND,jamnagar_vadinar_feb2026,2026-02-08 01:00:00+00:00,2026-02-10 11:00:00+00:00,58.0,55,0.932,22.68036,69.62691,4.037,extended,flagged_facility,Vadinar terminal / Nayara refinery (EU+UK sanctioned),14.69,False,True,4,,False
419001286,TUG KB XI,IND,jamnagar_vadinar_feb2026,2026-02-06 19:00:00+00:00,2026-02-09 04:00:00+00:00,57.0,58,1.0,22.51138,69.69638,3.55,extended,flagged_facility,Vadinar terminal / Nayara refinery (EU+UK sanctioned),6.41,False,True,4,,False
419001390,KNK ASHIMA,IND,jamnagar_vadinar_feb2026,2026-01-30 17:00:00+00:00,2026-02-02 02:00:00+00:00,57.0,58,1.0,22.44086,69.66983,3.394,extended,flagged_facility,Jamnagar (Sikka) marine terminal,5.3,False,True,4,,False
419001715,ZINNIA STAR,IND,jamnagar_vadinar_feb2026,2026-01-20 05:00:00+00:00,2026-01-22 14:00:00+00:00,57.0,58,1.0,22.52534,69.70621,2.159,extended,flagged_facility,Vadinar terminal / Nayara refinery (EU+UK sanctioned),6.39,False,True,4,,False
419000638,OCEAN     EMPIRE,IND,jamnagar_vadinar_feb2026,2026-02-05 05:00:00+00:00,2026-02-07 13:00:00+00:00,56.0,57,1.0,22.52702,69.70491,3.182,extended,flagged_facility,Vadinar terminal / Nayara refinery (EU+UK sanctioned),6.19,False,True,4,,False
419001884,MT KB 50,IND,jamnagar_vadinar_feb2026,2026-02-14 02:00:00+00:00,2026-02-16 10:00:00+00:00,56.0,57,1.0,22.51404,69.69228,3.792,extended,flagged_facility,Vadinar terminal / Nayara refinery (EU+UK sanctioned),5.9,False,True,4,,False
419292000,RELTUG SIX,IND,jamnagar_vadinar_feb2026,2026-01-21 04:00:00+00:00,2026-01-23 11:00:00+00:00,55.0,56,1.0,22.49196,69.8475,4.956,extended,flagged_facility,Jamnagar (Sikka) marine terminal,14.8,False,True,4,,False
419292000,RELTUG SIX,IND,jamnagar_vadinar_feb2026,2026-02-08 18:00:00+00:00,2026-02-11 01:00:00+00:00,55.0,56,1.0,22.49393,69.84161,4.632,extended,flagged_facility,Jamnagar (Sikka) marine terminal,14.38,False,True,4,,False
419001884,MT KB 50,IND,jamnagar_vadinar_feb2026,2026-01-22 02:00:00+00:00,2026-01-24 08:00:00+00:00,54.0,55,1.0,22.51691,69.69091,4.105,extended,flagged_facility,Vadinar terminal / Nayara refinery (EU+UK sanctioned),5.59,False,True,4,,False
419001884,MT KB 50,IND,jamnagar_vadinar_feb2026,2026-02-01 03:00:00+00:00,2026-02-03 09:00:00+00:00,54.0,52,0.945,22.52385,69.68712,3.775,extended,flagged_facility,Vadinar terminal / Nayara refinery (EU+UK sanctioned),4.79,False,True,4,,False
419011700,,IND,jamnagar_vadinar_feb2026,2026-02-02 14:00:00+00:00,2026-02-04 20:00:00+00:00,54.0,51,0.927,22.3902,69.60961,2.292,extended,flagged_facility,Jamnagar (Sikka) marine terminal,12.18,False,True,4,,False
419956787,DAWN II,IND,jamnagar_vadinar_feb2026,2026-01-21 01:00:00+00:00,2026-01-23 07:00:00+00:00,54.0,55,1.0,22.60636,69.83364,3.261,extended,flagged_facility,Vadinar terminal / Nayara refinery (EU+UK sanctioned),19.87,False,True,4,,False
419001208,DIPPER,IND,jamnagar_vadinar_feb2026,2026-02-13 16:00:00+00:00,2026-02-15 21:00:00+00:00,53.0,39,0.722,22.44,69.8,0.0,extended,flagged_facility,Jamnagar (Sikka) marine terminal,8.3,False,True,4,,False
419001286,TUG KB XI,IND,jamnagar_vadinar_feb2026,2026-02-09 14:00:00+00:00,2026-02-11 19:00:00+00:00,53.0,54,1.0,22.50963,69.69296,4.999,extended,flagged_facility,Vadinar terminal / Nayara refinery (EU+UK sanctioned),6.29,False,True,4,,False
419077600,NIVARAK,IND,jamnagar_vadinar_feb2026,2026-02-02 14:00:00+00:00,2026-02-04 19:00:00+00:00,53.0,46,0.852,22.39087,69.60848,4.492,extended,flagged_facility,Jamnagar (Sikka) marine terminal,12.26,False,True,4,,False
419292000,RELTUG SIX,IND,jamnagar_vadinar_feb2026,2026-01-29 20:00:00+00:00,2026-02-01 01:00:00+00:00,53.0,54,1.0,22.49259,69.84352,4.871,extended,flagged_facility,Jamnagar (Sikka) marine terminal,14.48,False,True,4,,False
419293000,RELTUG 7,IND,jamnagar_vadinar_feb2026,2026-01-20 00:00:00+00:00,2026-01-22 05:00:00+00:00,53.0,54,1.0,22.51037,69.80519,3.757,extended,flagged_facility,Jamnagar (Sikka) marine terminal,12.51,False,True,4,,False
419826328,MT GAUTAM  PAWAN,IND,jamnagar_vadinar_feb2026,2026-01-30 13:00:00+00:00,2026-02-01 18:00:00+00:00,53.0,49,0.907,22.45,69.79,0.0,extended,flagged_facility,Jamnagar (Sikka) marine terminal,7.53,False,True,4,,False
419956787,DAWN II,IND,jamnagar_vadinar_feb2026,2026-02-07 04:00:00+00:00,2026-02-09 09:00:00+00:00,53.0,54,1.0,22.57111,69.8487,3.032,extended,flagged_facility,Jamnagar (Sikka) marine terminal,20.52,False,True,4,,False
419001390,KNK ASHIMA,IND,jamnagar_vadinar_feb2026,2026-02-11 21:00:00+00:00,2026-02-14 01:00:00+00:00,52.0,53,1.0,22.44151,69.66962,4.393,extended,flagged_facility,Jamnagar (Sikka) marine terminal,5.33,False,True,4,,False
419001885,KB 49,IND,jamnagar_vadinar_feb2026,2026-01-20 00:00:00+00:00,2026-01-22 04:00:00+00:00,52.0,53,1.0,22.52245,69.68868,4.722,extended,flagged_facility,Vadinar terminal / Nayara refinery (EU+UK sanctioned),5.02,False,True,4,,False
419757000,SWARNA KALASH,IND,jamnagar_vadinar_feb2026,2026-02-06 17:00:00+00:00,2026-02-08 21:00:00+00:00,52.0,53,1.0,22.49094,69.83924,2.898,extended,flagged_facility,Jamnagar (Sikka) marine terminal,14.0,False,True,4,,False
419957016,KB 47,IND,jamnagar_vadinar_feb2026,2026-01-20 00:00:00+00:00,2026-01-22 04:00:00+00:00,52.0,52,0.981,22.68308,69.66192,2.678,extended,flagged_facility,Vadinar terminal / Nayara refinery (EU+UK sanctioned),14.85,False,True,4,,False
419066300,SB EAGLE,IND,jamnagar_vadinar_feb2026,2026-01-31 19:00:00+00:00,2026-02-02 22:00:00+00:00,51.0,52,1.0,22.50096,69.83711,4.996,extended,flagged_facility,Jamnagar (Sikka) marine terminal,14.39,False,True,4,,False
419474000,DESH BHAKT,IND,jamnagar_vadinar_feb2026,2026-02-02 10:00:00+00:00,2026-02-04 13:00:00+00:00,51.0,52,1.0,22.57885,69.64,0.984,extended,flagged_facility,Vadinar terminal / Nayara refinery (EU+UK sanctioned),3.37,False,True,4,,False
419072700,RELTUG 14,IND,jamnagar_vadinar_feb2026,2026-01-26 11:00:00+00:00,2026-01-28 13:00:00+00:00,50.0,51,1.0,22.60902,69.83431,1.096,extended,flagged_facility,Vadinar terminal / Nayara refinery (EU+UK sanctioned),20.03,False,True,4,,False
419001487,RELTUG EIGHTEEN,IND,jamnagar_vadinar_feb2026,2026-01-30 09:00:00+00:00,2026-02-01 10:00:00+00:00,49.0,50,1.0,22.502,69.8346,4.999,extended,flagged_facility,Jamnagar (Sikka) marine terminal,14.24,False,True,4,,False
419055100,DOLPHIN NO 4,IND,jamnagar_vadinar_feb2026,2026-02-10 08:00:00+00:00,2026-02-12 09:00:00+00:00,49.0,50,1.0,22.6794,69.6258,2.603,extended,flagged_facility,Vadinar terminal / Nayara refinery (EU+UK sanctioned),14.6,False,True,4,,False
352004577,GAS FATE,PAN,jamnagar_vadinar_feb2026,2026-01-28 04:00:00+00:00,2026-01-30 04:00:00+00:00,48.0,49,1.0,22.46,69.8,0.0,ordinary,flagged_facility,Jamnagar (Sikka) marine terminal,8.87,False,False,4,,False
352006431,TRITON EXPLORE,PAN,jamnagar_vadinar_feb2026,2026-02-14 06:00:00+00:00,2026-02-16 06:00:00+00:00,48.0,49,1.0,22.46,69.8,0.0,ordinary,flagged_facility,Jamnagar (Sikka) marine terminal,8.87,False,False,4,,False
667001235,THORIN,SLE,jamnagar_vadinar_feb2026,2026-01-20 00:00:00+00:00,2026-01-22 00:00:00+00:00,48.0,49,1.0,22.50755,69.66021,4.72,ordinary,flagged_facility,Vadinar terminal / Nayara refinery (EU+UK sanctioned),4.84,False,False,4,,False
314001028,MULAN,BRB,jamnagar_vadinar_feb2026,2026-01-21 05:00:00+00:00,2026-01-23 04:00:00+00:00,47.0,48,1.0,22.66062,69.55604,3.325,ordinary,flagged_facility,Vadinar terminal / Nayara refinery (EU+UK sanctioned),15.63,False,False,4,,False
352006431,TRITON EXPLORE,PAN,jamnagar_vadinar_feb2026,2026-02-12 06:00:00+00:00,2026-02-14 05:00:00+00:00,47.0,48,1.0,22.52,69.75,0.0,ordinary,flagged_facility,Jamnagar (Sikka) marine terminal,10.47,False,False,4,,False
370229000,VALENTINE,PAN,jamnagar_vadinar_feb2026,2026-02-01 09:00:00+00:00,2026-02-03 08:00:00+00:00,47.0,48,1.0,22.46,69.8,0.0,ordinary,flagged_facility,Jamnagar (Sikka) marine terminal,8.87,False,False,4,,False
371959000,TOYA,PAN,jamnagar_vadinar_feb2026,2026-01-28 11:00:00+00:00,2026-01-30 10:00:00+00:00,47.0,48,1.0,22.59042,69.80896,4.346,ordinary,flagged_facility,Vadinar terminal / Nayara refinery (EU+UK sanctioned),16.93,False,False,4,,False
538011332,MAYFAIR,MHL,jamnagar_vadinar_feb2026,2026-01-28 02:00:00+00:00,2026-01-30 01:00:00+00:00,47.0,48,1.0,22.50042,69.83916,4.574,ordinary,flagged_facility,Jamnagar (Sikka) marine terminal,14.53,False,False,4,,False
636018827,SERIFOS,LBR,jamnagar_vadinar_feb2026,2026-02-08 03:00:00+00:00,2026-02-10 02:00:00+00:00,47.0,48,1.0,22.68,69.62521,0.534,ordinary,flagged_facility,Vadinar terminal / Nayara refinery (EU+UK sanctioned),14.68,False,False,4,,False
248107000,PSARA I,MLT,jamnagar_vadinar_feb2026,2026-02-07 06:00:00+00:00,2026-02-09 04:00:00+00:00,46.0,47,1.0,22.52489,69.68958,1.136,ordinary,flagged_facility,Vadinar terminal / Nayara refinery (EU+UK sanctioned),4.93,False,False,4,,False
371604000,ROSE M,PAN,jamnagar_vadinar_feb2026,2026-01-29 13:00:00+00:00,2026-01-31 11:00:00+00:00,46.0,47,1.0,22.52,69.61,0.0,ordinary,flagged_facility,Vadinar terminal / Nayara refinery (EU+UK sanctioned),5.29,False,False,4,,False
636024460,VENUS MOON,LBR,jamnagar_vadinar_feb2026,2026-02-06 10:00:00+00:00,2026-02-08 08:00:00+00:00,46.0,47,1.0,22.58021,69.83511,1.208,ordinary,flagged_facility,Vadinar terminal / Nayara refinery (EU+UK sanctioned),19.3,False,False,4,,False
477100200,LIAN LE HU,HKG,jamnagar_vadinar_feb2026,2026-01-30 04:00:00+00:00,2026-02-01 01:00:00+00:00,45.0,46,1.0,22.49065,69.83978,2.374,ordinary,flagged_facility,Jamnagar (Sikka) marine terminal,14.04,False,False,4,,False
352002148,ALBATROSS,PAN,jamnagar_vadinar_feb2026,2026-01-31 10:00:00+00:00,2026-02-02 06:00:00+00:00,44.0,45,1.0,22.52,69.54,0.0,ordinary,flagged_facility,Vadinar terminal / Nayara refinery (EU+UK sanctioned),11.78,False,False,4,,False
352003744,NILE,PAN,jamnagar_vadinar_feb2026,2026-01-25 12:00:00+00:00,2026-01-27 08:00:00+00:00,44.0,45,1.0,22.45,69.67,0.0,ordinary,flagged_facility,Jamnagar (Sikka) marine terminal,5.6,False,False,4,,False
550071140,BLUE,,jamnagar_vadinar_feb2026,2026-01-20 06:00:00+00:00,2026-01-22 02:00:00+00:00,44.0,45,1.0,22.55911,69.65978,4.463,ordinary,flagged_facility,Vadinar terminal / Nayara refinery (EU+UK sanctioned),1.43,False,False,4,,False
636021408,MSC FIE X,LBR,jamnagar_vadinar_feb2026,2026-01-26 21:00:00+00:00,2026-01-28 17:00:00+00:00,44.0,45,1.0,22.69,69.75445,0.57,ordinary,flagged_facility,Vadinar terminal / Nayara refinery (EU+UK sanctioned),18.9,False,False,4,,False
215736000,M/T MADEIRO,MLT,jamnagar_vadinar_feb2026,2026-02-07 18:00:00+00:00,2026-02-09 13:00:00+00:00,43.0,44,1.0,22.49091,69.84886,3.647,ordinary,flagged_facility,Jamnagar (Sikka) marine terminal,14.87,False,False,4,,False
371604000,ROSE M,PAN,jamnagar_vadinar_feb2026,2026-02-04 04:00:00+00:00,2026-02-05 23:00:00+00:00,43.0,43,0.977,22.45023,69.67,1.086,ordinary,flagged_facility,Jamnagar (Sikka) marine terminal,5.61,False,False,4,,False
548923200,CHELSEA PROVIDENCE,PHL,jamnagar_vadinar_feb2026,2026-01-29 06:00:00+00:00,2026-01-31 01:00:00+00:00,43.0,44,1.0,22.45,69.67,0.0,ordinary,flagged_facility,Jamnagar (Sikka) marine terminal,5.6,False,False,4,,False
667001270,ASTRAL,SLE,jamnagar_vadinar_feb2026,2026-02-14 03:00:00+00:00,2026-02-15 22:00:00+00:00,43.0,44,1.0,22.50091,69.65909,4.542,ordinary,flagged_facility,Vadinar terminal / Nayara refinery (EU+UK sanctioned),5.54,False,False,4,,False
219638000,TORM DIWATA,DNK,jamnagar_vadinar_feb2026,2026-01-21 22:00:00+00:00,2026-01-23 16:00:00+00:00,42.0,43,1.0,22.49023,69.84,1.086,ordinary,flagged_facility,Jamnagar (Sikka) marine terminal,14.03,False,False,4,,False
240221000,OLYMPIC FUTURE,GRC,jamnagar_vadinar_feb2026,2026-01-26 03:00:00+00:00,2026-01-27 21:00:00+00:00,42.0,43,1.0,22.52465,69.68768,0.988,ordinary,flagged_facility,Vadinar terminal / Nayara refinery (EU+UK sanctioned),4.79,False,False,4,,False
352005381,DARIKA,PAN,jamnagar_vadinar_feb2026,2026-02-13 18:00:00+00:00,2026-02-15 12:00:00+00:00,42.0,43,1.0,22.45163,69.66907,3.714,ordinary,flagged_facility,Jamnagar (Sikka) marine terminal,5.76,False,False,4,,False
613419901,WALRUS,CMR,jamnagar_vadinar_feb2026,2026-02-10 03:00:00+00:00,2026-02-11 21:00:00+00:00,42.0,43,1.0,22.50163,69.65931,2.847,ordinary,flagged_facility,Vadinar terminal / Nayara refinery (EU+UK sanctioned),5.46,False,False,4,,False
215127000,CMA CGM CENDRILLON,MLT,jamnagar_vadinar_feb2026,2026-02-02 17:00:00+00:00,2026-02-04 10:00:00+00:00,41.0,42,1.0,22.65095,69.725,4.372,ordinary,flagged_facility,Vadinar terminal / Nayara refinery (EU+UK sanctioned),13.61,False,False,4,,False
249758000,TOMBARRA,MLT,jamnagar_vadinar_feb2026,2026-01-28 01:00:00+00:00,2026-01-29 18:00:00+00:00,41.0,42,1.0,22.66976,69.72,1.085,ordinary,flagged_facility,Vadinar terminal / Nayara refinery (EU+UK sanctioned),15.13,False,False,4,,False
636021032,KITSOS,LBR,jamnagar_vadinar_feb2026,2026-01-31 04:00:00+00:00,2026-02-01 21:00:00+00:00,41.0,42,1.0,22.61071,69.835,1.854,ordinary,flagged_facility,Vadinar terminal / Nayara refinery (EU+UK sanctioned),20.16,False,False,4,,False
538003851,UACC MARAH,MHL,jamnagar_vadinar_feb2026,2026-01-21 05:00:00+00:00,2026-01-22 21:00:00+00:00,40.0,41,1.0,22.5,69.84,0.0,ordinary,flagged_facility,Jamnagar (Sikka) marine terminal,14.58,False,False,4,,False
538012067,GH CHRISTIE,MHL,jamnagar_vadinar_feb2026,2026-02-09 09:00:00+00:00,2026-02-11 01:00:00+00:00,40.0,41,1.0,22.58049,69.83732,3.996,ordinary,flagged_facility,Vadinar terminal / Nayara refinery (EU+UK sanctioned),19.53,False,False,4,,False
550071125,FINA A,,jamnagar_vadinar_feb2026,2026-01-25 09:00:00+00:00,2026-01-27 01:00:00+00:00,40.0,41,1.0,22.50024,69.66049,2.279,ordinary,flagged_facility,Vadinar terminal / Nayara refinery (EU+UK sanctioned),5.64,False,False,4,,False
636015337,HIGH TIDE,LBR,jamnagar_vadinar_feb2026,2026-01-25 09:00:00+00:00,2026-01-27 01:00:00+00:00,40.0,41,1.0,22.5,69.84,0.0,ordinary,flagged_facility,Jamnagar (Sikka) marine terminal,14.58,False,False,4,,False
667001287,TIBURON,SLE,jamnagar_vadinar_feb2026,2026-02-02 04:00:00+00:00,2026-02-03 20:00:00+00:00,40.0,41,1.0,22.50098,69.65976,4.454,ordinary,flagged_facility,Vadinar terminal / Nayara refinery (EU+UK sanctioned),5.54,False,False,4,,False
249245000,COSTAS P,MLT,jamnagar_vadinar_feb2026,2026-01-30 10:00:00+00:00,2026-02-01 01:00:00+00:00,39.0,40,1.0,22.57975,69.834,3.491,ordinary,flagged_facility,Vadinar terminal / Nayara refinery (EU+UK sanctioned),19.18,False,False,4,,False
352003690,HAKKAISAN,PAN,jamnagar_vadinar_feb2026,2026-01-24 11:00:00+00:00,2026-01-26 02:00:00+00:00,39.0,40,1.0,22.59,69.80975,1.0,ordinary,flagged_facility,Vadinar terminal / Nayara refinery (EU+UK sanctioned),17.0,False,False,4,,False
352005381,DARIKA,PAN,jamnagar_vadinar_feb2026,2026-01-22 15:00:00+00:00,2026-01-24 06:00:00+00:00,39.0,40,1.0,22.45,69.67,0.0,ordinary,flagged_facility,Jamnagar (Sikka) marine terminal,5.6,False,False,4,,False
538009602,CELSIUS NAPLES,MHL,jamnagar_vadinar_feb2026,2026-01-27 08:00:00+00:00,2026-01-28 23:00:00+00:00,39.0,40,1.0,22.6645,69.741,2.06,ordinary,flagged_facility,Vadinar terminal / Nayara refinery (EU+UK sanctioned),15.79,False,False,4,,False
538009642,LEGIO X EQUESTRIS,MHL,jamnagar_vadinar_feb2026,2026-02-07 11:00:00+00:00,2026-02-09 02:00:00+00:00,39.0,40,1.0,22.61025,69.83425,1.169,ordinary,flagged_facility,Vadinar terminal / Nayara refinery (EU+UK sanctioned),20.07,False,False,4,,False
538011260,MANTA MERVE,MHL,jamnagar_vadinar_feb2026,2026-02-10 12:00:00+00:00,2026-02-12 03:00:00+00:00,39.0,40,1.0,22.68,69.7385,0.872,ordinary,flagged_facility,Vadinar terminal / Nayara refinery (EU+UK sanctioned),17.07,False,False,4,,False
636013374,MARINA,LBR,jamnagar_vadinar_feb2026,2026-02-04 06:00:00+00:00,2026-02-05 21:00:00+00:00,39.0,40,1.0,22.59,69.80925,0.949,ordinary,flagged_facility,Vadinar terminal / Nayara refinery (EU+UK sanctioned),16.95,False,False,4,,False
215736000,M/T MADEIRO,MLT,jamnagar_vadinar_feb2026,2026-01-22 07:00:00+00:00,2026-01-23 21:00:00+00:00,38.0,39,1.0,22.49,69.85,0.0,ordinary,flagged_facility,Jamnagar (Sikka) marine terminal,14.93,False,False,4,,False
477340400,TIAN E ZUO,HKG,jamnagar_vadinar_feb2026,2026-02-10 21:00:00+00:00,2026-02-12 11:00:00+00:00,38.0,39,1.0,22.50026,69.83974,1.475,ordinary,flagged_facility,Jamnagar (Sikka) marine terminal,14.57,False,False,4,,False
613511209,SEASONS I,CMR,jamnagar_vadinar_feb2026,2026-02-04 09:00:00+00:00,2026-02-05 23:00:00+00:00,38.0,39,1.0,22.50051,69.65949,1.436,ordinary,flagged_facility,Vadinar terminal / Nayara refinery (EU+UK sanctioned),5.59,False,False,4,,False
636018865,SOUTHERN UNICORN,LBR,jamnagar_vadinar_feb2026,2026-02-15 09:00:00+00:00,2026-02-16 23:00:00+00:00,38.0,39,1.0,22.66,69.74205,0.816,ordinary,flagged_facility,Vadinar terminal / Nayara refinery (EU+UK sanctioned),15.46,False,False,4,,False
636024695,MC GAEA,LBR,jamnagar_vadinar_feb2026,2026-01-24 11:00:00+00:00,2026-01-26 01:00:00+00:00,38.0,39,1.0,22.49026,69.83974,1.475,ordinary,flagged_facility,Jamnagar (Sikka) marine terminal,14.01,False,False,4,,False
667002017,ELYTE,SLE,jamnagar_vadinar_feb2026,2026-02-06 12:00:00+00:00,2026-02-08 02:00:00+00:00,38.0,24,0.615,22.56875,69.66,3.197,ordinary,flagged_facility,Vadinar terminal / Nayara refinery (EU+UK sanctioned),2.32,False,False,4,,False
352003744,NILE,PAN,jamnagar_vadinar_feb2026,2026-02-05 12:00:00+00:00,2026-02-07 01:00:00+00:00,37.0,38,1.0,22.45158,69.66947,4.382,ordinary,flagged_facility,Jamnagar (Sikka) marine terminal,5.72,False,False,4,,False
352005899,NEPHIRA,PAN,jamnagar_vadinar_feb2026,2026-02-01 03:00:00+00:00,2026-02-02 16:00:00+00:00,37.0,38,1.0,22.57079,69.78526,2.649,ordinary,flagged_facility,Vadinar terminal / Nayara refinery (EU+UK sanctioned),14.08,False,False,4,,False
354658000,KARIMATA,PAN,jamnagar_vadinar_feb2026,2026-02-08 12:00:00+00:00,2026-02-10 01:00:00+00:00,37.0,38,1.0,22.5,69.84,0.0,ordinary,flagged_facility,Jamnagar (Sikka) marine terminal,14.58,False,False,4,,False
357711000,ATLANTIC PIONEER,PAN,jamnagar_vadinar_feb2026,2026-02-02 06:00:00+00:00,2026-02-03 19:00:00+00:00,37.0,38,1.0,22.61053,69.83553,2.724,ordinary,flagged_facility,Vadinar terminal / Nayara refinery (EU+UK sanctioned),20.2,False,False,4,,False
477652200,COSGOLD LAKE,HKG,jamnagar_vadinar_feb2026,2026-01-24 14:00:00+00:00,2026-01-26 03:00:00+00:00,37.0,38,1.0,22.61,69.83289,1.324,ordinary,flagged_facility,Vadinar terminal / Nayara refinery (EU+UK sanctioned),19.93,False,False,4,,False
538005300,FLAGSHIP SAGE,MHL,jamnagar_vadinar_feb2026,2026-02-01 14:00:00+00:00,2026-02-03 03:00:00+00:00,37.0,38,1.0,22.5,69.83973,1.0,ordinary,flagged_facility,Jamnagar (Sikka) marine terminal,14.56,False,False,4,,False
538012005,SEA POLLUX,MHL,jamnagar_vadinar_feb2026,2026-02-02 04:00:00+00:00,2026-02-03 17:00:00+00:00,37.0,38,1.0,22.58053,69.83658,4.956,ordinary,flagged_facility,Vadinar terminal / Nayara refinery (EU+UK sanctioned),19.46,False,False,4,,False
566737000,MARITIME EQUATOR,SGP,jamnagar_vadinar_feb2026,2026-01-27 09:00:00+00:00,2026-01-28 22:00:00+00:00,37.0,38,1.0,22.49079,69.83947,3.815,ordinary,flagged_facility,Jamnagar (Sikka) marine terminal,14.01,False,False,4,,False
566762000,MARITIME POLARIS,SGP,jamnagar_vadinar_feb2026,2026-02-12 10:00:00+00:00,2026-02-13 23:00:00+00:00,37.0,38,1.0,22.49079,69.83947,2.926,ordinary,flagged_facility,Jamnagar (Sikka) marine terminal,14.01,False,False,4,,False
647553037,GRIF,MDG,jamnagar_vadinar_feb2026,2026-01-29 19:00:00+00:00,2026-01-31 08:00:00+00:00,37.0,38,1.0,22.45132,69.66947,3.335,ordinary,flagged_facility,Jamnagar (Sikka) marine terminal,5.71,False,False,4,,False
1651,,,jamnagar_vadinar_feb2026,2026-01-25 23:00:00+00:00,2026-01-27 11:00:00+00:00,36.0,18,0.486,22.56,69.75833,1.198,ordinary,flagged_facility,Vadinar terminal / Nayara refinery (EU+UK sanctioned),11.18,False,False,4,,False
232019873,ORANGE VICTORIA,GBR,jamnagar_vadinar_feb2026,2026-01-20 16:00:00+00:00,2026-01-22 04:00:00+00:00,36.0,37,1.0,22.50027,69.83946,2.273,ordinary,flagged_facility,Jamnagar (Sikka) marine terminal,14.55,False,False,4,,False
256106000,KIRAN CARIBBEAN,MLT,jamnagar_vadinar_feb2026,2026-02-14 10:00:00+00:00,2026-02-15 22:00:00+00:00,36.0,37,1.0,22.64,69.71,0.0,ordinary,flagged_facility,Vadinar terminal / Nayara refinery (EU+UK sanctioned),11.75,False,False,4,,False
259982000,TARANGER,NOR,jamnagar_vadinar_feb2026,2026-02-07 06:00:00+00:00,2026-02-08 18:00:00+00:00,36.0,37,1.0,22.5,69.84,0.0,ordinary,flagged_facility,Jamnagar (Sikka) marine terminal,14.58,False,False,4,,False
352003744,NILE,PAN,jamnagar_vadinar_feb2026,2026-01-23 23:00:00+00:00,2026-01-25 11:00:00+00:00,36.0,37,1.0,22.52,69.60595,0.611,ordinary,flagged_facility,Vadinar terminal / Nayara refinery (EU+UK sanctioned),5.62,False,False,4,,False
371604000,ROSE M,PAN,jamnagar_vadinar_feb2026,2026-01-31 12:00:00+00:00,2026-02-02 00:00:00+00:00,36.0,37,1.0,22.45,69.67,0.0,ordinary,flagged_facility,Jamnagar (Sikka) marine terminal,5.6,False,False,4,,False
538006488,MUSCAT SILVER,MHL,jamnagar_vadinar_feb2026,2026-02-08 19:00:00+00:00,2026-02-10 07:00:00+00:00,36.0,37,1.0,22.5,69.83973,0.999,ordinary,flagged_facility,Jamnagar (Sikka) marine terminal,14.56,False,False,4,,False
538006514,OLYMPIC SEA,MHL,jamnagar_vadinar_feb2026,2026-02-09 10:00:00+00:00,2026-02-10 22:00:00+00:00,36.0,37,1.0,22.57081,69.78757,2.148,ordinary,flagged_facility,Vadinar terminal / Nayara refinery (EU+UK sanctioned),14.31,False,False,4,,False
538008381,V. ADVANCE,MHL,jamnagar_vadinar_feb2026,2026-02-03 03:00:00+00:00,2026-02-04 15:00:00+00:00,36.0,37,1.0,22.5273,69.6846,4.979,ordinary,flagged_facility,Vadinar terminal / Nayara refinery (EU+UK sanctioned),4.36,False,False,4,,False
538011828,DHT EUROPE,MHL,jamnagar_vadinar_feb2026,2026-01-21 04:00:00+00:00,2026-01-22 16:00:00+00:00,36.0,37,1.0,22.67811,69.65568,4.0,ordinary,flagged_facility,Vadinar terminal / Nayara refinery (EU+UK sanctioned),14.26,False,False,4,,False
563080600,PHOENIX JAMNAGAR,SGP,jamnagar_vadinar_feb2026,2026-01-26 16:00:00+00:00,2026-01-28 04:00:00+00:00,36.0,37,1.0,22.57,69.78514,0.527,ordinary,flagged_facility,Vadinar terminal / Nayara refinery (EU+UK sanctioned),14.05,False,False,4,,False
566304000,MARITIME NORDIC,SGP,jamnagar_vadinar_feb2026,2026-01-31 02:00:00+00:00,2026-02-01 14:00:00+00:00,36.0,37,1.0,22.49081,69.84,1.022,ordinary,flagged_facility,Jamnagar (Sikka) marine terminal,14.06,False,False,4,,False
636025356,HARRIER S,LBR,jamnagar_vadinar_feb2026,2026-02-07 04:00:00+00:00,2026-02-08 16:00:00+00:00,36.0,37,1.0,22.66973,69.75,1.082,ordinary,flagged_facility,Vadinar terminal / Nayara refinery (EU+UK sanctioned),16.81,False,False,4,,False
667001243,PRISMA,SLE,jamnagar_vadinar_feb2026,2026-01-29 10:00:00+00:00,2026-01-30 22:00:00+00:00,36.0,37,1.0,22.5273,69.70973,1.287,ordinary,flagged_facility,Vadinar terminal / Nayara refinery (EU+UK sanctioned),6.63,False,False,4,,False
667001584,GARUDA,SLE,jamnagar_vadinar_feb2026,2026-01-23 04:00:00+00:00,2026-01-24 16:00:00+00:00,36.0,37,1.0,22.45108,69.66946,4.767,ordinary,flagged_facility,Jamnagar (Sikka) marine terminal,5.7,False,False,4,,False
667001611,BAI LU,SLE,jamnagar_vadinar_feb2026,2026-01-23 10:00:00+00:00,2026-01-24 22:00:00+00:00,36.0,37,1.0,22.50108,69.65892,4.378,ordinary,flagged_facility,Vadinar terminal / Nayara refinery (EU+UK sanctioned),5.52,False,False,4,,False
259982000,TARANGER,NOR,jamnagar_vadinar_feb2026,2026-01-22 13:00:00+00:00,2026-01-24 00:00:00+00:00,35.0,36,1.0,22.66,69.73556,0.57,ordinary,flagged_facility,Vadinar terminal / Nayara refinery (EU+UK sanctioned),15.06,False,False,4,,False
352002786,SAGAR1,PAN,jamnagar_vadinar_feb2026,2026-01-30 05:00:00+00:00,2026-01-31 16:00:00+00:00,35.0,36,1.0,22.52667,69.69,0.741,ordinary,flagged_facility,Vadinar terminal / Nayara refinery (EU+UK sanctioned),4.86,False,False,4,,False
352004436,CELESTIAL,PAN,jamnagar_vadinar_feb2026,2026-01-24 07:00:00+00:00,2026-01-25 18:00:00+00:00,35.0,36,1.0,22.45139,69.66944,4.735,ordinary,flagged_facility,Jamnagar (Sikka) marine terminal,5.71,False,False,4,,False
353953000,CARIBBEAN 1,PAN,jamnagar_vadinar_feb2026,2026-01-29 03:00:00+00:00,2026-01-30 14:00:00+00:00,35.0,36,1.0,22.49056,69.84944,2.943,ordinary,flagged_facility,Jamnagar (Sikka) marine terminal,14.91,False,False,4,,False
377782000,LIBRA,VCT,jamnagar_vadinar_feb2026,2026-02-14 16:00:00+00:00,2026-02-16 03:00:00+00:00,35.0,36,1.0,22.68028,69.73944,2.269,ordinary,flagged_facility,Vadinar terminal / Nayara refinery (EU+UK sanctioned),17.15,False,False,4,,False
413179000,HAI TUN ZUO,CHN,jamnagar_vadinar_feb2026,2026-01-26 00:00:00+00:00,2026-01-27 11:00:00+00:00,35.0,36,1.0,22.50056,69.83944,2.943,ordinary,flagged_facility,Jamnagar (Sikka) marine terminal,14.57,False,False,4,,False
636019929,IMPERIAL,LBR,jamnagar_vadinar_feb2026,2026-01-27 17:00:00+00:00,2026-01-29 04:00:00+00:00,35.0,36,1.0,22.49028,69.84,1.081,ordinary,flagged_facility,Jamnagar (Sikka) marine terminal,14.04,False,False,4,,False
650000263,TEMPEST DREAM,MOZ,jamnagar_vadinar_feb2026,2026-02-07 02:00:00+00:00,2026-02-08 13:00:00+00:00,35.0,36,1.0,22.45,69.67,0.0,ordinary,flagged_facility,Jamnagar (Sikka) marine terminal,5.6,False,False,4,,False
352003795,HUI FENG HAI,PAN,jamnagar_vadinar_feb2026,2026-02-14 07:00:00+00:00,2026-02-15 17:00:00+00:00,34.0,35,1.0,22.67086,69.75,3.241,ordinary,flagged_facility,Vadinar terminal / Nayara refinery (EU+UK sanctioned),16.91,False,False,4,,False
354600000,BRIGHT PIONEER,PAN,jamnagar_vadinar_feb2026,2026-01-23 19:00:00+00:00,2026-01-25 05:00:00+00:00,34.0,35,1.0,22.53571,69.70657,4.97,ordinary,flagged_facility,Vadinar terminal / Nayara refinery (EU+UK sanctioned),6.02,False,False,4,,False
636017335,CHEM BARCELONA,LBR,jamnagar_vadinar_feb2026,2026-02-13 04:00:00+00:00,2026-02-14 14:00:00+00:00,34.0,35,1.0,22.49029,69.84971,1.471,ordinary,flagged_facility,Jamnagar (Sikka) marine terminal,14.92,False,False,4,,False
525121076,SAVIR TIGER,IDN,jamnagar_vadinar_feb2026,2026-02-12 07:00:00+00:00,2026-02-13 16:00:00+00:00,33.0,34,1.0,22.57265,69.78441,4.851,ordinary,flagged_facility,Vadinar terminal / Nayara refinery (EU+UK sanctioned),14.03,False,False,4,,False
566304000,MARITIME NORDIC,SGP,jamnagar_vadinar_feb2026,2026-02-10 01:00:00+00:00,2026-02-11 10:00:00+00:00,33.0,34,1.0,22.49,69.84,0.0,ordinary,flagged_facility,Jamnagar (Sikka) marine terminal,14.02,False,False,4,,False
215091000,MERAPI,MLT,jamnagar_vadinar_feb2026,2026-02-10 00:00:00+00:00,2026-02-11 08:00:00+00:00,32.0,33,1.0,22.50091,69.83909,2.89,ordinary,flagged_facility,Jamnagar (Sikka) marine terminal,14.56,False,False,4,,False
249611000,ANTIGUA I,MLT,jamnagar_vadinar_feb2026,2026-01-24 01:00:00+00:00,2026-01-25 09:00:00+00:00,32.0,33,1.0,22.67788,69.65303,3.376,ordinary,flagged_facility,Vadinar terminal / Nayara refinery (EU+UK sanctioned),14.22,False,False,4,,False
371604000,ROSE M,PAN,jamnagar_vadinar_feb2026,2026-02-14 18:00:00+00:00,2026-02-16 02:00:00+00:00,32.0,32,0.97,22.45094,69.66937,3.795,ordinary,flagged_facility,Jamnagar (Sikka) marine terminal,5.7,False,False,4,,False
461000320,ACHILLES,OMN,jamnagar_vadinar_feb2026,2026-01-29 08:00:00+00:00,2026-01-30 16:00:00+00:00,32.0,33,1.0,22.50121,69.65909,3.754,ordinary,flagged_facility,Vadinar terminal / Nayara refinery (EU+UK sanctioned),5.5,False,False,4,,False
636013373,IOANNA,LBR,jamnagar_vadinar_feb2026,2026-02-08 01:00:00+00:00,2026-02-09 09:00:00+00:00,32.0,33,1.0,22.59152,69.80424,4.95,ordinary,flagged_facility,Vadinar terminal / Nayara refinery (EU+UK sanctioned),16.5,False,False,4,,False
636022657,MSC DOMNA X,LBR,jamnagar_vadinar_feb2026,2026-02-02 11:00:00+00:00,2026-02-03 19:00:00+00:00,32.0,33,1.0,22.63909,69.70303,4.686,ordinary,flagged_facility,Vadinar terminal / Nayara refinery (EU+UK sanctioned),11.3,False,False,4,,False
249413000,SAMOTHRAKI,MLT,jamnagar_vadinar_feb2026,2026-02-10 06:00:00+00:00,2026-02-11 13:00:00+00:00,31.0,32,1.0,22.52875,69.71,1.619,ordinary,flagged_facility,Vadinar terminal / Nayara refinery (EU+UK sanctioned),6.6,False,False,4,,False
352005806,GATTACA,PAN,jamnagar_vadinar_feb2026,2026-02-01 04:00:00+00:00,2026-02-02 11:00:00+00:00,31.0,32,1.0,22.59156,69.80969,3.315,ordinary,flagged_facility,Vadinar terminal / Nayara refinery (EU+UK sanctioned),17.04,False,False,4,,False
355911000,BRILLIANT ACE,PAN,jamnagar_vadinar_feb2026,2026-01-26 02:00:00+00:00,2026-01-27 09:00:00+00:00,31.0,32,1.0,22.66,69.72969,0.994,ordinary,flagged_facility,Vadinar terminal / Nayara refinery (EU+UK sanctioned),14.71,False,False,4,,False
477124500,UNION PEACE,HKG,jamnagar_vadinar_feb2026,2026-02-05 09:00:00+00:00,2026-02-06 16:00:00+00:00,31.0,32,1.0,22.56125,69.76406,3.224,ordinary,flagged_facility,Vadinar terminal / Nayara refinery (EU+UK sanctioned),11.78,False,False,4,,False
538005320,ST. MARY,MHL,jamnagar_vadinar_feb2026,2026-01-23 17:00:00+00:00,2026-01-25 00:00:00+00:00,31.0,32,1.0,22.50094,69.83875,3.635,ordinary,flagged_facility,Jamnagar (Sikka) marine terminal,14.53,False,False,4,,False
538005631,MANASAROVAR,MHL,jamnagar_vadinar_feb2026,2026-02-05 04:00:00+00:00,2026-02-06 11:00:00+00:00,31.0,32,1.0,22.67,69.74375,0.641,ordinary,flagged_facility,Vadinar terminal / Nayara refinery (EU+UK sanctioned),16.45,False,False,4,,False
538008332,YANNIS P.,MHL,jamnagar_vadinar_feb2026,2026-01-21 05:00:00+00:00,2026-01-22 12:00:00+00:00,31.0,32,1.0,22.67906,69.62594,4.186,ordinary,flagged_facility,Vadinar terminal / Nayara refinery (EU+UK sanctioned),14.56,False,False,4,,False
538008381,V. ADVANCE,MHL,jamnagar_vadinar_feb2026,2026-02-04 16:00:00+00:00,2026-02-05 23:00:00+00:00,31.0,32,1.0,22.52437,69.68688,0.943,ordinary,flagged_facility,Vadinar terminal / Nayara refinery (EU+UK sanctioned),4.74,False,False,4,,False
538011717,ADVANTAGE SERENITY,MHL,jamnagar_vadinar_feb2026,2026-01-28 12:00:00+00:00,2026-01-29 19:00:00+00:00,31.0,32,1.0,22.58,69.83469,0.545,ordinary,flagged_facility,Vadinar terminal / Nayara refinery (EU+UK sanctioned),19.26,False,False,4,,False
613471210,MAGNUS,CMR,jamnagar_vadinar_feb2026,2026-01-31 04:00:00+00:00,2026-02-01 11:00:00+00:00,31.0,32,1.0,22.50031,69.65969,1.467,ordinary,flagged_facility,Vadinar terminal / Nayara refinery (EU+UK sanctioned),5.61,False,False,4,,False
636015252,FPMC P HERO,LBR,jamnagar_vadinar_feb2026,2026-02-14 07:00:00+00:00,2026-02-15 14:00:00+00:00,31.0,32,1.0,22.57969,69.835,1.193,ordinary,flagged_facility,Vadinar terminal / Nayara refinery (EU+UK sanctioned),19.28,False,False,4,,False
636025667,ULYSSES I,LBR,jamnagar_vadinar_feb2026,2026-01-29 18:00:00+00:00,2026-01-31 01:00:00+00:00,31.0,32,1.0,22.50031,69.83968,1.466,ordinary,flagged_facility,Jamnagar (Sikka) marine terminal,14.57,False,False,4,,False
229134000,HOUSTON,MLT,jamnagar_vadinar_feb2026,2026-01-23 05:00:00+00:00,2026-01-24 11:00:00+00:00,30.0,31,1.0,22.56,69.76484,0.53,ordinary,flagged_facility,Vadinar terminal / Nayara refinery (EU+UK sanctioned),11.85,False,False,4,,False
319287200,BELLATRIX,CYM,jamnagar_vadinar_feb2026,2026-02-13 06:00:00+00:00,2026-02-14 12:00:00+00:00,30.0,31,1.0,22.58968,69.86258,4.502,ordinary,flagged_facility,Vadinar terminal / Nayara refinery (EU+UK sanctioned),22.27,False,False,4,,False
352006069,HOKKAIDO,PAN,jamnagar_vadinar_feb2026,2026-02-07 00:00:00+00:00,2026-02-08 06:00:00+00:00,30.0,31,1.0,22.50065,69.83903,3.678,ordinary,flagged_facility,Jamnagar (Sikka) marine terminal,14.54,False,False,4,,False
412705880,XIN LONG YUN 86,CHN,jamnagar_vadinar_feb2026,2026-02-10 14:00:00+00:00,2026-02-11 20:00:00+00:00,30.0,31,1.0,22.69258,69.77032,3.222,ordinary,flagged_facility,Vadinar terminal / Nayara refinery (EU+UK sanctioned),20.1,False,False,4,,False
538011659,DHT CHINA,MHL,jamnagar_vadinar_feb2026,2026-02-04 03:00:00+00:00,2026-02-05 09:00:00+00:00,30.0,31,1.0,22.61065,69.83484,2.209,ordinary,flagged_facility,Vadinar terminal / Nayara refinery (EU+UK sanctioned),20.14,False,False,4,,False
566762000,MARITIME POLARIS,SGP,jamnagar_vadinar_feb2026,2026-02-02 21:00:00+00:00,2026-02-04 03:00:00+00:00,30.0,31,1.0,22.49,69.84,0.0,ordinary,flagged_facility,Jamnagar (Sikka) marine terminal,14.02,False,False,4,,False
636019153,CLEAROCEAN APOLLON,LBR,jamnagar_vadinar_feb2026,2026-02-12 10:00:00+00:00,2026-02-13 16:00:00+00:00,30.0,31,1.0,22.58129,69.83613,4.953,ordinary,flagged_facility,Vadinar terminal / Nayara refinery (EU+UK sanctioned),19.43,False,False,4,,False
636021032,KITSOS,LBR,jamnagar_vadinar_feb2026,2026-02-12 05:00:00+00:00,2026-02-13 11:00:00+00:00,30.0,31,1.0,22.61032,69.83129,3.387,ordinary,flagged_facility,Vadinar terminal / Nayara refinery (EU+UK sanctioned),19.78,False,False,4,,False
241964000,AEGEAN WINNER,GRC,jamnagar_vadinar_feb2026,2026-01-26 04:00:00+00:00,2026-01-27 09:00:00+00:00,29.0,30,1.0,22.58067,69.83167,4.402,ordinary,flagged_facility,Vadinar terminal / Nayara refinery (EU+UK sanctioned),18.96,False,False,4,,False
352003984,NORD VICTOR,PAN,jamnagar_vadinar_feb2026,2026-02-03 16:00:00+00:00,2026-02-04 21:00:00+00:00,29.0,30,1.0,22.5,69.84,0.0,ordinary,flagged_facility,Jamnagar (Sikka) marine terminal,14.58,False,False,4,,False
636019100,OLAF,LBR,jamnagar_vadinar_feb2026,2026-01-24 15:00:00+00:00,2026-01-25 20:00:00+00:00,29.0,30,1.0,22.50067,69.83933,2.926,ordinary,flagged_facility,Jamnagar (Sikka) marine terminal,14.56,False,False,4,,False
636019763,RESILIENT WARRIOR,LBR,jamnagar_vadinar_feb2026,2026-02-12 05:00:00+00:00,2026-02-13 10:00:00+00:00,29.0,30,1.0,22.563,69.76367,4.131,ordinary,flagged_facility,Vadinar terminal / Nayara refinery (EU+UK sanctioned),11.76,False,False,4,,False
636021146,STARWAY,LBR,jamnagar_vadinar_feb2026,2026-02-01 12:00:00+00:00,2026-02-02 17:00:00+00:00,29.0,30,1.0,22.56,69.76467,0.547,ordinary,flagged_facility,Vadinar terminal / Nayara refinery (EU+UK sanctioned),11.83,False,False,4,,False
667002270,SAPNA,SLE,jamnagar_vadinar_feb2026,2026-02-06 04:00:00+00:00,2026-02-07 09:00:00+00:00,29.0,30,1.0,22.5,69.66,0.0,ordinary,flagged_facility,Vadinar terminal / Nayara refinery (EU+UK sanctioned),5.65,False,False,4,,False
352003690,HAKKAISAN,PAN,jamnagar_vadinar_feb2026,2026-02-14 04:00:00+00:00,2026-02-15 08:00:00+00:00,28.0,29,1.0,22.61103,69.83345,3.575,ordinary,flagged_facility,Vadinar terminal / Nayara refinery (EU+UK sanctioned),20.02,False,False,4,,False
550071140,BLUE,,jamnagar_vadinar_feb2026,2026-01-22 03:00:00+00:00,2026-01-23 07:00:00+00:00,28.0,29,1.0,22.5,69.66,0.0,ordinary,flagged_facility,Vadinar terminal / Nayara refinery (EU+UK sanctioned),5.65,False,False,4,,False
563128800,MARITIME GRACIOUS,SGP,jamnagar_vadinar_feb2026,2026-02-15 19:00:00+00:00,2026-02-16 23:00:00+00:00,28.0,29,1.0,22.50034,69.83965,1.461,ordinary,flagged_facility,Jamnagar (Sikka) marine terminal,14.57,False,False,4,,False
563180100,ALORA,SGP,jamnagar_vadinar_feb2026,2026-02-09 03:00:00+00:00,2026-02-10 07:00:00+00:00,28.0,29,1.0,22.59,69.86414,3.505,ordinary,flagged_facility,Vadinar terminal / Nayara refinery (EU+UK sanctioned),22.43,False,False,4,,False
636021297,KALAMOS,LBR,jamnagar_vadinar_feb2026,2026-02-10 09:00:00+00:00,2026-02-11 13:00:00+00:00,28.0,29,1.0,22.61138,69.83517,3.284,ordinary,flagged_facility,Vadinar terminal / Nayara refinery (EU+UK sanctioned),20.2,False,False,4,,False
311000663,AFRICAN TOUCAN,BHS,jamnagar_vadinar_feb2026,2026-02-06 02:00:00+00:00,2026-02-07 05:00:00+00:00,27.0,28,1.0,22.65,69.72,0.0,ordinary,flagged_facility,Vadinar terminal / Nayara refinery (EU+UK sanctioned),13.24,False,False,4,,False
319297100,SAIPH,CYM,jamnagar_vadinar_feb2026,2026-02-11 01:00:00+00:00,2026-02-12 04:00:00+00:00,27.0,28,1.0,22.49179,69.83785,4.996,ordinary,flagged_facility,Jamnagar (Sikka) marine terminal,13.92,False,False,4,,False
352005959,KMTC MOMBASA,PAN,jamnagar_vadinar_feb2026,2026-01-23 04:00:00+00:00,2026-01-24 07:00:00+00:00,27.0,28,1.0,22.67179,69.72,0.913,ordinary,flagged_facility,Vadinar terminal / Nayara refinery (EU+UK sanctioned),15.33,False,False,4,,False
440274000,UNIVERSAL WINNER,KOR,jamnagar_vadinar_feb2026,2026-02-07 08:00:00+00:00,2026-02-08 11:00:00+00:00,27.0,28,1.0,22.55821,69.7175,4.982,ordinary,flagged_facility,Vadinar terminal / Nayara refinery (EU+UK sanctioned),6.99,False,False,4,,False
461000235,CAVALIER,OMN,jamnagar_vadinar_feb2026,2026-02-12 08:00:00+00:00,2026-02-13 11:00:00+00:00,27.0,28,1.0,22.50286,69.65786,4.923,ordinary,flagged_facility,Vadinar terminal / Nayara refinery (EU+UK sanctioned),5.3,False,False,4,,False
538011828,DHT EUROPE,MHL,jamnagar_vadinar_feb2026,2026-01-20 00:00:00+00:00,2026-01-21 03:00:00+00:00,27.0,28,1.0,22.63143,69.62107,0.959,ordinary,flagged_facility,Vadinar terminal / Nayara refinery (EU+UK sanctioned),9.53,False,False,4,,False
548989000,EVA TRUST,PHL,jamnagar_vadinar_feb2026,2026-01-20 00:00:00+00:00,2026-01-21 03:00:00+00:00,27.0,28,1.0,22.49036,69.84928,2.253,ordinary,flagged_facility,Jamnagar (Sikka) marine terminal,14.88,False,False,4,,False
352001448,MEISSA,PAN,jamnagar_vadinar_feb2026,2026-02-01 06:00:00+00:00,2026-02-02 08:00:00+00:00,26.0,27,1.0,22.59,69.86482,0.532,ordinary,flagged_facility,Vadinar terminal / Nayara refinery (EU+UK sanctioned),22.5,False,False,4,,False
352002098,NORD VIRAGE,PAN,jamnagar_vadinar_feb2026,2026-02-12 11:00:00+00:00,2026-02-13 13:00:00+00:00,26.0,27,1.0,22.65111,69.73,3.212,ordinary,flagged_facility,Vadinar terminal / Nayara refinery (EU+UK sanctioned),13.92,False,False,4,,False
352002786,SAGAR1,PAN,jamnagar_vadinar_feb2026,2026-01-29 02:00:00+00:00,2026-01-30 04:00:00+00:00,26.0,27,1.0,22.5663,69.69852,4.13,ordinary,flagged_facility,Vadinar terminal / Nayara refinery (EU+UK sanctioned),5.3,False,False,4,,False
352004436,CELESTIAL,PAN,jamnagar_vadinar_feb2026,2026-01-23 04:00:00+00:00,2026-01-24 06:00:00+00:00,26.0,27,1.0,22.5,69.60222,2.853,ordinary,flagged_facility,Vadinar terminal / Nayara refinery (EU+UK sanctioned),7.42,False,False,4,,False
352005520,KAI 1,PAN,jamnagar_vadinar_feb2026,2026-02-11 18:00:00+00:00,2026-02-12 20:00:00+00:00,26.0,27,1.0,22.67889,69.65408,3.522,ordinary,flagged_facility,Vadinar terminal / Nayara refinery (EU+UK sanctioned),14.34,False,False,4,,False
356818000,GULF SUNRISE,PAN,jamnagar_vadinar_feb2026,2026-02-05 22:00:00+00:00,2026-02-07 00:00:00+00:00,26.0,27,1.0,22.61037,69.83481,1.179,ordinary,flagged_facility,Vadinar terminal / Nayara refinery (EU+UK sanctioned),20.13,False,False,4,,False
538005967,ZY GALAXY,MHL,jamnagar_vadinar_feb2026,2026-01-29 02:00:00+00:00,2026-01-30 04:00:00+00:00,26.0,27,1.0,22.53,69.75,0.0,ordinary,flagged_facility,Vadinar terminal / Nayara refinery (EU+UK sanctioned),10.51,False,False,4,,False
538011983,JAG PRIYA,MHL,jamnagar_vadinar_feb2026,2026-01-30 02:00:00+00:00,2026-01-31 04:00:00+00:00,26.0,27,1.0,22.59222,69.86482,4.23,ordinary,flagged_facility,Vadinar terminal / Nayara refinery (EU+UK sanctioned),22.55,False,False,4,,False
563068400,HAFNIA DESPINA,SGP,jamnagar_vadinar_feb2026,2026-01-22 02:00:00+00:00,2026-01-23 04:00:00+00:00,26.0,27,1.0,22.58,69.83407,1.445,ordinary,flagged_facility,Vadinar terminal / Nayara refinery (EU+UK sanctioned),19.19,False,False,4,,False
566737000,MARITIME EQUATOR,SGP,jamnagar_vadinar_feb2026,2026-02-08 05:00:00+00:00,2026-02-09 07:00:00+00:00,26.0,27,1.0,22.49,69.84,0.0,ordinary,flagged_facility,Jamnagar (Sikka) marine terminal,14.02,False,False,4,,False
255806255,ESL OMAN,PRT,jamnagar_vadinar_feb2026,2026-01-20 09:00:00+00:00,2026-01-21 10:00:00+00:00,25.0,26,1.0,22.67308,69.72885,4.722,ordinary,flagged_facility,Vadinar terminal / Nayara refinery (EU+UK sanctioned),15.9,False,False,4,,False
352001448,MEISSA,PAN,jamnagar_vadinar_feb2026,2026-02-11 04:00:00+00:00,2026-02-12 05:00:00+00:00,25.0,26,1.0,22.59,69.86462,0.553,ordinary,flagged_facility,Vadinar terminal / Nayara refinery (EU+UK sanctioned),22.48,False,False,4,,False
414850000,ZHONG GU GUI YANG,CHN,jamnagar_vadinar_feb2026,2026-01-27 09:00:00+00:00,2026-01-28 10:00:00+00:00,25.0,26,1.0,22.68,69.73231,0.789,ordinary,flagged_facility,Vadinar terminal / Nayara refinery (EU+UK sanctioned),16.74,False,False,4,,False
441854000,KOREA CHEMI,KOR,jamnagar_vadinar_feb2026,2026-01-22 10:00:00+00:00,2026-01-23 11:00:00+00:00,25.0,26,1.0,22.66538,69.75846,4.803,ordinary,flagged_facility,Vadinar terminal / Nayara refinery (EU+UK sanctioned),16.99,False,False,4,,False
538003851,UACC MARAH,MHL,jamnagar_vadinar_feb2026,2026-02-15 06:00:00+00:00,2026-02-16 07:00:00+00:00,25.0,26,1.0,22.49115,69.83884,4.367,ordinary,flagged_facility,Jamnagar (Sikka) marine terminal,13.98,False,False,4,,False
538008582,ECO JOSHUA PARK,MHL,jamnagar_vadinar_feb2026,2026-02-15 03:00:00+00:00,2026-02-16 04:00:00+00:00,25.0,26,1.0,22.59,69.86539,0.553,ordinary,flagged_facility,Vadinar terminal / Nayara refinery (EU+UK sanctioned),22.56,False,False,4,,False
550071125,FINA A,,jamnagar_vadinar_feb2026,2026-01-24 07:00:00+00:00,2026-01-25 08:00:00+00:00,25.0,26,1.0,22.55962,69.66039,1.455,ordinary,flagged_facility,Vadinar terminal / Nayara refinery (EU+UK sanctioned),1.51,False,False,4,,False
564430000,PHOENIX VIGOR,SGP,jamnagar_vadinar_feb2026,2026-02-09 07:00:00+00:00,2026-02-10 08:00:00+00:00,25.0,26,1.0,22.61038,69.83423,1.81,ordinary,flagged_facility,Vadinar terminal / Nayara refinery (EU+UK sanctioned),20.07,False,False,4,,False
566304000,MARITIME NORDIC,SGP,jamnagar_vadinar_feb2026,2026-01-22 23:00:00+00:00,2026-01-24 00:00:00+00:00,25.0,26,1.0,22.49038,69.84,1.069,ordinary,flagged_facility,Jamnagar (Sikka) marine terminal,14.04,False,False,4,,False
566312000,MARITIME KELLY ANNE,SGP,jamnagar_vadinar_feb2026,2026-02-14 01:00:00+00:00,2026-02-15 02:00:00+00:00,25.0,26,1.0,22.49077,69.83961,2.355,ordinary,flagged_facility,Jamnagar (Sikka) marine terminal,14.03,False,False,4,,False
566387000,HAN YI,SGP,jamnagar_vadinar_feb2026,2026-02-06 17:00:00+00:00,2026-02-07 18:00:00+00:00,25.0,26,1.0,22.65769,69.73654,3.36,ordinary,flagged_facility,Vadinar terminal / Nayara refinery (EU+UK sanctioned),14.91,False,False,4,,False
636019637,LILAC RAY,LBR,jamnagar_vadinar_feb2026,2026-01-21 04:00:00+00:00,2026-01-22 05:00:00+00:00,25.0,26,1.0,22.49154,69.84846,4.309,ordinary,flagged_facility,Jamnagar (Sikka) marine terminal,14.87,False,False,4,,False
219027923,TORM INDIA,DNK,jamnagar_vadinar_feb2026,2026-02-04 10:00:00+00:00,2026-02-05 10:00:00+00:00,24.0,25,1.0,22.4904,69.84,1.067,ordinary,flagged_facility,Jamnagar (Sikka) marine terminal,14.04,False,False,4,,False
229717000,CAPTAIN JOHN,MLT,jamnagar_vadinar_feb2026,2026-02-05 03:00:00+00:00,2026-02-06 03:00:00+00:00,24.0,25,1.0,22.58,69.8348,0.534,ordinary,flagged_facility,Vadinar terminal / Nayara refinery (EU+UK sanctioned),19.27,False,False,4,,False
319297200,MINTAKA,CYM,jamnagar_vadinar_feb2026,2026-01-26 08:00:00+00:00,2026-01-27 08:00:00+00:00,24.0,25,1.0,22.4912,69.8392,2.874,ordinary,flagged_facility,Jamnagar (Sikka) marine terminal,14.01,False,False,4,,False
352004436,CELESTIAL,PAN,jamnagar_vadinar_feb2026,2026-02-05 06:00:00+00:00,2026-02-06 06:00:00+00:00,24.0,25,1.0,22.56,69.62,0.0,ordinary,flagged_facility,Vadinar terminal / Nayara refinery (EU+UK sanctioned),3.28,False,False,4,,False
352004827,SAND,PAN,jamnagar_vadinar_feb2026,2026-01-20 11:00:00+00:00,2026-01-21 11:00:00+00:00,24.0,25,1.0,22.5908,69.81,2.135,ordinary,flagged_facility,Vadinar terminal / Nayara refinery (EU+UK sanctioned),17.04,False,False,4,,False
563183800,LOBIVIA,SGP,jamnagar_vadinar_feb2026,2026-02-08 01:00:00+00:00,2026-02-09 01:00:00+00:00,24.0,25,1.0,22.6508,69.7256,2.211,ordinary,flagged_facility,Vadinar terminal / Nayara refinery (EU+UK sanctioned),13.63,False,False,4,,False
636021032,KITSOS,LBR,jamnagar_vadinar_feb2026,2026-02-11 04:00:00+00:00,2026-02-12 04:00:00+00:00,24.0,25,1.0,22.57,69.7848,1.52,ordinary,flagged_facility,Vadinar terminal / Nayara refinery (EU+UK sanctioned),14.02,False,False,4,,False
636022898,MARETA,LBR,jamnagar_vadinar_feb2026,2026-01-20 09:00:00+00:00,2026-01-21 09:00:00+00:00,24.0,25,1.0,22.5008,69.8388,3.648,ordinary,flagged_facility,Jamnagar (Sikka) marine terminal,14.53,False,False,4,,False
636025209,TIANLONG,LBR,jamnagar_vadinar_feb2026,2026-02-03 08:00:00+00:00,2026-02-04 08:00:00+00:00,24.0,25,1.0,22.6768,69.6256,4.351,ordinary,flagged_facility,Vadinar terminal / Nayara refinery (EU+UK sanctioned),14.32,False,False,4,,False
219027923,TORM INDIA,DNK,jamnagar_vadinar_feb2026,2026-02-03 06:00:00+00:00,2026-02-04 05:00:00+00:00,23.0,24,1.0,22.59167,69.86417,4.562,ordinary,flagged_facility,Vadinar terminal / Nayara refinery (EU+UK sanctioned),22.47,False,False,4,,False
441661000,CNC RICH,KOR,jamnagar_vadinar_feb2026,2026-02-08 07:00:00+00:00,2026-02-09 06:00:00+00:00,23.0,24,1.0,22.5,69.84,0.0,ordinary,flagged_facility,Jamnagar (Sikka) marine terminal,14.58,False,False,4,,False
538004722,MAGIC VICTORIA,MHL,jamnagar_vadinar_feb2026,2026-01-20 04:00:00+00:00,2026-01-21 03:00:00+00:00,23.0,24,1.0,22.58208,69.83667,4.849,ordinary,flagged_facility,Vadinar terminal / Nayara refinery (EU+UK sanctioned),19.5,False,False,4,,False
566762000,MARITIME POLARIS,SGP,jamnagar_vadinar_feb2026,2026-01-21 17:00:00+00:00,2026-01-22 16:00:00+00:00,23.0,24,1.0,22.49125,69.83875,4.352,ordinary,flagged_facility,Jamnagar (Sikka) marine terminal,13.97,False,False,4,,False
1651,,,jamnagar_vadinar_feb2026,2026-02-08 19:00:00+00:00,2026-02-09 17:00:00+00:00,22.0,9,0.391,22.56,69.76444,0.57,ordinary,flagged_facility,Vadinar terminal / Nayara refinery (EU+UK sanctioned),11.8,False,False,4,,False
354600000,BRIGHT PIONEER,PAN,jamnagar_vadinar_feb2026,2026-01-25 10:00:00+00:00,2026-01-26 08:00:00+00:00,22.0,23,1.0,22.55522,69.60261,1.811,ordinary,flagged_facility,Vadinar terminal / Nayara refinery (EU+UK sanctioned),4.9,False,False,4,,False
356818000,GULF SUNRISE,PAN,jamnagar_vadinar_feb2026,2026-02-02 10:00:00+00:00,2026-02-03 08:00:00+00:00,22.0,23,1.0,22.59217,69.80522,3.719,ordinary,flagged_facility,Vadinar terminal / Nayara refinery (EU+UK sanctioned),16.61,False,False,4,,False
538005320,ST. MARY,MHL,jamnagar_vadinar_feb2026,2026-01-22 04:00:00+00:00,2026-01-23 02:00:00+00:00,22.0,23,1.0,22.58957,69.86435,2.501,ordinary,flagged_facility,Vadinar terminal / Nayara refinery (EU+UK sanctioned),22.44,False,False,4,,False
538011064,MARLA ROYALTY,MHL,jamnagar_vadinar_feb2026,2026-02-11 14:00:00+00:00,2026-02-12 12:00:00+00:00,22.0,23,1.0,22.6713,69.72478,2.147,ordinary,flagged_facility,Vadinar terminal / Nayara refinery (EU+UK sanctioned),15.52,False,False,4,,False
667001584,GARUDA,SLE,jamnagar_vadinar_feb2026,2026-01-22 05:00:00+00:00,2026-01-23 03:00:00+00:00,22.0,23,1.0,22.50913,69.60783,3.931,ordinary,flagged_facility,Vadinar terminal / Nayara refinery (EU+UK sanctioned),6.28,False,False,4,,False
241502000,MINERVA KALYPSO,GRC,jamnagar_vadinar_feb2026,2026-02-15 09:00:00+00:00,2026-02-16 06:00:00+00:00,21.0,22,1.0,22.61,69.82591,4.713,ordinary,flagged_facility,Vadinar terminal / Nayara refinery (EU+UK sanctioned),19.25,False,False,4,,False
477759700,HEDWIG SCHULTE,HKG,jamnagar_vadinar_feb2026,2026-02-08 08:00:00+00:00,2026-02-09 05:00:00+00:00,21.0,22,1.0,22.67,69.72364,0.653,ordinary,flagged_facility,Vadinar terminal / Nayara refinery (EU+UK sanctioned),15.34,False,False,4,,False
538010329,ROYAL JASMINE,MHL,jamnagar_vadinar_feb2026,2026-02-16 02:00:00+00:00,2026-02-16 23:00:00+00:00,21.0,22,1.0,22.49045,69.84,1.061,ordinary,flagged_facility,Jamnagar (Sikka) marine terminal,14.04,False,False,4,,False
538011659,DHT CHINA,MHL,jamnagar_vadinar_feb2026,2026-02-03 05:00:00+00:00,2026-02-04 02:00:00+00:00,21.0,22,1.0,22.57318,69.78909,3.674,ordinary,flagged_facility,Vadinar terminal / Nayara refinery (EU+UK sanctioned),14.51,False,False,4,,False
563256700,NAVIG8 MARTINEZ,SGP,jamnagar_vadinar_feb2026,2026-02-02 10:00:00+00:00,2026-02-03 07:00:00+00:00,21.0,22,1.0,22.59045,69.86273,1.308,ordinary,flagged_facility,Vadinar terminal / Nayara refinery (EU+UK sanctioned),22.3,False,False,4,,False
566312000,MARITIME KELLY ANNE,SGP,jamnagar_vadinar_feb2026,2026-02-06 10:00:00+00:00,2026-02-07 07:00:00+00:00,21.0,22,1.0,22.49182,69.83863,2.784,ordinary,flagged_facility,Jamnagar (Sikka) marine terminal,13.99,False,False,4,,False
373334000,NORD COPENHAGEN,PAN,jamnagar_vadinar_feb2026,2026-02-08 23:00:00+00:00,2026-02-09 19:00:00+00:00,20.0,21,1.0,22.65952,69.71905,2.922,ordinary,flagged_facility,Vadinar terminal / Nayara refinery (EU+UK sanctioned),14.09,False,False,4,,False
440247000,JEIL CRYSTAL,KOR,jamnagar_vadinar_feb2026,2026-01-22 03:00:00+00:00,2026-01-22 23:00:00+00:00,20.0,21,1.0,22.67048,69.73809,2.856,ordinary,flagged_facility,Vadinar terminal / Nayara refinery (EU+UK sanctioned),16.16,False,False,4,,False
271051022,NARA,TUR,jamnagar_vadinar_feb2026,2026-02-15 15:00:00+00:00,2026-02-16 10:00:00+00:00,19.0,20,1.0,22.679,69.7295,2.113,ordinary,flagged_facility,Vadinar terminal / Nayara refinery (EU+UK sanctioned),16.5,False,False,4,,False
352003690,HAKKAISAN,PAN,jamnagar_vadinar_feb2026,2026-02-13 08:00:00+00:00,2026-02-14 03:00:00+00:00,19.0,20,1.0,22.592,69.807,3.419,ordinary,flagged_facility,Vadinar terminal / Nayara refinery (EU+UK sanctioned),16.78,False,False,4,,False
352005925,SOUTHERN RESONANCE,PAN,jamnagar_vadinar_feb2026,2026-02-16 04:00:00+00:00,2026-02-16 23:00:00+00:00,19.0,20,1.0,22.581,69.837,3.993,ordinary,flagged_facility,Vadinar terminal / Nayara refinery (EU+UK sanctioned),19.51,False,False,4,,False
563080600,PHOENIX JAMNAGAR,SGP,jamnagar_vadinar_feb2026,2026-02-14 22:00:00+00:00,2026-02-15 17:00:00+00:00,19.0,20,1.0,22.591,69.8085,2.42,ordinary,flagged_facility,Vadinar terminal / Nayara refinery (EU+UK sanctioned),16.9,False,False,4,,False
563253100,ALEXANDER SCHULTE,SGP,jamnagar_vadinar_feb2026,2026-01-24 12:00:00+00:00,2026-01-25 07:00:00+00:00,19.0,20,1.0,22.3905,69.61,1.056,ordinary,flagged_facility,Jamnagar (Sikka) marine terminal,12.13,False,False,4,,False
564977000,PM CROWN,SGP,jamnagar_vadinar_feb2026,2026-01-23 11:00:00+00:00,2026-01-24 06:00:00+00:00,19.0,20,1.0,22.58,69.832,4.312,ordinary,flagged_facility,Vadinar terminal / Nayara refinery (EU+UK sanctioned),18.98,False,False,4,,False
636021297,KALAMOS,LBR,jamnagar_vadinar_feb2026,2026-02-06 10:00:00+00:00,2026-02-07 05:00:00+00:00,19.0,20,1.0,22.57,69.785,0.514,ordinary,flagged_facility,Vadinar terminal / Nayara refinery (EU+UK sanctioned),14.04,False,False,4,,False
319297100,SAIPH,CYM,jamnagar_vadinar_feb2026,2026-02-12 09:00:00+00:00,2026-02-13 03:00:00+00:00,18.0,19,1.0,22.59,69.86526,0.54,ordinary,flagged_facility,Vadinar terminal / Nayara refinery (EU+UK sanctioned),22.55,False,False,4,,False
356376000,TRIUMPH OCEAN,PAN,jamnagar_vadinar_feb2026,2026-01-20 00:00:00+00:00,2026-01-20 18:00:00+00:00,18.0,19,1.0,22.66,69.75,0.0,ordinary,flagged_facility,Vadinar terminal / Nayara refinery (EU+UK sanctioned),15.97,False,False,4,,False
636021408,MSC FIE X,LBR,jamnagar_vadinar_feb2026,2026-01-21 19:00:00+00:00,2026-01-22 13:00:00+00:00,18.0,19,1.0,22.67421,69.72632,0.914,ordinary,flagged_facility,Vadinar terminal / Nayara refinery (EU+UK sanctioned),15.88,False,False,4,,False
319297200,MINTAKA,CYM,jamnagar_vadinar_feb2026,2026-01-27 11:00:00+00:00,2026-01-28 04:00:00+00:00,17.0,18,1.0,22.59,69.86445,1.483,ordinary,flagged_facility,Vadinar terminal / Nayara refinery (EU+UK sanctioned),22.46,False,False,4,,False
353188000,KURUSHIMA,PAN,jamnagar_vadinar_feb2026,2026-02-05 00:00:00+00:00,2026-02-05 17:00:00+00:00,17.0,18,1.0,22.65056,69.73167,3.698,ordinary,flagged_facility,Vadinar terminal / Nayara refinery (EU+UK sanctioned),13.98,False,False,4,,False
371604000,ROSE M,PAN,jamnagar_vadinar_feb2026,2026-02-03 10:00:00+00:00,2026-02-04 03:00:00+00:00,17.0,17,0.944,22.50588,69.60588,3.925,ordinary,flagged_facility,Vadinar terminal / Nayara refinery (EU+UK sanctioned),6.68,False,False,4,,False
538003851,UACC MARAH,MHL,jamnagar_vadinar_feb2026,2026-02-13 12:00:00+00:00,2026-02-14 05:00:00+00:00,17.0,18,1.0,22.5,69.84,0.0,ordinary,flagged_facility,Jamnagar (Sikka) marine terminal,14.58,False,False,4,,False
564430000,PHOENIX VIGOR,SGP,jamnagar_vadinar_feb2026,2026-02-11 08:00:00+00:00,2026-02-12 01:00:00+00:00,17.0,18,1.0,22.59,69.81,1.027,ordinary,flagged_facility,Vadinar terminal / Nayara refinery (EU+UK sanctioned),17.02,False,False,4,,False
566312000,MARITIME KELLY ANNE,SGP,jamnagar_vadinar_feb2026,2026-01-29 00:00:00+00:00,2026-01-29 17:00:00+00:00,17.0,18,1.0,22.49,69.84,0.0,ordinary,flagged_facility,Jamnagar (Sikka) marine terminal,14.02,False,False,4,,False
566737000,MARITIME EQUATOR,SGP,jamnagar_vadinar_feb2026,2026-02-07 11:00:00+00:00,2026-02-08 04:00:00+00:00,17.0,18,1.0,22.49167,69.83777,4.998,ordinary,flagged_facility,Jamnagar (Sikka) marine terminal,13.91,False,False,4,,False
636022828,UNIVERSAL FRONTIER,LBR,jamnagar_vadinar_feb2026,2026-01-28 10:00:00+00:00,2026-01-29 03:00:00+00:00,17.0,18,1.0,22.56056,69.76278,2.564,ordinary,flagged_facility,Vadinar terminal / Nayara refinery (EU+UK sanctioned),11.64,False,False,4,,False
271042805,YASA H.MEHMET,TUR,jamnagar_vadinar_feb2026,2026-02-16 07:00:00+00:00,2026-02-16 23:00:00+00:00,16.0,17,1.0,22.39,69.61,0.0,ordinary,flagged_facility,Jamnagar (Sikka) marine terminal,12.15,False,False,4,,False
440274000,UNIVERSAL WINNER,KOR,jamnagar_vadinar_feb2026,2026-02-08 12:00:00+00:00,2026-02-09 04:00:00+00:00,16.0,17,1.0,22.52765,69.70529,1.009,ordinary,flagged_facility,Vadinar terminal / Nayara refinery (EU+UK sanctioned),6.2,False,False,4,,False
563842000,X-PRESS KARAKORAM,SGP,jamnagar_vadinar_feb2026,2026-02-11 06:00:00+00:00,2026-02-11 22:00:00+00:00,16.0,17,1.0,22.66,69.71,0.0,ordinary,flagged_facility,Vadinar terminal / Nayara refinery (EU+UK sanctioned),13.69,False,False,4,,False
241485000,PRUDENT WARRIOR,GRC,jamnagar_vadinar_feb2026,2026-02-16 08:00:00+00:00,2026-02-16 23:00:00+00:00,15.0,16,1.0,22.595,69.80687,4.26,ordinary,flagged_facility,Vadinar terminal / Nayara refinery (EU+UK sanctioned),16.87,False,False,4,,False
354021000,LOA PEACE,PAN,jamnagar_vadinar_feb2026,2026-02-13 15:00:00+00:00,2026-02-14 06:00:00+00:00,15.0,16,1.0,22.65812,69.73937,2.016,ordinary,flagged_facility,Vadinar terminal / Nayara refinery (EU+UK sanctioned),15.12,False,False,4,,False
538009601,CELSIUS NAIROBI,MHL,jamnagar_vadinar_feb2026,2026-01-26 18:00:00+00:00,2026-01-27 09:00:00+00:00,15.0,16,1.0,22.67,69.72,0.0,ordinary,flagged_facility,Vadinar terminal / Nayara refinery (EU+UK sanctioned),15.16,False,False,4,,False
563189200,PROPEL GRACE,SGP,jamnagar_vadinar_feb2026,2026-01-21 10:00:00+00:00,2026-01-22 01:00:00+00:00,15.0,16,1.0,22.64,69.71,0.0,ordinary,flagged_facility,Vadinar terminal / Nayara refinery (EU+UK sanctioned),11.75,False,False,4,,False
613419901,WALRUS,CMR,jamnagar_vadinar_feb2026,2026-02-09 11:00:00+00:00,2026-02-10 02:00:00+00:00,15.0,16,1.0,22.56813,69.645,3.169,ordinary,flagged_facility,Vadinar terminal / Nayara refinery (EU+UK sanctioned),2.08,False,False,4,,False
352003744,NILE,PAN,jamnagar_vadinar_feb2026,2026-01-23 08:00:00+00:00,2026-01-23 22:00:00+00:00,14.0,15,1.0,22.526,69.61,4.999,ordinary,flagged_facility,Vadinar terminal / Nayara refinery (EU+UK sanctioned),4.9,False,False,4,,False
538004279,D&K YUSUF I.ALGHANIM,MHL,jamnagar_vadinar_feb2026,2026-01-20 00:00:00+00:00,2026-01-20 14:00:00+00:00,14.0,15,1.0,22.5,69.84,0.0,ordinary,flagged_facility,Jamnagar (Sikka) marine terminal,14.58,False,False,4,,False
563080600,PHOENIX JAMNAGAR,SGP,jamnagar_vadinar_feb2026,2026-02-14 07:00:00+00:00,2026-02-14 21:00:00+00:00,14.0,15,1.0,22.59533,69.80467,4.997,ordinary,flagged_facility,Vadinar terminal / Nayara refinery (EU+UK sanctioned),16.66,False,False,4,,False
667001270,ASTRAL,SLE,jamnagar_vadinar_feb2026,2026-02-13 12:00:00+00:00,2026-02-14 02:00:00+00:00,14.0,15,1.0,22.55133,69.66067,2.373,ordinary,flagged_facility,Vadinar terminal / Nayara refinery (EU+UK sanctioned),1.11,False,False,4,,False
1651,,,jamnagar_vadinar_feb2026,2026-02-07 19:00:00+00:00,2026-02-08 08:00:00+00:00,13.0,5,0.357,22.56,69.762,0.821,ordinary,flagged_facility,Vadinar terminal / Nayara refinery (EU+UK sanctioned),11.55,False,False,4,,False
370229000,VALENTINE,PAN,jamnagar_vadinar_feb2026,2026-01-31 19:00:00+00:00,2026-02-01 08:00:00+00:00,13.0,14,1.0,22.52786,69.75143,3.638,ordinary,flagged_facility,Vadinar terminal / Nayara refinery (EU+UK sanctioned),10.7,False,False,4,,False
371604000,ROSE M,PAN,jamnagar_vadinar_feb2026,2026-02-06 00:00:00+00:00,2026-02-06 13:00:00+00:00,13.0,14,1.0,22.57,69.63,0.0,ordinary,flagged_facility,Vadinar terminal / Nayara refinery (EU+UK sanctioned),3.03,False,False,4,,False
538005631,MANASAROVAR,MHL,jamnagar_vadinar_feb2026,2026-02-04 14:00:00+00:00,2026-02-05 03:00:00+00:00,13.0,14,1.0,22.66643,69.73928,4.989,ordinary,flagged_facility,Vadinar terminal / Nayara refinery (EU+UK sanctioned),15.86,False,False,4,,False
538011015,TS KEELUNG,MHL,jamnagar_vadinar_feb2026,2026-02-16 10:00:00+00:00,2026-02-16 23:00:00+00:00,13.0,14,1.0,22.64,69.71429,1.466,ordinary,flagged_facility,Vadinar terminal / Nayara refinery (EU+UK sanctioned),11.99,False,False,4,,False
538011357,FENJA BULKER,MHL,jamnagar_vadinar_feb2026,2026-02-04 13:00:00+00:00,2026-02-05 02:00:00+00:00,13.0,14,1.0,22.66,69.71,0.0,ordinary,flagged_facility,Vadinar terminal / Nayara refinery (EU+UK sanctioned),13.69,False,False,4,,False
636020498,MSC YOKOHAMA,LBR,jamnagar_vadinar_feb2026,2026-01-24 21:00:00+00:00,2026-01-25 10:00:00+00:00,13.0,14,1.0,22.63786,69.62,4.112,ordinary,flagged_facility,Vadinar terminal / Nayara refinery (EU+UK sanctioned),10.24,False,False,4,,False
667001611,BAI LU,SLE,jamnagar_vadinar_feb2026,2026-01-22 20:00:00+00:00,2026-01-23 09:00:00+00:00,13.0,14,1.0,22.55643,69.67,2.939,ordinary,flagged_facility,Vadinar terminal / Nayara refinery (EU+UK sanctioned),2.17,False,False,4,,False
352003552,XIANG YU,PAN,jamnagar_vadinar_feb2026,2026-02-13 04:00:00+00:00,2026-02-13 16:00:00+00:00,12.0,13,1.0,22.66,69.71539,4.931,ordinary,flagged_facility,Vadinar terminal / Nayara refinery (EU+UK sanctioned),13.95,False,False,4,,False
352004353,SUNNY 72,PAN,jamnagar_vadinar_feb2026,2026-02-11 19:00:00+00:00,2026-02-12 07:00:00+00:00,12.0,13,1.0,22.65462,69.72846,2.953,ordinary,flagged_facility,Vadinar terminal / Nayara refinery (EU+UK sanctioned),14.15,False,False,4,,False
412706000,YUAN LAN WAN,CHN,jamnagar_vadinar_feb2026,2026-02-16 11:00:00+00:00,2026-02-16 23:00:00+00:00,12.0,13,1.0,22.59,69.86539,0.553,ordinary,flagged_facility,Vadinar terminal / Nayara refinery (EU+UK sanctioned),22.56,False,False,4,,False
413572220,HUA CHUANG 66,CHN,jamnagar_vadinar_feb2026,2026-02-16 01:00:00+00:00,2026-02-16 13:00:00+00:00,12.0,13,1.0,22.65231,69.70077,3.222,ordinary,flagged_facility,Vadinar terminal / Nayara refinery (EU+UK sanctioned),12.51,False,False,4,,False
477652200,COSGOLD LAKE,HKG,jamnagar_vadinar_feb2026,2026-01-24 01:00:00+00:00,2026-01-24 13:00:00+00:00,12.0,13,1.0,22.60846,69.82769,4.985,ordinary,flagged_facility,Vadinar terminal / Nayara refinery (EU+UK sanctioned),19.37,False,False,4,,False
636025209,TIANLONG,LBR,jamnagar_vadinar_feb2026,2026-02-02 19:00:00+00:00,2026-02-03 07:00:00+00:00,12.0,13,1.0,22.64077,69.62385,4.876,ordinary,flagged_facility,Vadinar terminal / Nayara refinery (EU+UK sanctioned),10.44,False,False,4,,False
667002240,BULLAR,SLE,jamnagar_vadinar_feb2026,2026-02-16 02:00:00+00:00,2026-02-16 14:00:00+00:00,12.0,13,1.0,22.50615,69.66,4.983,ordinary,flagged_facility,Vadinar terminal / Nayara refinery (EU+UK sanctioned),4.98,False,False,4,,False
271040635,VIVIEN A,TUR,jamnagar_vadinar_feb2026,2026-02-09 06:00:00+00:00,2026-02-09 17:00:00+00:00,11.0,12,1.0,22.67167,69.72667,4.468,ordinary,flagged_facility,Vadinar terminal / Nayara refinery (EU+UK sanctioned),15.65,False,False,4,,False
352005520,KAI 1,PAN,jamnagar_vadinar_feb2026,2026-02-11 06:00:00+00:00,2026-02-11 17:00:00+00:00,11.0,12,1.0,22.66333,69.65,4.927,ordinary,flagged_facility,Vadinar terminal / Nayara refinery (EU+UK sanctioned),12.6,False,False,4,,False
356818000,GULF SUNRISE,PAN,jamnagar_vadinar_feb2026,2026-02-05 10:00:00+00:00,2026-02-05 21:00:00+00:00,11.0,12,1.0,22.61,69.82667,4.918,ordinary,flagged_facility,Vadinar terminal / Nayara refinery (EU+UK sanctioned),19.33,False,False,4,,False
636020910,KONRAD,LBR,jamnagar_vadinar_feb2026,2026-02-06 00:00:00+00:00,2026-02-06 11:00:00+00:00,11.0,12,1.0,22.64,69.71,0.0,ordinary,flagged_facility,Vadinar terminal / Nayara refinery (EU+UK sanctioned),11.75,False,False,4,,False
636023194,DELTA  MARINER,LBR,jamnagar_vadinar_feb2026,2026-01-20 00:00:00+00:00,2026-01-20 11:00:00+00:00,11.0,12,1.0,22.56,69.7625,1.284,ordinary,flagged_facility,Vadinar terminal / Nayara refinery (EU+UK sanctioned),11.61,False,False,4,,False
271042805,YASA H.MEHMET,TUR,jamnagar_vadinar_feb2026,2026-02-15 20:00:00+00:00,2026-02-16 06:00:00+00:00,10.0,11,1.0,22.52727,69.54546,3.245,ordinary,flagged_facility,Vadinar terminal / Nayara refinery (EU+UK sanctioned),11.03,False,False,4,,False
352003254,AN HAI,PAN,jamnagar_vadinar_feb2026,2026-02-05 09:00:00+00:00,2026-02-05 19:00:00+00:00,10.0,11,1.0,22.64,69.71,0.0,ordinary,flagged_facility,Vadinar terminal / Nayara refinery (EU+UK sanctioned),11.75,False,False,4,,False
352004577,GAS FATE,PAN,jamnagar_vadinar_feb2026,2026-01-27 17:00:00+00:00,2026-01-28 03:00:00+00:00,10.0,11,1.0,22.51909,69.75091,1.376,ordinary,flagged_facility,Jamnagar (Sikka) marine terminal,10.4,False,False,4,,False
417222419,M V VAKRATUNDA,LKA,jamnagar_vadinar_feb2026,2026-02-04 00:00:00+00:00,2026-02-04 10:00:00+00:00,10.0,11,1.0,22.43182,69.81818,2.753,ordinary,flagged_facility,Jamnagar (Sikka) marine terminal,10.09,False,False,4,,False
538009642,LEGIO X EQUESTRIS,MHL,jamnagar_vadinar_feb2026,2026-02-07 00:00:00+00:00,2026-02-07 10:00:00+00:00,10.0,11,1.0,22.61364,69.82727,4.904,ordinary,flagged_facility,Vadinar terminal / Nayara refinery (EU+UK sanctioned),19.53,False,False,4,,False
650000263,TEMPEST DREAM,MOZ,jamnagar_vadinar_feb2026,2026-02-06 15:00:00+00:00,2026-02-07 01:00:00+00:00,10.0,11,1.0,22.51,69.61818,3.954,ordinary,flagged_facility,Vadinar terminal / Nayara refinery (EU+UK sanctioned),5.52,False,False,4,,False
249076000,CMA CGM PASSION,MLT,jamnagar_vadinar_feb2026,2026-02-02 10:00:00+00:00,2026-02-02 19:00:00+00:00,9.0,10,1.0,22.662,69.741,2.941,ordinary,flagged_facility,Vadinar terminal / Nayara refinery (EU+UK sanctioned),15.57,False,False,4,,False
352004353,SUNNY 72,PAN,jamnagar_vadinar_feb2026,2026-01-30 16:00:00+00:00,2026-01-31 01:00:00+00:00,9.0,10,1.0,22.67,69.73,0.0,ordinary,flagged_facility,Vadinar terminal / Nayara refinery (EU+UK sanctioned),15.67,False,False,4,,False
511101791,WEST HORIZON,PLW,jamnagar_vadinar_feb2026,2026-01-20 00:00:00+00:00,2026-01-20 09:00:00+00:00,9.0,10,1.0,22.45,69.67,0.0,ordinary,flagged_facility,Jamnagar (Sikka) marine terminal,5.6,False,False,4,,False
550071125,FINA A,,jamnagar_vadinar_feb2026,2026-01-23 21:00:00+00:00,2026-01-24 06:00:00+00:00,9.0,10,1.0,22.567,69.653,4.994,ordinary,flagged_facility,Vadinar terminal / Nayara refinery (EU+UK sanctioned),1.92,False,False,4,,False
566304000,MARITIME NORDIC,SGP,jamnagar_vadinar_feb2026,2026-02-16 14:00:00+00:00,2026-02-16 23:00:00+00:00,9.0,10,1.0,22.492,69.839,2.205,ordinary,flagged_facility,Jamnagar (Sikka) marine terminal,14.04,False,False,4,,False
613419901,WALRUS,CMR,jamnagar_vadinar_feb2026,2026-02-11 22:00:00+00:00,2026-02-12 07:00:00+00:00,9.0,10,1.0,22.542,69.604,1.082,ordinary,flagged_facility,Vadinar terminal / Nayara refinery (EU+UK sanctioned),4.81,False,False,4,,False
636019743,PLATA CARRIER,LBR,jamnagar_vadinar_feb2026,2026-01-20 00:00:00+00:00,2026-01-20 09:00:00+00:00,9.0,10,1.0,22.592,69.81,2.002,ordinary,flagged_facility,Vadinar terminal / Nayara refinery (EU+UK sanctioned),17.08,False,False,4,,False
636021460,SOUTHERN ANOA,LBR,jamnagar_vadinar_feb2026,2026-01-22 02:00:00+00:00,2026-01-22 11:00:00+00:00,9.0,10,1.0,22.654,69.57,4.896,ordinary,flagged_facility,Vadinar terminal / Nayara refinery (EU+UK sanctioned),14.18,False,False,4,,False
636022800,JACOB OLDENDORFF,LBR,jamnagar_vadinar_feb2026,2026-02-10 17:00:00+00:00,2026-02-11 02:00:00+00:00,9.0,10,1.0,22.661,69.729,1.362,ordinary,flagged_facility,Vadinar terminal / Nayara refinery (EU+UK sanctioned),14.77,False,False,4,,False
256292000,CMACGM VILA DO CONDE,MLT,jamnagar_vadinar_feb2026,2026-02-15 11:00:00+00:00,2026-02-15 19:00:00+00:00,8.0,9,1.0,22.68889,69.75,4.221,ordinary,flagged_facility,Vadinar terminal / Nayara refinery (EU+UK sanctioned),18.54,False,False,4,,False
352004909,PURITY,PAN,jamnagar_vadinar_feb2026,2026-02-13 06:00:00+00:00,2026-02-13 14:00:00+00:00,8.0,9,1.0,22.64444,69.70333,4.954,ordinary,flagged_facility,Vadinar terminal / Nayara refinery (EU+UK sanctioned),11.84,False,False,4,,False
550071125,FINA A,,jamnagar_vadinar_feb2026,2026-01-27 02:00:00+00:00,2026-01-27 10:00:00+00:00,8.0,9,1.0,22.54778,69.60444,2.542,ordinary,flagged_facility,Vadinar terminal / Nayara refinery (EU+UK sanctioned),4.69,False,False,4,,False
550750132,SUN,,jamnagar_vadinar_feb2026,2026-02-16 10:00:00+00:00,2026-02-16 18:00:00+00:00,8.0,9,1.0,22.52889,69.68778,1.761,ordinary,flagged_facility,Vadinar terminal / Nayara refinery (EU+UK sanctioned),4.53,False,False,4,,False
563080600,PHOENIX JAMNAGAR,SGP,jamnagar_vadinar_feb2026,2026-02-16 09:00:00+00:00,2026-02-16 17:00:00+00:00,8.0,9,1.0,22.61556,69.82778,4.929,ordinary,flagged_facility,Vadinar terminal / Nayara refinery (EU+UK sanctioned),19.65,False,False,4,,False
636023600,TB QUANZHOU,LBR,jamnagar_vadinar_feb2026,2026-02-01 18:00:00+00:00,2026-02-02 02:00:00+00:00,8.0,7,0.778,22.64429,69.72572,4.944,ordinary,flagged_facility,Vadinar terminal / Nayara refinery (EU+UK sanctioned),13.05,False,False,4,,False
667002240,BULLAR,SLE,jamnagar_vadinar_feb2026,2026-02-16 15:00:00+00:00,2026-02-16 23:00:00+00:00,8.0,9,1.0,22.5,69.66,0.0,ordinary,flagged_facility,Vadinar terminal / Nayara refinery (EU+UK sanctioned),5.65,False,False,4,,False
215225000,CMA CGM CENTAURUS,MLT,jamnagar_vadinar_feb2026,2026-01-31 18:00:00+00:00,2026-02-01 01:00:00+00:00,7.0,8,1.0,22.68,69.73,3.026,ordinary,flagged_facility,Vadinar terminal / Nayara refinery (EU+UK sanctioned),16.62,False,False,4,,False
352004577,GAS FATE,PAN,jamnagar_vadinar_feb2026,2026-01-27 09:00:00+00:00,2026-01-27 16:00:00+00:00,7.0,8,1.0,22.5275,69.7425,4.919,ordinary,flagged_facility,Vadinar terminal / Nayara refinery (EU+UK sanctioned),9.82,False,False,4,,False
352005381,DARIKA,PAN,jamnagar_vadinar_feb2026,2026-02-15 13:00:00+00:00,2026-02-15 20:00:00+00:00,7.0,8,1.0,22.56,69.62875,0.898,ordinary,flagged_facility,Vadinar terminal / Nayara refinery (EU+UK sanctioned),2.45,False,False,4,,False
414676000,ZHONG GU HANG ZHOU,CHN,jamnagar_vadinar_feb2026,2026-01-29 17:00:00+00:00,2026-01-30 00:00:00+00:00,7.0,8,1.0,22.65375,69.72625,4.082,ordinary,flagged_facility,Vadinar terminal / Nayara refinery (EU+UK sanctioned),13.94,False,False,4,,False
477027300,FENG XIU HAI,HKG,jamnagar_vadinar_feb2026,2026-02-02 18:00:00+00:00,2026-02-03 01:00:00+00:00,7.0,8,1.0,22.66,69.71,2.224,ordinary,flagged_facility,Vadinar terminal / Nayara refinery (EU+UK sanctioned),13.69,False,False,4,,False
538011659,DHT CHINA,MHL,jamnagar_vadinar_feb2026,2026-02-01 22:00:00+00:00,2026-02-02 05:00:00+00:00,7.0,8,1.0,22.64,69.855,4.618,ordinary,flagged_facility,Vadinar terminal / Nayara refinery (EU+UK sanctioned),23.3,False,False,4,,False
667001708,JALDHARA,SLE,jamnagar_vadinar_feb2026,2026-01-20 00:00:00+00:00,2026-01-20 07:00:00+00:00,7.0,8,1.0,22.555,69.6175,4.526,ordinary,flagged_facility,Vadinar terminal / Nayara refinery (EU+UK sanctioned),3.38,False,False,4,,False
667002017,ELYTE,SLE,jamnagar_vadinar_feb2026,2026-02-09 08:00:00+00:00,2026-02-09 15:00:00+00:00,7.0,6,0.75,22.50333,69.66167,2.041,ordinary,flagged_facility,Vadinar terminal / Nayara refinery (EU+UK sanctioned),5.33,False,False,4,,False
667002344,KAPITAN SHCHETININA,SLE,jamnagar_vadinar_feb2026,2026-02-07 10:00:00+00:00,2026-02-07 17:00:00+00:00,7.0,8,1.0,22.66625,69.71875,3.755,ordinary,flagged_facility,Vadinar terminal / Nayara refinery (EU+UK sanctioned),14.73,False,False,4,,False
352005381,DARIKA,PAN,jamnagar_vadinar_feb2026,2026-01-24 07:00:00+00:00,2026-01-24 13:00:00+00:00,6.0,7,1.0,22.55714,69.62286,4.195,ordinary,flagged_facility,Vadinar terminal / Nayara refinery (EU+UK sanctioned),2.9,False,False,4,,False
352005520,KAI 1,PAN,jamnagar_vadinar_feb2026,2026-02-12 21:00:00+00:00,2026-02-13 03:00:00+00:00,6.0,7,1.0,22.63429,69.62286,4.444,ordinary,flagged_facility,Vadinar terminal / Nayara refinery (EU+UK sanctioned),9.78,False,False,4,,False
357413000,EVER BRACE,PAN,jamnagar_vadinar_feb2026,2026-02-09 23:00:00+00:00,2026-02-10 05:00:00+00:00,6.0,7,1.0,22.66143,69.71572,2.805,ordinary,flagged_facility,Vadinar terminal / Nayara refinery (EU+UK sanctioned),14.11,False,False,4,,False
410000039,,BTN,jamnagar_vadinar_feb2026,2026-01-30 21:00:00+00:00,2026-01-31 03:00:00+00:00,6.0,2,0.286,22.44,69.8,0.0,ordinary,flagged_facility,Jamnagar (Sikka) marine terminal,8.3,False,False,4,,False
413133000,XIN CHANG SHU,CHN,jamnagar_vadinar_feb2026,2026-02-12 01:00:00+00:00,2026-02-12 07:00:00+00:00,6.0,7,1.0,22.65714,69.74,4.256,ordinary,flagged_facility,Vadinar terminal / Nayara refinery (EU+UK sanctioned),15.08,False,False,4,,False
563190800,PRABHU PARVATI,SGP,jamnagar_vadinar_feb2026,2026-02-05 17:00:00+00:00,2026-02-05 23:00:00+00:00,6.0,7,1.0,22.67,69.72,0.0,ordinary,flagged_facility,Vadinar terminal / Nayara refinery (EU+UK sanctioned),15.16,False,False,4,,False
636019077,CORDOBA,LBR,jamnagar_vadinar_feb2026,2026-02-16 17:00:00+00:00,2026-02-16 23:00:00+00:00,6.0,7,1.0,22.5,69.84,0.0,ordinary,flagged_facility,Jamnagar (Sikka) marine terminal,14.58,False,False,4,,False
636021146,STARWAY,LBR,jamnagar_vadinar_feb2026,2026-02-01 05:00:00+00:00,2026-02-01 11:00:00+00:00,6.0,7,1.0,22.57857,69.73572,4.862,ordinary,flagged_facility,Vadinar terminal / Nayara refinery (EU+UK sanctioned),9.36,False,False,4,,False
419001804,TULSI SAGAR,IND,jamnagar_vadinar_feb2026,2026-01-20 00:00:00+00:00,2026-02-16 23:00:00+00:00,671.0,672,1.0,22.58839,70.06165,1.267,prolonged,open_water,Jamnagar (Sikka) marine terminal,39.27,True,False,3,,False
441661000,CNC RICH,KOR,jamnagar_vadinar_feb2026,2026-02-01 07:00:00+00:00,2026-02-08 04:00:00+00:00,165.0,166,1.0,22.64006,69.93976,4.227,extended,open_water,Vadinar terminal / Nayara refinery (EU+UK sanctioned),31.39,False,False,3,,False
352001837,GRAND STAR,PAN,jamnagar_vadinar_feb2026,2026-02-03 11:00:00+00:00,2026-02-09 18:00:00+00:00,151.0,152,1.0,22.64,70.04,0.0,extended,open_water,Jamnagar (Sikka) marine terminal,40.32,False,False,3,,False
477345400,DAISY OCEAN,HKG,jamnagar_vadinar_feb2026,2026-01-20 23:00:00+00:00,2026-01-27 06:00:00+00:00,151.0,152,1.0,22.6427,70.0054,0.983,extended,open_water,Jamnagar (Sikka) marine terminal,37.66,False,False,3,,False
241502000,MINERVA KALYPSO,GRC,jamnagar_vadinar_feb2026,2026-02-09 12:00:00+00:00,2026-02-15 08:00:00+00:00,140.0,141,1.0,22.67021,69.92965,3.23,extended,open_water,Vadinar terminal / Nayara refinery (EU+UK sanctioned),31.67,False,False,3,,False
314124000,MEDWAY SPIRIT,BRB,jamnagar_vadinar_feb2026,2026-01-20 00:00:00+00:00,2026-01-25 20:00:00+00:00,140.0,141,1.0,22.65,70.07277,2.336,extended,open_water,Jamnagar (Sikka) marine terminal,43.72,False,False,3,,False
319297200,MINTAKA,CYM,jamnagar_vadinar_feb2026,2026-01-20 15:00:00+00:00,2026-01-26 04:00:00+00:00,133.0,134,1.0,22.65,69.97,0.0,extended,open_water,Vadinar terminal / Nayara refinery (EU+UK sanctioned),34.68,False,False,3,,False
255915754,DARIA,PRT,jamnagar_vadinar_feb2026,2026-01-20 00:00:00+00:00,2026-01-25 12:00:00+00:00,132.0,133,1.0,22.66,70.04,0.0,extended,open_water,Jamnagar (Sikka) marine terminal,41.64,False,False,3,,False
477067400,XIN HAI TONG 8,HKG,jamnagar_vadinar_feb2026,2026-02-11 18:00:00+00:00,2026-02-16 23:00:00+00:00,125.0,126,1.0,22.65008,70.03992,1.501,extended,open_water,Jamnagar (Sikka) marine terminal,40.97,False,False,3,,False
319287300,BETELGEUSE,CYM,jamnagar_vadinar_feb2026,2026-02-02 04:00:00+00:00,2026-02-07 08:00:00+00:00,124.0,125,1.0,22.65,69.95344,2.405,extended,open_water,Vadinar terminal / Nayara refinery (EU+UK sanctioned),33.08,False,False,3,,False
352001740,ELVITA R,PAN,jamnagar_vadinar_feb2026,2026-02-11 20:00:00+00:00,2026-02-16 23:00:00+00:00,123.0,124,1.0,22.65895,70.05452,1.098,extended,open_water,Jamnagar (Sikka) marine terminal,42.76,False,False,3,,False
419826328,MT GAUTAM  PAWAN,IND,jamnagar_vadinar_feb2026,2026-02-11 15:00:00+00:00,2026-02-16 14:00:00+00:00,119.0,114,0.95,22.68035,70.05027,2.402,extended,open_water,Vadinar terminal / Nayara refinery (EU+UK sanctioned),43.57,False,False,3,,False
538011933,SKY BLUE,MHL,jamnagar_vadinar_feb2026,2026-02-08 04:00:00+00:00,2026-02-13 00:00:00+00:00,116.0,117,1.0,22.65009,69.95572,2.861,extended,open_water,Vadinar terminal / Nayara refinery (EU+UK sanctioned),33.3,False,False,3,,False
354971000,OCEAN NOBILITY,PAN,jamnagar_vadinar_feb2026,2026-02-05 08:00:00+00:00,2026-02-10 03:00:00+00:00,115.0,98,0.845,22.67,69.94,0.0,extended,open_water,Vadinar terminal / Nayara refinery (EU+UK sanctioned),32.62,False,False,3,,False
538010329,ROYAL JASMINE,MHL,jamnagar_vadinar_feb2026,2026-02-11 08:00:00+00:00,2026-02-15 23:00:00+00:00,111.0,112,1.0,22.63,69.91982,2.034,extended,open_water,Vadinar terminal / Nayara refinery (EU+UK sanctioned),29.09,False,False,3,,False
370646000,BAY YASU,PAN,jamnagar_vadinar_feb2026,2026-01-26 02:00:00+00:00,2026-01-30 14:00:00+00:00,108.0,109,1.0,22.63,69.92963,4.068,extended,open_water,Vadinar terminal / Nayara refinery (EU+UK sanctioned),30.05,False,False,3,,False
419991639,MT. SHIVANI II,IND,jamnagar_vadinar_feb2026,2026-02-12 12:00:00+00:00,2026-02-16 23:00:00+00:00,107.0,108,1.0,22.58,70.05,0.0,extended,open_water,Jamnagar (Sikka) marine terminal,37.78,False,False,3,,False
419001805,VRAJ SAGAR,IND,jamnagar_vadinar_feb2026,2026-01-20 00:00:00+00:00,2026-01-24 10:00:00+00:00,106.0,107,1.0,22.5871,70.0671,1.075,extended,open_water,Jamnagar (Sikka) marine terminal,39.7,False,False,3,,False
636021460,SOUTHERN ANOA,LBR,jamnagar_vadinar_feb2026,2026-02-10 07:00:00+00:00,2026-02-14 15:00:00+00:00,104.0,105,1.0,22.6401,69.93972,3.242,extended,open_water,Vadinar terminal / Nayara refinery (EU+UK sanctioned),31.38,False,False,3,,False
419991639,MT. SHIVANI II,IND,jamnagar_vadinar_feb2026,2026-01-30 09:00:00+00:00,2026-02-03 10:00:00+00:00,97.0,98,1.0,22.57918,70.04939,3.807,extended,open_water,Jamnagar (Sikka) marine terminal,37.68,False,False,3,,False
419826328,MT GAUTAM  PAWAN,IND,jamnagar_vadinar_feb2026,2026-02-05 03:00:00+00:00,2026-02-09 03:00:00+00:00,96.0,97,1.0,22.62938,70.0332,3.42,extended,open_water,Jamnagar (Sikka) marine terminal,39.07,False,False,3,,False
538005300,FLAGSHIP SAGE,MHL,jamnagar_vadinar_feb2026,2026-01-28 11:00:00+00:00,2026-02-01 11:00:00+00:00,96.0,97,1.0,22.63,69.92,0.0,extended,open_water,Vadinar terminal / Nayara refinery (EU+UK sanctioned),29.11,False,False,3,,False
636024695,MC GAEA,LBR,jamnagar_vadinar_feb2026,2026-01-20 08:00:00+00:00,2026-01-24 03:00:00+00:00,91.0,92,1.0,22.64467,69.91533,0.806,extended,open_water,Vadinar terminal / Nayara refinery (EU+UK sanctioned),29.2,False,False,3,,False
419991639,MT. SHIVANI II,IND,jamnagar_vadinar_feb2026,2026-01-21 07:00:00+00:00,2026-01-25 00:00:00+00:00,89.0,90,1.0,22.58033,70.04989,1.479,extended,open_water,Jamnagar (Sikka) marine terminal,37.79,False,False,3,,False
352005425,SINFA,PAN,jamnagar_vadinar_feb2026,2026-02-13 08:00:00+00:00,2026-02-16 23:00:00+00:00,87.0,88,1.0,22.65102,69.92989,1.021,extended,open_water,Vadinar terminal / Nayara refinery (EU+UK sanctioned),30.85,False,False,3,,False
229717000,CAPTAIN JOHN,MLT,jamnagar_vadinar_feb2026,2026-02-01 11:00:00+00:00,2026-02-04 22:00:00+00:00,83.0,84,1.0,22.6519,69.92976,2.039,extended,open_water,Vadinar terminal / Nayara refinery (EU+UK sanctioned),30.87,False,False,3,,False
538004722,MAGIC VICTORIA,MHL,jamnagar_vadinar_feb2026,2026-02-13 17:00:00+00:00,2026-02-16 23:00:00+00:00,78.0,79,1.0,22.65013,69.95544,1.193,extended,open_water,Vadinar terminal / Nayara refinery (EU+UK sanctioned),33.27,False,False,3,,False
636024460,VENUS MOON,LBR,jamnagar_vadinar_feb2026,2026-02-03 01:00:00+00:00,2026-02-06 07:00:00+00:00,78.0,79,1.0,22.66,69.96962,3.039,extended,open_water,Vadinar terminal / Nayara refinery (EU+UK sanctioned),35.02,False,False,3,,False
538009642,LEGIO X EQUESTRIS,MHL,jamnagar_vadinar_feb2026,2026-02-03 18:00:00+00:00,2026-02-06 23:00:00+00:00,77.0,78,1.0,22.65051,69.90077,3.158,extended,open_water,Vadinar terminal / Nayara refinery (EU+UK sanctioned),28.06,False,False,3,,False
564977000,PM CROWN,SGP,jamnagar_vadinar_feb2026,2026-01-20 00:00:00+00:00,2026-01-23 04:00:00+00:00,76.0,77,1.0,22.64,69.95,0.0,extended,open_water,Vadinar terminal / Nayara refinery (EU+UK sanctioned),32.38,False,False,3,,False
566312000,MARITIME KELLY ANNE,SGP,jamnagar_vadinar_feb2026,2026-01-25 17:00:00+00:00,2026-01-28 21:00:00+00:00,76.0,77,1.0,22.62013,69.89974,2.305,extended,open_water,Vadinar terminal / Nayara refinery (EU+UK sanctioned),26.8,False,False,3,,False
419009000,M.T.BLOSSOM,IND,jamnagar_vadinar_feb2026,2026-01-30 23:00:00+00:00,2026-02-03 01:00:00+00:00,74.0,75,1.0,22.62013,69.90974,2.304,extended,open_water,Vadinar terminal / Nayara refinery (EU+UK sanctioned),27.78,False,False,3,,False
419991639,MT. SHIVANI II,IND,jamnagar_vadinar_feb2026,2026-01-27 06:00:00+00:00,2026-01-30 06:00:00+00:00,72.0,73,1.0,22.56,70.03575,2.662,extended,open_water,Jamnagar (Sikka) marine terminal,35.51,False,False,3,,False
525121076,SAVIR TIGER,IDN,jamnagar_vadinar_feb2026,2026-02-09 06:00:00+00:00,2026-02-12 06:00:00+00:00,72.0,73,1.0,22.64055,69.91562,2.831,extended,open_water,Vadinar terminal / Nayara refinery (EU+UK sanctioned),29.07,False,False,3,,False
636021297,KALAMOS,LBR,jamnagar_vadinar_feb2026,2026-02-07 08:00:00+00:00,2026-02-10 08:00:00+00:00,72.0,73,1.0,22.67986,69.95041,4.288,extended,open_water,Vadinar terminal / Nayara refinery (EU+UK sanctioned),34.05,False,False,3,,False
419041600,AKSHIP 8,IND,jamnagar_vadinar_feb2026,2026-02-03 14:00:00+00:00,2026-02-06 12:00:00+00:00,70.0,71,1.0,22.65789,70.01507,3.704,extended,open_water,Vadinar terminal / Nayara refinery (EU+UK sanctioned),39.35,False,False,3,,False
636021146,STARWAY,LBR,jamnagar_vadinar_feb2026,2026-02-02 20:00:00+00:00,2026-02-05 16:00:00+00:00,68.0,69,1.0,22.69,69.96391,0.625,extended,open_water,Vadinar terminal / Nayara refinery (EU+UK sanctioned),35.78,False,False,3,,False
566762000,MARITIME POLARIS,SGP,jamnagar_vadinar_feb2026,2026-02-09 13:00:00+00:00,2026-02-12 08:00:00+00:00,67.0,68,1.0,22.62015,69.91662,2.027,extended,open_water,Vadinar terminal / Nayara refinery (EU+UK sanctioned),28.46,False,False,3,,False
538012067,GH CHRISTIE,MHL,jamnagar_vadinar_feb2026,2026-02-06 16:00:00+00:00,2026-02-09 08:00:00+00:00,64.0,65,1.0,22.66954,69.93,4.239,extended,open_water,Vadinar terminal / Nayara refinery (EU+UK sanctioned),31.67,False,False,3,,False
219625000,NORD VOLANTE,DNK,jamnagar_vadinar_feb2026,2026-02-14 08:00:00+00:00,2026-02-16 23:00:00+00:00,63.0,64,1.0,22.65,69.96906,0.93,extended,open_water,Vadinar terminal / Nayara refinery (EU+UK sanctioned),34.59,False,False,3,,False
241485000,PRUDENT WARRIOR,GRC,jamnagar_vadinar_feb2026,2026-02-13 17:00:00+00:00,2026-02-16 07:00:00+00:00,62.0,63,1.0,22.64444,69.91476,2.299,extended,open_water,Vadinar terminal / Nayara refinery (EU+UK sanctioned),29.14,False,False,3,,False
538006514,OLYMPIC SEA,MHL,jamnagar_vadinar_feb2026,2026-02-06 21:00:00+00:00,2026-02-09 07:00:00+00:00,58.0,59,1.0,22.67356,69.96458,3.619,extended,open_water,Vadinar terminal / Nayara refinery (EU+UK sanctioned),35.09,False,False,3,,False
215091000,MERAPI,MLT,jamnagar_vadinar_feb2026,2026-02-07 13:00:00+00:00,2026-02-09 22:00:00+00:00,57.0,58,1.0,22.64,69.94982,1.008,extended,open_water,Vadinar terminal / Nayara refinery (EU+UK sanctioned),32.37,False,False,3,,False
566312000,MARITIME KELLY ANNE,SGP,jamnagar_vadinar_feb2026,2026-02-11 13:00:00+00:00,2026-02-13 22:00:00+00:00,57.0,58,1.0,22.63,69.93,0.0,extended,open_water,Vadinar terminal / Nayara refinery (EU+UK sanctioned),30.09,False,False,3,,False
419001455,M.T. RADHA,IND,jamnagar_vadinar_feb2026,2026-01-27 12:00:00+00:00,2026-01-29 18:00:00+00:00,54.0,55,1.0,22.69018,70.07,1.092,extended,open_water,Vadinar terminal / Nayara refinery (EU+UK sanctioned),45.84,False,False,3,,False
419004400,SANGITA,IND,jamnagar_vadinar_feb2026,2026-02-04 06:00:00+00:00,2026-02-06 12:00:00+00:00,54.0,55,1.0,22.66564,70.01255,4.3,extended,open_water,Vadinar terminal / Nayara refinery (EU+UK sanctioned),39.37,False,False,3,,False
419002032,SEA  PRESTIGE,IND,jamnagar_vadinar_feb2026,2026-02-04 06:00:00+00:00,2026-02-06 11:00:00+00:00,53.0,54,1.0,22.6663,70.01315,4.302,extended,open_water,Vadinar terminal / Nayara refinery (EU+UK sanctioned),39.46,False,False,3,,False
215736000,M/T MADEIRO,MLT,jamnagar_vadinar_feb2026,2026-01-20 00:00:00+00:00,2026-01-22 03:00:00+00:00,51.0,52,1.0,22.62,69.91,0.0,extended,open_water,Vadinar terminal / Nayara refinery (EU+UK sanctioned),27.81,False,False,3,,False
353337000,ABAN II,PAN,jamnagar_vadinar_feb2026,2026-02-04 06:00:00+00:00,2026-02-06 09:00:00+00:00,51.0,52,1.0,22.66654,70.0125,4.996,extended,open_water,Vadinar terminal / Nayara refinery (EU+UK sanctioned),39.4,False,False,3,,False
419956678,UNIGLORY,IND,jamnagar_vadinar_feb2026,2026-02-02 03:00:00+00:00,2026-02-04 06:00:00+00:00,51.0,49,0.942,22.7,70.0651,0.523,extended,open_water,Vadinar terminal / Nayara refinery (EU+UK sanctioned),45.75,False,False,3,,False
219027923,TORM INDIA,DNK,jamnagar_vadinar_feb2026,2026-02-01 03:00:00+00:00,2026-02-03 05:00:00+00:00,50.0,51,1.0,22.64,69.94941,3.018,extended,open_water,Vadinar terminal / Nayara refinery (EU+UK sanctioned),32.33,False,False,3,,False
636017335,CHEM BARCELONA,LBR,jamnagar_vadinar_feb2026,2026-02-10 23:00:00+00:00,2026-02-13 00:00:00+00:00,49.0,50,1.0,22.651,69.97,3.384,extended,open_water,Vadinar terminal / Nayara refinery (EU+UK sanctioned),34.72,False,False,3,,False
419001286,TUG KB XI,IND,jamnagar_vadinar_feb2026,2026-02-03 03:00:00+00:00,2026-02-05 03:00:00+00:00,48.0,49,1.0,22.51918,69.69837,4.441,ordinary,flagged_facility,Vadinar terminal / Nayara refinery (EU+UK sanctioned),6.04,False,True,3,,False
419033600,RELTUG ELEVEN,IND,jamnagar_vadinar_feb2026,2026-02-13 17:00:00+00:00,2026-02-15 17:00:00+00:00,48.0,49,1.0,22.49143,69.84816,2.783,ordinary,flagged_facility,Jamnagar (Sikka) marine terminal,14.84,False,True,3,,False
419033900,REL SAGAR,IND,jamnagar_vadinar_feb2026,2026-01-26 11:00:00+00:00,2026-01-28 11:00:00+00:00,48.0,49,1.0,22.51061,69.8,3.268,ordinary,flagged_facility,Jamnagar (Sikka) marine terminal,12.16,False,True,3,,False
419093600,KAIVAN,IND,jamnagar_vadinar_feb2026,2026-02-10 04:00:00+00:00,2026-02-12 04:00:00+00:00,48.0,49,1.0,22.48531,69.69,4.97,ordinary,flagged_facility,Jamnagar (Sikka) marine terminal,6.88,False,True,3,,False
419293000,RELTUG 7,IND,jamnagar_vadinar_feb2026,2026-02-06 08:00:00+00:00,2026-02-08 08:00:00+00:00,48.0,49,1.0,22.57918,69.83551,4.25,ordinary,flagged_facility,Vadinar terminal / Nayara refinery (EU+UK sanctioned),19.32,False,True,3,,False
419956787,DAWN II,IND,jamnagar_vadinar_feb2026,2026-02-13 22:00:00+00:00,2026-02-15 22:00:00+00:00,48.0,49,1.0,22.5651,69.84143,4.995,ordinary,flagged_facility,Jamnagar (Sikka) marine terminal,19.53,False,True,3,,False
419001390,KNK ASHIMA,IND,jamnagar_vadinar_feb2026,2026-02-07 05:00:00+00:00,2026-02-09 04:00:00+00:00,47.0,48,1.0,22.52417,69.68563,0.869,ordinary,flagged_facility,Vadinar terminal / Nayara refinery (EU+UK sanctioned),4.65,False,True,3,,False
419000912,VAILANKANNI,IND,jamnagar_vadinar_feb2026,2026-02-12 19:00:00+00:00,2026-02-14 17:00:00+00:00,46.0,47,1.0,22.55,69.60042,2.011,ordinary,flagged_facility,Vadinar terminal / Nayara refinery (EU+UK sanctioned),5.09,False,True,3,,False
419014400,M V POONAM,IND,jamnagar_vadinar_feb2026,2026-02-07 03:00:00+00:00,2026-02-09 01:00:00+00:00,46.0,47,1.0,22.50106,69.83829,3.589,ordinary,flagged_facility,Jamnagar (Sikka) marine terminal,14.5,False,True,3,,False
419066300,SB EAGLE,IND,jamnagar_vadinar_feb2026,2026-01-29 16:00:00+00:00,2026-01-31 14:00:00+00:00,46.0,47,1.0,22.5017,69.83383,4.688,ordinary,flagged_facility,Jamnagar (Sikka) marine terminal,14.16,False,True,3,,False
419077800,REL DARSHAN,IND,jamnagar_vadinar_feb2026,2026-02-13 13:00:00+00:00,2026-02-15 11:00:00+00:00,46.0,47,1.0,22.56,69.85,0.0,ordinary,flagged_facility,Jamnagar (Sikka) marine terminal,19.68,False,True,3,,False
419001058,MV.DAWN,IND,jamnagar_vadinar_feb2026,2026-02-02 09:00:00+00:00,2026-02-04 06:00:00+00:00,45.0,44,0.957,22.57682,69.84273,3.914,ordinary,flagged_facility,Vadinar terminal / Nayara refinery (EU+UK sanctioned),20.01,False,True,3,,False
419001268,DESH ABHIMAAN,IND,jamnagar_vadinar_feb2026,2026-02-14 10:00:00+00:00,2026-02-16 07:00:00+00:00,45.0,46,1.0,22.56043,69.76348,2.578,ordinary,flagged_facility,Vadinar terminal / Nayara refinery (EU+UK sanctioned),11.71,False,True,3,,False
419001472,OCEAN PRIDE,IND,jamnagar_vadinar_feb2026,2026-02-01 05:00:00+00:00,2026-02-03 02:00:00+00:00,45.0,46,1.0,22.44065,69.67,1.039,ordinary,flagged_facility,Jamnagar (Sikka) marine terminal,5.27,False,True,3,,False
419000638,OCEAN     EMPIRE,IND,jamnagar_vadinar_feb2026,2026-02-08 05:00:00+00:00,2026-02-10 01:00:00+00:00,44.0,45,1.0,22.44022,69.67,1.087,ordinary,flagged_facility,Jamnagar (Sikka) marine terminal,5.26,False,True,3,,False
419001058,MV.DAWN,IND,jamnagar_vadinar_feb2026,2026-02-13 18:00:00+00:00,2026-02-15 14:00:00+00:00,44.0,45,1.0,22.57911,69.848,3.9,ordinary,flagged_facility,Vadinar terminal / Nayara refinery (EU+UK sanctioned),20.59,False,True,3,,False
419001286,TUG KB XI,IND,jamnagar_vadinar_feb2026,2026-01-30 11:00:00+00:00,2026-02-01 07:00:00+00:00,44.0,45,1.0,22.52133,69.70244,3.711,ordinary,flagged_facility,Vadinar terminal / Nayara refinery (EU+UK sanctioned),6.26,False,True,3,,False
419001358,PRABHAT SHOBHA,IND,jamnagar_vadinar_feb2026,2026-02-14 11:00:00+00:00,2026-02-16 07:00:00+00:00,44.0,45,1.0,22.56067,69.76511,3.357,ordinary,flagged_facility,Vadinar terminal / Nayara refinery (EU+UK sanctioned),11.88,False,True,3,,False
419001884,MT KB 50,IND,jamnagar_vadinar_feb2026,2026-02-12 03:00:00+00:00,2026-02-13 23:00:00+00:00,44.0,45,1.0,22.52178,69.69711,3.608,ordinary,flagged_facility,Vadinar terminal / Nayara refinery (EU+UK sanctioned),5.77,False,True,3,,False
419072700,RELTUG 14,IND,jamnagar_vadinar_feb2026,2026-01-24 06:00:00+00:00,2026-01-26 02:00:00+00:00,44.0,45,1.0,22.60978,69.83467,1.188,ordinary,flagged_facility,Vadinar terminal / Nayara refinery (EU+UK sanctioned),20.09,False,True,3,,False
419292000,RELTUG SIX,IND,jamnagar_vadinar_feb2026,2026-02-05 12:00:00+00:00,2026-02-07 08:00:00+00:00,44.0,45,1.0,22.49133,69.84867,2.826,ordinary,flagged_facility,Jamnagar (Sikka) marine terminal,14.88,False,True,3,,False
419957007,MT SEA STAR II,IND,jamnagar_vadinar_feb2026,2026-01-30 12:00:00+00:00,2026-02-01 08:00:00+00:00,44.0,31,0.689,22.43484,69.80548,0.804,ordinary,flagged_facility,Jamnagar (Sikka) marine terminal,8.8,False,True,3,,False
419991279,DARIYA JYOT,IND,jamnagar_vadinar_feb2026,2026-01-31 18:00:00+00:00,2026-02-02 14:00:00+00:00,44.0,45,1.0,22.43133,69.66689,3.265,ordinary,flagged_facility,Jamnagar (Sikka) marine terminal,5.46,False,True,3,,False
419001058,MV.DAWN,IND,jamnagar_vadinar_feb2026,2026-01-29 11:00:00+00:00,2026-01-31 06:00:00+00:00,43.0,44,1.0,22.59,69.83523,3.372,ordinary,flagged_facility,Vadinar terminal / Nayara refinery (EU+UK sanctioned),19.53,False,True,3,,False
419001651,KNK NAYRA,IND,jamnagar_vadinar_feb2026,2026-01-24 07:00:00+00:00,2026-01-26 02:00:00+00:00,43.0,44,1.0,22.59068,69.80727,4.884,ordinary,flagged_facility,Vadinar terminal / Nayara refinery (EU+UK sanctioned),16.77,False,True,3,,False
419001715,ZINNIA STAR,IND,jamnagar_vadinar_feb2026,2026-01-26 02:00:00+00:00,2026-01-27 21:00:00+00:00,43.0,44,1.0,22.52341,69.68523,4.359,ordinary,flagged_facility,Vadinar terminal / Nayara refinery (EU+UK sanctioned),4.67,False,True,3,,False
419001715,ZINNIA STAR,IND,jamnagar_vadinar_feb2026,2026-02-14 02:00:00+00:00,2026-02-15 21:00:00+00:00,43.0,44,1.0,22.50136,69.66023,2.072,ordinary,flagged_facility,Vadinar terminal / Nayara refinery (EU+UK sanctioned),5.51,False,True,3,,False
419033600,RELTUG ELEVEN,IND,jamnagar_vadinar_feb2026,2026-01-31 13:00:00+00:00,2026-02-02 08:00:00+00:00,43.0,44,1.0,22.49023,69.84954,2.283,ordinary,flagged_facility,Jamnagar (Sikka) marine terminal,14.9,False,True,3,,False
419033900,REL SAGAR,IND,jamnagar_vadinar_feb2026,2026-01-22 07:00:00+00:00,2026-01-24 02:00:00+00:00,43.0,44,1.0,22.50432,69.82386,2.531,ordinary,flagged_facility,Jamnagar (Sikka) marine terminal,13.5,False,True,3,,False
419474000,DESH BHAKT,IND,jamnagar_vadinar_feb2026,2026-01-31 14:00:00+00:00,2026-02-02 09:00:00+00:00,43.0,44,1.0,22.54068,69.71,3.26,ordinary,flagged_facility,Vadinar terminal / Nayara refinery (EU+UK sanctioned),6.25,False,True,3,,False
419762000,SWARNA SINDHU,IND,jamnagar_vadinar_feb2026,2026-01-27 16:00:00+00:00,2026-01-29 11:00:00+00:00,43.0,44,1.0,22.53818,69.69227,3.626,ordinary,flagged_facility,Vadinar terminal / Nayara refinery (EU+UK sanctioned),4.54,False,True,3,,False
419902339,MT MAHADEV,IND,jamnagar_vadinar_feb2026,2026-02-07 17:00:00+00:00,2026-02-09 12:00:00+00:00,43.0,41,0.932,22.43122,69.67,0.976,ordinary,flagged_facility,Jamnagar (Sikka) marine terminal,5.14,False,True,3,,False
419001390,KNK ASHIMA,IND,jamnagar_vadinar_feb2026,2026-02-10 02:00:00+00:00,2026-02-11 20:00:00+00:00,42.0,43,1.0,22.5014,69.65954,2.289,ordinary,flagged_facility,Vadinar terminal / Nayara refinery (EU+UK sanctioned),5.49,False,True,3,,False
419001651,KNK NAYRA,IND,jamnagar_vadinar_feb2026,2026-01-31 03:00:00+00:00,2026-02-01 21:00:00+00:00,42.0,43,1.0,22.60977,69.83651,3.621,ordinary,flagged_facility,Vadinar terminal / Nayara refinery (EU+UK sanctioned),20.27,False,True,3,,False
419001651,KNK NAYRA,IND,jamnagar_vadinar_feb2026,2026-02-04 03:00:00+00:00,2026-02-05 21:00:00+00:00,42.0,43,1.0,22.59047,69.80791,3.461,ordinary,flagged_facility,Vadinar terminal / Nayara refinery (EU+UK sanctioned),16.83,False,True,3,,False
419024700,ESSAR TUG X,IND,jamnagar_vadinar_feb2026,2026-02-15 05:00:00+00:00,2026-02-16 23:00:00+00:00,42.0,43,1.0,22.39,69.61,0.0,ordinary,flagged_facility,Jamnagar (Sikka) marine terminal,12.15,False,True,3,,False
419033900,REL SAGAR,IND,jamnagar_vadinar_feb2026,2026-02-14 07:00:00+00:00,2026-02-16 01:00:00+00:00,42.0,43,1.0,22.51,69.8,0.0,ordinary,flagged_facility,Jamnagar (Sikka) marine terminal,12.11,False,True,3,,False
419066300,SB EAGLE,IND,jamnagar_vadinar_feb2026,2026-01-24 20:00:00+00:00,2026-01-26 14:00:00+00:00,42.0,43,1.0,22.49651,69.84372,4.338,ordinary,flagged_facility,Jamnagar (Sikka) marine terminal,14.71,False,True,3,,False
419072500,RELTUG 16,IND,jamnagar_vadinar_feb2026,2026-01-25 13:00:00+00:00,2026-01-27 07:00:00+00:00,42.0,43,1.0,22.49395,69.84418,4.877,ordinary,flagged_facility,Jamnagar (Sikka) marine terminal,14.61,False,True,3,,False
419072600,REL TUG FIFTEEN,IND,jamnagar_vadinar_feb2026,2026-02-03 07:00:00+00:00,2026-02-05 01:00:00+00:00,42.0,43,1.0,22.49186,69.84791,4.244,ordinary,flagged_facility,Jamnagar (Sikka) marine terminal,14.84,False,True,3,,False
419077500,AGNI,IND,jamnagar_vadinar_feb2026,2026-02-02 08:00:00+00:00,2026-02-04 02:00:00+00:00,42.0,43,1.0,22.43186,69.81814,2.746,ordinary,flagged_facility,Jamnagar (Sikka) marine terminal,10.09,False,True,3,,False
419077500,AGNI,IND,jamnagar_vadinar_feb2026,2026-02-07 10:00:00+00:00,2026-02-09 04:00:00+00:00,42.0,43,1.0,22.57977,69.8,4.107,ordinary,flagged_facility,Vadinar terminal / Nayara refinery (EU+UK sanctioned),15.75,False,True,3,,False
419079400,MV APSARA,IND,jamnagar_vadinar_feb2026,2026-01-29 06:00:00+00:00,2026-01-31 00:00:00+00:00,42.0,43,1.0,22.50023,69.83953,2.282,ordinary,flagged_facility,Jamnagar (Sikka) marine terminal,14.55,False,True,3,,False
419292000,RELTUG SIX,IND,jamnagar_vadinar_feb2026,2026-01-25 16:00:00+00:00,2026-01-27 10:00:00+00:00,42.0,43,1.0,22.49047,69.84953,1.444,ordinary,flagged_facility,Jamnagar (Sikka) marine terminal,14.91,False,True,3,,False
419293000,RELTUG 7,IND,jamnagar_vadinar_feb2026,2026-01-24 06:00:00+00:00,2026-01-26 00:00:00+00:00,42.0,43,1.0,22.49047,69.84953,2.957,ordinary,flagged_facility,Jamnagar (Sikka) marine terminal,14.91,False,True,3,,False
419000638,OCEAN     EMPIRE,IND,jamnagar_vadinar_feb2026,2026-01-20 07:00:00+00:00,2026-01-22 00:00:00+00:00,41.0,42,1.0,22.50143,69.66024,1.419,ordinary,flagged_facility,Vadinar terminal / Nayara refinery (EU+UK sanctioned),5.5,False,True,3,,False
419000638,OCEAN     EMPIRE,IND,jamnagar_vadinar_feb2026,2026-01-25 09:00:00+00:00,2026-01-27 02:00:00+00:00,41.0,42,1.0,22.50048,69.66048,2.381,ordinary,flagged_facility,Vadinar terminal / Nayara refinery (EU+UK sanctioned),5.61,False,True,3,,False
419001085,RELTUG SEVENTEEN,IND,jamnagar_vadinar_feb2026,2026-01-25 14:00:00+00:00,2026-01-27 07:00:00+00:00,41.0,42,1.0,22.49095,69.84905,1.37,ordinary,flagged_facility,Jamnagar (Sikka) marine terminal,14.89,False,True,3,,False
419001390,KNK ASHIMA,IND,jamnagar_vadinar_feb2026,2026-02-02 03:00:00+00:00,2026-02-03 20:00:00+00:00,41.0,42,1.0,22.50048,69.66,1.059,ordinary,flagged_facility,Vadinar terminal / Nayara refinery (EU+UK sanctioned),5.6,False,True,3,,False
419001390,KNK ASHIMA,IND,jamnagar_vadinar_feb2026,2026-02-04 09:00:00+00:00,2026-02-06 02:00:00+00:00,41.0,42,1.0,22.4419,69.66976,3.281,ordinary,flagged_facility,Jamnagar (Sikka) marine terminal,5.33,False,True,3,,False
419001472,OCEAN PRIDE,IND,jamnagar_vadinar_feb2026,2026-01-20 08:00:00+00:00,2026-01-22 01:00:00+00:00,41.0,42,1.0,22.44,69.67,0.0,ordinary,flagged_facility,Jamnagar (Sikka) marine terminal,5.26,False,True,3,,False
419014400,M V POONAM,IND,jamnagar_vadinar_feb2026,2026-01-26 07:00:00+00:00,2026-01-28 00:00:00+00:00,41.0,42,1.0,22.50048,69.8369,4.368,ordinary,flagged_facility,Jamnagar (Sikka) marine terminal,14.34,False,True,3,,False
419033900,REL SAGAR,IND,jamnagar_vadinar_feb2026,2026-02-02 16:00:00+00:00,2026-02-04 09:00:00+00:00,41.0,42,1.0,22.51071,69.79976,3.407,ordinary,flagged_facility,Jamnagar (Sikka) marine terminal,12.15,False,True,3,,False
419079400,MV APSARA,IND,jamnagar_vadinar_feb2026,2026-01-21 11:00:00+00:00,2026-01-23 04:00:00+00:00,41.0,42,1.0,22.50238,69.83452,3.646,ordinary,flagged_facility,Jamnagar (Sikka) marine terminal,14.26,False,True,3,,False
419292000,RELTUG SIX,IND,jamnagar_vadinar_feb2026,2026-02-02 11:00:00+00:00,2026-02-04 04:00:00+00:00,41.0,42,1.0,22.49095,69.84905,4.397,ordinary,flagged_facility,Jamnagar (Sikka) marine terminal,14.89,False,True,3,,False
419956663,M.V. MANGAL MURTI,IND,jamnagar_vadinar_feb2026,2026-01-20 01:00:00+00:00,2026-01-21 18:00:00+00:00,41.0,41,0.976,22.43,69.66659,0.676,ordinary,flagged_facility,Jamnagar (Sikka) marine terminal,5.49,False,True,3,,False
419000964,ASTER STAR,IND,jamnagar_vadinar_feb2026,2026-01-28 14:00:00+00:00,2026-01-30 06:00:00+00:00,40.0,41,1.0,22.49,69.85,0.0,ordinary,flagged_facility,Jamnagar (Sikka) marine terminal,14.93,False,True,3,,False
419001794,RIVER PEARL 10,IND,jamnagar_vadinar_feb2026,2026-02-12 09:00:00+00:00,2026-02-14 01:00:00+00:00,40.0,41,1.0,22.44098,69.67,2.115,ordinary,flagged_facility,Jamnagar (Sikka) marine terminal,5.28,False,True,3,,False
419072600,REL TUG FIFTEEN,IND,jamnagar_vadinar_feb2026,2026-02-09 09:00:00+00:00,2026-02-11 01:00:00+00:00,40.0,41,1.0,22.58,69.83756,4.714,ordinary,flagged_facility,Vadinar terminal / Nayara refinery (EU+UK sanctioned),19.55,False,True,3,,False
419079400,MV APSARA,IND,jamnagar_vadinar_feb2026,2026-02-07 01:00:00+00:00,2026-02-08 17:00:00+00:00,40.0,41,1.0,22.50073,69.83756,2.801,ordinary,flagged_facility,Jamnagar (Sikka) marine terminal,14.41,False,True,3,,False
419956787,DAWN II,IND,jamnagar_vadinar_feb2026,2026-01-25 11:00:00+00:00,2026-01-27 03:00:00+00:00,40.0,41,1.0,22.58122,69.85146,2.637,ordinary,flagged_facility,Vadinar terminal / Nayara refinery (EU+UK sanctioned),20.98,False,True,3,,False
419000103,SWARNA MALA,IND,jamnagar_vadinar_feb2026,2026-02-09 00:00:00+00:00,2026-02-10 15:00:00+00:00,39.0,40,1.0,22.49,69.84,0.0,ordinary,flagged_facility,Jamnagar (Sikka) marine terminal,14.02,False,True,3,,False
419001058,MV.DAWN,IND,jamnagar_vadinar_feb2026,2026-02-04 12:00:00+00:00,2026-02-06 03:00:00+00:00,39.0,40,1.0,22.562,69.84,3.73,ordinary,flagged_facility,Jamnagar (Sikka) marine terminal,19.17,False,True,3,,False
419001472,OCEAN PRIDE,IND,jamnagar_vadinar_feb2026,2026-01-29 07:00:00+00:00,2026-01-30 22:00:00+00:00,39.0,40,1.0,22.524,69.70425,3.816,ordinary,flagged_facility,Vadinar terminal / Nayara refinery (EU+UK sanctioned),6.28,False,True,3,,False
419001651,KNK NAYRA,IND,jamnagar_vadinar_feb2026,2026-01-26 13:00:00+00:00,2026-01-28 04:00:00+00:00,39.0,40,1.0,22.56975,69.78525,2.25,ordinary,flagged_facility,Vadinar terminal / Nayara refinery (EU+UK sanctioned),14.06,False,True,3,,False
419001715,ZINNIA STAR,IND,jamnagar_vadinar_feb2026,2026-01-30 02:00:00+00:00,2026-01-31 17:00:00+00:00,39.0,40,1.0,22.525,69.6855,4.167,ordinary,flagged_facility,Vadinar terminal / Nayara refinery (EU+UK sanctioned),4.58,False,True,3,,False
419001715,ZINNIA STAR,IND,jamnagar_vadinar_feb2026,2026-02-04 08:00:00+00:00,2026-02-05 23:00:00+00:00,39.0,40,1.0,22.50025,69.66,1.494,ordinary,flagged_facility,Vadinar terminal / Nayara refinery (EU+UK sanctioned),5.63,False,True,3,,False
419001885,KB 49,IND,jamnagar_vadinar_feb2026,2026-02-15 08:00:00+00:00,2026-02-16 23:00:00+00:00,39.0,40,1.0,22.5255,69.69975,4.438,ordinary,flagged_facility,Vadinar terminal / Nayara refinery (EU+UK sanctioned),5.79,False,True,3,,False
419072600,REL TUG FIFTEEN,IND,jamnagar_vadinar_feb2026,2026-02-07 16:00:00+00:00,2026-02-09 07:00:00+00:00,39.0,40,1.0,22.491,69.849,2.876,ordinary,flagged_facility,Jamnagar (Sikka) marine terminal,14.89,False,True,3,,False
419072700,RELTUG 14,IND,jamnagar_vadinar_feb2026,2026-01-30 10:00:00+00:00,2026-02-01 01:00:00+00:00,39.0,40,1.0,22.579,69.835,3.574,ordinary,flagged_facility,Vadinar terminal / Nayara refinery (EU+UK sanctioned),19.27,False,True,3,,False
419077200,AKASH,IND,jamnagar_vadinar_feb2026,2026-01-30 15:00:00+00:00,2026-02-01 06:00:00+00:00,39.0,40,1.0,22.58725,69.80525,3.225,ordinary,flagged_facility,Vadinar terminal / Nayara refinery (EU+UK sanctioned),16.47,False,True,3,,False
419956883,MSV AL NAMRAH,IND,jamnagar_vadinar_feb2026,2026-02-02 14:00:00+00:00,2026-02-04 05:00:00+00:00,39.0,40,1.0,22.43,69.8195,0.977,ordinary,flagged_facility,Jamnagar (Sikka) marine terminal,10.23,False,True,3,,False
419001286,TUG KB XI,IND,jamnagar_vadinar_feb2026,2026-02-05 04:00:00+00:00,2026-02-06 18:00:00+00:00,38.0,39,1.0,22.50128,69.68846,4.967,ordinary,flagged_facility,Vadinar terminal / Nayara refinery (EU+UK sanctioned),6.7,False,True,3,,False
419001456,MEERA,IND,jamnagar_vadinar_feb2026,2026-02-14 05:00:00+00:00,2026-02-15 19:00:00+00:00,38.0,39,1.0,22.44872,69.67,0.969,ordinary,flagged_facility,Jamnagar (Sikka) marine terminal,5.54,False,True,3,,False
419001462,OCEAN PROMICE,IND,jamnagar_vadinar_feb2026,2026-01-31 08:00:00+00:00,2026-02-01 22:00:00+00:00,38.0,39,1.0,22.67974,69.65487,1.526,ordinary,flagged_facility,Vadinar terminal / Nayara refinery (EU+UK sanctioned),14.44,False,True,3,,False
419001613,M.T. OCEAN BIRD,IND,jamnagar_vadinar_feb2026,2026-01-20 03:00:00+00:00,2026-01-21 17:00:00+00:00,38.0,39,1.0,22.56077,69.7618,1.214,ordinary,flagged_facility,Vadinar terminal / Nayara refinery (EU+UK sanctioned),11.54,False,True,3,,False
419001715,ZINNIA STAR,IND,jamnagar_vadinar_feb2026,2026-02-09 16:00:00+00:00,2026-02-11 06:00:00+00:00,38.0,39,1.0,22.44,69.67,0.0,ordinary,flagged_facility,Jamnagar (Sikka) marine terminal,5.26,False,True,3,,False
419032200,AQUA MOON,IND,jamnagar_vadinar_feb2026,2026-01-31 12:00:00+00:00,2026-02-02 02:00:00+00:00,38.0,39,1.0,22.48,69.83154,0.869,ordinary,flagged_facility,Jamnagar (Sikka) marine terminal,12.74,False,True,3,,False
419033900,REL SAGAR,IND,jamnagar_vadinar_feb2026,2026-02-06 11:00:00+00:00,2026-02-08 01:00:00+00:00,38.0,39,1.0,22.50128,69.82641,2.881,ordinary,flagged_facility,Jamnagar (Sikka) marine terminal,13.5,False,True,3,,False
419033900,REL SAGAR,IND,jamnagar_vadinar_feb2026,2026-02-08 11:00:00+00:00,2026-02-10 01:00:00+00:00,38.0,39,1.0,22.51,69.8,0.0,ordinary,flagged_facility,Jamnagar (Sikka) marine terminal,12.11,False,True,3,,False
419079300,MV ANJALI,IND,jamnagar_vadinar_feb2026,2026-02-09 10:00:00+00:00,2026-02-11 00:00:00+00:00,38.0,39,1.0,22.50077,69.83769,3.559,ordinary,flagged_facility,Jamnagar (Sikka) marine terminal,14.43,False,True,3,,False
419740000,DESH VIRAAT,IND,jamnagar_vadinar_feb2026,2026-02-14 16:00:00+00:00,2026-02-16 06:00:00+00:00,38.0,39,1.0,22.53949,69.6841,4.732,ordinary,flagged_facility,Vadinar terminal / Nayara refinery (EU+UK sanctioned),3.69,False,True,3,,False
419001715,ZINNIA STAR,IND,jamnagar_vadinar_feb2026,2026-02-08 02:00:00+00:00,2026-02-09 15:00:00+00:00,37.0,38,1.0,22.5,69.66027,1.112,ordinary,flagged_facility,Vadinar terminal / Nayara refinery (EU+UK sanctioned),5.66,False,True,3,,False
419014300,M V APURVA,IND,jamnagar_vadinar_feb2026,2026-01-21 07:00:00+00:00,2026-01-22 20:00:00+00:00,37.0,38,1.0,22.50079,69.83526,4.205,ordinary,flagged_facility,Jamnagar (Sikka) marine terminal,14.22,False,True,3,,False
419032200,AQUA MOON,IND,jamnagar_vadinar_feb2026,2026-02-02 14:00:00+00:00,2026-02-04 03:00:00+00:00,37.0,38,1.0,22.48,69.82869,1.92,ordinary,flagged_facility,Jamnagar (Sikka) marine terminal,12.48,False,True,3,,False
419293000,RELTUG 7,IND,jamnagar_vadinar_feb2026,2026-02-02 04:00:00+00:00,2026-02-03 17:00:00+00:00,37.0,38,1.0,22.58053,69.83605,2.596,ordinary,flagged_facility,Vadinar terminal / Nayara refinery (EU+UK sanctioned),19.4,False,True,3,,False
419902339,MT MAHADEV,IND,jamnagar_vadinar_feb2026,2026-02-14 15:00:00+00:00,2026-02-16 04:00:00+00:00,37.0,38,1.0,22.43263,69.67,1.931,ordinary,flagged_facility,Jamnagar (Sikka) marine terminal,5.15,False,True,3,,False
419000765,CALYPSO FORTUNE,IND,jamnagar_vadinar_feb2026,2026-02-15 03:00:00+00:00,2026-02-16 15:00:00+00:00,36.0,37,1.0,22.58297,69.82595,4.016,ordinary,flagged_facility,Vadinar terminal / Nayara refinery (EU+UK sanctioned),18.44,False,True,3,,False
419001462,OCEAN PROMICE,IND,jamnagar_vadinar_feb2026,2026-01-21 04:00:00+00:00,2026-01-22 16:00:00+00:00,36.0,37,1.0,22.67811,69.65568,3.157,ordinary,flagged_facility,Vadinar terminal / Nayara refinery (EU+UK sanctioned),14.26,False,True,3,,False
419001651,KNK NAYRA,IND,jamnagar_vadinar_feb2026,2026-01-28 22:00:00+00:00,2026-01-30 10:00:00+00:00,36.0,37,1.0,22.58946,69.80487,4.646,ordinary,flagged_facility,Vadinar terminal / Nayara refinery (EU+UK sanctioned),16.5,False,True,3,,False
419014400,M V POONAM,IND,jamnagar_vadinar_feb2026,2026-02-14 04:00:00+00:00,2026-02-15 16:00:00+00:00,36.0,37,1.0,22.50189,69.83729,4.199,ordinary,flagged_facility,Jamnagar (Sikka) marine terminal,14.46,False,True,3,,False
419056200,M.T.IRIS,IND,jamnagar_vadinar_feb2026,2026-01-28 18:00:00+00:00,2026-01-30 06:00:00+00:00,36.0,37,1.0,22.49027,69.85946,2.274,ordinary,flagged_facility,Jamnagar (Sikka) marine terminal,15.82,False,True,3,,False
419072500,RELTUG 16,IND,jamnagar_vadinar_feb2026,2026-02-11 16:00:00+00:00,2026-02-13 04:00:00+00:00,36.0,37,1.0,22.49081,69.84892,3.658,ordinary,flagged_facility,Jamnagar (Sikka) marine terminal,14.87,False,True,3,,False
419072600,REL TUG FIFTEEN,IND,jamnagar_vadinar_feb2026,2026-01-20 13:00:00+00:00,2026-01-22 01:00:00+00:00,36.0,37,1.0,22.50189,69.82162,3.201,ordinary,flagged_facility,Jamnagar (Sikka) marine terminal,13.15,False,True,3,,False
419072600,REL TUG FIFTEEN,IND,jamnagar_vadinar_feb2026,2026-01-24 06:00:00+00:00,2026-01-25 18:00:00+00:00,36.0,37,1.0,22.57973,69.8354,2.771,ordinary,flagged_facility,Vadinar terminal / Nayara refinery (EU+UK sanctioned),19.32,False,True,3,,False
419077600,NIVARAK,IND,jamnagar_vadinar_feb2026,2026-01-25 10:00:00+00:00,2026-01-26 22:00:00+00:00,36.0,32,0.865,22.39,69.61,0.0,ordinary,flagged_facility,Jamnagar (Sikka) marine terminal,12.15,False,True,3,,False
419077800,REL DARSHAN,IND,jamnagar_vadinar_feb2026,2026-01-28 22:00:00+00:00,2026-01-30 10:00:00+00:00,36.0,37,1.0,22.57405,69.84324,4.222,ordinary,flagged_facility,Vadinar terminal / Nayara refinery (EU+UK sanctioned),20.02,False,True,3,,False
419902339,MT MAHADEV,IND,jamnagar_vadinar_feb2026,2026-02-04 19:00:00+00:00,2026-02-06 07:00:00+00:00,36.0,35,0.946,22.43,69.67,0.0,ordinary,flagged_facility,Jamnagar (Sikka) marine terminal,5.14,False,True,3,,False
419956663,M.V. MANGAL MURTI,IND,jamnagar_vadinar_feb2026,2026-01-31 20:00:00+00:00,2026-02-02 08:00:00+00:00,36.0,29,0.784,22.43241,69.66862,4.182,ordinary,flagged_facility,Jamnagar (Sikka) marine terminal,5.29,False,True,3,,False
419001462,OCEAN PROMICE,IND,jamnagar_vadinar_feb2026,2026-01-23 01:00:00+00:00,2026-01-24 12:00:00+00:00,35.0,36,1.0,22.67972,69.62306,4.548,ordinary,flagged_facility,Vadinar terminal / Nayara refinery (EU+UK sanctioned),14.69,False,True,3,,False
419001472,OCEAN PRIDE,IND,jamnagar_vadinar_feb2026,2026-01-27 03:00:00+00:00,2026-01-28 14:00:00+00:00,35.0,36,1.0,22.50056,69.65973,2.162,ordinary,flagged_facility,Vadinar terminal / Nayara refinery (EU+UK sanctioned),5.59,False,True,3,,False
419001885,KB 49,IND,jamnagar_vadinar_feb2026,2026-01-26 03:00:00+00:00,2026-01-27 14:00:00+00:00,35.0,36,1.0,22.5225,69.70555,4.989,ordinary,flagged_facility,Vadinar terminal / Nayara refinery (EU+UK sanctioned),6.47,False,True,3,,False
419072600,REL TUG FIFTEEN,IND,jamnagar_vadinar_feb2026,2026-01-30 16:00:00+00:00,2026-02-01 03:00:00+00:00,35.0,36,1.0,22.50611,69.815,4.017,ordinary,flagged_facility,Jamnagar (Sikka) marine terminal,12.92,False,True,3,,False
419072700,RELTUG 14,IND,jamnagar_vadinar_feb2026,2026-01-28 20:00:00+00:00,2026-01-30 07:00:00+00:00,35.0,36,1.0,22.49389,69.84028,4.509,ordinary,flagged_facility,Jamnagar (Sikka) marine terminal,14.26,False,True,3,,False
419001126,SSL VISAKHAPATNAM,IND,jamnagar_vadinar_feb2026,2026-02-06 15:00:00+00:00,2026-02-08 01:00:00+00:00,34.0,35,1.0,22.66971,69.72629,4.266,ordinary,flagged_facility,Vadinar terminal / Nayara refinery (EU+UK sanctioned),15.44,False,True,3,,False
419001715,ZINNIA STAR,IND,jamnagar_vadinar_feb2026,2026-01-22 15:00:00+00:00,2026-01-24 01:00:00+00:00,34.0,35,1.0,22.44,69.67,0.0,ordinary,flagged_facility,Jamnagar (Sikka) marine terminal,5.26,False,True,3,,False
419001755,SANMAR SAROD,IND,jamnagar_vadinar_feb2026,2026-01-24 04:00:00+00:00,2026-01-25 14:00:00+00:00,34.0,35,1.0,22.59029,69.86486,1.202,ordinary,flagged_facility,Vadinar terminal / Nayara refinery (EU+UK sanctioned),22.51,False,True,3,,False
419001884,MT KB 50,IND,jamnagar_vadinar_feb2026,2026-01-30 06:00:00+00:00,2026-01-31 16:00:00+00:00,34.0,34,0.971,22.51382,69.69647,3.819,ordinary,flagged_facility,Vadinar terminal / Nayara refinery (EU+UK sanctioned),6.24,False,True,3,,False
419001954,SONA VII,IND,jamnagar_vadinar_feb2026,2026-02-01 20:00:00+00:00,2026-02-03 06:00:00+00:00,34.0,35,1.0,22.45086,69.79,2.129,ordinary,flagged_facility,Jamnagar (Sikka) marine terminal,7.56,False,True,3,,False
419014400,M V POONAM,IND,jamnagar_vadinar_feb2026,2026-01-21 14:00:00+00:00,2026-01-23 00:00:00+00:00,34.0,35,1.0,22.50057,69.83857,2.882,ordinary,flagged_facility,Jamnagar (Sikka) marine terminal,14.49,False,True,3,,False
419072500,RELTUG 16,IND,jamnagar_vadinar_feb2026,2026-02-01 05:00:00+00:00,2026-02-02 15:00:00+00:00,34.0,35,1.0,22.56914,69.78543,3.569,ordinary,flagged_facility,Vadinar terminal / Nayara refinery (EU+UK sanctioned),14.07,False,True,3,,False
419958545,,IND,jamnagar_vadinar_feb2026,2026-02-11 18:00:00+00:00,2026-02-13 04:00:00+00:00,34.0,14,0.4,22.455,69.67214,4.087,ordinary,flagged_facility,Jamnagar (Sikka) marine terminal,5.65,False,True,3,,False
419000638,OCEAN     EMPIRE,IND,jamnagar_vadinar_feb2026,2026-01-31 02:00:00+00:00,2026-02-01 11:00:00+00:00,33.0,34,1.0,22.50147,69.6603,3.325,ordinary,flagged_facility,Vadinar terminal / Nayara refinery (EU+UK sanctioned),5.5,False,True,3,,False
419001085,RELTUG SEVENTEEN,IND,jamnagar_vadinar_feb2026,2026-02-11 13:00:00+00:00,2026-02-12 22:00:00+00:00,33.0,34,1.0,22.49118,69.84794,3.552,ordinary,flagged_facility,Jamnagar (Sikka) marine terminal,14.8,False,True,3,,False
419001358,PRABHAT SHOBHA,IND,jamnagar_vadinar_feb2026,2026-02-01 08:00:00+00:00,2026-02-02 17:00:00+00:00,33.0,34,1.0,22.55912,69.76382,4.396,ordinary,flagged_facility,Vadinar terminal / Nayara refinery (EU+UK sanctioned),11.73,False,True,3,,False
419001390,KNK ASHIMA,IND,jamnagar_vadinar_feb2026,2026-01-24 01:00:00+00:00,2026-01-25 10:00:00+00:00,33.0,34,1.0,22.52294,69.70294,4.355,ordinary,flagged_facility,Vadinar terminal / Nayara refinery (EU+UK sanctioned),6.21,False,True,3,,False
419001481,M.T.PATRIOT,IND,jamnagar_vadinar_feb2026,2026-02-12 16:00:00+00:00,2026-02-14 01:00:00+00:00,33.0,34,1.0,22.67,69.74235,0.785,ordinary,flagged_facility,Vadinar terminal / Nayara refinery (EU+UK sanctioned),16.37,False,True,3,,False
419001651,KNK NAYRA,IND,jamnagar_vadinar_feb2026,2026-02-12 06:00:00+00:00,2026-02-13 15:00:00+00:00,33.0,34,1.0,22.57235,69.78529,4.221,ordinary,flagged_facility,Vadinar terminal / Nayara refinery (EU+UK sanctioned),14.11,False,True,3,,False
419001651,KNK NAYRA,IND,jamnagar_vadinar_feb2026,2026-02-14 08:00:00+00:00,2026-02-15 17:00:00+00:00,33.0,34,1.0,22.59,69.80441,4.485,ordinary,flagged_facility,Vadinar terminal / Nayara refinery (EU+UK sanctioned),16.47,False,True,3,,False
419033600,RELTUG ELEVEN,IND,jamnagar_vadinar_feb2026,2026-02-12 07:00:00+00:00,2026-02-13 16:00:00+00:00,33.0,34,1.0,22.49529,69.84059,4.993,ordinary,flagged_facility,Jamnagar (Sikka) marine terminal,14.36,False,True,3,,False
419072900,PARIJAT,IND,jamnagar_vadinar_feb2026,2026-01-26 17:00:00+00:00,2026-01-28 02:00:00+00:00,33.0,34,1.0,22.49118,69.85735,3.504,ordinary,flagged_facility,Jamnagar (Sikka) marine terminal,15.67,False,True,3,,False
419292000,RELTUG SIX,IND,jamnagar_vadinar_feb2026,2026-01-24 04:00:00+00:00,2026-01-25 13:00:00+00:00,33.0,34,1.0,22.58971,69.86471,1.182,ordinary,flagged_facility,Vadinar terminal / Nayara refinery (EU+UK sanctioned),22.48,False,True,3,,False
419292000,RELTUG SIX,IND,jamnagar_vadinar_feb2026,2026-01-28 10:00:00+00:00,2026-01-29 19:00:00+00:00,33.0,34,1.0,22.58029,69.83529,1.856,ordinary,flagged_facility,Vadinar terminal / Nayara refinery (EU+UK sanctioned),19.32,False,True,3,,False
419667000,JAG PRAKASH,IND,jamnagar_vadinar_feb2026,2026-01-24 09:00:00+00:00,2026-01-25 18:00:00+00:00,33.0,34,1.0,22.58,69.83382,1.419,ordinary,flagged_facility,Vadinar terminal / Nayara refinery (EU+UK sanctioned),19.17,False,True,3,,False
419956663,M.V. MANGAL MURTI,IND,jamnagar_vadinar_feb2026,2026-01-21 21:00:00+00:00,2026-01-23 06:00:00+00:00,33.0,33,0.971,22.43152,69.6703,2.056,ordinary,flagged_facility,Jamnagar (Sikka) marine terminal,5.11,False,True,3,,False
419001358,PRABHAT SHOBHA,IND,jamnagar_vadinar_feb2026,2026-01-23 03:00:00+00:00,2026-01-24 11:00:00+00:00,32.0,33,1.0,22.5597,69.76485,2.312,ordinary,flagged_facility,Vadinar terminal / Nayara refinery (EU+UK sanctioned),11.84,False,True,3,,False
419001390,KNK ASHIMA,IND,jamnagar_vadinar_feb2026,2026-01-29 08:00:00+00:00,2026-01-30 16:00:00+00:00,32.0,33,1.0,22.50121,69.6597,4.427,ordinary,flagged_facility,Vadinar terminal / Nayara refinery (EU+UK sanctioned),5.52,False,True,3,,False
419001944,DOLPHIN NO.42,IND,jamnagar_vadinar_feb2026,2026-01-21 04:00:00+00:00,2026-01-22 12:00:00+00:00,32.0,33,1.0,22.6797,69.62697,4.072,ordinary,flagged_facility,Vadinar terminal / Nayara refinery (EU+UK sanctioned),14.61,False,True,3,,False
419001944,DOLPHIN NO.42,IND,jamnagar_vadinar_feb2026,2026-01-24 01:00:00+00:00,2026-01-25 09:00:00+00:00,32.0,33,1.0,22.67848,69.65364,3.463,ordinary,flagged_facility,Vadinar terminal / Nayara refinery (EU+UK sanctioned),14.29,False,True,3,,False
419001944,DOLPHIN NO.42,IND,jamnagar_vadinar_feb2026,2026-02-01 02:00:00+00:00,2026-02-02 10:00:00+00:00,32.0,33,1.0,22.6797,69.62667,2.626,ordinary,flagged_facility,Vadinar terminal / Nayara refinery (EU+UK sanctioned),14.62,False,True,3,,False
419072500,RELTUG 16,IND,jamnagar_vadinar_feb2026,2026-01-23 21:00:00+00:00,2026-01-25 05:00:00+00:00,32.0,33,1.0,22.49515,69.84363,4.424,ordinary,flagged_facility,Jamnagar (Sikka) marine terminal,14.62,False,True,3,,False
419072500,RELTUG 16,IND,jamnagar_vadinar_feb2026,2026-01-28 16:00:00+00:00,2026-01-30 00:00:00+00:00,32.0,33,1.0,22.49061,69.84909,1.401,ordinary,flagged_facility,Jamnagar (Sikka) marine terminal,14.88,False,True,3,,False
419072500,RELTUG 16,IND,jamnagar_vadinar_feb2026,2026-02-07 04:00:00+00:00,2026-02-08 12:00:00+00:00,32.0,33,1.0,22.49152,69.84818,3.55,ordinary,flagged_facility,Jamnagar (Sikka) marine terminal,14.84,False,True,3,,False
419072500,RELTUG 16,IND,jamnagar_vadinar_feb2026,2026-02-09 13:00:00+00:00,2026-02-10 21:00:00+00:00,32.0,33,1.0,22.5703,69.78667,1.131,ordinary,flagged_facility,Vadinar terminal / Nayara refinery (EU+UK sanctioned),14.21,False,True,3,,False
419077200,AKASH,IND,jamnagar_vadinar_feb2026,2026-02-05 01:00:00+00:00,2026-02-06 09:00:00+00:00,32.0,33,1.0,22.57182,69.78909,2.949,ordinary,flagged_facility,Vadinar terminal / Nayara refinery (EU+UK sanctioned),14.49,False,True,3,,False
419077200,AKASH,IND,jamnagar_vadinar_feb2026,2026-02-07 02:00:00+00:00,2026-02-08 10:00:00+00:00,32.0,31,0.939,22.57323,69.78936,2.823,ordinary,flagged_facility,Vadinar terminal / Nayara refinery (EU+UK sanctioned),14.54,False,True,3,,False
419077500,AGNI,IND,jamnagar_vadinar_feb2026,2026-02-15 15:00:00+00:00,2026-02-16 23:00:00+00:00,32.0,33,1.0,22.57879,69.79818,2.244,ordinary,flagged_facility,Vadinar terminal / Nayara refinery (EU+UK sanctioned),15.55,False,True,3,,False
419292000,RELTUG SIX,IND,jamnagar_vadinar_feb2026,2026-02-07 09:00:00+00:00,2026-02-08 17:00:00+00:00,32.0,33,1.0,22.59121,69.86515,3.545,ordinary,flagged_facility,Vadinar terminal / Nayara refinery (EU+UK sanctioned),22.56,False,True,3,,False
419292000,RELTUG SIX,IND,jamnagar_vadinar_feb2026,2026-02-15 04:00:00+00:00,2026-02-16 12:00:00+00:00,32.0,33,1.0,22.49,69.85,0.0,ordinary,flagged_facility,Jamnagar (Sikka) marine terminal,14.93,False,True,3,,False
419437100,,IND,jamnagar_vadinar_feb2026,2026-01-20 00:00:00+00:00,2026-01-21 08:00:00+00:00,32.0,33,1.0,22.68091,69.66697,1.744,ordinary,flagged_facility,Vadinar terminal / Nayara refinery (EU+UK sanctioned),14.66,False,True,3,,False
419000638,OCEAN     EMPIRE,IND,jamnagar_vadinar_feb2026,2026-01-28 03:00:00+00:00,2026-01-29 10:00:00+00:00,31.0,32,1.0,22.52344,69.7025,4.138,ordinary,flagged_facility,Vadinar terminal / Nayara refinery (EU+UK sanctioned),6.15,False,True,3,,False
419001286,TUG KB XI,IND,jamnagar_vadinar_feb2026,2026-02-11 20:00:00+00:00,2026-02-13 03:00:00+00:00,31.0,32,1.0,22.50375,69.695,3.3,ordinary,flagged_facility,Vadinar terminal / Nayara refinery (EU+UK sanctioned),6.91,False,True,3,,False
419001358,PRABHAT SHOBHA,IND,jamnagar_vadinar_feb2026,2026-02-05 09:00:00+00:00,2026-02-06 16:00:00+00:00,31.0,32,1.0,22.56063,69.76406,2.194,ordinary,flagged_facility,Vadinar terminal / Nayara refinery (EU+UK sanctioned),11.77,False,True,3,,False
419001651,KNK NAYRA,IND,jamnagar_vadinar_feb2026,2026-02-08 02:00:00+00:00,2026-02-09 09:00:00+00:00,31.0,32,1.0,22.59031,69.80469,1.508,ordinary,flagged_facility,Vadinar terminal / Nayara refinery (EU+UK sanctioned),16.5,False,True,3,,False
419002060,JAG LAADKI,IND,jamnagar_vadinar_feb2026,2026-02-01 03:00:00+00:00,2026-02-02 10:00:00+00:00,31.0,32,1.0,22.68,69.62594,0.609,ordinary,flagged_facility,Vadinar terminal / Nayara refinery (EU+UK sanctioned),14.66,False,True,3,,False
419057400,RELTUG TWELVE,IND,jamnagar_vadinar_feb2026,2026-01-21 21:00:00+00:00,2026-01-23 04:00:00+00:00,31.0,32,1.0,22.49281,69.84687,4.094,ordinary,flagged_facility,Jamnagar (Sikka) marine terminal,14.79,False,True,3,,False
419072600,REL TUG FIFTEEN,IND,jamnagar_vadinar_feb2026,2026-02-11 02:00:00+00:00,2026-02-12 09:00:00+00:00,31.0,32,1.0,22.50031,69.82688,2.963,ordinary,flagged_facility,Jamnagar (Sikka) marine terminal,13.48,False,True,3,,False
419072600,REL TUG FIFTEEN,IND,jamnagar_vadinar_feb2026,2026-02-12 10:00:00+00:00,2026-02-13 17:00:00+00:00,31.0,32,1.0,22.58094,69.83625,4.981,ordinary,flagged_facility,Vadinar terminal / Nayara refinery (EU+UK sanctioned),19.43,False,True,3,,False
419079300,MV ANJALI,IND,jamnagar_vadinar_feb2026,2026-01-24 17:00:00+00:00,2026-01-26 00:00:00+00:00,31.0,32,1.0,22.50156,69.83687,4.934,ordinary,flagged_facility,Jamnagar (Sikka) marine terminal,14.41,False,True,3,,False
419001358,PRABHAT SHOBHA,IND,jamnagar_vadinar_feb2026,2026-02-12 05:00:00+00:00,2026-02-13 11:00:00+00:00,30.0,31,1.0,22.55613,69.76387,4.037,ordinary,flagged_facility,Vadinar terminal / Nayara refinery (EU+UK sanctioned),11.71,False,True,3,,False
419001456,MEERA,IND,jamnagar_vadinar_feb2026,2026-01-27 05:00:00+00:00,2026-01-28 11:00:00+00:00,30.0,31,1.0,22.44806,69.67097,4.797,ordinary,flagged_facility,Jamnagar (Sikka) marine terminal,5.42,False,True,3,,False
419001632,HARVEST,IND,jamnagar_vadinar_feb2026,2026-01-20 00:00:00+00:00,2026-01-21 06:00:00+00:00,30.0,31,1.0,22.64,69.72,0.0,ordinary,flagged_facility,Vadinar terminal / Nayara refinery (EU+UK sanctioned),12.32,False,True,3,,False
419024600,ESSAR TUG XI,IND,jamnagar_vadinar_feb2026,2026-01-24 13:00:00+00:00,2026-01-25 19:00:00+00:00,30.0,31,1.0,22.39129,69.60807,3.557,ordinary,flagged_facility,Jamnagar (Sikka) marine terminal,12.28,False,True,3,,False
419056200,M.T.IRIS,IND,jamnagar_vadinar_feb2026,2026-01-27 06:00:00+00:00,2026-01-28 12:00:00+00:00,30.0,31,1.0,22.49032,69.85613,2.892,ordinary,flagged_facility,Jamnagar (Sikka) marine terminal,15.51,False,True,3,,False
419072600,REL TUG FIFTEEN,IND,jamnagar_vadinar_feb2026,2026-02-13 18:00:00+00:00,2026-02-15 00:00:00+00:00,30.0,31,1.0,22.49613,69.83645,4.59,ordinary,flagged_facility,Jamnagar (Sikka) marine terminal,14.04,False,True,3,,False
419072700,RELTUG 14,IND,jamnagar_vadinar_feb2026,2026-02-12 01:00:00+00:00,2026-02-13 07:00:00+00:00,30.0,31,1.0,22.50484,69.81613,3.96,ordinary,flagged_facility,Jamnagar (Sikka) marine terminal,12.92,False,True,3,,False
419077800,REL DARSHAN,IND,jamnagar_vadinar_feb2026,2026-01-20 02:00:00+00:00,2026-01-21 08:00:00+00:00,30.0,31,1.0,22.56452,69.84774,3.101,ordinary,flagged_facility,Jamnagar (Sikka) marine terminal,19.9,False,True,3,,False
419079300,MV ANJALI,IND,jamnagar_vadinar_feb2026,2026-01-26 21:00:00+00:00,2026-01-28 03:00:00+00:00,30.0,31,1.0,22.5,69.83548,0.563,ordinary,flagged_facility,Jamnagar (Sikka) marine terminal,14.19,False,True,3,,False
419079400,MV APSARA,IND,jamnagar_vadinar_feb2026,2026-02-13 19:00:00+00:00,2026-02-15 01:00:00+00:00,30.0,31,1.0,22.50194,69.83355,3.948,ordinary,flagged_facility,Jamnagar (Sikka) marine terminal,14.15,False,True,3,,False
419292000,RELTUG SIX,IND,jamnagar_vadinar_feb2026,2026-02-04 05:00:00+00:00,2026-02-05 11:00:00+00:00,30.0,31,1.0,22.59097,69.86645,1.715,ordinary,flagged_facility,Vadinar terminal / Nayara refinery (EU+UK sanctioned),22.69,False,True,3,,False
419473000,DESH GAURAV,IND,jamnagar_vadinar_feb2026,2026-01-25 00:00:00+00:00,2026-01-26 06:00:00+00:00,30.0,31,1.0,22.50065,69.83871,3.651,ordinary,flagged_facility,Jamnagar (Sikka) marine terminal,14.51,False,True,3,,False
419762000,SWARNA SINDHU,IND,jamnagar_vadinar_feb2026,2026-02-14 04:00:00+00:00,2026-02-15 10:00:00+00:00,30.0,31,1.0,22.52871,69.71,0.968,ordinary,flagged_facility,Vadinar terminal / Nayara refinery (EU+UK sanctioned),6.6,False,True,3,,False
419000479,DESH VIBHOR,IND,jamnagar_vadinar_feb2026,2026-01-20 00:00:00+00:00,2026-01-21 05:00:00+00:00,29.0,30,1.0,22.61,69.83233,4.345,ordinary,flagged_facility,Vadinar terminal / Nayara refinery (EU+UK sanctioned),19.87,False,True,3,,False
419001245,JAG LEENA,IND,jamnagar_vadinar_feb2026,2026-01-23 07:00:00+00:00,2026-01-24 12:00:00+00:00,29.0,30,1.0,22.67933,69.62567,2.605,ordinary,flagged_facility,Vadinar terminal / Nayara refinery (EU+UK sanctioned),14.6,False,True,3,,False
419001456,MEERA,IND,jamnagar_vadinar_feb2026,2026-02-10 08:00:00+00:00,2026-02-11 13:00:00+00:00,29.0,30,1.0,22.44833,69.67,0.927,ordinary,flagged_facility,Jamnagar (Sikka) marine terminal,5.53,False,True,3,,False
419001462,OCEAN PROMICE,IND,jamnagar_vadinar_feb2026,2026-01-29 13:00:00+00:00,2026-01-30 18:00:00+00:00,29.0,30,1.0,22.678,69.655,1.027,ordinary,flagged_facility,Vadinar terminal / Nayara refinery (EU+UK sanctioned),14.24,False,True,3,,False
419001462,OCEAN PROMICE,IND,jamnagar_vadinar_feb2026,2026-02-03 03:00:00+00:00,2026-02-04 08:00:00+00:00,29.0,30,1.0,22.678,69.62567,4.402,ordinary,flagged_facility,Vadinar terminal / Nayara refinery (EU+UK sanctioned),14.45,False,True,3,,False
419001472,OCEAN PRIDE,IND,jamnagar_vadinar_feb2026,2026-01-22 02:00:00+00:00,2026-01-23 07:00:00+00:00,29.0,30,1.0,22.501,69.65967,1.41,ordinary,flagged_facility,Vadinar terminal / Nayara refinery (EU+UK sanctioned),5.54,False,True,3,,False
419001487,RELTUG EIGHTEEN,IND,jamnagar_vadinar_feb2026,2026-02-02 13:00:00+00:00,2026-02-03 18:00:00+00:00,29.0,30,1.0,22.60933,69.835,1.158,ordinary,flagged_facility,Vadinar terminal / Nayara refinery (EU+UK sanctioned),20.11,False,True,3,,False
419001488,RELTUG NINETEEN,IND,jamnagar_vadinar_feb2026,2026-02-12 05:00:00+00:00,2026-02-13 10:00:00+00:00,29.0,30,1.0,22.60967,69.83367,1.767,ordinary,flagged_facility,Vadinar terminal / Nayara refinery (EU+UK sanctioned),19.99,False,True,3,,False
419001884,MT KB 50,IND,jamnagar_vadinar_feb2026,2026-01-28 06:00:00+00:00,2026-01-29 11:00:00+00:00,29.0,30,1.0,22.51267,69.69067,2.767,ordinary,flagged_facility,Vadinar terminal / Nayara refinery (EU+UK sanctioned),5.89,False,True,3,,False
419014300,M V APURVA,IND,jamnagar_vadinar_feb2026,2026-01-24 08:00:00+00:00,2026-01-25 13:00:00+00:00,29.0,30,1.0,22.5,69.838,2.519,ordinary,flagged_facility,Jamnagar (Sikka) marine terminal,14.41,False,True,3,,False
419072500,RELTUG 16,IND,jamnagar_vadinar_feb2026,2026-02-14 03:00:00+00:00,2026-02-15 08:00:00+00:00,29.0,30,1.0,22.49,69.85,0.0,ordinary,flagged_facility,Jamnagar (Sikka) marine terminal,14.93,False,True,3,,False
419293000,RELTUG 7,IND,jamnagar_vadinar_feb2026,2026-01-26 03:00:00+00:00,2026-01-27 08:00:00+00:00,29.0,30,1.0,22.57933,69.834,1.439,ordinary,flagged_facility,Vadinar terminal / Nayara refinery (EU+UK sanctioned),19.17,False,True,3,,False
419902339,MT MAHADEV,IND,jamnagar_vadinar_feb2026,2026-02-03 08:00:00+00:00,2026-02-04 13:00:00+00:00,29.0,30,1.0,22.432,69.67,4.225,ordinary,flagged_facility,Jamnagar (Sikka) marine terminal,5.14,False,True,3,,False
419956663,M.V. MANGAL MURTI,IND,jamnagar_vadinar_feb2026,2026-01-25 19:00:00+00:00,2026-01-27 00:00:00+00:00,29.0,30,1.0,22.44,69.67967,0.994,ordinary,flagged_facility,Jamnagar (Sikka) marine terminal,4.29,False,True,3,,False
419000893,OCEAN     CORAL,IND,jamnagar_vadinar_feb2026,2026-01-20 00:00:00+00:00,2026-01-21 04:00:00+00:00,28.0,29,1.0,22.48172,69.69,0.92,ordinary,flagged_facility,Jamnagar (Sikka) marine terminal,6.53,False,True,3,,False
419001456,MEERA,IND,jamnagar_vadinar_feb2026,2026-02-08 09:00:00+00:00,2026-02-09 13:00:00+00:00,28.0,23,0.793,22.45,69.66956,4.555,ordinary,flagged_facility,Jamnagar (Sikka) marine terminal,5.64,False,True,3,,False
419001472,OCEAN PRIDE,IND,jamnagar_vadinar_feb2026,2026-02-12 06:00:00+00:00,2026-02-13 10:00:00+00:00,28.0,29,1.0,22.50069,69.65931,3.413,ordinary,flagged_facility,Vadinar terminal / Nayara refinery (EU+UK sanctioned),5.57,False,True,3,,False
419001651,KNK NAYRA,IND,jamnagar_vadinar_feb2026,2026-02-10 09:00:00+00:00,2026-02-11 13:00:00+00:00,28.0,29,1.0,22.60724,69.83517,4.424,ordinary,flagged_facility,Vadinar terminal / Nayara refinery (EU+UK sanctioned),20.05,False,True,3,,False
419001794,RIVER PEARL 10,IND,jamnagar_vadinar_feb2026,2026-01-24 05:00:00+00:00,2026-01-25 09:00:00+00:00,28.0,29,1.0,22.44207,69.67,3.106,ordinary,flagged_facility,Jamnagar (Sikka) marine terminal,5.31,False,True,3,,False
419001884,MT KB 50,IND,jamnagar_vadinar_feb2026,2026-02-10 10:00:00+00:00,2026-02-11 14:00:00+00:00,28.0,29,1.0,22.52379,69.69276,3.768,ordinary,flagged_facility,Vadinar terminal / Nayara refinery (EU+UK sanctioned),5.27,False,True,3,,False
419002025,SANMAR SHEHNAI,IND,jamnagar_vadinar_feb2026,2026-02-05 12:00:00+00:00,2026-02-06 16:00:00+00:00,28.0,29,1.0,22.59,69.86379,0.637,ordinary,flagged_facility,Vadinar terminal / Nayara refinery (EU+UK sanctioned),22.4,False,True,3,,False
419014300,M V APURVA,IND,jamnagar_vadinar_feb2026,2026-01-23 01:00:00+00:00,2026-01-24 05:00:00+00:00,28.0,29,1.0,22.50034,69.8331,3.226,ordinary,flagged_facility,Jamnagar (Sikka) marine terminal,14.01,False,True,3,,False
419014400,M V POONAM,IND,jamnagar_vadinar_feb2026,2026-02-11 05:00:00+00:00,2026-02-12 09:00:00+00:00,28.0,29,1.0,22.50138,69.83724,3.481,ordinary,flagged_facility,Jamnagar (Sikka) marine terminal,14.43,False,True,3,,False
419033600,RELTUG ELEVEN,IND,jamnagar_vadinar_feb2026,2026-01-30 03:00:00+00:00,2026-01-31 07:00:00+00:00,28.0,29,1.0,22.48,69.82862,2.941,ordinary,flagged_facility,Jamnagar (Sikka) marine terminal,12.47,False,True,3,,False
419072600,REL TUG FIFTEEN,IND,jamnagar_vadinar_feb2026,2026-01-23 01:00:00+00:00,2026-01-24 05:00:00+00:00,28.0,29,1.0,22.49241,69.84448,4.97,ordinary,flagged_facility,Jamnagar (Sikka) marine terminal,14.55,False,True,3,,False
419072700,RELTUG 14,IND,jamnagar_vadinar_feb2026,2026-02-14 04:00:00+00:00,2026-02-15 08:00:00+00:00,28.0,29,1.0,22.61103,69.83621,3.518,ordinary,flagged_facility,Vadinar terminal / Nayara refinery (EU+UK sanctioned),20.29,False,True,3,,False
419079400,MV APSARA,IND,jamnagar_vadinar_feb2026,2026-02-09 03:00:00+00:00,2026-02-10 07:00:00+00:00,28.0,29,1.0,22.50276,69.83345,3.079,ordinary,flagged_facility,Jamnagar (Sikka) marine terminal,14.19,False,True,3,,False
419292000,RELTUG SIX,IND,jamnagar_vadinar_feb2026,2026-02-01 06:00:00+00:00,2026-02-02 10:00:00+00:00,28.0,29,1.0,22.58966,69.80655,1.267,ordinary,flagged_facility,Vadinar terminal / Nayara refinery (EU+UK sanctioned),16.67,False,True,3,,False
419740000,DESH VIRAAT,IND,jamnagar_vadinar_feb2026,2026-01-29 14:00:00+00:00,2026-01-30 18:00:00+00:00,28.0,29,1.0,22.67966,69.65483,1.182,ordinary,flagged_facility,Vadinar terminal / Nayara refinery (EU+UK sanctioned),14.43,False,True,3,,False
419000638,OCEAN     EMPIRE,IND,jamnagar_vadinar_feb2026,2026-01-29 11:00:00+00:00,2026-01-30 14:00:00+00:00,27.0,28,1.0,22.44286,69.66964,4.247,ordinary,flagged_facility,Jamnagar (Sikka) marine terminal,5.37,False,True,3,,False
419000765,CALYPSO FORTUNE,IND,jamnagar_vadinar_feb2026,2026-02-09 18:00:00+00:00,2026-02-10 21:00:00+00:00,27.0,28,1.0,22.58214,69.82571,4.962,ordinary,flagged_facility,Vadinar terminal / Nayara refinery (EU+UK sanctioned),18.39,False,True,3,,False
419001454,M.T. KB-21,IND,jamnagar_vadinar_feb2026,2026-01-30 21:00:00+00:00,2026-02-01 00:00:00+00:00,27.0,28,1.0,22.45,69.79,0.0,ordinary,flagged_facility,Jamnagar (Sikka) marine terminal,7.53,False,True,3,,False
419001472,OCEAN PRIDE,IND,jamnagar_vadinar_feb2026,2026-02-08 01:00:00+00:00,2026-02-09 04:00:00+00:00,27.0,28,1.0,22.52893,69.70357,2.524,ordinary,flagged_facility,Vadinar terminal / Nayara refinery (EU+UK sanctioned),5.98,False,True,3,,False
419001715,ZINNIA STAR,IND,jamnagar_vadinar_feb2026,2026-01-24 05:00:00+00:00,2026-01-25 08:00:00+00:00,27.0,28,1.0,22.44036,69.67,1.072,ordinary,flagged_facility,Jamnagar (Sikka) marine terminal,5.27,False,True,3,,False
419001794,RIVER PEARL 10,IND,jamnagar_vadinar_feb2026,2026-01-22 05:00:00+00:00,2026-01-23 08:00:00+00:00,27.0,28,1.0,22.44143,69.67,3.177,ordinary,flagged_facility,Jamnagar (Sikka) marine terminal,5.29,False,True,3,,False
419001884,MT KB 50,IND,jamnagar_vadinar_feb2026,2026-01-20 08:00:00+00:00,2026-01-21 11:00:00+00:00,27.0,28,1.0,22.46821,69.68322,4.956,ordinary,flagged_facility,Jamnagar (Sikka) marine terminal,5.69,False,True,3,,False
419001885,KB 49,IND,jamnagar_vadinar_feb2026,2026-02-14 04:00:00+00:00,2026-02-15 07:00:00+00:00,27.0,28,1.0,22.4775,69.68679,4.513,ordinary,flagged_facility,Jamnagar (Sikka) marine terminal,6.29,False,True,3,,False
419014300,M V APURVA,IND,jamnagar_vadinar_feb2026,2026-01-20 00:00:00+00:00,2026-01-21 03:00:00+00:00,27.0,24,0.857,22.50042,69.8325,1.096,ordinary,flagged_facility,Jamnagar (Sikka) marine terminal,13.96,False,True,3,,False
419014400,M V POONAM,IND,jamnagar_vadinar_feb2026,2026-01-30 21:00:00+00:00,2026-02-01 00:00:00+00:00,27.0,28,1.0,22.49964,69.84071,2.253,ordinary,flagged_facility,Jamnagar (Sikka) marine terminal,14.62,False,True,3,,False
419066400,M V CHETAK,IND,jamnagar_vadinar_feb2026,2026-02-08 13:00:00+00:00,2026-02-09 16:00:00+00:00,27.0,28,1.0,22.50571,69.83,4.902,ordinary,flagged_facility,Jamnagar (Sikka) marine terminal,14.09,False,True,3,,False
419072500,RELTUG 16,IND,jamnagar_vadinar_feb2026,2026-01-30 01:00:00+00:00,2026-01-31 04:00:00+00:00,27.0,28,1.0,22.59071,69.86429,3.309,ordinary,flagged_facility,Vadinar terminal / Nayara refinery (EU+UK sanctioned),22.46,False,True,3,,False
419072500,RELTUG 16,IND,jamnagar_vadinar_feb2026,2026-02-05 13:00:00+00:00,2026-02-06 16:00:00+00:00,27.0,28,1.0,22.59,69.86429,0.587,ordinary,flagged_facility,Vadinar terminal / Nayara refinery (EU+UK sanctioned),22.45,False,True,3,,False
419072600,REL TUG FIFTEEN,IND,jamnagar_vadinar_feb2026,2026-02-01 04:00:00+00:00,2026-02-02 07:00:00+00:00,27.0,28,1.0,22.59107,69.86572,3.247,ordinary,flagged_facility,Vadinar terminal / Nayara refinery (EU+UK sanctioned),22.62,False,True,3,,False
419072700,RELTUG 14,IND,jamnagar_vadinar_feb2026,2026-01-20 00:00:00+00:00,2026-01-21 03:00:00+00:00,27.0,28,1.0,22.60929,69.83429,1.122,ordinary,flagged_facility,Vadinar terminal / Nayara refinery (EU+UK sanctioned),20.04,False,True,3,,False
419079300,MV ANJALI,IND,jamnagar_vadinar_feb2026,2026-02-04 06:00:00+00:00,2026-02-05 09:00:00+00:00,27.0,28,1.0,22.50036,69.83607,3.456,ordinary,flagged_facility,Jamnagar (Sikka) marine terminal,14.26,False,True,3,,False
419292000,RELTUG SIX,IND,jamnagar_vadinar_feb2026,2026-02-13 08:00:00+00:00,2026-02-14 11:00:00+00:00,27.0,28,1.0,22.59,69.86464,0.55,ordinary,flagged_facility,Vadinar terminal / Nayara refinery (EU+UK sanctioned),22.48,False,True,3,,False
419956663,M.V. MANGAL MURTI,IND,jamnagar_vadinar_feb2026,2026-02-04 14:00:00+00:00,2026-02-05 17:00:00+00:00,27.0,22,0.786,22.43182,69.66591,4.266,ordinary,flagged_facility,Jamnagar (Sikka) marine terminal,5.56,False,True,3,,False
419001085,RELTUG SEVENTEEN,IND,jamnagar_vadinar_feb2026,2026-02-09 22:00:00+00:00,2026-02-11 00:00:00+00:00,26.0,27,1.0,22.49333,69.84592,4.734,ordinary,flagged_facility,Jamnagar (Sikka) marine terminal,14.73,False,True,3,,False
419001208,DIPPER,IND,jamnagar_vadinar_feb2026,2026-01-27 15:00:00+00:00,2026-01-28 17:00:00+00:00,26.0,27,1.0,22.44,69.8,0.0,ordinary,flagged_facility,Jamnagar (Sikka) marine terminal,8.3,False,True,3,,False
419001390,KNK ASHIMA,IND,jamnagar_vadinar_feb2026,2026-02-15 03:00:00+00:00,2026-02-16 05:00:00+00:00,26.0,27,1.0,22.52481,69.68815,2.081,ordinary,flagged_facility,Vadinar terminal / Nayara refinery (EU+UK sanctioned),4.82,False,True,3,,False
419001472,OCEAN PRIDE,IND,jamnagar_vadinar_feb2026,2026-01-30 23:00:00+00:00,2026-02-01 01:00:00+00:00,26.0,27,1.0,22.44185,69.67,4.242,ordinary,flagged_facility,Jamnagar (Sikka) marine terminal,5.31,False,True,3,,False
419001715,ZINNIA STAR,IND,jamnagar_vadinar_feb2026,2026-02-06 00:00:00+00:00,2026-02-07 02:00:00+00:00,26.0,27,1.0,22.44037,69.67,1.071,ordinary,flagged_facility,Jamnagar (Sikka) marine terminal,5.27,False,True,3,,False
419032200,AQUA MOON,IND,jamnagar_vadinar_feb2026,2026-01-20 00:00:00+00:00,2026-01-21 02:00:00+00:00,26.0,27,1.0,22.57444,69.79222,2.514,ordinary,flagged_facility,Vadinar terminal / Nayara refinery (EU+UK sanctioned),14.85,False,True,3,,False
419033900,REL SAGAR,IND,jamnagar_vadinar_feb2026,2026-02-01 10:00:00+00:00,2026-02-02 12:00:00+00:00,26.0,27,1.0,22.51037,69.8,1.071,ordinary,flagged_facility,Jamnagar (Sikka) marine terminal,12.14,False,True,3,,False
419056200,M.T.IRIS,IND,jamnagar_vadinar_feb2026,2026-02-15 08:00:00+00:00,2026-02-16 10:00:00+00:00,26.0,27,1.0,22.49037,69.85926,2.25,ordinary,flagged_facility,Jamnagar (Sikka) marine terminal,15.81,False,True,3,,False
419072600,REL TUG FIFTEEN,IND,jamnagar_vadinar_feb2026,2026-02-15 01:00:00+00:00,2026-02-16 03:00:00+00:00,26.0,27,1.0,22.59,69.86519,1.915,ordinary,flagged_facility,Vadinar terminal / Nayara refinery (EU+UK sanctioned),22.54,False,True,3,,False
419077200,AKASH,IND,jamnagar_vadinar_feb2026,2026-01-26 01:00:00+00:00,2026-01-27 03:00:00+00:00,26.0,27,1.0,22.58704,69.80704,2.578,ordinary,flagged_facility,Vadinar terminal / Nayara refinery (EU+UK sanctioned),16.64,False,True,3,,False
419740000,DESH VIRAAT,IND,jamnagar_vadinar_feb2026,2026-02-13 13:00:00+00:00,2026-02-14 15:00:00+00:00,26.0,27,1.0,22.67778,69.65556,4.454,ordinary,flagged_facility,Vadinar terminal / Nayara refinery (EU+UK sanctioned),14.22,False,True,3,,False
419956787,DAWN II,IND,jamnagar_vadinar_feb2026,2026-02-10 03:00:00+00:00,2026-02-11 05:00:00+00:00,26.0,27,1.0,22.57556,69.84333,4.067,ordinary,flagged_facility,Vadinar terminal / Nayara refinery (EU+UK sanctioned),20.05,False,True,3,,False
419000638,OCEAN     EMPIRE,IND,jamnagar_vadinar_feb2026,2026-02-10 08:00:00+00:00,2026-02-11 09:00:00+00:00,25.0,26,1.0,22.44,69.67,0.0,ordinary,flagged_facility,Jamnagar (Sikka) marine terminal,5.26,False,True,3,,False
419001058,MV.DAWN,IND,jamnagar_vadinar_feb2026,2026-01-21 11:00:00+00:00,2026-01-22 12:00:00+00:00,25.0,26,1.0,22.58731,69.83231,3.538,ordinary,flagged_facility,Vadinar terminal / Nayara refinery (EU+UK sanctioned),19.17,False,True,3,,False
419001208,DIPPER,IND,jamnagar_vadinar_feb2026,2026-01-31 05:00:00+00:00,2026-02-01 06:00:00+00:00,25.0,26,1.0,22.44,69.8,0.0,ordinary,flagged_facility,Jamnagar (Sikka) marine terminal,8.3,False,True,3,,False
419001390,KNK ASHIMA,IND,jamnagar_vadinar_feb2026,2026-01-28 06:00:00+00:00,2026-01-29 07:00:00+00:00,25.0,26,1.0,22.44154,69.67,3.165,ordinary,flagged_facility,Jamnagar (Sikka) marine terminal,5.3,False,True,3,,False
419001488,RELTUG NINETEEN,IND,jamnagar_vadinar_feb2026,2026-02-11 03:00:00+00:00,2026-02-12 04:00:00+00:00,25.0,26,1.0,22.57,69.78385,2.689,ordinary,flagged_facility,Vadinar terminal / Nayara refinery (EU+UK sanctioned),13.92,False,True,3,,False
419001715,ZINNIA STAR,IND,jamnagar_vadinar_feb2026,2026-01-28 06:00:00+00:00,2026-01-29 07:00:00+00:00,25.0,26,1.0,22.44346,69.66923,4.172,ordinary,flagged_facility,Jamnagar (Sikka) marine terminal,5.43,False,True,3,,False
419001794,RIVER PEARL 10,IND,jamnagar_vadinar_feb2026,2026-01-20 09:00:00+00:00,2026-01-21 10:00:00+00:00,25.0,26,1.0,22.44,69.67,0.0,ordinary,flagged_facility,Jamnagar (Sikka) marine terminal,5.26,False,True,3,,False
419001794,RIVER PEARL 10,IND,jamnagar_vadinar_feb2026,2026-02-10 08:00:00+00:00,2026-02-11 09:00:00+00:00,25.0,26,1.0,22.44154,69.66961,3.315,ordinary,flagged_facility,Jamnagar (Sikka) marine terminal,5.34,False,True,3,,False
419055150,M.T. BLUE BELL,IND,jamnagar_vadinar_feb2026,2026-01-30 22:00:00+00:00,2026-01-31 23:00:00+00:00,25.0,26,1.0,22.49,69.86,0.0,ordinary,flagged_facility,Jamnagar (Sikka) marine terminal,15.86,False,True,3,,False
419066400,M V CHETAK,IND,jamnagar_vadinar_feb2026,2026-02-09 17:00:00+00:00,2026-02-10 18:00:00+00:00,25.0,26,1.0,22.50115,69.83731,4.997,ordinary,flagged_facility,Jamnagar (Sikka) marine terminal,14.42,False,True,3,,False
419072600,REL TUG FIFTEEN,IND,jamnagar_vadinar_feb2026,2026-02-05 02:00:00+00:00,2026-02-06 03:00:00+00:00,25.0,26,1.0,22.57923,69.83385,4.08,ordinary,flagged_facility,Vadinar terminal / Nayara refinery (EU+UK sanctioned),19.16,False,True,3,,False
419072700,RELTUG 14,IND,jamnagar_vadinar_feb2026,2026-01-22 04:00:00+00:00,2026-01-23 05:00:00+00:00,25.0,26,1.0,22.57923,69.83423,2.59,ordinary,flagged_facility,Vadinar terminal / Nayara refinery (EU+UK sanctioned),19.19,False,True,3,,False
419072700,RELTUG 14,IND,jamnagar_vadinar_feb2026,2026-02-09 07:00:00+00:00,2026-02-10 08:00:00+00:00,25.0,26,1.0,22.61,69.83538,1.931,ordinary,flagged_facility,Vadinar terminal / Nayara refinery (EU+UK sanctioned),20.17,False,True,3,,False
419072900,PARIJAT,IND,jamnagar_vadinar_feb2026,2026-01-28 13:00:00+00:00,2026-01-29 14:00:00+00:00,25.0,25,0.962,22.4908,69.8584,2.15,ordinary,flagged_facility,Jamnagar (Sikka) marine terminal,15.75,False,True,3,,False
419292000,RELTUG SIX,IND,jamnagar_vadinar_feb2026,2026-02-11 04:00:00+00:00,2026-02-12 05:00:00+00:00,25.0,26,1.0,22.59,69.86462,0.553,ordinary,flagged_facility,Vadinar terminal / Nayara refinery (EU+UK sanctioned),22.48,False,True,3,,False
419956663,M.V. MANGAL MURTI,IND,jamnagar_vadinar_feb2026,2026-01-23 18:00:00+00:00,2026-01-24 19:00:00+00:00,25.0,26,1.0,22.43462,69.66615,3.985,ordinary,flagged_facility,Jamnagar (Sikka) marine terminal,5.56,False,True,3,,False
419001472,OCEAN PRIDE,IND,jamnagar_vadinar_feb2026,2026-02-06 00:00:00+00:00,2026-02-07 00:00:00+00:00,24.0,25,1.0,22.4412,69.67,2.09,ordinary,flagged_facility,Jamnagar (Sikka) marine terminal,5.29,False,True,3,,False
419001715,ZINNIA STAR,IND,jamnagar_vadinar_feb2026,2026-02-03 07:00:00+00:00,2026-02-04 07:00:00+00:00,24.0,25,1.0,22.4412,69.6696,3.351,ordinary,flagged_facility,Jamnagar (Sikka) marine terminal,5.33,False,True,3,,False
419001884,MT KB 50,IND,jamnagar_vadinar_feb2026,2026-02-05 05:00:00+00:00,2026-02-06 05:00:00+00:00,24.0,25,1.0,22.4968,69.6928,4.715,ordinary,flagged_facility,Vadinar terminal / Nayara refinery (EU+UK sanctioned),7.37,False,True,3,,False
419033600,RELTUG ELEVEN,IND,jamnagar_vadinar_feb2026,2026-01-20 00:00:00+00:00,2026-01-21 00:00:00+00:00,24.0,25,1.0,22.48,69.83,0.0,ordinary,flagged_facility,Jamnagar (Sikka) marine terminal,12.6,False,True,3,,False
419056200,M.T.IRIS,IND,jamnagar_vadinar_feb2026,2026-02-07 16:00:00+00:00,2026-02-08 16:00:00+00:00,24.0,25,1.0,22.49,69.86,0.0,ordinary,flagged_facility,Jamnagar (Sikka) marine terminal,15.86,False,True,3,,False
419072600,REL TUG FIFTEEN,IND,jamnagar_vadinar_feb2026,2026-01-29 15:00:00+00:00,2026-01-30 15:00:00+00:00,24.0,25,1.0,22.5084,69.8056,4.999,ordinary,flagged_facility,Jamnagar (Sikka) marine terminal,12.38,False,True,3,,False
419072600,REL TUG FIFTEEN,IND,jamnagar_vadinar_feb2026,2026-02-06 04:00:00+00:00,2026-02-07 04:00:00+00:00,24.0,25,1.0,22.4908,69.8492,2.906,ordinary,flagged_facility,Jamnagar (Sikka) marine terminal,14.9,False,True,3,,False
419077200,AKASH,IND,jamnagar_vadinar_feb2026,2026-02-15 11:00:00+00:00,2026-02-16 11:00:00+00:00,24.0,25,1.0,22.5728,69.7908,2.746,ordinary,flagged_facility,Vadinar terminal / Nayara refinery (EU+UK sanctioned),14.68,False,True,3,,False
419079400,MV APSARA,IND,jamnagar_vadinar_feb2026,2026-02-04 07:00:00+00:00,2026-02-05 07:00:00+00:00,24.0,25,1.0,22.5008,69.8388,3.648,ordinary,flagged_facility,Jamnagar (Sikka) marine terminal,14.53,False,True,3,,False
419293000,RELTUG 7,IND,jamnagar_vadinar_feb2026,2026-01-23 05:00:00+00:00,2026-01-24 05:00:00+00:00,24.0,25,1.0,22.5808,69.836,1.764,ordinary,flagged_facility,Vadinar terminal / Nayara refinery (EU+UK sanctioned),19.4,False,True,3,,False
419293000,RELTUG 7,IND,jamnagar_vadinar_feb2026,2026-02-14 13:00:00+00:00,2026-02-15 13:00:00+00:00,24.0,25,1.0,22.5796,69.8352,1.193,ordinary,flagged_facility,Vadinar terminal / Nayara refinery (EU+UK sanctioned),19.3,False,True,3,,False
419740000,DESH VIRAAT,IND,jamnagar_vadinar_feb2026,2026-01-28 06:00:00+00:00,2026-01-29 06:00:00+00:00,24.0,25,1.0,22.5252,69.7088,1.05,ordinary,flagged_facility,Vadinar terminal / Nayara refinery (EU+UK sanctioned),6.64,False,True,3,,False
419826328,MT GAUTAM  PAWAN,IND,jamnagar_vadinar_feb2026,2026-02-02 02:00:00+00:00,2026-02-03 02:00:00+00:00,24.0,21,0.84,22.45,69.79,0.0,ordinary,flagged_facility,Jamnagar (Sikka) marine terminal,7.53,False,True,3,,False
419902339,MT MAHADEV,IND,jamnagar_vadinar_feb2026,2026-01-23 12:00:00+00:00,2026-01-24 12:00:00+00:00,24.0,25,1.0,22.434,69.67,2.891,ordinary,flagged_facility,Jamnagar (Sikka) marine terminal,5.16,False,True,3,,False
419956787,DAWN II,IND,jamnagar_vadinar_feb2026,2026-02-15 23:00:00+00:00,2026-02-16 23:00:00+00:00,24.0,25,1.0,22.5736,69.8404,4.186,ordinary,flagged_facility,Vadinar terminal / Nayara refinery (EU+UK sanctioned),19.73,False,True,3,,False
419991279,DARIYA JYOT,IND,jamnagar_vadinar_feb2026,2026-01-30 14:00:00+00:00,2026-01-31 14:00:00+00:00,24.0,25,1.0,22.4308,69.6672,2.154,ordinary,flagged_facility,Jamnagar (Sikka) marine terminal,5.43,False,True,3,,False
419000638,OCEAN     EMPIRE,IND,jamnagar_vadinar_feb2026,2026-01-27 03:00:00+00:00,2026-01-28 02:00:00+00:00,23.0,24,1.0,22.44,69.67,0.0,ordinary,flagged_facility,Jamnagar (Sikka) marine terminal,5.26,False,True,3,,False
419000765,CALYPSO FORTUNE,IND,jamnagar_vadinar_feb2026,2026-01-25 16:00:00+00:00,2026-01-26 15:00:00+00:00,23.0,24,1.0,22.57875,69.81833,4.887,ordinary,flagged_facility,Vadinar terminal / Nayara refinery (EU+UK sanctioned),17.58,False,True,3,,False
419000964,ASTER STAR,IND,jamnagar_vadinar_feb2026,2026-02-07 05:00:00+00:00,2026-02-08 04:00:00+00:00,23.0,24,1.0,22.49083,69.84917,2.901,ordinary,flagged_facility,Jamnagar (Sikka) marine terminal,14.9,False,True,3,,False
419001085,RELTUG SEVENTEEN,IND,jamnagar_vadinar_feb2026,2026-02-08 22:00:00+00:00,2026-02-09 21:00:00+00:00,23.0,24,1.0,22.49292,69.845,4.997,ordinary,flagged_facility,Jamnagar (Sikka) marine terminal,14.63,False,True,3,,False
419001794,RIVER PEARL 10,IND,jamnagar_vadinar_feb2026,2026-01-28 06:00:00+00:00,2026-01-29 05:00:00+00:00,23.0,24,1.0,22.44042,69.67,1.066,ordinary,flagged_facility,Jamnagar (Sikka) marine terminal,5.27,False,True,3,,False
419001794,RIVER PEARL 10,IND,jamnagar_vadinar_feb2026,2026-02-03 07:00:00+00:00,2026-02-04 06:00:00+00:00,23.0,24,1.0,22.44292,69.66958,3.168,ordinary,flagged_facility,Jamnagar (Sikka) marine terminal,5.38,False,True,3,,False
419014400,M V POONAM,IND,jamnagar_vadinar_feb2026,2026-01-23 02:00:00+00:00,2026-01-24 01:00:00+00:00,23.0,24,1.0,22.50125,69.83417,3.642,ordinary,flagged_facility,Jamnagar (Sikka) marine terminal,14.16,False,True,3,,False
419024600,ESSAR TUG XI,IND,jamnagar_vadinar_feb2026,2026-01-31 06:00:00+00:00,2026-02-01 05:00:00+00:00,23.0,22,0.917,22.39,69.61,0.0,ordinary,flagged_facility,Jamnagar (Sikka) marine terminal,12.15,False,True,3,,False
419066400,M V CHETAK,IND,jamnagar_vadinar_feb2026,2026-02-11 21:00:00+00:00,2026-02-12 20:00:00+00:00,23.0,24,1.0,22.50042,69.83583,4.936,ordinary,flagged_facility,Jamnagar (Sikka) marine terminal,14.25,False,True,3,,False
419077500,AGNI,IND,jamnagar_vadinar_feb2026,2026-02-06 02:00:00+00:00,2026-02-07 01:00:00+00:00,23.0,24,1.0,22.58833,69.80625,4.31,ordinary,flagged_facility,Vadinar terminal / Nayara refinery (EU+UK sanctioned),16.6,False,True,3,,False
419077500,AGNI,IND,jamnagar_vadinar_feb2026,2026-02-12 12:00:00+00:00,2026-02-13 11:00:00+00:00,23.0,24,1.0,22.58917,69.81041,4.443,ordinary,flagged_facility,Vadinar terminal / Nayara refinery (EU+UK sanctioned),17.04,False,True,3,,False
419956787,DAWN II,IND,jamnagar_vadinar_feb2026,2026-01-28 06:00:00+00:00,2026-01-29 05:00:00+00:00,23.0,24,1.0,22.58875,69.85958,3.189,ordinary,flagged_facility,Vadinar terminal / Nayara refinery (EU+UK sanctioned),21.95,False,True,3,,False
419000638,OCEAN     EMPIRE,IND,jamnagar_vadinar_feb2026,2026-02-14 13:00:00+00:00,2026-02-15 11:00:00+00:00,22.0,23,1.0,22.44043,69.67,1.064,ordinary,flagged_facility,Jamnagar (Sikka) marine terminal,5.27,False,True,3,,False
419000765,CALYPSO FORTUNE,IND,jamnagar_vadinar_feb2026,2026-02-13 18:00:00+00:00,2026-02-14 16:00:00+00:00,22.0,23,1.0,22.58348,69.82174,2.927,ordinary,flagged_facility,Vadinar terminal / Nayara refinery (EU+UK sanctioned),18.02,False,True,3,,False
419001358,PRABHAT SHOBHA,IND,jamnagar_vadinar_feb2026,2026-02-13 12:00:00+00:00,2026-02-14 10:00:00+00:00,22.0,23,1.0,22.45,69.79,0.0,ordinary,flagged_facility,Jamnagar (Sikka) marine terminal,7.53,False,True,3,,False
419001387,JAG VASANT,IND,jamnagar_vadinar_feb2026,2026-01-31 10:00:00+00:00,2026-02-01 08:00:00+00:00,22.0,23,1.0,22.65,69.70478,0.536,ordinary,flagged_facility,Vadinar terminal / Nayara refinery (EU+UK sanctioned),12.46,False,True,3,,False
419001472,OCEAN PRIDE,IND,jamnagar_vadinar_feb2026,2026-02-14 04:00:00+00:00,2026-02-15 02:00:00+00:00,22.0,23,1.0,22.44174,69.66956,3.292,ordinary,flagged_facility,Jamnagar (Sikka) marine terminal,5.35,False,True,3,,False
419001651,KNK NAYRA,IND,jamnagar_vadinar_feb2026,2026-02-02 09:00:00+00:00,2026-02-03 07:00:00+00:00,22.0,23,1.0,22.59043,69.80217,3.304,ordinary,flagged_facility,Vadinar terminal / Nayara refinery (EU+UK sanctioned),16.26,False,True,3,,False
419001651,KNK NAYRA,IND,jamnagar_vadinar_feb2026,2026-02-09 10:00:00+00:00,2026-02-10 08:00:00+00:00,22.0,23,1.0,22.50913,69.80522,3.714,ordinary,flagged_facility,Jamnagar (Sikka) marine terminal,12.41,False,True,3,,False
419001794,RIVER PEARL 10,IND,jamnagar_vadinar_feb2026,2026-02-01 05:00:00+00:00,2026-02-02 03:00:00+00:00,22.0,23,1.0,22.44217,69.67,4.206,ordinary,flagged_facility,Jamnagar (Sikka) marine terminal,5.31,False,True,3,,False
419001794,RIVER PEARL 10,IND,jamnagar_vadinar_feb2026,2026-02-14 04:00:00+00:00,2026-02-15 02:00:00+00:00,22.0,23,1.0,22.44261,69.67,4.158,ordinary,flagged_facility,Jamnagar (Sikka) marine terminal,5.33,False,True,3,,False
419001884,MT KB 50,IND,jamnagar_vadinar_feb2026,2026-01-24 09:00:00+00:00,2026-01-25 07:00:00+00:00,22.0,23,1.0,22.48,69.68913,4.863,ordinary,flagged_facility,Jamnagar (Sikka) marine terminal,6.4,False,True,3,,False
419055150,M.T. BLUE BELL,IND,jamnagar_vadinar_feb2026,2026-01-24 12:00:00+00:00,2026-01-25 10:00:00+00:00,22.0,23,1.0,22.49217,69.85348,2.564,ordinary,flagged_facility,Jamnagar (Sikka) marine terminal,15.36,False,True,3,,False
419055150,M.T. BLUE BELL,IND,jamnagar_vadinar_feb2026,2026-01-26 14:00:00+00:00,2026-01-27 12:00:00+00:00,22.0,23,1.0,22.49,69.86,0.0,ordinary,flagged_facility,Jamnagar (Sikka) marine terminal,15.86,False,True,3,,False
419071500,M. T. HAZEL,IND,jamnagar_vadinar_feb2026,2026-02-07 12:00:00+00:00,2026-02-08 10:00:00+00:00,22.0,23,1.0,22.49,69.86,0.0,ordinary,flagged_facility,Jamnagar (Sikka) marine terminal,15.86,False,True,3,,False
419072500,RELTUG 16,IND,jamnagar_vadinar_feb2026,2026-01-22 18:00:00+00:00,2026-01-23 16:00:00+00:00,22.0,23,1.0,22.49,69.85,0.0,ordinary,flagged_facility,Jamnagar (Sikka) marine terminal,14.93,False,True,3,,False
419072500,RELTUG 16,IND,jamnagar_vadinar_feb2026,2026-02-03 06:00:00+00:00,2026-02-04 04:00:00+00:00,22.0,23,1.0,22.59,69.86391,4.131,ordinary,flagged_facility,Vadinar terminal / Nayara refinery (EU+UK sanctioned),22.41,False,True,3,,False
419072500,RELTUG 16,IND,jamnagar_vadinar_feb2026,2026-02-04 05:00:00+00:00,2026-02-05 03:00:00+00:00,22.0,23,1.0,22.51,69.80087,1.965,ordinary,flagged_facility,Jamnagar (Sikka) marine terminal,12.17,False,True,3,,False
419072700,RELTUG 14,IND,jamnagar_vadinar_feb2026,2026-02-01 02:00:00+00:00,2026-02-02 00:00:00+00:00,22.0,23,1.0,22.4913,69.84826,3.571,ordinary,flagged_facility,Jamnagar (Sikka) marine terminal,14.84,False,True,3,,False
419072900,PARIJAT,IND,jamnagar_vadinar_feb2026,2026-02-07 04:00:00+00:00,2026-02-08 02:00:00+00:00,22.0,23,1.0,22.4913,69.85696,3.463,ordinary,flagged_facility,Jamnagar (Sikka) marine terminal,15.64,False,True,3,,False
419077800,REL DARSHAN,IND,jamnagar_vadinar_feb2026,2026-02-16 01:00:00+00:00,2026-02-16 23:00:00+00:00,22.0,23,1.0,22.56,69.85,0.0,ordinary,flagged_facility,Jamnagar (Sikka) marine terminal,19.68,False,True,3,,False
419079300,MV ANJALI,IND,jamnagar_vadinar_feb2026,2026-01-30 05:00:00+00:00,2026-01-31 03:00:00+00:00,22.0,23,1.0,22.50174,69.83782,4.33,ordinary,flagged_facility,Jamnagar (Sikka) marine terminal,14.5,False,True,3,,False
419079400,MV APSARA,IND,jamnagar_vadinar_feb2026,2026-02-01 04:00:00+00:00,2026-02-02 02:00:00+00:00,22.0,23,1.0,22.50174,69.83652,4.265,ordinary,flagged_facility,Jamnagar (Sikka) marine terminal,14.39,False,True,3,,False
419079400,MV APSARA,IND,jamnagar_vadinar_feb2026,2026-02-05 10:00:00+00:00,2026-02-06 08:00:00+00:00,22.0,23,1.0,22.50696,69.82652,4.8,ordinary,flagged_facility,Jamnagar (Sikka) marine terminal,13.89,False,True,3,,False
419292000,RELTUG SIX,IND,jamnagar_vadinar_feb2026,2026-01-27 11:00:00+00:00,2026-01-28 09:00:00+00:00,22.0,23,1.0,22.49435,69.83913,4.38,ordinary,flagged_facility,Jamnagar (Sikka) marine terminal,14.18,False,True,3,,False
419292000,RELTUG SIX,IND,jamnagar_vadinar_feb2026,2026-02-12 06:00:00+00:00,2026-02-13 04:00:00+00:00,22.0,23,1.0,22.49522,69.83826,4.26,ordinary,flagged_facility,Jamnagar (Sikka) marine terminal,14.15,False,True,3,,False
419293000,RELTUG 7,IND,jamnagar_vadinar_feb2026,2026-01-22 06:00:00+00:00,2026-01-23 04:00:00+00:00,22.0,23,1.0,22.5013,69.82304,3.041,ordinary,flagged_facility,Jamnagar (Sikka) marine terminal,13.23,False,True,3,,False
419293000,RELTUG 7,IND,jamnagar_vadinar_feb2026,2026-02-09 09:00:00+00:00,2026-02-10 07:00:00+00:00,22.0,23,1.0,22.59,69.86522,3.616,ordinary,flagged_facility,Vadinar terminal / Nayara refinery (EU+UK sanctioned),22.54,False,True,3,,False
419672000,JAG PUSHPA,IND,jamnagar_vadinar_feb2026,2026-01-22 05:00:00+00:00,2026-01-23 03:00:00+00:00,22.0,23,1.0,22.63957,69.70478,2.757,ordinary,flagged_facility,Vadinar terminal / Nayara refinery (EU+UK sanctioned),11.44,False,True,3,,False
419956398,M V RAMESHWAR,IND,jamnagar_vadinar_feb2026,2026-02-02 21:00:00+00:00,2026-02-03 19:00:00+00:00,22.0,23,1.0,22.43609,69.80957,4.274,ordinary,flagged_facility,Jamnagar (Sikka) marine terminal,9.23,False,True,3,,False
419957007,MT SEA STAR II,IND,jamnagar_vadinar_feb2026,2026-02-02 05:00:00+00:00,2026-02-03 03:00:00+00:00,22.0,14,0.609,22.43,69.81,0.0,ordinary,flagged_facility,Jamnagar (Sikka) marine terminal,9.25,False,True,3,,False
419000765,CALYPSO FORTUNE,IND,jamnagar_vadinar_feb2026,2026-01-21 18:00:00+00:00,2026-01-22 15:00:00+00:00,21.0,22,1.0,22.58273,69.82818,4.664,ordinary,flagged_facility,Vadinar terminal / Nayara refinery (EU+UK sanctioned),18.65,False,True,3,,False
419000765,CALYPSO FORTUNE,IND,jamnagar_vadinar_feb2026,2026-01-26 18:00:00+00:00,2026-01-27 15:00:00+00:00,21.0,22,1.0,22.57364,69.81818,4.72,ordinary,flagged_facility,Vadinar terminal / Nayara refinery (EU+UK sanctioned),17.47,False,True,3,,False
419000765,CALYPSO FORTUNE,IND,jamnagar_vadinar_feb2026,2026-01-31 18:00:00+00:00,2026-02-01 15:00:00+00:00,21.0,22,1.0,22.58455,69.82227,4.862,ordinary,flagged_facility,Vadinar terminal / Nayara refinery (EU+UK sanctioned),18.1,False,True,3,,False
419001208,DIPPER,IND,jamnagar_vadinar_feb2026,2026-02-11 01:00:00+00:00,2026-02-11 22:00:00+00:00,21.0,20,0.909,22.44,69.8,0.0,ordinary,flagged_facility,Jamnagar (Sikka) marine terminal,8.3,False,True,3,,False
419001286,TUG KB XI,IND,jamnagar_vadinar_feb2026,2026-01-23 10:00:00+00:00,2026-01-24 07:00:00+00:00,21.0,22,1.0,22.48182,69.68682,4.961,ordinary,flagged_facility,Jamnagar (Sikka) marine terminal,6.7,False,True,3,,False
419001286,TUG KB XI,IND,jamnagar_vadinar_feb2026,2026-02-01 11:00:00+00:00,2026-02-02 08:00:00+00:00,21.0,22,1.0,22.49091,69.69,4.347,ordinary,flagged_facility,Jamnagar (Sikka) marine terminal,7.44,False,True,3,,False
419001472,OCEAN PRIDE,IND,jamnagar_vadinar_feb2026,2026-01-26 05:00:00+00:00,2026-01-27 02:00:00+00:00,21.0,22,1.0,22.44,69.67,0.0,ordinary,flagged_facility,Jamnagar (Sikka) marine terminal,5.26,False,True,3,,False
419001794,RIVER PEARL 10,IND,jamnagar_vadinar_feb2026,2026-01-26 05:00:00+00:00,2026-01-27 02:00:00+00:00,21.0,22,1.0,22.44136,69.67,2.072,ordinary,flagged_facility,Jamnagar (Sikka) marine terminal,5.29,False,True,3,,False
419001794,RIVER PEARL 10,IND,jamnagar_vadinar_feb2026,2026-02-02 07:00:00+00:00,2026-02-03 04:00:00+00:00,21.0,22,1.0,22.44182,69.67,4.246,ordinary,flagged_facility,Jamnagar (Sikka) marine terminal,5.3,False,True,3,,False
419001794,RIVER PEARL 10,IND,jamnagar_vadinar_feb2026,2026-02-15 05:00:00+00:00,2026-02-16 02:00:00+00:00,21.0,22,1.0,22.44273,69.67,4.145,ordinary,flagged_facility,Jamnagar (Sikka) marine terminal,5.33,False,True,3,,False
419001885,KB 49,IND,jamnagar_vadinar_feb2026,2026-02-10 11:00:00+00:00,2026-02-11 08:00:00+00:00,21.0,22,1.0,22.47727,69.68818,4.546,ordinary,flagged_facility,Jamnagar (Sikka) marine terminal,6.19,False,True,3,,False
419014300,M V APURVA,IND,jamnagar_vadinar_feb2026,2026-01-26 11:00:00+00:00,2026-01-27 08:00:00+00:00,21.0,22,1.0,22.5,69.84,0.0,ordinary,flagged_facility,Jamnagar (Sikka) marine terminal,14.58,False,True,3,,False
419014300,M V APURVA,IND,jamnagar_vadinar_feb2026,2026-01-27 10:00:00+00:00,2026-01-28 07:00:00+00:00,21.0,22,1.0,22.50045,69.83863,3.657,ordinary,flagged_facility,Jamnagar (Sikka) marine terminal,14.49,False,True,3,,False
419033900,REL SAGAR,IND,jamnagar_vadinar_feb2026,2026-01-24 06:00:00+00:00,2026-01-25 03:00:00+00:00,21.0,22,1.0,22.50364,69.82227,3.227,ordinary,flagged_facility,Jamnagar (Sikka) marine terminal,13.32,False,True,3,,False
419055150,M.T. BLUE BELL,IND,jamnagar_vadinar_feb2026,2026-01-22 07:00:00+00:00,2026-01-23 04:00:00+00:00,21.0,22,1.0,22.49,69.85955,0.981,ordinary,flagged_facility,Jamnagar (Sikka) marine terminal,15.82,False,True,3,,False
419066400,M V CHETAK,IND,jamnagar_vadinar_feb2026,2026-02-04 19:00:00+00:00,2026-02-05 16:00:00+00:00,21.0,22,1.0,22.50227,69.83136,4.459,ordinary,flagged_facility,Jamnagar (Sikka) marine terminal,13.98,False,True,3,,False
419066400,M V CHETAK,IND,jamnagar_vadinar_feb2026,2026-02-10 19:00:00+00:00,2026-02-11 16:00:00+00:00,21.0,22,1.0,22.5,69.83727,3.577,ordinary,flagged_facility,Jamnagar (Sikka) marine terminal,14.35,False,True,3,,False
419072500,RELTUG 16,IND,jamnagar_vadinar_feb2026,2026-02-13 05:00:00+00:00,2026-02-14 02:00:00+00:00,21.0,22,1.0,22.49773,69.83364,4.981,ordinary,flagged_facility,Jamnagar (Sikka) marine terminal,13.9,False,True,3,,False
419072700,RELTUG 14,IND,jamnagar_vadinar_feb2026,2026-02-11 03:00:00+00:00,2026-02-12 00:00:00+00:00,21.0,22,1.0,22.58864,69.80364,3.206,ordinary,flagged_facility,Vadinar terminal / Nayara refinery (EU+UK sanctioned),16.35,False,True,3,,False
419077200,AKASH,IND,jamnagar_vadinar_feb2026,2026-01-20 01:00:00+00:00,2026-01-20 22:00:00+00:00,21.0,22,1.0,22.52636,69.79909,4.941,ordinary,flagged_facility,Jamnagar (Sikka) marine terminal,13.45,False,True,3,,False
419077200,AKASH,IND,jamnagar_vadinar_feb2026,2026-02-01 07:00:00+00:00,2026-02-02 04:00:00+00:00,21.0,22,1.0,22.51,69.8,0.0,ordinary,flagged_facility,Jamnagar (Sikka) marine terminal,12.11,False,True,3,,False
419902339,MT MAHADEV,IND,jamnagar_vadinar_feb2026,2026-02-06 13:00:00+00:00,2026-02-07 10:00:00+00:00,21.0,22,1.0,22.43136,69.67,2.072,ordinary,flagged_facility,Jamnagar (Sikka) marine terminal,5.14,False,True,3,,False
419956582,GAUTAM  VARUN,IND,jamnagar_vadinar_feb2026,2026-01-29 12:00:00+00:00,2026-01-30 09:00:00+00:00,21.0,20,0.909,22.4535,69.789,4.504,ordinary,flagged_facility,Jamnagar (Sikka) marine terminal,7.56,False,True,3,,False
419956787,DAWN II,IND,jamnagar_vadinar_feb2026,2026-01-27 06:00:00+00:00,2026-01-28 03:00:00+00:00,21.0,22,1.0,22.58136,69.84273,3.197,ordinary,flagged_facility,Vadinar terminal / Nayara refinery (EU+UK sanctioned),20.09,False,True,3,,False
419956824,M.T.NEIRA,IND,jamnagar_vadinar_feb2026,2026-02-14 05:00:00+00:00,2026-02-15 02:00:00+00:00,21.0,22,1.0,22.49,69.84,0.0,ordinary,flagged_facility,Jamnagar (Sikka) marine terminal,14.02,False,True,3,,False
419991279,DARIYA JYOT,IND,jamnagar_vadinar_feb2026,2026-01-27 05:00:00+00:00,2026-01-28 02:00:00+00:00,21.0,22,1.0,22.43045,69.66546,1.16,ordinary,flagged_facility,Jamnagar (Sikka) marine terminal,5.61,False,True,3,,False
419000765,CALYPSO FORTUNE,IND,jamnagar_vadinar_feb2026,2026-02-01 18:00:00+00:00,2026-02-02 14:00:00+00:00,20.0,21,1.0,22.58524,69.82333,3.926,ordinary,flagged_facility,Vadinar terminal / Nayara refinery (EU+UK sanctioned),18.22,False,True,3,,False
419000964,ASTER STAR,IND,jamnagar_vadinar_feb2026,2026-01-22 13:00:00+00:00,2026-01-23 09:00:00+00:00,20.0,21,1.0,22.49095,69.84857,2.157,ordinary,flagged_facility,Jamnagar (Sikka) marine terminal,14.85,False,True,3,,False
419000964,ASTER STAR,IND,jamnagar_vadinar_feb2026,2026-02-04 08:00:00+00:00,2026-02-05 04:00:00+00:00,20.0,21,1.0,22.49143,69.84857,1.298,ordinary,flagged_facility,Jamnagar (Sikka) marine terminal,14.87,False,True,3,,False
419001058,MV.DAWN,IND,jamnagar_vadinar_feb2026,2026-01-20 12:00:00+00:00,2026-01-21 08:00:00+00:00,20.0,16,0.762,22.45125,69.825,4.576,ordinary,flagged_facility,Jamnagar (Sikka) marine terminal,11.05,False,True,3,,False
419001286,TUG KB XI,IND,jamnagar_vadinar_feb2026,2026-02-13 04:00:00+00:00,2026-02-14 00:00:00+00:00,20.0,21,1.0,22.47,69.68429,3.645,ordinary,flagged_facility,Jamnagar (Sikka) marine terminal,5.77,False,True,3,,False
419001390,KNK ASHIMA,IND,jamnagar_vadinar_feb2026,2026-02-09 05:00:00+00:00,2026-02-10 01:00:00+00:00,20.0,21,1.0,22.44,69.67,0.0,ordinary,flagged_facility,Jamnagar (Sikka) marine terminal,5.26,False,True,3,,False
419001472,OCEAN PRIDE,IND,jamnagar_vadinar_feb2026,2026-02-15 06:00:00+00:00,2026-02-16 02:00:00+00:00,20.0,21,1.0,22.4419,69.67,3.124,ordinary,flagged_facility,Jamnagar (Sikka) marine terminal,5.31,False,True,3,,False
419001472,OCEAN PRIDE,IND,jamnagar_vadinar_feb2026,2026-02-16 03:00:00+00:00,2026-02-16 23:00:00+00:00,20.0,21,1.0,22.50238,69.66048,3.071,ordinary,flagged_facility,Vadinar terminal / Nayara refinery (EU+UK sanctioned),5.4,False,True,3,,False
419001715,ZINNIA STAR,IND,jamnagar_vadinar_feb2026,2026-02-07 05:00:00+00:00,2026-02-08 01:00:00+00:00,20.0,21,1.0,22.44,69.67,0.0,ordinary,flagged_facility,Jamnagar (Sikka) marine terminal,5.26,False,True,3,,False
419001794,RIVER PEARL 10,IND,jamnagar_vadinar_feb2026,2026-01-30 05:00:00+00:00,2026-01-31 01:00:00+00:00,20.0,21,1.0,22.44143,69.67,3.177,ordinary,flagged_facility,Jamnagar (Sikka) marine terminal,5.29,False,True,3,,False
419001884,MT KB 50,IND,jamnagar_vadinar_feb2026,2026-02-07 13:00:00+00:00,2026-02-08 09:00:00+00:00,20.0,21,1.0,22.49952,69.69524,3.713,ordinary,flagged_facility,Vadinar terminal / Nayara refinery (EU+UK sanctioned),7.29,False,True,3,,False
419014400,M V POONAM,IND,jamnagar_vadinar_feb2026,2026-02-12 11:00:00+00:00,2026-02-13 07:00:00+00:00,20.0,21,1.0,22.5,69.83904,0.929,ordinary,flagged_facility,Jamnagar (Sikka) marine terminal,14.5,False,True,3,,False
419032200,AQUA MOON,IND,jamnagar_vadinar_feb2026,2026-02-16 03:00:00+00:00,2026-02-16 23:00:00+00:00,20.0,21,1.0,22.49476,69.81714,4.296,ordinary,flagged_facility,Jamnagar (Sikka) marine terminal,12.31,False,True,3,,False
419066300,SB EAGLE,IND,jamnagar_vadinar_feb2026,2026-01-23 19:00:00+00:00,2026-01-24 15:00:00+00:00,20.0,21,1.0,22.4981,69.84095,4.005,ordinary,flagged_facility,Jamnagar (Sikka) marine terminal,14.55,False,True,3,,False
419071500,M. T. HAZEL,IND,jamnagar_vadinar_feb2026,2026-01-28 13:00:00+00:00,2026-01-29 09:00:00+00:00,20.0,21,1.0,22.49,69.86,0.0,ordinary,flagged_facility,Jamnagar (Sikka) marine terminal,15.86,False,True,3,,False
419072500,RELTUG 16,IND,jamnagar_vadinar_feb2026,2026-01-31 05:00:00+00:00,2026-02-01 01:00:00+00:00,20.0,21,1.0,22.50762,69.81191,4.717,ordinary,flagged_facility,Jamnagar (Sikka) marine terminal,12.79,False,True,3,,False
419072600,REL TUG FIFTEEN,IND,jamnagar_vadinar_feb2026,2026-01-22 04:00:00+00:00,2026-01-23 00:00:00+00:00,20.0,21,1.0,22.58952,69.86667,1.261,ordinary,flagged_facility,Vadinar terminal / Nayara refinery (EU+UK sanctioned),22.68,False,True,3,,False
419077200,AKASH,IND,jamnagar_vadinar_feb2026,2026-02-08 11:00:00+00:00,2026-02-09 07:00:00+00:00,20.0,21,1.0,22.51,69.80143,4.534,ordinary,flagged_facility,Jamnagar (Sikka) marine terminal,12.21,False,True,3,,False
419077500,AGNI,IND,jamnagar_vadinar_feb2026,2026-02-09 12:00:00+00:00,2026-02-10 08:00:00+00:00,20.0,21,1.0,22.59,69.81,0.0,ordinary,flagged_facility,Vadinar terminal / Nayara refinery (EU+UK sanctioned),17.02,False,True,3,,False
419077600,NIVARAK,IND,jamnagar_vadinar_feb2026,2026-01-31 14:00:00+00:00,2026-02-01 10:00:00+00:00,20.0,16,0.762,22.39125,69.60875,2.84,ordinary,flagged_facility,Jamnagar (Sikka) marine terminal,12.22,False,True,3,,False
419079300,MV ANJALI,IND,jamnagar_vadinar_feb2026,2026-01-20 18:00:00+00:00,2026-01-21 14:00:00+00:00,20.0,21,1.0,22.5,69.84,0.0,ordinary,flagged_facility,Jamnagar (Sikka) marine terminal,14.58,False,True,3,,False
419079300,MV ANJALI,IND,jamnagar_vadinar_feb2026,2026-01-28 12:00:00+00:00,2026-01-29 08:00:00+00:00,20.0,21,1.0,22.50571,69.8281,4.994,ordinary,flagged_facility,Jamnagar (Sikka) marine terminal,13.94,False,True,3,,False
419079300,MV ANJALI,IND,jamnagar_vadinar_feb2026,2026-01-31 05:00:00+00:00,2026-02-01 01:00:00+00:00,20.0,21,1.0,22.50095,69.82905,1.37,ordinary,flagged_facility,Jamnagar (Sikka) marine terminal,13.7,False,True,3,,False
419292000,RELTUG SIX,IND,jamnagar_vadinar_feb2026,2026-01-20 03:00:00+00:00,2026-01-20 23:00:00+00:00,20.0,21,1.0,22.58429,69.84047,4.996,ordinary,flagged_facility,Vadinar terminal / Nayara refinery (EU+UK sanctioned),19.93,False,True,3,,False
419956663,M.V. MANGAL MURTI,IND,jamnagar_vadinar_feb2026,2026-01-28 14:00:00+00:00,2026-01-29 10:00:00+00:00,20.0,21,1.0,22.43286,69.66571,0.908,ordinary,flagged_facility,Jamnagar (Sikka) marine terminal,5.59,False,True,3,,False
419956663,M.V. MANGAL MURTI,IND,jamnagar_vadinar_feb2026,2026-01-30 21:00:00+00:00,2026-01-31 17:00:00+00:00,20.0,21,1.0,22.43905,69.66905,4.648,ordinary,flagged_facility,Jamnagar (Sikka) marine terminal,5.33,False,True,3,,False
419000293,DWARKESH,IND,jamnagar_vadinar_feb2026,2026-01-25 11:00:00+00:00,2026-01-26 06:00:00+00:00,19.0,20,1.0,22.5475,69.601,1.394,ordinary,flagged_facility,Vadinar terminal / Nayara refinery (EU+UK sanctioned),5.04,False,True,3,,False
419000765,CALYPSO FORTUNE,IND,jamnagar_vadinar_feb2026,2026-02-07 20:00:00+00:00,2026-02-08 15:00:00+00:00,19.0,20,1.0,22.584,69.8265,4.807,ordinary,flagged_facility,Vadinar terminal / Nayara refinery (EU+UK sanctioned),18.51,False,True,3,,False
419001390,KNK ASHIMA,IND,jamnagar_vadinar_feb2026,2026-02-14 07:00:00+00:00,2026-02-15 02:00:00+00:00,19.0,20,1.0,22.4425,69.6695,3.21,ordinary,flagged_facility,Jamnagar (Sikka) marine terminal,5.37,False,True,3,,False
419001456,MEERA,IND,jamnagar_vadinar_feb2026,2026-01-20 16:00:00+00:00,2026-01-21 11:00:00+00:00,19.0,20,1.0,22.4485,69.6705,1.359,ordinary,flagged_facility,Jamnagar (Sikka) marine terminal,5.49,False,True,3,,False
419001456,MEERA,IND,jamnagar_vadinar_feb2026,2026-02-11 14:00:00+00:00,2026-02-12 09:00:00+00:00,19.0,19,0.95,22.50105,69.66,1.229,ordinary,flagged_facility,Vadinar terminal / Nayara refinery (EU+UK sanctioned),5.54,False,True,3,,False
419001651,KNK NAYRA,IND,jamnagar_vadinar_feb2026,2026-02-07 06:00:00+00:00,2026-02-08 01:00:00+00:00,19.0,20,1.0,22.512,69.7995,4.337,ordinary,flagged_facility,Jamnagar (Sikka) marine terminal,12.24,False,True,3,,False
419001884,MT KB 50,IND,jamnagar_vadinar_feb2026,2026-02-04 09:00:00+00:00,2026-02-05 04:00:00+00:00,19.0,20,1.0,22.4855,69.6885,2.969,ordinary,flagged_facility,Jamnagar (Sikka) marine terminal,6.97,False,True,3,,False
419011700,,IND,jamnagar_vadinar_feb2026,2026-01-27 01:00:00+00:00,2026-01-27 20:00:00+00:00,19.0,20,1.0,22.392,69.608,4.995,ordinary,flagged_facility,Jamnagar (Sikka) marine terminal,12.26,False,True,3,,False
419032300,AQUA SUN,IND,jamnagar_vadinar_feb2026,2026-01-25 00:00:00+00:00,2026-01-25 19:00:00+00:00,19.0,11,0.55,22.58,69.84818,3.822,ordinary,flagged_facility,Vadinar terminal / Nayara refinery (EU+UK sanctioned),20.62,False,True,3,,False
419033900,REL SAGAR,IND,jamnagar_vadinar_feb2026,2026-02-13 07:00:00+00:00,2026-02-14 02:00:00+00:00,19.0,20,1.0,22.512,69.8,3.113,ordinary,flagged_facility,Jamnagar (Sikka) marine terminal,12.28,False,True,3,,False
419055150,M.T. BLUE BELL,IND,jamnagar_vadinar_feb2026,2026-02-03 06:00:00+00:00,2026-02-04 01:00:00+00:00,19.0,20,1.0,22.4925,69.8545,4.681,ordinary,flagged_facility,Jamnagar (Sikka) marine terminal,15.47,False,True,3,,False
419072600,REL TUG FIFTEEN,IND,jamnagar_vadinar_feb2026,2026-02-02 11:00:00+00:00,2026-02-03 06:00:00+00:00,19.0,20,1.0,22.59,69.8645,0.565,ordinary,flagged_facility,Vadinar terminal / Nayara refinery (EU+UK sanctioned),22.47,False,True,3,,False
419072700,RELTUG 14,IND,jamnagar_vadinar_feb2026,2026-02-13 08:00:00+00:00,2026-02-14 03:00:00+00:00,19.0,20,1.0,22.592,69.804,3.174,ordinary,flagged_facility,Vadinar terminal / Nayara refinery (EU+UK sanctioned),16.49,False,True,3,,False
419072700,RELTUG 14,IND,jamnagar_vadinar_feb2026,2026-02-16 04:00:00+00:00,2026-02-16 23:00:00+00:00,19.0,20,1.0,22.581,69.8365,3.207,ordinary,flagged_facility,Vadinar terminal / Nayara refinery (EU+UK sanctioned),19.46,False,True,3,,False
419072900,PARIJAT,IND,jamnagar_vadinar_feb2026,2026-01-22 05:00:00+00:00,2026-01-23 00:00:00+00:00,19.0,17,0.85,22.49,69.86,0.0,ordinary,flagged_facility,Jamnagar (Sikka) marine terminal,15.86,False,True,3,,False
419077600,NIVARAK,IND,jamnagar_vadinar_feb2026,2026-01-24 12:00:00+00:00,2026-01-25 07:00:00+00:00,19.0,20,1.0,22.39,69.61,0.0,ordinary,flagged_facility,Jamnagar (Sikka) marine terminal,12.15,False,True,3,,False
419077600,NIVARAK,IND,jamnagar_vadinar_feb2026,2026-01-30 03:00:00+00:00,2026-01-30 22:00:00+00:00,19.0,18,0.9,22.39,69.61,0.0,ordinary,flagged_facility,Jamnagar (Sikka) marine terminal,12.15,False,True,3,,False
419079300,MV ANJALI,IND,jamnagar_vadinar_feb2026,2026-02-13 12:00:00+00:00,2026-02-14 07:00:00+00:00,19.0,20,1.0,22.5005,69.8315,1.585,ordinary,flagged_facility,Jamnagar (Sikka) marine terminal,13.88,False,True,3,,False
419079400,MV APSARA,IND,jamnagar_vadinar_feb2026,2026-01-20 07:00:00+00:00,2026-01-21 02:00:00+00:00,19.0,20,1.0,22.5,69.8395,0.975,ordinary,flagged_facility,Jamnagar (Sikka) marine terminal,14.54,False,True,3,,False
419740000,DESH VIRAAT,IND,jamnagar_vadinar_feb2026,2026-02-12 04:00:00+00:00,2026-02-12 23:00:00+00:00,19.0,20,1.0,22.56,69.62,0.0,ordinary,flagged_facility,Vadinar terminal / Nayara refinery (EU+UK sanctioned),3.28,False,True,3,,False
419826328,MT GAUTAM  PAWAN,IND,jamnagar_vadinar_feb2026,2026-01-29 12:00:00+00:00,2026-01-30 07:00:00+00:00,19.0,20,1.0,22.4515,69.7895,3.316,ordinary,flagged_facility,Jamnagar (Sikka) marine terminal,7.53,False,True,3,,False
419902339,MT MAHADEV,IND,jamnagar_vadinar_feb2026,2026-02-02 10:00:00+00:00,2026-02-03 05:00:00+00:00,19.0,20,1.0,22.433,69.6695,4.228,ordinary,flagged_facility,Jamnagar (Sikka) marine terminal,5.2,False,True,3,,False
419956663,M.V. MANGAL MURTI,IND,jamnagar_vadinar_feb2026,2026-02-06 16:00:00+00:00,2026-02-07 11:00:00+00:00,19.0,19,0.95,22.43526,69.66684,3.926,ordinary,flagged_facility,Jamnagar (Sikka) marine terminal,5.5,False,True,3,,False
419000964,ASTER STAR,IND,jamnagar_vadinar_feb2026,2026-01-27 09:00:00+00:00,2026-01-28 03:00:00+00:00,18.0,19,1.0,22.49474,69.84,4.445,ordinary,flagged_facility,Jamnagar (Sikka) marine terminal,14.28,False,True,3,,False
419001085,RELTUG SEVENTEEN,IND,jamnagar_vadinar_feb2026,2026-01-24 11:00:00+00:00,2026-01-25 05:00:00+00:00,18.0,19,1.0,22.49,69.85,0.0,ordinary,flagged_facility,Jamnagar (Sikka) marine terminal,14.93,False,True,3,,False
419001456,MEERA,IND,jamnagar_vadinar_feb2026,2026-01-21 20:00:00+00:00,2026-01-22 14:00:00+00:00,18.0,19,1.0,22.46579,69.66632,4.959,ordinary,flagged_facility,Jamnagar (Sikka) marine terminal,6.8,False,True,3,,False
419001487,RELTUG EIGHTEEN,IND,jamnagar_vadinar_feb2026,2026-02-01 11:00:00+00:00,2026-02-02 05:00:00+00:00,18.0,19,1.0,22.5,69.84,0.0,ordinary,flagged_facility,Jamnagar (Sikka) marine terminal,14.58,False,True,3,,False
419001651,KNK NAYRA,IND,jamnagar_vadinar_feb2026,2026-02-03 08:00:00+00:00,2026-02-04 02:00:00+00:00,18.0,19,1.0,22.51053,69.80526,3.755,ordinary,flagged_facility,Jamnagar (Sikka) marine terminal,12.53,False,True,3,,False
419001651,KNK NAYRA,IND,jamnagar_vadinar_feb2026,2026-02-06 11:00:00+00:00,2026-02-07 05:00:00+00:00,18.0,19,1.0,22.57053,69.78421,1.21,ordinary,flagged_facility,Vadinar terminal / Nayara refinery (EU+UK sanctioned),13.97,False,True,3,,False
419001794,RIVER PEARL 10,IND,jamnagar_vadinar_feb2026,2026-02-05 08:00:00+00:00,2026-02-06 02:00:00+00:00,18.0,19,1.0,22.44105,69.67,2.107,ordinary,flagged_facility,Jamnagar (Sikka) marine terminal,5.28,False,True,3,,False
419001794,RIVER PEARL 10,IND,jamnagar_vadinar_feb2026,2026-02-06 08:00:00+00:00,2026-02-07 02:00:00+00:00,18.0,19,1.0,22.44,69.67,0.0,ordinary,flagged_facility,Jamnagar (Sikka) marine terminal,5.26,False,True,3,,False
419001884,MT KB 50,IND,jamnagar_vadinar_feb2026,2026-02-03 10:00:00+00:00,2026-02-04 04:00:00+00:00,18.0,19,1.0,22.47632,69.68632,4.901,ordinary,flagged_facility,Jamnagar (Sikka) marine terminal,6.21,False,True,3,,False
419001884,MT KB 50,IND,jamnagar_vadinar_feb2026,2026-02-09 08:00:00+00:00,2026-02-10 02:00:00+00:00,18.0,19,1.0,22.47053,69.68369,4.437,ordinary,flagged_facility,Jamnagar (Sikka) marine terminal,5.85,False,True,3,,False
419001985,,IND,jamnagar_vadinar_feb2026,2026-01-26 05:00:00+00:00,2026-01-26 23:00:00+00:00,18.0,19,1.0,22.45053,69.66947,3.419,ordinary,flagged_facility,Jamnagar (Sikka) marine terminal,5.67,False,True,3,,False
419009000,M.T.BLOSSOM,IND,jamnagar_vadinar_feb2026,2026-02-03 03:00:00+00:00,2026-02-03 21:00:00+00:00,18.0,19,1.0,22.50211,69.83684,3.4,ordinary,flagged_facility,Jamnagar (Sikka) marine terminal,14.44,False,True,3,,False
419032200,AQUA MOON,IND,jamnagar_vadinar_feb2026,2026-02-04 11:00:00+00:00,2026-02-05 05:00:00+00:00,18.0,19,1.0,22.48263,69.82474,4.986,ordinary,flagged_facility,Jamnagar (Sikka) marine terminal,12.25,False,True,3,,False
419055150,M.T. BLUE BELL,IND,jamnagar_vadinar_feb2026,2026-02-06 19:00:00+00:00,2026-02-07 13:00:00+00:00,18.0,14,0.737,22.49214,69.85643,4.858,ordinary,flagged_facility,Jamnagar (Sikka) marine terminal,15.63,False,True,3,,False
419056200,M.T.IRIS,IND,jamnagar_vadinar_feb2026,2026-01-31 09:00:00+00:00,2026-02-01 03:00:00+00:00,18.0,19,1.0,22.49053,69.85842,3.104,ordinary,flagged_facility,Jamnagar (Sikka) marine terminal,15.74,False,True,3,,False
419066300,SB EAGLE,IND,jamnagar_vadinar_feb2026,2026-01-27 21:00:00+00:00,2026-01-28 15:00:00+00:00,18.0,19,1.0,22.49579,69.84421,2.151,ordinary,flagged_facility,Jamnagar (Sikka) marine terminal,14.71,False,True,3,,False
419066300,SB EAGLE,IND,jamnagar_vadinar_feb2026,2026-02-07 08:00:00+00:00,2026-02-08 02:00:00+00:00,18.0,19,1.0,22.50158,69.83579,2.613,ordinary,flagged_facility,Jamnagar (Sikka) marine terminal,14.31,False,True,3,,False
419071500,M. T. HAZEL,IND,jamnagar_vadinar_feb2026,2026-01-27 13:00:00+00:00,2026-01-28 07:00:00+00:00,18.0,19,1.0,22.49737,69.84316,4.65,ordinary,flagged_facility,Jamnagar (Sikka) marine terminal,14.71,False,True,3,,False
419072500,RELTUG 16,IND,jamnagar_vadinar_feb2026,2026-01-27 10:00:00+00:00,2026-01-28 04:00:00+00:00,18.0,19,1.0,22.59053,69.86526,1.16,ordinary,flagged_facility,Vadinar terminal / Nayara refinery (EU+UK sanctioned),22.56,False,True,3,,False
419072500,RELTUG 16,IND,jamnagar_vadinar_feb2026,2026-02-08 13:00:00+00:00,2026-02-09 07:00:00+00:00,18.0,19,1.0,22.49842,69.83263,3.591,ordinary,flagged_facility,Jamnagar (Sikka) marine terminal,13.85,False,True,3,,False
419072700,RELTUG 14,IND,jamnagar_vadinar_feb2026,2026-01-23 06:00:00+00:00,2026-01-24 00:00:00+00:00,18.0,19,1.0,22.50947,69.80316,3.928,ordinary,flagged_facility,Jamnagar (Sikka) marine terminal,12.29,False,True,3,,False
419072700,RELTUG 14,IND,jamnagar_vadinar_feb2026,2026-02-15 09:00:00+00:00,2026-02-16 03:00:00+00:00,18.0,19,1.0,22.49158,69.84842,1.275,ordinary,flagged_facility,Jamnagar (Sikka) marine terminal,14.87,False,True,3,,False
419077200,AKASH,IND,jamnagar_vadinar_feb2026,2026-01-23 16:00:00+00:00,2026-01-24 10:00:00+00:00,18.0,19,1.0,22.58789,69.80684,4.226,ordinary,flagged_facility,Vadinar terminal / Nayara refinery (EU+UK sanctioned),16.65,False,True,3,,False
419077500,AGNI,IND,jamnagar_vadinar_feb2026,2026-02-04 12:00:00+00:00,2026-02-05 06:00:00+00:00,18.0,19,1.0,22.57105,69.78526,3.3,ordinary,flagged_facility,Vadinar terminal / Nayara refinery (EU+UK sanctioned),14.09,False,True,3,,False
419079300,MV ANJALI,IND,jamnagar_vadinar_feb2026,2026-02-11 06:00:00+00:00,2026-02-12 00:00:00+00:00,18.0,19,1.0,22.5,69.84,0.0,ordinary,flagged_facility,Jamnagar (Sikka) marine terminal,14.58,False,True,3,,False
419079300,MV ANJALI,IND,jamnagar_vadinar_feb2026,2026-02-14 10:00:00+00:00,2026-02-15 04:00:00+00:00,18.0,19,1.0,22.5,69.83789,0.811,ordinary,flagged_facility,Jamnagar (Sikka) marine terminal,14.4,False,True,3,,False
419079400,MV APSARA,IND,jamnagar_vadinar_feb2026,2026-01-23 07:00:00+00:00,2026-01-24 01:00:00+00:00,18.0,19,1.0,22.50105,69.83789,2.09,ordinary,flagged_facility,Jamnagar (Sikka) marine terminal,14.46,False,True,3,,False
419079400,MV APSARA,IND,jamnagar_vadinar_feb2026,2026-02-16 01:00:00+00:00,2026-02-16 19:00:00+00:00,18.0,19,1.0,22.50421,69.82947,4.966,ordinary,flagged_facility,Jamnagar (Sikka) marine terminal,13.95,False,True,3,,False
419293000,RELTUG 7,IND,jamnagar_vadinar_feb2026,2026-02-12 09:00:00+00:00,2026-02-13 03:00:00+00:00,18.0,19,1.0,22.59,69.86474,0.54,ordinary,flagged_facility,Vadinar terminal / Nayara refinery (EU+UK sanctioned),22.49,False,True,3,,False
419293000,RELTUG 7,IND,jamnagar_vadinar_feb2026,2026-02-13 07:00:00+00:00,2026-02-14 01:00:00+00:00,18.0,19,1.0,22.49,69.85,0.0,ordinary,flagged_facility,Jamnagar (Sikka) marine terminal,14.93,False,True,3,,False
419000765,CALYPSO FORTUNE,IND,jamnagar_vadinar_feb2026,2026-01-20 22:00:00+00:00,2026-01-21 15:00:00+00:00,17.0,18,1.0,22.57778,69.81278,4.401,ordinary,flagged_facility,Vadinar terminal / Nayara refinery (EU+UK sanctioned),17.0,False,True,3,,False
419001058,MV.DAWN,IND,jamnagar_vadinar_feb2026,2026-01-26 07:00:00+00:00,2026-01-27 00:00:00+00:00,17.0,18,1.0,22.54333,69.83333,4.867,ordinary,flagged_facility,Jamnagar (Sikka) marine terminal,17.16,False,True,3,,False
419001085,RELTUG SEVENTEEN,IND,jamnagar_vadinar_feb2026,2026-01-23 11:00:00+00:00,2026-01-24 04:00:00+00:00,17.0,18,1.0,22.49,69.85,0.0,ordinary,flagged_facility,Jamnagar (Sikka) marine terminal,14.93,False,True,3,,False
419001085,RELTUG SEVENTEEN,IND,jamnagar_vadinar_feb2026,2026-01-28 06:00:00+00:00,2026-01-28 23:00:00+00:00,17.0,18,1.0,22.49167,69.84778,4.999,ordinary,flagged_facility,Jamnagar (Sikka) marine terminal,14.81,False,True,3,,False
419001286,TUG KB XI,IND,jamnagar_vadinar_feb2026,2026-02-02 09:00:00+00:00,2026-02-03 02:00:00+00:00,17.0,18,1.0,22.47222,69.68445,3.878,ordinary,flagged_facility,Jamnagar (Sikka) marine terminal,5.95,False,True,3,,False
419001358,PRABHAT SHOBHA,IND,jamnagar_vadinar_feb2026,2026-01-28 09:00:00+00:00,2026-01-29 02:00:00+00:00,17.0,18,1.0,22.55889,69.76389,1.887,ordinary,flagged_facility,Vadinar terminal / Nayara refinery (EU+UK sanctioned),11.74,False,True,3,,False
419001456,MEERA,IND,jamnagar_vadinar_feb2026,2026-02-09 14:00:00+00:00,2026-02-10 07:00:00+00:00,17.0,14,0.778,22.50214,69.66,0.874,ordinary,flagged_facility,Vadinar terminal / Nayara refinery (EU+UK sanctioned),5.42,False,True,3,,False
419001488,RELTUG NINETEEN,IND,jamnagar_vadinar_feb2026,2026-02-16 06:00:00+00:00,2026-02-16 23:00:00+00:00,17.0,18,1.0,22.50111,69.83777,4.412,ordinary,flagged_facility,Jamnagar (Sikka) marine terminal,14.46,False,True,3,,False
419001686,SANMAR SLOKA,IND,jamnagar_vadinar_feb2026,2026-02-11 10:00:00+00:00,2026-02-12 03:00:00+00:00,17.0,18,1.0,22.5,69.84,0.0,ordinary,flagged_facility,Jamnagar (Sikka) marine terminal,14.58,False,True,3,,False
419001794,RIVER PEARL 10,IND,jamnagar_vadinar_feb2026,2026-01-27 10:00:00+00:00,2026-01-28 03:00:00+00:00,17.0,18,1.0,22.44222,69.67,4.201,ordinary,flagged_facility,Jamnagar (Sikka) marine terminal,5.32,False,True,3,,False
419001794,RIVER PEARL 10,IND,jamnagar_vadinar_feb2026,2026-01-31 09:00:00+00:00,2026-02-01 02:00:00+00:00,17.0,18,1.0,22.44167,69.67,3.151,ordinary,flagged_facility,Jamnagar (Sikka) marine terminal,5.3,False,True,3,,False
419001794,RIVER PEARL 10,IND,jamnagar_vadinar_feb2026,2026-02-04 12:00:00+00:00,2026-02-05 05:00:00+00:00,17.0,17,0.944,22.44235,69.67,4.186,ordinary,flagged_facility,Jamnagar (Sikka) marine terminal,5.32,False,True,3,,False
419001884,MT KB 50,IND,jamnagar_vadinar_feb2026,2026-01-29 12:00:00+00:00,2026-01-30 05:00:00+00:00,17.0,18,1.0,22.48056,69.68778,4.866,ordinary,flagged_facility,Jamnagar (Sikka) marine terminal,6.52,False,True,3,,False
419009000,M.T.BLOSSOM,IND,jamnagar_vadinar_feb2026,2026-01-23 05:00:00+00:00,2026-01-23 22:00:00+00:00,17.0,18,1.0,22.5,69.83944,0.97,ordinary,flagged_facility,Jamnagar (Sikka) marine terminal,14.53,False,True,3,,False
419032200,AQUA MOON,IND,jamnagar_vadinar_feb2026,2026-01-29 12:00:00+00:00,2026-01-30 05:00:00+00:00,17.0,18,1.0,22.50111,69.83056,2.364,ordinary,flagged_facility,Jamnagar (Sikka) marine terminal,13.84,False,True,3,,False
419033900,REL SAGAR,IND,jamnagar_vadinar_feb2026,2026-01-30 09:00:00+00:00,2026-01-31 02:00:00+00:00,17.0,18,1.0,22.50778,69.81333,2.872,ordinary,flagged_facility,Jamnagar (Sikka) marine terminal,12.91,False,True,3,,False
419055150,M.T. BLUE BELL,IND,jamnagar_vadinar_feb2026,2026-02-15 05:00:00+00:00,2026-02-15 22:00:00+00:00,17.0,18,1.0,22.49056,69.85889,2.207,ordinary,flagged_facility,Jamnagar (Sikka) marine terminal,15.78,False,True,3,,False
419056200,M.T.IRIS,IND,jamnagar_vadinar_feb2026,2026-02-03 10:00:00+00:00,2026-02-04 03:00:00+00:00,17.0,18,1.0,22.49056,69.85833,3.094,ordinary,flagged_facility,Jamnagar (Sikka) marine terminal,15.73,False,True,3,,False
419056200,M.T.IRIS,IND,jamnagar_vadinar_feb2026,2026-02-04 14:00:00+00:00,2026-02-05 07:00:00+00:00,17.0,18,1.0,22.49111,69.85778,3.02,ordinary,flagged_facility,Jamnagar (Sikka) marine terminal,15.7,False,True,3,,False
419057400,RELTUG TWELVE,IND,jamnagar_vadinar_feb2026,2026-01-23 11:00:00+00:00,2026-01-24 04:00:00+00:00,17.0,18,1.0,22.49111,69.84889,1.346,ordinary,flagged_facility,Jamnagar (Sikka) marine terminal,14.89,False,True,3,,False
419066400,M V CHETAK,IND,jamnagar_vadinar_feb2026,2026-01-20 14:00:00+00:00,2026-01-21 07:00:00+00:00,17.0,18,1.0,22.50444,69.83111,4.564,ordinary,flagged_facility,Jamnagar (Sikka) marine terminal,14.1,False,True,3,,False
419071500,M. T. HAZEL,IND,jamnagar_vadinar_feb2026,2026-01-22 08:00:00+00:00,2026-01-23 01:00:00+00:00,17.0,18,1.0,22.49056,69.85833,3.094,ordinary,flagged_facility,Jamnagar (Sikka) marine terminal,15.73,False,True,3,,False
419071500,M. T. HAZEL,IND,jamnagar_vadinar_feb2026,2026-01-31 09:00:00+00:00,2026-02-01 02:00:00+00:00,17.0,18,1.0,22.49167,69.85778,4.999,ordinary,flagged_facility,Jamnagar (Sikka) marine terminal,15.73,False,True,3,,False
419071500,M. T. HAZEL,IND,jamnagar_vadinar_feb2026,2026-02-15 14:00:00+00:00,2026-02-16 07:00:00+00:00,17.0,18,1.0,22.49056,69.85889,2.207,ordinary,flagged_facility,Jamnagar (Sikka) marine terminal,15.78,False,True,3,,False
419072500,RELTUG 16,IND,jamnagar_vadinar_feb2026,2026-02-10 22:00:00+00:00,2026-02-11 15:00:00+00:00,17.0,18,1.0,22.49556,69.84055,4.952,ordinary,flagged_facility,Jamnagar (Sikka) marine terminal,14.37,False,True,3,,False
419072600,REL TUG FIFTEEN,IND,jamnagar_vadinar_feb2026,2026-02-16 04:00:00+00:00,2026-02-16 21:00:00+00:00,17.0,18,1.0,22.49167,69.84778,4.999,ordinary,flagged_facility,Jamnagar (Sikka) marine terminal,14.81,False,True,3,,False
419072700,RELTUG 14,IND,jamnagar_vadinar_feb2026,2026-01-21 07:00:00+00:00,2026-01-22 00:00:00+00:00,17.0,18,1.0,22.49222,69.84722,4.915,ordinary,flagged_facility,Jamnagar (Sikka) marine terminal,14.79,False,True,3,,False
419072700,RELTUG 14,IND,jamnagar_vadinar_feb2026,2026-02-10 09:00:00+00:00,2026-02-11 02:00:00+00:00,17.0,18,1.0,22.50944,69.80167,3.094,ordinary,flagged_facility,Jamnagar (Sikka) marine terminal,12.18,False,True,3,,False
419072900,PARIJAT,IND,jamnagar_vadinar_feb2026,2026-01-23 03:00:00+00:00,2026-01-23 20:00:00+00:00,17.0,18,1.0,22.49056,69.85833,3.094,ordinary,flagged_facility,Jamnagar (Sikka) marine terminal,15.73,False,True,3,,False
419072900,PARIJAT,IND,jamnagar_vadinar_feb2026,2026-02-15 10:00:00+00:00,2026-02-16 03:00:00+00:00,17.0,18,1.0,22.49,69.86,0.0,ordinary,flagged_facility,Jamnagar (Sikka) marine terminal,15.86,False,True,3,,False
419077500,AGNI,IND,jamnagar_vadinar_feb2026,2026-02-10 14:00:00+00:00,2026-02-11 07:00:00+00:00,17.0,18,1.0,22.58722,69.80944,4.139,ordinary,flagged_facility,Vadinar terminal / Nayara refinery (EU+UK sanctioned),16.89,False,True,3,,False
419079300,MV ANJALI,IND,jamnagar_vadinar_feb2026,2026-01-26 03:00:00+00:00,2026-01-26 20:00:00+00:00,17.0,18,1.0,22.50167,69.82778,4.998,ordinary,flagged_facility,Jamnagar (Sikka) marine terminal,13.64,False,True,3,,False
419079300,MV ANJALI,IND,jamnagar_vadinar_feb2026,2026-02-05 12:00:00+00:00,2026-02-06 05:00:00+00:00,17.0,18,1.0,22.50111,69.83777,2.076,ordinary,flagged_facility,Jamnagar (Sikka) marine terminal,14.46,False,True,3,,False
419079300,MV ANJALI,IND,jamnagar_vadinar_feb2026,2026-02-12 10:00:00+00:00,2026-02-13 03:00:00+00:00,17.0,18,1.0,22.50222,69.825,3.241,ordinary,flagged_facility,Jamnagar (Sikka) marine terminal,13.45,False,True,3,,False
419079400,MV APSARA,IND,jamnagar_vadinar_feb2026,2026-01-31 09:00:00+00:00,2026-02-01 02:00:00+00:00,17.0,18,1.0,22.50111,69.83777,3.543,ordinary,flagged_facility,Jamnagar (Sikka) marine terminal,14.46,False,True,3,,False
419902339,MT MAHADEV,IND,jamnagar_vadinar_feb2026,2026-01-28 13:00:00+00:00,2026-01-29 06:00:00+00:00,17.0,18,1.0,22.43,69.67,0.0,ordinary,flagged_facility,Jamnagar (Sikka) marine terminal,5.14,False,True,3,,False
419902339,MT MAHADEV,IND,jamnagar_vadinar_feb2026,2026-02-13 17:00:00+00:00,2026-02-14 10:00:00+00:00,17.0,18,1.0,22.43222,69.67,4.201,ordinary,flagged_facility,Jamnagar (Sikka) marine terminal,5.15,False,True,3,,False
419991279,DARIYA JYOT,IND,jamnagar_vadinar_feb2026,2026-01-28 20:00:00+00:00,2026-01-29 13:00:00+00:00,17.0,18,1.0,22.43222,69.66334,3.108,ordinary,flagged_facility,Jamnagar (Sikka) marine terminal,5.83,False,True,3,,False
419000102,BRAHMANI,IND,jamnagar_vadinar_feb2026,2026-02-12 11:00:00+00:00,2026-02-13 03:00:00+00:00,16.0,9,0.529,22.67778,69.66222,3.587,ordinary,flagged_facility,Vadinar terminal / Nayara refinery (EU+UK sanctioned),14.26,False,True,3,,False
419000765,CALYPSO FORTUNE,IND,jamnagar_vadinar_feb2026,2026-01-27 17:00:00+00:00,2026-01-28 09:00:00+00:00,16.0,17,1.0,22.57412,69.8147,3.824,ordinary,flagged_facility,Vadinar terminal / Nayara refinery (EU+UK sanctioned),17.12,False,True,3,,False
419000912,VAILANKANNI,IND,jamnagar_vadinar_feb2026,2026-01-25 07:00:00+00:00,2026-01-25 23:00:00+00:00,16.0,17,1.0,22.55176,69.60118,1.314,ordinary,flagged_facility,Vadinar terminal / Nayara refinery (EU+UK sanctioned),5.02,False,True,3,,False
419000964,ASTER STAR,IND,jamnagar_vadinar_feb2026,2026-01-24 15:00:00+00:00,2026-01-25 07:00:00+00:00,16.0,17,1.0,22.49059,69.84941,1.425,ordinary,flagged_facility,Jamnagar (Sikka) marine terminal,14.91,False,True,3,,False
419000964,ASTER STAR,IND,jamnagar_vadinar_feb2026,2026-01-26 13:00:00+00:00,2026-01-27 05:00:00+00:00,16.0,17,1.0,22.49,69.85,0.0,ordinary,flagged_facility,Jamnagar (Sikka) marine terminal,14.93,False,True,3,,False
419000964,ASTER STAR,IND,jamnagar_vadinar_feb2026,2026-01-30 12:00:00+00:00,2026-01-31 04:00:00+00:00,16.0,17,1.0,22.49176,69.84706,3.441,ordinary,flagged_facility,Jamnagar (Sikka) marine terminal,14.75,False,True,3,,False
419000964,ASTER STAR,IND,jamnagar_vadinar_feb2026,2026-02-08 07:00:00+00:00,2026-02-08 23:00:00+00:00,16.0,17,1.0,22.49294,69.84647,4.805,ordinary,flagged_facility,Jamnagar (Sikka) marine terminal,14.76,False,True,3,,False
419001208,DIPPER,IND,jamnagar_vadinar_feb2026,2026-02-08 04:00:00+00:00,2026-02-08 20:00:00+00:00,16.0,12,0.706,22.44,69.8,0.0,ordinary,flagged_facility,Jamnagar (Sikka) marine terminal,8.3,False,True,3,,False
419001454,M.T. KB-21,IND,jamnagar_vadinar_feb2026,2026-01-23 10:00:00+00:00,2026-01-24 02:00:00+00:00,16.0,17,1.0,22.45235,69.79765,3.569,ordinary,flagged_facility,Jamnagar (Sikka) marine terminal,8.36,False,True,3,,False
419001456,MEERA,IND,jamnagar_vadinar_feb2026,2026-01-28 12:00:00+00:00,2026-01-29 04:00:00+00:00,16.0,17,1.0,22.5,69.66,0.0,ordinary,flagged_facility,Vadinar terminal / Nayara refinery (EU+UK sanctioned),5.65,False,True,3,,False
419001472,OCEAN PRIDE,IND,jamnagar_vadinar_feb2026,2026-02-07 08:00:00+00:00,2026-02-08 00:00:00+00:00,16.0,17,1.0,22.44,69.67,0.0,ordinary,flagged_facility,Jamnagar (Sikka) marine terminal,5.26,False,True,3,,False
419001651,KNK NAYRA,IND,jamnagar_vadinar_feb2026,2026-01-23 12:00:00+00:00,2026-01-24 04:00:00+00:00,16.0,17,1.0,22.50882,69.80471,3.755,ordinary,flagged_facility,Jamnagar (Sikka) marine terminal,12.35,False,True,3,,False
419001794,RIVER PEARL 10,IND,jamnagar_vadinar_feb2026,2026-02-11 13:00:00+00:00,2026-02-12 05:00:00+00:00,16.0,17,1.0,22.44176,69.67,3.14,ordinary,flagged_facility,Jamnagar (Sikka) marine terminal,5.3,False,True,3,,False
419014400,M V POONAM,IND,jamnagar_vadinar_feb2026,2026-01-24 13:00:00+00:00,2026-01-25 05:00:00+00:00,16.0,17,1.0,22.5,69.84,0.0,ordinary,flagged_facility,Jamnagar (Sikka) marine terminal,14.58,False,True,3,,False
419014400,M V POONAM,IND,jamnagar_vadinar_feb2026,2026-01-25 11:00:00+00:00,2026-01-26 03:00:00+00:00,16.0,17,1.0,22.50118,69.83823,2.809,ordinary,flagged_facility,Jamnagar (Sikka) marine terminal,14.5,False,True,3,,False
419032200,AQUA MOON,IND,jamnagar_vadinar_feb2026,2026-01-27 11:00:00+00:00,2026-01-28 03:00:00+00:00,16.0,16,0.941,22.48625,69.83313,3.988,ordinary,flagged_facility,Jamnagar (Sikka) marine terminal,13.2,False,True,3,,False
419032200,AQUA MOON,IND,jamnagar_vadinar_feb2026,2026-02-06 12:00:00+00:00,2026-02-07 04:00:00+00:00,16.0,17,1.0,22.48529,69.83,4.372,ordinary,flagged_facility,Jamnagar (Sikka) marine terminal,12.87,False,True,3,,False
419032300,AQUA SUN,IND,jamnagar_vadinar_feb2026,2026-02-15 15:00:00+00:00,2026-02-16 07:00:00+00:00,16.0,12,0.706,22.49667,69.8325,2.007,ordinary,flagged_facility,Jamnagar (Sikka) marine terminal,13.73,False,True,3,,False
419033900,REL SAGAR,IND,jamnagar_vadinar_feb2026,2026-01-21 12:00:00+00:00,2026-01-22 04:00:00+00:00,16.0,17,1.0,22.51,69.8,0.0,ordinary,flagged_facility,Jamnagar (Sikka) marine terminal,12.11,False,True,3,,False
419056200,M.T.IRIS,IND,jamnagar_vadinar_feb2026,2026-01-22 18:00:00+00:00,2026-01-23 10:00:00+00:00,16.0,17,1.0,22.49059,69.85824,3.084,ordinary,flagged_facility,Jamnagar (Sikka) marine terminal,15.72,False,True,3,,False
419056200,M.T.IRIS,IND,jamnagar_vadinar_feb2026,2026-01-26 10:00:00+00:00,2026-01-27 02:00:00+00:00,16.0,17,1.0,22.49059,69.85824,3.084,ordinary,flagged_facility,Jamnagar (Sikka) marine terminal,15.72,False,True,3,,False
419056200,M.T.IRIS,IND,jamnagar_vadinar_feb2026,2026-02-05 16:00:00+00:00,2026-02-06 08:00:00+00:00,16.0,17,1.0,22.49176,69.85412,2.641,ordinary,flagged_facility,Jamnagar (Sikka) marine terminal,15.4,False,True,3,,False
419056200,M.T.IRIS,IND,jamnagar_vadinar_feb2026,2026-02-10 15:00:00+00:00,2026-02-11 07:00:00+00:00,16.0,17,1.0,22.49353,69.85294,4.485,ordinary,flagged_facility,Jamnagar (Sikka) marine terminal,15.38,False,True,3,,False
419066300,SB EAGLE,IND,jamnagar_vadinar_feb2026,2026-01-26 21:00:00+00:00,2026-01-27 13:00:00+00:00,16.0,17,1.0,22.49471,69.84823,1.317,ordinary,flagged_facility,Jamnagar (Sikka) marine terminal,15.01,False,True,3,,False
419066300,SB EAGLE,IND,jamnagar_vadinar_feb2026,2026-01-28 23:00:00+00:00,2026-01-29 15:00:00+00:00,16.0,17,1.0,22.49647,69.84353,4.325,ordinary,flagged_facility,Jamnagar (Sikka) marine terminal,14.69,False,True,3,,False
419071500,M. T. HAZEL,IND,jamnagar_vadinar_feb2026,2026-01-23 08:00:00+00:00,2026-01-24 00:00:00+00:00,16.0,17,1.0,22.49,69.86,0.0,ordinary,flagged_facility,Jamnagar (Sikka) marine terminal,15.86,False,True,3,,False
419071500,M. T. HAZEL,IND,jamnagar_vadinar_feb2026,2026-01-26 13:00:00+00:00,2026-01-27 05:00:00+00:00,16.0,17,1.0,22.49,69.86,0.0,ordinary,flagged_facility,Jamnagar (Sikka) marine terminal,15.86,False,True,3,,False
419071500,M. T. HAZEL,IND,jamnagar_vadinar_feb2026,2026-02-09 13:00:00+00:00,2026-02-10 05:00:00+00:00,16.0,17,1.0,22.49176,69.85765,4.981,ordinary,flagged_facility,Jamnagar (Sikka) marine terminal,15.72,False,True,3,,False
419072500,RELTUG 16,IND,jamnagar_vadinar_feb2026,2026-02-15 14:00:00+00:00,2026-02-16 06:00:00+00:00,16.0,17,1.0,22.61,69.83647,0.664,ordinary,flagged_facility,Vadinar terminal / Nayara refinery (EU+UK sanctioned),20.27,False,True,3,,False
419072900,PARIJAT,IND,jamnagar_vadinar_feb2026,2026-01-30 09:00:00+00:00,2026-01-31 01:00:00+00:00,16.0,17,1.0,22.49059,69.85882,2.199,ordinary,flagged_facility,Jamnagar (Sikka) marine terminal,15.78,False,True,3,,False
419077200,AKASH,IND,jamnagar_vadinar_feb2026,2026-02-12 12:00:00+00:00,2026-02-13 04:00:00+00:00,16.0,17,1.0,22.51059,69.80824,4.766,ordinary,flagged_facility,Jamnagar (Sikka) marine terminal,12.75,False,True,3,,False
419293000,RELTUG 7,IND,jamnagar_vadinar_feb2026,2026-01-27 09:00:00+00:00,2026-01-28 01:00:00+00:00,16.0,17,1.0,22.49294,69.84588,4.758,ordinary,flagged_facility,Jamnagar (Sikka) marine terminal,14.71,False,True,3,,False
419293000,RELTUG 7,IND,jamnagar_vadinar_feb2026,2026-02-08 09:00:00+00:00,2026-02-09 01:00:00+00:00,16.0,17,1.0,22.51176,69.79765,4.981,ordinary,flagged_facility,Jamnagar (Sikka) marine terminal,12.1,False,True,3,,False
419762000,SWARNA SINDHU,IND,jamnagar_vadinar_feb2026,2026-02-15 11:00:00+00:00,2026-02-16 03:00:00+00:00,16.0,17,1.0,22.54941,69.61,1.047,ordinary,flagged_facility,Vadinar terminal / Nayara refinery (EU+UK sanctioned),4.11,False,True,3,,False
419956398,M V RAMESHWAR,IND,jamnagar_vadinar_feb2026,2026-01-28 23:00:00+00:00,2026-01-29 15:00:00+00:00,16.0,17,1.0,22.45235,69.79647,4.993,ordinary,flagged_facility,Jamnagar (Sikka) marine terminal,8.24,False,True,3,,False
419956398,M V RAMESHWAR,IND,jamnagar_vadinar_feb2026,2026-01-31 16:00:00+00:00,2026-02-01 08:00:00+00:00,16.0,17,1.0,22.43882,69.80294,2.009,ordinary,flagged_facility,Jamnagar (Sikka) marine terminal,8.58,False,True,3,,False
419956663,M.V. MANGAL MURTI,IND,jamnagar_vadinar_feb2026,2026-02-02 15:00:00+00:00,2026-02-03 07:00:00+00:00,16.0,16,0.941,22.4325,69.66625,1.984,ordinary,flagged_facility,Jamnagar (Sikka) marine terminal,5.53,False,True,3,,False
419956718,M.V NEER SAGAR,IND,jamnagar_vadinar_feb2026,2026-02-01 03:00:00+00:00,2026-02-01 19:00:00+00:00,16.0,10,0.588,22.431,69.817,2.013,ordinary,flagged_facility,Jamnagar (Sikka) marine terminal,9.97,False,True,3,,False
419956787,DAWN II,IND,jamnagar_vadinar_feb2026,2026-01-20 08:00:00+00:00,2026-01-21 00:00:00+00:00,16.0,17,1.0,22.56235,69.83647,4.846,ordinary,flagged_facility,Jamnagar (Sikka) marine terminal,18.97,False,True,3,,False
419000638,OCEAN     EMPIRE,IND,jamnagar_vadinar_feb2026,2026-02-01 12:00:00+00:00,2026-02-02 03:00:00+00:00,15.0,16,1.0,22.44,69.67,0.0,ordinary,flagged_facility,Jamnagar (Sikka) marine terminal,5.26,False,True,3,,False
419000765,CALYPSO FORTUNE,IND,jamnagar_vadinar_feb2026,2026-01-28 18:00:00+00:00,2026-01-29 09:00:00+00:00,15.0,16,1.0,22.57312,69.81375,2.511,ordinary,flagged_facility,Vadinar terminal / Nayara refinery (EU+UK sanctioned),17.01,False,True,3,,False
419000964,ASTER STAR,IND,jamnagar_vadinar_feb2026,2026-01-20 13:00:00+00:00,2026-01-21 04:00:00+00:00,15.0,16,1.0,22.49188,69.84812,4.258,ordinary,flagged_facility,Jamnagar (Sikka) marine terminal,14.86,False,True,3,,False
419000964,ASTER STAR,IND,jamnagar_vadinar_feb2026,2026-02-09 18:00:00+00:00,2026-02-10 09:00:00+00:00,15.0,16,1.0,22.49188,69.84812,2.744,ordinary,flagged_facility,Jamnagar (Sikka) marine terminal,14.86,False,True,3,,False
419000964,ASTER STAR,IND,jamnagar_vadinar_feb2026,2026-02-14 14:00:00+00:00,2026-02-15 05:00:00+00:00,15.0,16,1.0,22.49,69.85,0.0,ordinary,flagged_facility,Jamnagar (Sikka) marine terminal,14.93,False,True,3,,False
419001085,RELTUG SEVENTEEN,IND,jamnagar_vadinar_feb2026,2026-01-29 00:00:00+00:00,2026-01-29 15:00:00+00:00,15.0,16,1.0,22.49188,69.8475,4.962,ordinary,flagged_facility,Jamnagar (Sikka) marine terminal,14.8,False,True,3,,False
419001358,PRABHAT SHOBHA,IND,jamnagar_vadinar_feb2026,2026-02-16 08:00:00+00:00,2026-02-16 23:00:00+00:00,15.0,16,1.0,22.45,69.79,0.0,ordinary,flagged_facility,Jamnagar (Sikka) marine terminal,7.53,False,True,3,,False
419001456,MEERA,IND,jamnagar_vadinar_feb2026,2026-02-13 01:00:00+00:00,2026-02-13 16:00:00+00:00,15.0,16,1.0,22.48375,69.66313,4.916,ordinary,flagged_facility,Vadinar terminal / Nayara refinery (EU+UK sanctioned),7.49,False,True,3,,False
419001472,OCEAN PRIDE,IND,jamnagar_vadinar_feb2026,2026-01-28 15:00:00+00:00,2026-01-29 06:00:00+00:00,15.0,16,1.0,22.44063,69.67,1.042,ordinary,flagged_facility,Jamnagar (Sikka) marine terminal,5.27,False,True,3,,False
419001602,MENCAST18,IND,jamnagar_vadinar_feb2026,2026-01-20 00:00:00+00:00,2026-01-20 15:00:00+00:00,15.0,16,1.0,22.45562,69.6675,4.994,ordinary,flagged_facility,Jamnagar (Sikka) marine terminal,6.1,False,True,3,,False
419001651,KNK NAYRA,IND,jamnagar_vadinar_feb2026,2026-01-30 11:00:00+00:00,2026-01-31 02:00:00+00:00,15.0,16,1.0,22.50688,69.8125,2.926,ordinary,flagged_facility,Jamnagar (Sikka) marine terminal,12.78,False,True,3,,False
419001651,KNK NAYRA,IND,jamnagar_vadinar_feb2026,2026-02-11 14:00:00+00:00,2026-02-12 05:00:00+00:00,15.0,16,1.0,22.51,69.8,0.0,ordinary,flagged_facility,Jamnagar (Sikka) marine terminal,12.11,False,True,3,,False
419001651,KNK NAYRA,IND,jamnagar_vadinar_feb2026,2026-02-13 16:00:00+00:00,2026-02-14 07:00:00+00:00,15.0,16,1.0,22.51125,69.80188,4.111,ordinary,flagged_facility,Jamnagar (Sikka) marine terminal,12.35,False,True,3,,False
419001666,JSW MANDANGAD,IND,jamnagar_vadinar_feb2026,2026-02-09 12:00:00+00:00,2026-02-10 03:00:00+00:00,15.0,16,1.0,22.65875,69.7375,4.264,ordinary,flagged_facility,Vadinar terminal / Nayara refinery (EU+UK sanctioned),15.06,False,True,3,,False
419001794,RIVER PEARL 10,IND,jamnagar_vadinar_feb2026,2026-01-29 11:00:00+00:00,2026-01-30 02:00:00+00:00,15.0,16,1.0,22.44438,69.67,3.961,ordinary,flagged_facility,Jamnagar (Sikka) marine terminal,5.38,False,True,3,,False
419001884,MT KB 50,IND,jamnagar_vadinar_feb2026,2026-02-08 16:00:00+00:00,2026-02-09 07:00:00+00:00,15.0,16,1.0,22.51438,69.69375,3.842,ordinary,flagged_facility,Vadinar terminal / Nayara refinery (EU+UK sanctioned),5.99,False,True,3,,False
419001985,,IND,jamnagar_vadinar_feb2026,2026-01-25 13:00:00+00:00,2026-01-26 04:00:00+00:00,15.0,16,1.0,22.45625,69.66875,4.947,ordinary,flagged_facility,Jamnagar (Sikka) marine terminal,6.02,False,True,3,,False
419014400,M V POONAM,IND,jamnagar_vadinar_feb2026,2026-01-20 11:00:00+00:00,2026-01-21 02:00:00+00:00,15.0,16,1.0,22.5,69.84,0.0,ordinary,flagged_facility,Jamnagar (Sikka) marine terminal,14.58,False,True,3,,False
419032200,AQUA MOON,IND,jamnagar_vadinar_feb2026,2026-02-07 11:00:00+00:00,2026-02-08 02:00:00+00:00,15.0,14,0.875,22.48429,69.83143,1.956,ordinary,flagged_facility,Jamnagar (Sikka) marine terminal,12.94,False,True,3,,False
419032200,AQUA MOON,IND,jamnagar_vadinar_feb2026,2026-02-10 12:00:00+00:00,2026-02-11 03:00:00+00:00,15.0,16,1.0,22.4825,69.82875,3.187,ordinary,flagged_facility,Jamnagar (Sikka) marine terminal,12.61,False,True,3,,False
419032200,AQUA MOON,IND,jamnagar_vadinar_feb2026,2026-02-11 12:00:00+00:00,2026-02-12 03:00:00+00:00,15.0,16,1.0,22.48125,69.8275,4.883,ordinary,flagged_facility,Jamnagar (Sikka) marine terminal,12.43,False,True,3,,False
419032200,AQUA MOON,IND,jamnagar_vadinar_feb2026,2026-02-15 11:00:00+00:00,2026-02-16 02:00:00+00:00,15.0,16,1.0,22.48,69.8275,3.853,ordinary,flagged_facility,Jamnagar (Sikka) marine terminal,12.37,False,True,3,,False
419033900,REL SAGAR,IND,jamnagar_vadinar_feb2026,2026-01-20 13:00:00+00:00,2026-01-21 04:00:00+00:00,15.0,16,1.0,22.51,69.8,0.0,ordinary,flagged_facility,Jamnagar (Sikka) marine terminal,12.11,False,True,3,,False
419033900,REL SAGAR,IND,jamnagar_vadinar_feb2026,2026-01-29 11:00:00+00:00,2026-01-30 02:00:00+00:00,15.0,16,1.0,22.51125,69.79938,2.297,ordinary,flagged_facility,Jamnagar (Sikka) marine terminal,12.17,False,True,3,,False
419055150,M.T. BLUE BELL,IND,jamnagar_vadinar_feb2026,2026-01-27 15:00:00+00:00,2026-01-28 06:00:00+00:00,15.0,16,1.0,22.49188,69.85688,4.912,ordinary,flagged_facility,Jamnagar (Sikka) marine terminal,15.66,False,True,3,,False
419056200,M.T.IRIS,IND,jamnagar_vadinar_feb2026,2026-01-20 13:00:00+00:00,2026-01-21 04:00:00+00:00,15.0,16,1.0,22.49125,69.85625,2.867,ordinary,flagged_facility,Jamnagar (Sikka) marine terminal,15.57,False,True,3,,False
419056200,M.T.IRIS,IND,jamnagar_vadinar_feb2026,2026-01-30 14:00:00+00:00,2026-01-31 05:00:00+00:00,15.0,16,1.0,22.49,69.86,0.0,ordinary,flagged_facility,Jamnagar (Sikka) marine terminal,15.86,False,True,3,,False
419056200,M.T.IRIS,IND,jamnagar_vadinar_feb2026,2026-02-14 12:00:00+00:00,2026-02-15 03:00:00+00:00,15.0,16,1.0,22.49125,69.85625,2.867,ordinary,flagged_facility,Jamnagar (Sikka) marine terminal,15.57,False,True,3,,False
419071500,M. T. HAZEL,IND,jamnagar_vadinar_feb2026,2026-01-24 18:00:00+00:00,2026-01-25 09:00:00+00:00,15.0,16,1.0,22.49063,69.85875,2.191,ordinary,flagged_facility,Jamnagar (Sikka) marine terminal,15.77,False,True,3,,False
419072700,RELTUG 14,IND,jamnagar_vadinar_feb2026,2026-02-02 11:00:00+00:00,2026-02-03 02:00:00+00:00,15.0,16,1.0,22.49125,69.84875,2.838,ordinary,flagged_facility,Jamnagar (Sikka) marine terminal,14.88,False,True,3,,False
419072900,PARIJAT,IND,jamnagar_vadinar_feb2026,2026-01-24 14:00:00+00:00,2026-01-25 05:00:00+00:00,15.0,16,1.0,22.49,69.85938,0.963,ordinary,flagged_facility,Jamnagar (Sikka) marine terminal,15.8,False,True,3,,False
419072900,PARIJAT,IND,jamnagar_vadinar_feb2026,2026-02-14 16:00:00+00:00,2026-02-15 07:00:00+00:00,15.0,16,1.0,22.49063,69.85813,3.072,ordinary,flagged_facility,Jamnagar (Sikka) marine terminal,15.71,False,True,3,,False
419077200,AKASH,IND,jamnagar_vadinar_feb2026,2026-02-06 10:00:00+00:00,2026-02-07 01:00:00+00:00,15.0,15,0.938,22.502,69.828,3.01,ordinary,flagged_facility,Jamnagar (Sikka) marine terminal,13.68,False,True,3,,False
419077200,AKASH,IND,jamnagar_vadinar_feb2026,2026-02-13 20:00:00+00:00,2026-02-14 11:00:00+00:00,15.0,16,1.0,22.5725,69.79063,4.726,ordinary,flagged_facility,Vadinar terminal / Nayara refinery (EU+UK sanctioned),14.66,False,True,3,,False
419079400,MV APSARA,IND,jamnagar_vadinar_feb2026,2026-02-11 14:00:00+00:00,2026-02-12 05:00:00+00:00,15.0,16,1.0,22.50125,69.8375,4.38,ordinary,flagged_facility,Jamnagar (Sikka) marine terminal,14.44,False,True,3,,False
419292000,RELTUG SIX,IND,jamnagar_vadinar_feb2026,2026-02-14 12:00:00+00:00,2026-02-15 03:00:00+00:00,15.0,16,1.0,22.51125,69.8,2.085,ordinary,flagged_facility,Jamnagar (Sikka) marine terminal,12.21,False,True,3,,False
419740000,DESH VIRAAT,IND,jamnagar_vadinar_feb2026,2026-02-16 07:00:00+00:00,2026-02-16 22:00:00+00:00,15.0,16,1.0,22.55,69.61688,0.706,ordinary,flagged_facility,Vadinar terminal / Nayara refinery (EU+UK sanctioned),3.4,False,True,3,,False
419902339,MT MAHADEV,IND,jamnagar_vadinar_feb2026,2026-02-16 08:00:00+00:00,2026-02-16 23:00:00+00:00,15.0,16,1.0,22.43313,69.67,0.764,ordinary,flagged_facility,Jamnagar (Sikka) marine terminal,5.15,False,True,3,,False
419956398,M V RAMESHWAR,IND,jamnagar_vadinar_feb2026,2026-01-29 16:00:00+00:00,2026-01-30 07:00:00+00:00,15.0,16,1.0,22.43375,69.81625,2.46,ordinary,flagged_facility,Jamnagar (Sikka) marine terminal,9.9,False,True,3,,False
419956663,M.V. MANGAL MURTI,IND,jamnagar_vadinar_feb2026,2026-02-03 20:00:00+00:00,2026-02-04 11:00:00+00:00,15.0,15,0.938,22.44267,69.67667,3.116,ordinary,flagged_facility,Jamnagar (Sikka) marine terminal,4.67,False,True,3,,False
419956663,M.V. MANGAL MURTI,IND,jamnagar_vadinar_feb2026,2026-02-07 15:00:00+00:00,2026-02-08 06:00:00+00:00,15.0,16,1.0,22.44,69.68,0.0,ordinary,flagged_facility,Jamnagar (Sikka) marine terminal,4.26,False,True,3,,False
419958545,,IND,jamnagar_vadinar_feb2026,2026-02-04 02:00:00+00:00,2026-02-04 17:00:00+00:00,15.0,8,0.5,22.44625,69.67375,1.577,ordinary,flagged_facility,Jamnagar (Sikka) marine terminal,5.09,False,True,3,,False
419000765,CALYPSO FORTUNE,IND,jamnagar_vadinar_feb2026,2026-02-02 19:00:00+00:00,2026-02-03 09:00:00+00:00,14.0,15,1.0,22.58533,69.83,4.992,ordinary,flagged_facility,Vadinar terminal / Nayara refinery (EU+UK sanctioned),18.9,False,True,3,,False
419000765,CALYPSO FORTUNE,IND,jamnagar_vadinar_feb2026,2026-02-11 18:00:00+00:00,2026-02-12 08:00:00+00:00,14.0,15,1.0,22.57267,69.81533,4.776,ordinary,flagged_facility,Vadinar terminal / Nayara refinery (EU+UK sanctioned),17.16,False,True,3,,False
419000964,ASTER STAR,IND,jamnagar_vadinar_feb2026,2026-02-06 13:00:00+00:00,2026-02-07 03:00:00+00:00,14.0,15,1.0,22.49267,69.84667,4.092,ordinary,flagged_facility,Jamnagar (Sikka) marine terminal,14.76,False,True,3,,False
419001058,MV.DAWN,IND,jamnagar_vadinar_feb2026,2026-02-09 13:00:00+00:00,2026-02-10 03:00:00+00:00,14.0,15,1.0,22.50067,69.83,2.302,ordinary,flagged_facility,Jamnagar (Sikka) marine terminal,13.77,False,True,3,,False
419001085,RELTUG SEVENTEEN,IND,jamnagar_vadinar_feb2026,2026-01-20 00:00:00+00:00,2026-01-20 14:00:00+00:00,14.0,15,1.0,22.49333,69.844,4.885,ordinary,flagged_facility,Jamnagar (Sikka) marine terminal,14.56,False,True,3,,False
419001085,RELTUG SEVENTEEN,IND,jamnagar_vadinar_feb2026,2026-01-21 14:00:00+00:00,2026-01-22 04:00:00+00:00,14.0,15,1.0,22.49333,69.84666,4.037,ordinary,flagged_facility,Jamnagar (Sikka) marine terminal,14.8,False,True,3,,False
419001085,RELTUG SEVENTEEN,IND,jamnagar_vadinar_feb2026,2026-01-22 14:00:00+00:00,2026-01-23 04:00:00+00:00,14.0,15,1.0,22.49267,69.846,4.787,ordinary,flagged_facility,Jamnagar (Sikka) marine terminal,14.7,False,True,3,,False
419001208,DIPPER,IND,jamnagar_vadinar_feb2026,2026-02-06 01:00:00+00:00,2026-02-06 15:00:00+00:00,14.0,10,0.667,22.44,69.8,0.0,ordinary,flagged_facility,Jamnagar (Sikka) marine terminal,8.3,False,True,3,,False
419001208,DIPPER,IND,jamnagar_vadinar_feb2026,2026-02-10 02:00:00+00:00,2026-02-10 16:00:00+00:00,14.0,15,1.0,22.44,69.8,0.0,ordinary,flagged_facility,Jamnagar (Sikka) marine terminal,8.3,False,True,3,,False
419001390,KNK ASHIMA,IND,jamnagar_vadinar_feb2026,2026-02-06 10:00:00+00:00,2026-02-07 00:00:00+00:00,14.0,15,1.0,22.44,69.67,0.0,ordinary,flagged_facility,Jamnagar (Sikka) marine terminal,5.26,False,True,3,,False
419001456,MEERA,IND,jamnagar_vadinar_feb2026,2026-01-22 15:00:00+00:00,2026-01-23 05:00:00+00:00,14.0,15,1.0,22.45,69.67,0.0,ordinary,flagged_facility,Jamnagar (Sikka) marine terminal,5.6,False,True,3,,False
419001456,MEERA,IND,jamnagar_vadinar_feb2026,2026-02-12 10:00:00+00:00,2026-02-13 00:00:00+00:00,14.0,15,1.0,22.448,69.67,0.89,ordinary,flagged_facility,Jamnagar (Sikka) marine terminal,5.51,False,True,3,,False
419001472,OCEAN PRIDE,IND,jamnagar_vadinar_feb2026,2026-02-13 11:00:00+00:00,2026-02-14 01:00:00+00:00,14.0,15,1.0,22.44533,69.66867,3.956,ordinary,flagged_facility,Jamnagar (Sikka) marine terminal,5.54,False,True,3,,False
419001651,KNK NAYRA,IND,jamnagar_vadinar_feb2026,2026-02-15 18:00:00+00:00,2026-02-16 08:00:00+00:00,14.0,15,1.0,22.51,69.8,0.0,ordinary,flagged_facility,Jamnagar (Sikka) marine terminal,12.11,False,True,3,,False
419001651,KNK NAYRA,IND,jamnagar_vadinar_feb2026,2026-02-16 09:00:00+00:00,2026-02-16 23:00:00+00:00,14.0,15,1.0,22.59067,69.80267,2.548,ordinary,flagged_facility,Vadinar terminal / Nayara refinery (EU+UK sanctioned),16.32,False,True,3,,False
419001884,MT KB 50,IND,jamnagar_vadinar_feb2026,2026-02-06 11:00:00+00:00,2026-02-07 01:00:00+00:00,14.0,15,1.0,22.47867,69.68867,2.826,ordinary,flagged_facility,Jamnagar (Sikka) marine terminal,6.3,False,True,3,,False
419001985,,IND,jamnagar_vadinar_feb2026,2026-01-20 10:00:00+00:00,2026-01-21 00:00:00+00:00,14.0,15,1.0,22.444,69.672,0.935,ordinary,flagged_facility,Jamnagar (Sikka) marine terminal,5.17,False,True,3,,False
419032200,AQUA MOON,IND,jamnagar_vadinar_feb2026,2026-01-30 15:00:00+00:00,2026-01-31 05:00:00+00:00,14.0,15,1.0,22.48467,69.828,3.939,ordinary,flagged_facility,Jamnagar (Sikka) marine terminal,12.65,False,True,3,,False
419032200,AQUA MOON,IND,jamnagar_vadinar_feb2026,2026-02-05 12:00:00+00:00,2026-02-06 02:00:00+00:00,14.0,15,1.0,22.48,69.82733,4.864,ordinary,flagged_facility,Jamnagar (Sikka) marine terminal,12.35,False,True,3,,False
419032300,AQUA SUN,IND,jamnagar_vadinar_feb2026,2026-02-13 02:00:00+00:00,2026-02-13 16:00:00+00:00,14.0,9,0.6,22.56444,69.84111,1.733,ordinary,flagged_facility,Jamnagar (Sikka) marine terminal,19.45,False,True,3,,False
419033900,REL SAGAR,IND,jamnagar_vadinar_feb2026,2026-02-16 09:00:00+00:00,2026-02-16 23:00:00+00:00,14.0,15,1.0,22.50067,69.82733,2.993,ordinary,flagged_facility,Jamnagar (Sikka) marine terminal,13.54,False,True,3,,False
419055150,M.T. BLUE BELL,IND,jamnagar_vadinar_feb2026,2026-01-20 11:00:00+00:00,2026-01-21 01:00:00+00:00,14.0,15,1.0,22.49067,69.858,3.058,ordinary,flagged_facility,Jamnagar (Sikka) marine terminal,15.7,False,True,3,,False
419055150,M.T. BLUE BELL,IND,jamnagar_vadinar_feb2026,2026-01-25 16:00:00+00:00,2026-01-26 06:00:00+00:00,14.0,15,1.0,22.49,69.85933,0.959,ordinary,flagged_facility,Jamnagar (Sikka) marine terminal,15.8,False,True,3,,False
419055150,M.T. BLUE BELL,IND,jamnagar_vadinar_feb2026,2026-01-29 12:00:00+00:00,2026-01-30 02:00:00+00:00,14.0,12,0.8,22.49,69.86,0.0,ordinary,flagged_facility,Jamnagar (Sikka) marine terminal,15.86,False,True,3,,False
419055150,M.T. BLUE BELL,IND,jamnagar_vadinar_feb2026,2026-02-09 21:00:00+00:00,2026-02-10 11:00:00+00:00,14.0,15,1.0,22.49267,69.856,4.787,ordinary,flagged_facility,Jamnagar (Sikka) marine terminal,15.62,False,True,3,,False
419056200,M.T.IRIS,IND,jamnagar_vadinar_feb2026,2026-02-09 14:00:00+00:00,2026-02-10 04:00:00+00:00,14.0,15,1.0,22.49,69.86,0.0,ordinary,flagged_facility,Jamnagar (Sikka) marine terminal,15.86,False,True,3,,False
419056200,M.T.IRIS,IND,jamnagar_vadinar_feb2026,2026-02-12 10:00:00+00:00,2026-02-13 00:00:00+00:00,14.0,15,1.0,22.49,69.85933,0.959,ordinary,flagged_facility,Jamnagar (Sikka) marine terminal,15.8,False,True,3,,False
419057400,RELTUG TWELVE,IND,jamnagar_vadinar_feb2026,2026-01-20 00:00:00+00:00,2026-01-20 14:00:00+00:00,14.0,15,1.0,22.49067,69.84933,1.413,ordinary,flagged_facility,Jamnagar (Sikka) marine terminal,14.9,False,True,3,,False
419066400,M V CHETAK,IND,jamnagar_vadinar_feb2026,2026-02-12 21:00:00+00:00,2026-02-13 11:00:00+00:00,14.0,15,1.0,22.50067,69.83666,4.982,ordinary,flagged_facility,Jamnagar (Sikka) marine terminal,14.33,False,True,3,,False
419071500,M. T. HAZEL,IND,jamnagar_vadinar_feb2026,2026-02-04 18:00:00+00:00,2026-02-05 08:00:00+00:00,14.0,15,1.0,22.49267,69.856,4.787,ordinary,flagged_facility,Jamnagar (Sikka) marine terminal,15.62,False,True,3,,False
419072900,PARIJAT,IND,jamnagar_vadinar_feb2026,2026-01-31 15:00:00+00:00,2026-02-01 05:00:00+00:00,14.0,15,1.0,22.49067,69.858,2.121,ordinary,flagged_facility,Jamnagar (Sikka) marine terminal,15.7,False,True,3,,False
419072900,PARIJAT,IND,jamnagar_vadinar_feb2026,2026-02-09 11:00:00+00:00,2026-02-10 01:00:00+00:00,14.0,15,1.0,22.49133,69.85533,2.775,ordinary,flagged_facility,Jamnagar (Sikka) marine terminal,15.49,False,True,3,,False
419072900,PARIJAT,IND,jamnagar_vadinar_feb2026,2026-02-10 11:00:00+00:00,2026-02-11 01:00:00+00:00,14.0,15,1.0,22.49,69.86,0.0,ordinary,flagged_facility,Jamnagar (Sikka) marine terminal,15.86,False,True,3,,False
419077200,AKASH,IND,jamnagar_vadinar_feb2026,2026-01-22 14:00:00+00:00,2026-01-23 04:00:00+00:00,14.0,15,1.0,22.51333,69.80267,4.086,ordinary,flagged_facility,Jamnagar (Sikka) marine terminal,12.57,False,True,3,,False
419077200,AKASH,IND,jamnagar_vadinar_feb2026,2026-01-24 11:00:00+00:00,2026-01-25 01:00:00+00:00,14.0,15,1.0,22.5,69.82733,3.582,ordinary,flagged_facility,Jamnagar (Sikka) marine terminal,13.5,False,True,3,,False
419077200,AKASH,IND,jamnagar_vadinar_feb2026,2026-01-29 12:00:00+00:00,2026-01-30 02:00:00+00:00,14.0,15,1.0,22.51267,69.80267,4.16,ordinary,flagged_facility,Jamnagar (Sikka) marine terminal,12.52,False,True,3,,False
419077500,AGNI,IND,jamnagar_vadinar_feb2026,2026-02-11 08:00:00+00:00,2026-02-11 22:00:00+00:00,14.0,15,1.0,22.502,69.806,4.264,ordinary,flagged_facility,Jamnagar (Sikka) marine terminal,11.92,False,True,3,,False
419077600,NIVARAK,IND,jamnagar_vadinar_feb2026,2026-02-01 15:00:00+00:00,2026-02-02 05:00:00+00:00,14.0,14,0.933,22.39143,69.60857,2.813,ordinary,flagged_facility,Jamnagar (Sikka) marine terminal,12.23,False,True,3,,False
419077800,REL DARSHAN,IND,jamnagar_vadinar_feb2026,2026-02-12 02:00:00+00:00,2026-02-12 16:00:00+00:00,14.0,15,1.0,22.568,69.84733,4.998,ordinary,flagged_facility,Jamnagar (Sikka) marine terminal,20.16,False,True,3,,False
419079300,MV ANJALI,IND,jamnagar_vadinar_feb2026,2026-01-20 00:00:00+00:00,2026-01-20 14:00:00+00:00,14.0,15,1.0,22.50133,69.83866,2.826,ordinary,flagged_facility,Jamnagar (Sikka) marine terminal,14.55,False,True,3,,False
419079300,MV ANJALI,IND,jamnagar_vadinar_feb2026,2026-02-01 05:00:00+00:00,2026-02-01 19:00:00+00:00,14.0,15,1.0,22.498,69.834,1.869,ordinary,flagged_facility,Jamnagar (Sikka) marine terminal,13.94,False,True,3,,False
419079300,MV ANJALI,IND,jamnagar_vadinar_feb2026,2026-02-02 15:00:00+00:00,2026-02-03 05:00:00+00:00,14.0,15,1.0,22.51133,69.834,4.319,ordinary,flagged_facility,Jamnagar (Sikka) marine terminal,14.8,False,True,3,,False
419079300,MV ANJALI,IND,jamnagar_vadinar_feb2026,2026-02-06 07:00:00+00:00,2026-02-06 21:00:00+00:00,14.0,15,1.0,22.502,69.828,4.993,ordinary,flagged_facility,Jamnagar (Sikka) marine terminal,13.68,False,True,3,,False
419079400,MV APSARA,IND,jamnagar_vadinar_feb2026,2026-02-02 17:00:00+00:00,2026-02-03 07:00:00+00:00,14.0,15,1.0,22.50067,69.838,2.12,ordinary,flagged_facility,Jamnagar (Sikka) marine terminal,14.45,False,True,3,,False
419956663,M.V. MANGAL MURTI,IND,jamnagar_vadinar_feb2026,2026-01-25 01:00:00+00:00,2026-01-25 15:00:00+00:00,14.0,15,1.0,22.43067,69.664,1.207,ordinary,flagged_facility,Jamnagar (Sikka) marine terminal,5.76,False,True,3,,False
419956663,M.V. MANGAL MURTI,IND,jamnagar_vadinar_feb2026,2026-02-05 23:00:00+00:00,2026-02-06 13:00:00+00:00,14.0,13,0.867,22.44154,69.67769,2.2,ordinary,flagged_facility,Jamnagar (Sikka) marine terminal,4.53,False,True,3,,False
419956787,DAWN II,IND,jamnagar_vadinar_feb2026,2026-01-24 10:00:00+00:00,2026-01-25 00:00:00+00:00,14.0,15,1.0,22.49867,69.83333,2.904,ordinary,flagged_facility,Jamnagar (Sikka) marine terminal,13.93,False,True,3,,False
419956787,DAWN II,IND,jamnagar_vadinar_feb2026,2026-02-09 12:00:00+00:00,2026-02-10 02:00:00+00:00,14.0,15,1.0,22.566,69.83933,4.985,ordinary,flagged_facility,Jamnagar (Sikka) marine terminal,19.47,False,True,3,,False
419958545,,IND,jamnagar_vadinar_feb2026,2026-01-30 04:00:00+00:00,2026-01-30 18:00:00+00:00,14.0,6,0.4,22.45333,69.67,4.205,ordinary,flagged_facility,Jamnagar (Sikka) marine terminal,5.76,False,True,3,,False
419958545,,IND,jamnagar_vadinar_feb2026,2026-02-10 03:00:00+00:00,2026-02-10 17:00:00+00:00,14.0,6,0.4,22.445,69.67333,3.099,ordinary,flagged_facility,Jamnagar (Sikka) marine terminal,5.08,False,True,3,,False
419000056,SUCCESS NETRAVATI,IND,jamnagar_vadinar_feb2026,2026-01-28 03:00:00+00:00,2026-01-28 16:00:00+00:00,13.0,11,0.786,22.46818,69.66273,4.311,ordinary,flagged_facility,Jamnagar (Sikka) marine terminal,7.26,False,True,3,,False
419000765,CALYPSO FORTUNE,IND,jamnagar_vadinar_feb2026,2026-02-03 19:00:00+00:00,2026-02-04 08:00:00+00:00,13.0,14,1.0,22.58,69.82,4.899,ordinary,flagged_facility,Vadinar terminal / Nayara refinery (EU+UK sanctioned),17.77,False,True,3,,False
419000964,ASTER STAR,IND,jamnagar_vadinar_feb2026,2026-02-11 19:00:00+00:00,2026-02-12 08:00:00+00:00,13.0,14,1.0,22.49429,69.83929,4.397,ordinary,flagged_facility,Jamnagar (Sikka) marine terminal,14.19,False,True,3,,False
419001208,DIPPER,IND,jamnagar_vadinar_feb2026,2026-01-21 01:00:00+00:00,2026-01-21 14:00:00+00:00,13.0,14,1.0,22.44214,69.79929,3.241,ordinary,flagged_facility,Jamnagar (Sikka) marine terminal,8.26,False,True,3,,False
419001208,DIPPER,IND,jamnagar_vadinar_feb2026,2026-02-16 05:00:00+00:00,2026-02-16 18:00:00+00:00,13.0,10,0.714,22.44,69.8,0.0,ordinary,flagged_facility,Jamnagar (Sikka) marine terminal,8.3,False,True,3,,False
419001794,RIVER PEARL 10,IND,jamnagar_vadinar_feb2026,2026-01-23 12:00:00+00:00,2026-01-24 01:00:00+00:00,13.0,14,1.0,22.44071,69.67,1.033,ordinary,flagged_facility,Jamnagar (Sikka) marine terminal,5.28,False,True,3,,False
419001884,MT KB 50,IND,jamnagar_vadinar_feb2026,2026-01-21 12:00:00+00:00,2026-01-22 01:00:00+00:00,13.0,14,1.0,22.48071,69.68786,4.885,ordinary,flagged_facility,Jamnagar (Sikka) marine terminal,6.53,False,True,3,,False
419014400,M V POONAM,IND,jamnagar_vadinar_feb2026,2026-01-29 02:00:00+00:00,2026-01-29 15:00:00+00:00,13.0,14,1.0,22.50143,69.83857,2.811,ordinary,flagged_facility,Jamnagar (Sikka) marine terminal,14.54,False,True,3,,False
419014400,M V POONAM,IND,jamnagar_vadinar_feb2026,2026-02-09 10:00:00+00:00,2026-02-09 23:00:00+00:00,13.0,14,1.0,22.5,69.83928,0.953,ordinary,flagged_facility,Jamnagar (Sikka) marine terminal,14.52,False,True,3,,False
419032200,AQUA MOON,IND,jamnagar_vadinar_feb2026,2026-01-26 15:00:00+00:00,2026-01-27 04:00:00+00:00,13.0,14,1.0,22.48,69.82429,3.523,ordinary,flagged_facility,Jamnagar (Sikka) marine terminal,12.07,False,True,3,,False
419032200,AQUA MOON,IND,jamnagar_vadinar_feb2026,2026-02-08 13:00:00+00:00,2026-02-09 02:00:00+00:00,13.0,14,1.0,22.48,69.83072,0.954,ordinary,flagged_facility,Jamnagar (Sikka) marine terminal,12.66,False,True,3,,False
419032200,AQUA MOON,IND,jamnagar_vadinar_feb2026,2026-02-12 14:00:00+00:00,2026-02-13 03:00:00+00:00,13.0,14,1.0,22.48,69.82714,3.816,ordinary,flagged_facility,Jamnagar (Sikka) marine terminal,12.33,False,True,3,,False
419033900,REL SAGAR,IND,jamnagar_vadinar_feb2026,2026-01-25 14:00:00+00:00,2026-01-26 03:00:00+00:00,13.0,14,1.0,22.51071,69.79929,1.406,ordinary,flagged_facility,Jamnagar (Sikka) marine terminal,12.12,False,True,3,,False
419033900,REL SAGAR,IND,jamnagar_vadinar_feb2026,2026-02-05 13:00:00+00:00,2026-02-06 02:00:00+00:00,13.0,14,1.0,22.51,69.8,0.0,ordinary,flagged_facility,Jamnagar (Sikka) marine terminal,12.11,False,True,3,,False
419055150,M.T. BLUE BELL,IND,jamnagar_vadinar_feb2026,2026-01-28 15:00:00+00:00,2026-01-29 04:00:00+00:00,13.0,14,1.0,22.49143,69.85643,4.274,ordinary,flagged_facility,Jamnagar (Sikka) marine terminal,15.6,False,True,3,,False
419056200,M.T.IRIS,IND,jamnagar_vadinar_feb2026,2026-01-23 12:00:00+00:00,2026-01-24 01:00:00+00:00,13.0,14,1.0,22.49,69.86,0.0,ordinary,flagged_facility,Jamnagar (Sikka) marine terminal,15.86,False,True,3,,False
419056200,M.T.IRIS,IND,jamnagar_vadinar_feb2026,2026-01-24 23:00:00+00:00,2026-01-25 12:00:00+00:00,13.0,14,1.0,22.49071,69.85857,2.17,ordinary,flagged_facility,Jamnagar (Sikka) marine terminal,15.76,False,True,3,,False
419057400,RELTUG TWELVE,IND,jamnagar_vadinar_feb2026,2026-02-01 19:00:00+00:00,2026-02-02 08:00:00+00:00,13.0,14,1.0,22.48286,69.82714,4.983,ordinary,flagged_facility,Jamnagar (Sikka) marine terminal,12.48,False,True,3,,False
419066300,SB EAGLE,IND,jamnagar_vadinar_feb2026,2026-02-08 15:00:00+00:00,2026-02-09 04:00:00+00:00,13.0,14,1.0,22.50214,69.83714,2.654,ordinary,flagged_facility,Jamnagar (Sikka) marine terminal,14.46,False,True,3,,False
419071500,M. T. HAZEL,IND,jamnagar_vadinar_feb2026,2026-01-20 11:00:00+00:00,2026-01-21 00:00:00+00:00,13.0,14,1.0,22.49143,69.85714,2.003,ordinary,flagged_facility,Jamnagar (Sikka) marine terminal,15.66,False,True,3,,False
419071500,M. T. HAZEL,IND,jamnagar_vadinar_feb2026,2026-01-25 12:00:00+00:00,2026-01-26 01:00:00+00:00,13.0,14,1.0,22.49214,69.85714,4.915,ordinary,flagged_facility,Jamnagar (Sikka) marine terminal,15.7,False,True,3,,False
419071500,M. T. HAZEL,IND,jamnagar_vadinar_feb2026,2026-02-03 15:00:00+00:00,2026-02-04 04:00:00+00:00,13.0,14,1.0,22.49214,69.85643,4.858,ordinary,flagged_facility,Jamnagar (Sikka) marine terminal,15.63,False,True,3,,False
419071500,M. T. HAZEL,IND,jamnagar_vadinar_feb2026,2026-02-06 17:00:00+00:00,2026-02-07 06:00:00+00:00,13.0,14,1.0,22.49071,69.85857,2.17,ordinary,flagged_facility,Jamnagar (Sikka) marine terminal,15.76,False,True,3,,False
419072500,RELTUG 16,IND,jamnagar_vadinar_feb2026,2026-02-02 16:00:00+00:00,2026-02-03 05:00:00+00:00,13.0,14,1.0,22.50643,69.81,4.497,ordinary,flagged_facility,Jamnagar (Sikka) marine terminal,12.56,False,True,3,,False
419072900,PARIJAT,IND,jamnagar_vadinar_feb2026,2026-01-29 17:00:00+00:00,2026-01-30 06:00:00+00:00,13.0,12,0.857,22.49083,69.85833,2.142,ordinary,flagged_facility,Jamnagar (Sikka) marine terminal,15.74,False,True,3,,False
419072900,PARIJAT,IND,jamnagar_vadinar_feb2026,2026-02-11 12:00:00+00:00,2026-02-12 01:00:00+00:00,13.0,14,1.0,22.49143,69.85786,3.529,ordinary,flagged_facility,Jamnagar (Sikka) marine terminal,15.73,False,True,3,,False
419077200,AKASH,IND,jamnagar_vadinar_feb2026,2026-01-27 13:00:00+00:00,2026-01-28 02:00:00+00:00,13.0,14,1.0,22.505,69.80786,4.316,ordinary,flagged_facility,Jamnagar (Sikka) marine terminal,12.29,False,True,3,,False
419077200,AKASH,IND,jamnagar_vadinar_feb2026,2026-02-02 16:00:00+00:00,2026-02-03 05:00:00+00:00,13.0,14,1.0,22.50357,69.82143,2.314,ordinary,flagged_facility,Jamnagar (Sikka) marine terminal,13.25,False,True,3,,False
419077200,AKASH,IND,jamnagar_vadinar_feb2026,2026-02-14 12:00:00+00:00,2026-02-15 01:00:00+00:00,13.0,14,1.0,22.51214,69.8,3.098,ordinary,flagged_facility,Jamnagar (Sikka) marine terminal,12.29,False,True,3,,False
419077500,AGNI,IND,jamnagar_vadinar_feb2026,2026-01-20 16:00:00+00:00,2026-01-21 05:00:00+00:00,13.0,14,1.0,22.56643,69.83643,1.647,ordinary,flagged_facility,Vadinar terminal / Nayara refinery (EU+UK sanctioned),19.23,False,True,3,,False
419077500,AGNI,IND,jamnagar_vadinar_feb2026,2026-02-13 12:00:00+00:00,2026-02-14 01:00:00+00:00,13.0,14,1.0,22.51071,69.8,1.033,ordinary,flagged_facility,Jamnagar (Sikka) marine terminal,12.17,False,True,3,,False
419077600,NIVARAK,IND,jamnagar_vadinar_feb2026,2026-02-16 07:00:00+00:00,2026-02-16 20:00:00+00:00,13.0,12,0.857,22.39167,69.60833,2.777,ordinary,flagged_facility,Jamnagar (Sikka) marine terminal,12.25,False,True,3,,False
419079300,MV ANJALI,IND,jamnagar_vadinar_feb2026,2026-02-07 12:00:00+00:00,2026-02-08 01:00:00+00:00,13.0,14,1.0,22.5,69.83928,0.953,ordinary,flagged_facility,Jamnagar (Sikka) marine terminal,14.52,False,True,3,,False
419293000,RELTUG 7,IND,jamnagar_vadinar_feb2026,2026-01-28 02:00:00+00:00,2026-01-28 15:00:00+00:00,13.0,14,1.0,22.50929,69.80643,4.963,ordinary,flagged_facility,Jamnagar (Sikka) marine terminal,12.51,False,True,3,,False
419293000,RELTUG 7,IND,jamnagar_vadinar_feb2026,2026-02-11 17:00:00+00:00,2026-02-12 06:00:00+00:00,13.0,14,1.0,22.49071,69.84928,1.406,ordinary,flagged_facility,Jamnagar (Sikka) marine terminal,14.9,False,True,3,,False
419956787,DAWN II,IND,jamnagar_vadinar_feb2026,2026-02-12 20:00:00+00:00,2026-02-13 09:00:00+00:00,13.0,14,1.0,22.56,69.84071,0.954,ordinary,flagged_facility,Jamnagar (Sikka) marine terminal,19.05,False,True,3,,False
419958545,,IND,jamnagar_vadinar_feb2026,2026-01-21 04:00:00+00:00,2026-01-21 17:00:00+00:00,13.0,7,0.5,22.44857,69.67143,2.656,ordinary,flagged_facility,Jamnagar (Sikka) marine terminal,5.4,False,True,3,,False
419958545,,IND,jamnagar_vadinar_feb2026,2026-02-01 04:00:00+00:00,2026-02-01 17:00:00+00:00,13.0,6,0.429,22.44833,69.67667,2.505,ordinary,flagged_facility,Jamnagar (Sikka) marine terminal,4.9,False,True,3,,False
419000638,OCEAN     EMPIRE,IND,jamnagar_vadinar_feb2026,2026-02-15 14:00:00+00:00,2026-02-16 02:00:00+00:00,12.0,13,1.0,22.44385,69.67,4.02,ordinary,flagged_facility,Jamnagar (Sikka) marine terminal,5.36,False,True,3,,False
419000765,CALYPSO FORTUNE,IND,jamnagar_vadinar_feb2026,2026-02-10 22:00:00+00:00,2026-02-11 10:00:00+00:00,12.0,13,1.0,22.57385,69.82077,4.999,ordinary,flagged_facility,Vadinar terminal / Nayara refinery (EU+UK sanctioned),17.73,False,True,3,,False
419000964,ASTER STAR,IND,jamnagar_vadinar_feb2026,2026-01-25 18:00:00+00:00,2026-01-26 06:00:00+00:00,12.0,13,1.0,22.49154,69.84846,2.795,ordinary,flagged_facility,Jamnagar (Sikka) marine terminal,14.87,False,True,3,,False
419000964,ASTER STAR,IND,jamnagar_vadinar_feb2026,2026-02-15 14:00:00+00:00,2026-02-16 02:00:00+00:00,12.0,13,1.0,22.49,69.85,0.0,ordinary,flagged_facility,Jamnagar (Sikka) marine terminal,14.93,False,True,3,,False
419001058,MV.DAWN,IND,jamnagar_vadinar_feb2026,2026-01-28 14:00:00+00:00,2026-01-29 02:00:00+00:00,12.0,13,1.0,22.51077,69.80231,4.508,ordinary,flagged_facility,Jamnagar (Sikka) marine terminal,12.34,False,True,3,,False
419001058,MV.DAWN,IND,jamnagar_vadinar_feb2026,2026-01-31 12:00:00+00:00,2026-02-01 00:00:00+00:00,12.0,13,1.0,22.56,69.84,0.0,ordinary,flagged_facility,Jamnagar (Sikka) marine terminal,19.0,False,True,3,,False
419001085,RELTUG SEVENTEEN,IND,jamnagar_vadinar_feb2026,2026-01-20 20:00:00+00:00,2026-01-21 08:00:00+00:00,12.0,13,1.0,22.49308,69.84692,2.562,ordinary,flagged_facility,Jamnagar (Sikka) marine terminal,14.81,False,True,3,,False
419001208,DIPPER,IND,jamnagar_vadinar_feb2026,2026-02-02 03:00:00+00:00,2026-02-02 15:00:00+00:00,12.0,13,1.0,22.44,69.8,0.0,ordinary,flagged_facility,Jamnagar (Sikka) marine terminal,8.3,False,True,3,,False
419001358,PRABHAT SHOBHA,IND,jamnagar_vadinar_feb2026,2026-01-20 00:00:00+00:00,2026-01-20 12:00:00+00:00,12.0,13,1.0,22.55923,69.76154,1.188,ordinary,flagged_facility,Vadinar terminal / Nayara refinery (EU+UK sanctioned),11.5,False,True,3,,False
419001390,KNK ASHIMA,IND,jamnagar_vadinar_feb2026,2026-02-16 11:00:00+00:00,2026-02-16 23:00:00+00:00,12.0,13,1.0,22.44077,69.67,1.026,ordinary,flagged_facility,Jamnagar (Sikka) marine terminal,5.28,False,True,3,,False
419001462,OCEAN PROMICE,IND,jamnagar_vadinar_feb2026,2026-01-20 00:00:00+00:00,2026-01-20 12:00:00+00:00,12.0,13,1.0,22.68154,69.62385,1.431,ordinary,flagged_facility,Vadinar terminal / Nayara refinery (EU+UK sanctioned),14.87,False,True,3,,False
419001487,RELTUG EIGHTEEN,IND,jamnagar_vadinar_feb2026,2026-02-16 01:00:00+00:00,2026-02-16 13:00:00+00:00,12.0,13,1.0,22.50538,69.83307,4.362,ordinary,flagged_facility,Jamnagar (Sikka) marine terminal,14.33,False,True,3,,False
419001715,ZINNIA STAR,IND,jamnagar_vadinar_feb2026,2026-02-16 11:00:00+00:00,2026-02-16 23:00:00+00:00,12.0,13,1.0,22.44,69.67,0.0,ordinary,flagged_facility,Jamnagar (Sikka) marine terminal,5.26,False,True,3,,False
419001794,RIVER PEARL 10,IND,jamnagar_vadinar_feb2026,2026-02-16 11:00:00+00:00,2026-02-16 23:00:00+00:00,12.0,13,1.0,22.44,69.67,0.0,ordinary,flagged_facility,Jamnagar (Sikka) marine terminal,5.26,False,True,3,,False
419014400,M V POONAM,IND,jamnagar_vadinar_feb2026,2026-02-16 11:00:00+00:00,2026-02-16 23:00:00+00:00,12.0,13,1.0,22.50154,69.83769,3.508,ordinary,flagged_facility,Jamnagar (Sikka) marine terminal,14.48,False,True,3,,False
419032200,AQUA MOON,IND,jamnagar_vadinar_feb2026,2026-02-14 14:00:00+00:00,2026-02-15 02:00:00+00:00,12.0,13,1.0,22.48,69.83,0.0,ordinary,flagged_facility,Jamnagar (Sikka) marine terminal,12.6,False,True,3,,False
419032300,AQUA SUN,IND,jamnagar_vadinar_feb2026,2026-01-20 04:00:00+00:00,2026-01-20 16:00:00+00:00,12.0,7,0.538,22.58714,69.84857,3.498,ordinary,flagged_facility,Vadinar terminal / Nayara refinery (EU+UK sanctioned),20.8,False,True,3,,False
419032300,AQUA SUN,IND,jamnagar_vadinar_feb2026,2026-02-05 05:00:00+00:00,2026-02-05 17:00:00+00:00,12.0,13,1.0,22.58385,69.83615,2.976,ordinary,flagged_facility,Vadinar terminal / Nayara refinery (EU+UK sanctioned),19.48,False,True,3,,False
419033900,REL SAGAR,IND,jamnagar_vadinar_feb2026,2026-01-31 12:00:00+00:00,2026-02-01 00:00:00+00:00,12.0,13,1.0,22.51,69.8,0.0,ordinary,flagged_facility,Jamnagar (Sikka) marine terminal,12.11,False,True,3,,False
419055150,M.T. BLUE BELL,IND,jamnagar_vadinar_feb2026,2026-02-13 16:00:00+00:00,2026-02-14 04:00:00+00:00,12.0,13,1.0,22.49154,69.85539,2.772,ordinary,flagged_facility,Jamnagar (Sikka) marine terminal,15.5,False,True,3,,False
419056200,M.T.IRIS,IND,jamnagar_vadinar_feb2026,2026-02-01 16:00:00+00:00,2026-02-02 04:00:00+00:00,12.0,13,1.0,22.49231,69.85538,4.133,ordinary,flagged_facility,Jamnagar (Sikka) marine terminal,15.54,False,True,3,,False
419056200,M.T.IRIS,IND,jamnagar_vadinar_feb2026,2026-02-06 15:00:00+00:00,2026-02-07 03:00:00+00:00,12.0,13,1.0,22.49,69.85923,0.949,ordinary,flagged_facility,Jamnagar (Sikka) marine terminal,15.79,False,True,3,,False
419056200,M.T.IRIS,IND,jamnagar_vadinar_feb2026,2026-02-13 17:00:00+00:00,2026-02-14 05:00:00+00:00,12.0,13,1.0,22.49231,69.85692,4.886,ordinary,flagged_facility,Jamnagar (Sikka) marine terminal,15.68,False,True,3,,False
419066300,SB EAGLE,IND,jamnagar_vadinar_feb2026,2026-02-06 15:00:00+00:00,2026-02-07 03:00:00+00:00,12.0,13,1.0,22.50077,69.83923,1.397,ordinary,flagged_facility,Jamnagar (Sikka) marine terminal,14.56,False,True,3,,False
419071500,M. T. HAZEL,IND,jamnagar_vadinar_feb2026,2026-01-30 13:00:00+00:00,2026-01-31 01:00:00+00:00,12.0,13,1.0,22.49,69.86,0.0,ordinary,flagged_facility,Jamnagar (Sikka) marine terminal,15.86,False,True,3,,False
419071500,M. T. HAZEL,IND,jamnagar_vadinar_feb2026,2026-02-10 16:00:00+00:00,2026-02-11 04:00:00+00:00,12.0,13,1.0,22.49,69.86,0.0,ordinary,flagged_facility,Jamnagar (Sikka) marine terminal,15.86,False,True,3,,False
419071500,M. T. HAZEL,IND,jamnagar_vadinar_feb2026,2026-02-12 19:00:00+00:00,2026-02-13 07:00:00+00:00,12.0,13,1.0,22.49,69.86,0.0,ordinary,flagged_facility,Jamnagar (Sikka) marine terminal,15.86,False,True,3,,False
419072700,RELTUG 14,IND,jamnagar_vadinar_feb2026,2026-02-03 14:00:00+00:00,2026-02-04 02:00:00+00:00,12.0,13,1.0,22.57308,69.78692,3.818,ordinary,flagged_facility,Vadinar terminal / Nayara refinery (EU+UK sanctioned),14.29,False,True,3,,False
419072900,PARIJAT,IND,jamnagar_vadinar_feb2026,2026-02-03 10:00:00+00:00,2026-02-03 22:00:00+00:00,12.0,12,0.923,22.49167,69.85583,2.811,ordinary,flagged_facility,Jamnagar (Sikka) marine terminal,15.55,False,True,3,,False
419072900,PARIJAT,IND,jamnagar_vadinar_feb2026,2026-02-12 13:00:00+00:00,2026-02-13 01:00:00+00:00,12.0,13,1.0,22.49077,69.85846,2.157,ordinary,flagged_facility,Jamnagar (Sikka) marine terminal,15.75,False,True,3,,False
419077200,AKASH,IND,jamnagar_vadinar_feb2026,2026-02-03 10:00:00+00:00,2026-02-03 22:00:00+00:00,12.0,13,1.0,22.50538,69.81308,4.161,ordinary,flagged_facility,Jamnagar (Sikka) marine terminal,12.72,False,True,3,,False
419077200,AKASH,IND,jamnagar_vadinar_feb2026,2026-02-09 13:00:00+00:00,2026-02-10 01:00:00+00:00,12.0,13,1.0,22.51,69.8,0.0,ordinary,flagged_facility,Jamnagar (Sikka) marine terminal,12.11,False,True,3,,False
419077500,AGNI,IND,jamnagar_vadinar_feb2026,2026-02-14 11:00:00+00:00,2026-02-14 23:00:00+00:00,12.0,13,1.0,22.56462,69.79308,4.971,ordinary,flagged_facility,Vadinar terminal / Nayara refinery (EU+UK sanctioned),14.78,False,True,3,,False
419077600,NIVARAK,IND,jamnagar_vadinar_feb2026,2026-02-04 20:00:00+00:00,2026-02-05 08:00:00+00:00,12.0,11,0.846,22.39636,69.60091,4.959,ordinary,flagged_facility,Jamnagar (Sikka) marine terminal,12.8,False,True,3,,False
419077800,REL DARSHAN,IND,jamnagar_vadinar_feb2026,2026-01-30 11:00:00+00:00,2026-01-30 23:00:00+00:00,12.0,13,1.0,22.50308,69.83615,4.022,ordinary,flagged_facility,Jamnagar (Sikka) marine terminal,14.44,False,True,3,,False
419077800,REL DARSHAN,IND,jamnagar_vadinar_feb2026,2026-02-12 17:00:00+00:00,2026-02-13 05:00:00+00:00,12.0,13,1.0,22.55923,69.84769,3.023,ordinary,flagged_facility,Jamnagar (Sikka) marine terminal,19.46,False,True,3,,False
419077800,REL DARSHAN,IND,jamnagar_vadinar_feb2026,2026-02-15 12:00:00+00:00,2026-02-16 00:00:00+00:00,12.0,13,1.0,22.50231,69.83692,2.625,ordinary,flagged_facility,Jamnagar (Sikka) marine terminal,14.46,False,True,3,,False
419079300,MV ANJALI,IND,jamnagar_vadinar_feb2026,2026-02-08 20:00:00+00:00,2026-02-09 08:00:00+00:00,12.0,13,1.0,22.50231,69.83461,4.703,ordinary,flagged_facility,Jamnagar (Sikka) marine terminal,14.26,False,True,3,,False
419079400,MV APSARA,IND,jamnagar_vadinar_feb2026,2026-02-10 23:00:00+00:00,2026-02-11 11:00:00+00:00,12.0,13,1.0,22.50462,69.82616,3.897,ordinary,flagged_facility,Jamnagar (Sikka) marine terminal,13.71,False,True,3,,False
419079400,MV APSARA,IND,jamnagar_vadinar_feb2026,2026-02-12 10:00:00+00:00,2026-02-12 22:00:00+00:00,12.0,13,1.0,22.5,69.84,0.0,ordinary,flagged_facility,Jamnagar (Sikka) marine terminal,14.58,False,True,3,,False
419293000,RELTUG 7,IND,jamnagar_vadinar_feb2026,2026-02-15 14:00:00+00:00,2026-02-16 02:00:00+00:00,12.0,13,1.0,22.51308,69.80077,1.883,ordinary,flagged_facility,Jamnagar (Sikka) marine terminal,12.42,False,True,3,,False
419740000,DESH VIRAAT,IND,jamnagar_vadinar_feb2026,2026-02-13 00:00:00+00:00,2026-02-13 12:00:00+00:00,12.0,13,1.0,22.67308,69.65692,4.974,ordinary,flagged_facility,Vadinar terminal / Nayara refinery (EU+UK sanctioned),13.7,False,True,3,,False
419956663,M.V. MANGAL MURTI,IND,jamnagar_vadinar_feb2026,2026-01-29 21:00:00+00:00,2026-01-30 09:00:00+00:00,12.0,13,1.0,22.43385,69.66308,4.083,ordinary,flagged_facility,Jamnagar (Sikka) marine terminal,5.87,False,True,3,,False
419956787,DAWN II,IND,jamnagar_vadinar_feb2026,2026-02-11 06:00:00+00:00,2026-02-11 18:00:00+00:00,12.0,13,1.0,22.54385,69.83692,4.927,ordinary,flagged_facility,Jamnagar (Sikka) marine terminal,17.45,False,True,3,,False
419958545,,IND,jamnagar_vadinar_feb2026,2026-02-16 06:00:00+00:00,2026-02-16 18:00:00+00:00,12.0,7,0.538,22.44571,69.67286,1.615,ordinary,flagged_facility,Jamnagar (Sikka) marine terminal,5.15,False,True,3,,False
419991279,DARIYA JYOT,IND,jamnagar_vadinar_feb2026,2026-01-26 09:00:00+00:00,2026-01-26 21:00:00+00:00,12.0,13,1.0,22.43231,69.67077,1.278,ordinary,flagged_facility,Jamnagar (Sikka) marine terminal,5.07,False,True,3,,False
419991279,DARIYA JYOT,IND,jamnagar_vadinar_feb2026,2026-01-29 20:00:00+00:00,2026-01-30 08:00:00+00:00,12.0,13,1.0,22.43385,69.66154,4.023,ordinary,flagged_facility,Jamnagar (Sikka) marine terminal,6.02,False,True,3,,False
419000765,CALYPSO FORTUNE,IND,jamnagar_vadinar_feb2026,2026-01-20 00:00:00+00:00,2026-01-20 11:00:00+00:00,11.0,12,1.0,22.56917,69.815,4.385,ordinary,flagged_facility,Vadinar terminal / Nayara refinery (EU+UK sanctioned),17.08,False,True,3,,False
419001058,MV.DAWN,IND,jamnagar_vadinar_feb2026,2026-01-27 01:00:00+00:00,2026-01-27 12:00:00+00:00,11.0,12,1.0,22.58917,69.86,2.381,ordinary,flagged_facility,Vadinar terminal / Nayara refinery (EU+UK sanctioned),22.0,False,True,3,,False
419001058,MV.DAWN,IND,jamnagar_vadinar_feb2026,2026-02-01 14:00:00+00:00,2026-02-02 01:00:00+00:00,11.0,12,1.0,22.56,69.84,0.0,ordinary,flagged_facility,Jamnagar (Sikka) marine terminal,19.0,False,True,3,,False
419001058,MV.DAWN,IND,jamnagar_vadinar_feb2026,2026-02-16 01:00:00+00:00,2026-02-16 12:00:00+00:00,11.0,12,1.0,22.5825,69.8525,3.832,ordinary,flagged_facility,Vadinar terminal / Nayara refinery (EU+UK sanctioned),21.1,False,True,3,,False
419001456,MEERA,IND,jamnagar_vadinar_feb2026,2026-02-13 17:00:00+00:00,2026-02-14 04:00:00+00:00,11.0,12,1.0,22.49917,69.66,1.019,ordinary,flagged_facility,Vadinar terminal / Nayara refinery (EU+UK sanctioned),5.74,False,True,3,,False
419001456,MEERA,IND,jamnagar_vadinar_feb2026,2026-02-16 01:00:00+00:00,2026-02-16 12:00:00+00:00,11.0,12,1.0,22.45583,69.66833,4.985,ordinary,flagged_facility,Jamnagar (Sikka) marine terminal,6.04,False,True,3,,False
419001618,SM NEYYAR,IND,jamnagar_vadinar_feb2026,2026-02-10 10:00:00+00:00,2026-02-10 21:00:00+00:00,11.0,12,1.0,22.645,69.71583,0.817,ordinary,flagged_facility,Vadinar terminal / Nayara refinery (EU+UK sanctioned),12.54,False,True,3,,False
419001651,KNK NAYRA,IND,jamnagar_vadinar_feb2026,2026-01-28 10:00:00+00:00,2026-01-28 21:00:00+00:00,11.0,12,1.0,22.59417,69.815,4.944,ordinary,flagged_facility,Vadinar terminal / Nayara refinery (EU+UK sanctioned),17.64,False,True,3,,False
419001884,MT KB 50,IND,jamnagar_vadinar_feb2026,2026-02-11 15:00:00+00:00,2026-02-12 02:00:00+00:00,11.0,12,1.0,22.4775,69.6875,3.548,ordinary,flagged_facility,Jamnagar (Sikka) marine terminal,6.25,False,True,3,,False
419001885,KB 49,IND,jamnagar_vadinar_feb2026,2026-01-30 23:00:00+00:00,2026-01-31 10:00:00+00:00,11.0,12,1.0,22.48833,69.68917,1.321,ordinary,flagged_facility,Jamnagar (Sikka) marine terminal,7.22,False,True,3,,False
419001985,,IND,jamnagar_vadinar_feb2026,2026-01-27 14:00:00+00:00,2026-01-28 01:00:00+00:00,11.0,12,1.0,22.44833,69.67,0.927,ordinary,flagged_facility,Jamnagar (Sikka) marine terminal,5.53,False,True,3,,False
419002060,JAG LAADKI,IND,jamnagar_vadinar_feb2026,2026-01-20 00:00:00+00:00,2026-01-20 11:00:00+00:00,11.0,12,1.0,22.68,69.625,0.513,ordinary,flagged_facility,Vadinar terminal / Nayara refinery (EU+UK sanctioned),14.68,False,True,3,,False
419032200,AQUA MOON,IND,jamnagar_vadinar_feb2026,2026-02-09 10:00:00+00:00,2026-02-09 21:00:00+00:00,11.0,12,1.0,22.48833,69.8275,4.97,ordinary,flagged_facility,Jamnagar (Sikka) marine terminal,12.81,False,True,3,,False
419033900,REL SAGAR,IND,jamnagar_vadinar_feb2026,2026-01-28 15:00:00+00:00,2026-01-29 02:00:00+00:00,11.0,12,1.0,22.51,69.8,0.0,ordinary,flagged_facility,Jamnagar (Sikka) marine terminal,12.11,False,True,3,,False
419055150,M.T. BLUE BELL,IND,jamnagar_vadinar_feb2026,2026-01-23 16:00:00+00:00,2026-01-24 03:00:00+00:00,11.0,12,1.0,22.49083,69.8575,3.003,ordinary,flagged_facility,Jamnagar (Sikka) marine terminal,15.67,False,True,3,,False
419055150,M.T. BLUE BELL,IND,jamnagar_vadinar_feb2026,2026-02-04 15:00:00+00:00,2026-02-05 02:00:00+00:00,11.0,12,1.0,22.49083,69.8575,2.067,ordinary,flagged_facility,Jamnagar (Sikka) marine terminal,15.67,False,True,3,,False
419055150,M.T. BLUE BELL,IND,jamnagar_vadinar_feb2026,2026-02-16 12:00:00+00:00,2026-02-16 23:00:00+00:00,11.0,12,1.0,22.49,69.86,0.0,ordinary,flagged_facility,Jamnagar (Sikka) marine terminal,15.86,False,True,3,,False
419056200,M.T.IRIS,IND,jamnagar_vadinar_feb2026,2026-02-11 17:00:00+00:00,2026-02-12 04:00:00+00:00,11.0,12,1.0,22.49333,69.85167,3.744,ordinary,flagged_facility,Jamnagar (Sikka) marine terminal,15.25,False,True,3,,False
419066300,SB EAGLE,IND,jamnagar_vadinar_feb2026,2026-02-08 03:00:00+00:00,2026-02-08 14:00:00+00:00,11.0,12,1.0,22.50917,69.82833,4.916,ordinary,flagged_facility,Jamnagar (Sikka) marine terminal,14.19,False,True,3,,False
419071500,M. T. HAZEL,IND,jamnagar_vadinar_feb2026,2026-01-21 17:00:00+00:00,2026-01-22 04:00:00+00:00,11.0,12,1.0,22.49,69.86,0.0,ordinary,flagged_facility,Jamnagar (Sikka) marine terminal,15.86,False,True,3,,False
419071500,M. T. HAZEL,IND,jamnagar_vadinar_feb2026,2026-02-14 22:00:00+00:00,2026-02-15 09:00:00+00:00,11.0,12,1.0,22.4925,69.85667,4.852,ordinary,flagged_facility,Jamnagar (Sikka) marine terminal,15.67,False,True,3,,False
419071500,M. T. HAZEL,IND,jamnagar_vadinar_feb2026,2026-02-16 12:00:00+00:00,2026-02-16 23:00:00+00:00,11.0,12,1.0,22.49167,69.8575,3.484,ordinary,flagged_facility,Jamnagar (Sikka) marine terminal,15.71,False,True,3,,False
419072900,PARIJAT,IND,jamnagar_vadinar_feb2026,2026-02-04 04:00:00+00:00,2026-02-04 15:00:00+00:00,11.0,12,1.0,22.49167,69.85667,4.283,ordinary,flagged_facility,Jamnagar (Sikka) marine terminal,15.63,False,True,3,,False
419072900,PARIJAT,IND,jamnagar_vadinar_feb2026,2026-02-06 11:00:00+00:00,2026-02-06 22:00:00+00:00,11.0,8,0.667,22.49375,69.8525,2.934,ordinary,flagged_facility,Jamnagar (Sikka) marine terminal,15.35,False,True,3,,False
419077200,AKASH,IND,jamnagar_vadinar_feb2026,2026-01-25 02:00:00+00:00,2026-01-25 13:00:00+00:00,11.0,12,1.0,22.57,69.7875,0.77,ordinary,flagged_facility,Vadinar terminal / Nayara refinery (EU+UK sanctioned),14.29,False,True,3,,False
419077200,AKASH,IND,jamnagar_vadinar_feb2026,2026-01-28 15:00:00+00:00,2026-01-29 02:00:00+00:00,11.0,12,1.0,22.6075,69.82917,2.768,ordinary,flagged_facility,Vadinar terminal / Nayara refinery (EU+UK sanctioned),19.48,False,True,3,,False
419077200,AKASH,IND,jamnagar_vadinar_feb2026,2026-02-16 12:00:00+00:00,2026-02-16 23:00:00+00:00,11.0,12,1.0,22.50333,69.82334,2.509,ordinary,flagged_facility,Jamnagar (Sikka) marine terminal,13.39,False,True,3,,False
419077600,NIVARAK,IND,jamnagar_vadinar_feb2026,2026-01-23 21:00:00+00:00,2026-01-24 08:00:00+00:00,11.0,12,1.0,22.39083,69.61,1.019,ordinary,flagged_facility,Jamnagar (Sikka) marine terminal,12.12,False,True,3,,False
419077800,REL DARSHAN,IND,jamnagar_vadinar_feb2026,2026-01-28 05:00:00+00:00,2026-01-28 16:00:00+00:00,11.0,12,1.0,22.48,69.83,0.0,ordinary,flagged_facility,Jamnagar (Sikka) marine terminal,12.6,False,True,3,,False
419079300,MV ANJALI,IND,jamnagar_vadinar_feb2026,2026-02-15 21:00:00+00:00,2026-02-16 08:00:00+00:00,11.0,12,1.0,22.50167,69.835,2.555,ordinary,flagged_facility,Jamnagar (Sikka) marine terminal,14.25,False,True,3,,False
419082300,DOLPHIN NO.11,IND,jamnagar_vadinar_feb2026,2026-02-02 15:00:00+00:00,2026-02-03 02:00:00+00:00,11.0,12,1.0,22.69,69.67,0.0,ordinary,flagged_facility,Vadinar terminal / Nayara refinery (EU+UK sanctioned),15.7,False,True,3,,False
419293000,RELTUG 7,IND,jamnagar_vadinar_feb2026,2026-01-28 16:00:00+00:00,2026-01-29 03:00:00+00:00,11.0,12,1.0,22.51083,69.80167,2.141,ordinary,flagged_facility,Jamnagar (Sikka) marine terminal,12.3,False,True,3,,False
419293000,RELTUG 7,IND,jamnagar_vadinar_feb2026,2026-02-10 08:00:00+00:00,2026-02-10 19:00:00+00:00,11.0,12,1.0,22.49,69.85,0.0,ordinary,flagged_facility,Jamnagar (Sikka) marine terminal,14.93,False,True,3,,False
419956787,DAWN II,IND,jamnagar_vadinar_feb2026,2026-01-23 13:00:00+00:00,2026-01-24 00:00:00+00:00,11.0,12,1.0,22.56167,69.84416,2.083,ordinary,flagged_facility,Jamnagar (Sikka) marine terminal,19.42,False,True,3,,False
419956787,DAWN II,IND,jamnagar_vadinar_feb2026,2026-02-12 03:00:00+00:00,2026-02-12 14:00:00+00:00,11.0,12,1.0,22.58083,69.85,3.838,ordinary,flagged_facility,Vadinar terminal / Nayara refinery (EU+UK sanctioned),20.82,False,True,3,,False
419956787,DAWN II,IND,jamnagar_vadinar_feb2026,2026-02-13 10:00:00+00:00,2026-02-13 21:00:00+00:00,11.0,12,1.0,22.56833,69.8375,4.969,ordinary,flagged_facility,Vadinar terminal / Nayara refinery (EU+UK sanctioned),19.36,False,True,3,,False
419956824,M.T.NEIRA,IND,jamnagar_vadinar_feb2026,2026-02-13 06:00:00+00:00,2026-02-13 17:00:00+00:00,11.0,12,1.0,22.49,69.84,0.0,ordinary,flagged_facility,Jamnagar (Sikka) marine terminal,14.02,False,True,3,,False
419991279,DARIYA JYOT,IND,jamnagar_vadinar_feb2026,2026-02-02 19:00:00+00:00,2026-02-03 06:00:00+00:00,11.0,12,1.0,22.43083,69.66583,1.106,ordinary,flagged_facility,Jamnagar (Sikka) marine terminal,5.57,False,True,3,,False
419000101,BAITARANI,IND,jamnagar_vadinar_feb2026,2026-02-14 04:00:00+00:00,2026-02-14 14:00:00+00:00,10.0,11,1.0,22.68,69.65637,1.399,ordinary,flagged_facility,Vadinar terminal / Nayara refinery (EU+UK sanctioned),14.47,False,True,3,,False
419000102,BRAHMANI,IND,jamnagar_vadinar_feb2026,2026-01-21 02:00:00+00:00,2026-01-21 12:00:00+00:00,10.0,4,0.364,22.665,69.605,3.783,ordinary,flagged_facility,Vadinar terminal / Nayara refinery (EU+UK sanctioned),13.6,False,True,3,,False
419000638,OCEAN     EMPIRE,IND,jamnagar_vadinar_feb2026,2026-02-07 14:00:00+00:00,2026-02-08 00:00:00+00:00,10.0,11,1.0,22.44,69.67,0.0,ordinary,flagged_facility,Jamnagar (Sikka) marine terminal,5.26,False,True,3,,False
419000765,CALYPSO FORTUNE,IND,jamnagar_vadinar_feb2026,2026-01-23 05:00:00+00:00,2026-01-23 15:00:00+00:00,10.0,11,1.0,22.58545,69.83363,3.728,ordinary,flagged_facility,Vadinar terminal / Nayara refinery (EU+UK sanctioned),19.26,False,True,3,,False
419000765,CALYPSO FORTUNE,IND,jamnagar_vadinar_feb2026,2026-01-30 05:00:00+00:00,2026-01-30 15:00:00+00:00,10.0,11,1.0,22.57182,69.81455,2.57,ordinary,flagged_facility,Vadinar terminal / Nayara refinery (EU+UK sanctioned),17.07,False,True,3,,False
419000765,CALYPSO FORTUNE,IND,jamnagar_vadinar_feb2026,2026-01-30 18:00:00+00:00,2026-01-31 04:00:00+00:00,10.0,11,1.0,22.57818,69.82818,4.815,ordinary,flagged_facility,Vadinar terminal / Nayara refinery (EU+UK sanctioned),18.56,False,True,3,,False
419000765,CALYPSO FORTUNE,IND,jamnagar_vadinar_feb2026,2026-02-05 21:00:00+00:00,2026-02-06 07:00:00+00:00,10.0,11,1.0,22.57636,69.82,4.535,ordinary,flagged_facility,Vadinar terminal / Nayara refinery (EU+UK sanctioned),17.7,False,True,3,,False
419000765,CALYPSO FORTUNE,IND,jamnagar_vadinar_feb2026,2026-02-06 16:00:00+00:00,2026-02-07 02:00:00+00:00,10.0,11,1.0,22.60091,69.84636,4.957,ordinary,flagged_facility,Vadinar terminal / Nayara refinery (EU+UK sanctioned),20.94,False,True,3,,False
419000765,CALYPSO FORTUNE,IND,jamnagar_vadinar_feb2026,2026-02-08 18:00:00+00:00,2026-02-09 04:00:00+00:00,10.0,11,1.0,22.58455,69.82545,3.983,ordinary,flagged_facility,Vadinar terminal / Nayara refinery (EU+UK sanctioned),18.42,False,True,3,,False
419000765,CALYPSO FORTUNE,IND,jamnagar_vadinar_feb2026,2026-02-12 19:00:00+00:00,2026-02-13 05:00:00+00:00,10.0,11,1.0,22.55909,69.81636,4.396,ordinary,flagged_facility,Vadinar terminal / Nayara refinery (EU+UK sanctioned),17.11,False,True,3,,False
419000964,ASTER STAR,IND,jamnagar_vadinar_feb2026,2026-01-20 00:00:00+00:00,2026-01-20 10:00:00+00:00,10.0,11,1.0,22.49,69.85545,0.561,ordinary,flagged_facility,Jamnagar (Sikka) marine terminal,15.44,False,True,3,,False
419000964,ASTER STAR,IND,jamnagar_vadinar_feb2026,2026-01-31 14:00:00+00:00,2026-02-01 00:00:00+00:00,10.0,11,1.0,22.49091,69.84909,1.376,ordinary,flagged_facility,Jamnagar (Sikka) marine terminal,14.89,False,True,3,,False
419000964,ASTER STAR,IND,jamnagar_vadinar_feb2026,2026-02-11 06:00:00+00:00,2026-02-11 16:00:00+00:00,10.0,11,1.0,22.49455,69.84818,4.837,ordinary,flagged_facility,Jamnagar (Sikka) marine terminal,15.0,False,True,3,,False
419001058,MV.DAWN,IND,jamnagar_vadinar_feb2026,2026-01-27 19:00:00+00:00,2026-01-28 05:00:00+00:00,10.0,11,1.0,22.56273,69.84091,4.829,ordinary,flagged_facility,Jamnagar (Sikka) marine terminal,19.29,False,True,3,,False
419001085,RELTUG SEVENTEEN,IND,jamnagar_vadinar_feb2026,2026-01-27 15:00:00+00:00,2026-01-28 01:00:00+00:00,10.0,11,1.0,22.49,69.84909,0.934,ordinary,flagged_facility,Jamnagar (Sikka) marine terminal,14.85,False,True,3,,False
419001208,DIPPER,IND,jamnagar_vadinar_feb2026,2026-01-23 01:00:00+00:00,2026-01-23 11:00:00+00:00,10.0,11,1.0,22.44,69.8,0.0,ordinary,flagged_facility,Jamnagar (Sikka) marine terminal,8.3,False,True,3,,False
419001456,MEERA,IND,jamnagar_vadinar_feb2026,2026-02-16 13:00:00+00:00,2026-02-16 23:00:00+00:00,10.0,11,1.0,22.45,69.67,0.0,ordinary,flagged_facility,Jamnagar (Sikka) marine terminal,5.6,False,True,3,,False
419001715,ZINNIA STAR,IND,jamnagar_vadinar_feb2026,2026-01-29 15:00:00+00:00,2026-01-30 01:00:00+00:00,10.0,11,1.0,22.44,69.67,0.0,ordinary,flagged_facility,Jamnagar (Sikka) marine terminal,5.26,False,True,3,,False
419001715,ZINNIA STAR,IND,jamnagar_vadinar_feb2026,2026-02-15 22:00:00+00:00,2026-02-16 08:00:00+00:00,10.0,11,1.0,22.44091,69.67,1.011,ordinary,flagged_facility,Jamnagar (Sikka) marine terminal,5.28,False,True,3,,False
419001794,RIVER PEARL 10,IND,jamnagar_vadinar_feb2026,2026-01-25 15:00:00+00:00,2026-01-26 01:00:00+00:00,10.0,11,1.0,22.44,69.67,0.0,ordinary,flagged_facility,Jamnagar (Sikka) marine terminal,5.26,False,True,3,,False
419001883,VIDHYALAXMI-1,IND,jamnagar_vadinar_feb2026,2026-02-16 12:00:00+00:00,2026-02-16 22:00:00+00:00,10.0,11,1.0,22.55182,69.61909,2.949,ordinary,flagged_facility,Vadinar terminal / Nayara refinery (EU+UK sanctioned),3.18,False,True,3,,False
419001885,KB 49,IND,jamnagar_vadinar_feb2026,2026-01-22 05:00:00+00:00,2026-01-22 15:00:00+00:00,10.0,11,1.0,22.44091,69.67,1.011,ordinary,flagged_facility,Jamnagar (Sikka) marine terminal,5.28,False,True,3,,False
419001885,KB 49,IND,jamnagar_vadinar_feb2026,2026-01-30 12:00:00+00:00,2026-01-30 22:00:00+00:00,10.0,11,1.0,22.44,69.67,0.0,ordinary,flagged_facility,Jamnagar (Sikka) marine terminal,5.26,False,True,3,,False
419014400,M V POONAM,IND,jamnagar_vadinar_feb2026,2026-02-10 10:00:00+00:00,2026-02-10 20:00:00+00:00,10.0,11,1.0,22.5,69.84,0.0,ordinary,flagged_facility,Jamnagar (Sikka) marine terminal,14.58,False,True,3,,False
419014400,M V POONAM,IND,jamnagar_vadinar_feb2026,2026-02-13 16:00:00+00:00,2026-02-14 02:00:00+00:00,10.0,11,1.0,22.50364,69.83909,4.15,ordinary,flagged_facility,Jamnagar (Sikka) marine terminal,14.72,False,True,3,,False
419032200,AQUA MOON,IND,jamnagar_vadinar_feb2026,2026-01-28 17:00:00+00:00,2026-01-29 03:00:00+00:00,10.0,11,1.0,22.48,69.83,0.0,ordinary,flagged_facility,Jamnagar (Sikka) marine terminal,12.6,False,True,3,,False
419032300,AQUA SUN,IND,jamnagar_vadinar_feb2026,2026-01-26 03:00:00+00:00,2026-01-26 13:00:00+00:00,10.0,6,0.545,22.59167,69.82833,3.719,ordinary,flagged_facility,Vadinar terminal / Nayara refinery (EU+UK sanctioned),18.89,False,True,3,,False
419032300,AQUA SUN,IND,jamnagar_vadinar_feb2026,2026-02-02 10:00:00+00:00,2026-02-02 20:00:00+00:00,10.0,4,0.364,22.5,69.835,0.513,ordinary,flagged_facility,Jamnagar (Sikka) marine terminal,14.15,False,True,3,,False
419055150,M.T. BLUE BELL,IND,jamnagar_vadinar_feb2026,2026-02-02 16:00:00+00:00,2026-02-03 02:00:00+00:00,10.0,11,1.0,22.49545,69.85091,4.984,ordinary,flagged_facility,Jamnagar (Sikka) marine terminal,15.29,False,True,3,,False
419055150,M.T. BLUE BELL,IND,jamnagar_vadinar_feb2026,2026-02-08 20:00:00+00:00,2026-02-09 06:00:00+00:00,10.0,11,1.0,22.49091,69.85727,2.043,ordinary,flagged_facility,Jamnagar (Sikka) marine terminal,15.65,False,True,3,,False
419055150,M.T. BLUE BELL,IND,jamnagar_vadinar_feb2026,2026-02-11 15:00:00+00:00,2026-02-12 01:00:00+00:00,10.0,11,1.0,22.49,69.86,0.0,ordinary,flagged_facility,Jamnagar (Sikka) marine terminal,15.86,False,True,3,,False
419055150,M.T. BLUE BELL,IND,jamnagar_vadinar_feb2026,2026-02-12 19:00:00+00:00,2026-02-13 05:00:00+00:00,10.0,11,1.0,22.49091,69.85727,2.979,ordinary,flagged_facility,Jamnagar (Sikka) marine terminal,15.65,False,True,3,,False
419056200,M.T.IRIS,IND,jamnagar_vadinar_feb2026,2026-01-22 05:00:00+00:00,2026-01-22 15:00:00+00:00,10.0,11,1.0,22.49091,69.85818,2.124,ordinary,flagged_facility,Jamnagar (Sikka) marine terminal,15.73,False,True,3,,False
419066400,M V CHETAK,IND,jamnagar_vadinar_feb2026,2026-01-20 00:00:00+00:00,2026-01-20 10:00:00+00:00,10.0,11,1.0,22.50364,69.82818,2.608,ordinary,flagged_facility,Jamnagar (Sikka) marine terminal,13.81,False,True,3,,False
419066400,M V CHETAK,IND,jamnagar_vadinar_feb2026,2026-01-21 08:00:00+00:00,2026-01-21 18:00:00+00:00,10.0,11,1.0,22.51636,69.81909,4.853,ordinary,flagged_facility,Jamnagar (Sikka) marine terminal,14.0,False,True,3,,False
419071500,M. T. HAZEL,IND,jamnagar_vadinar_feb2026,2026-02-05 13:00:00+00:00,2026-02-05 23:00:00+00:00,10.0,11,1.0,22.49,69.85818,0.841,ordinary,flagged_facility,Jamnagar (Sikka) marine terminal,15.69,False,True,3,,False
419072500,RELTUG 16,IND,jamnagar_vadinar_feb2026,2026-01-28 05:00:00+00:00,2026-01-28 15:00:00+00:00,10.0,11,1.0,22.51,69.8,0.0,ordinary,flagged_facility,Jamnagar (Sikka) marine terminal,12.11,False,True,3,,False
419072500,RELTUG 16,IND,jamnagar_vadinar_feb2026,2026-02-06 17:00:00+00:00,2026-02-07 03:00:00+00:00,10.0,11,1.0,22.51,69.8,0.0,ordinary,flagged_facility,Jamnagar (Sikka) marine terminal,12.11,False,True,3,,False
419072600,REL TUG FIFTEEN,IND,jamnagar_vadinar_feb2026,2026-02-07 05:00:00+00:00,2026-02-07 15:00:00+00:00,10.0,11,1.0,22.49727,69.84273,4.954,ordinary,flagged_facility,Jamnagar (Sikka) marine terminal,14.66,False,True,3,,False
419072700,RELTUG 14,IND,jamnagar_vadinar_feb2026,2026-02-03 03:00:00+00:00,2026-02-03 13:00:00+00:00,10.0,11,1.0,22.57727,69.79909,4.901,ordinary,flagged_facility,Vadinar terminal / Nayara refinery (EU+UK sanctioned),15.61,False,True,3,,False
419072900,PARIJAT,IND,jamnagar_vadinar_feb2026,2026-01-25 15:00:00+00:00,2026-01-26 01:00:00+00:00,10.0,11,1.0,22.49182,69.85545,1.83,ordinary,flagged_facility,Jamnagar (Sikka) marine terminal,15.52,False,True,3,,False
419077500,AGNI,IND,jamnagar_vadinar_feb2026,2026-02-05 10:00:00+00:00,2026-02-05 20:00:00+00:00,10.0,11,1.0,22.53364,69.80455,4.674,ordinary,flagged_facility,Jamnagar (Sikka) marine terminal,14.43,False,True,3,,False
419079300,MV ANJALI,IND,jamnagar_vadinar_feb2026,2026-01-29 09:00:00+00:00,2026-01-29 19:00:00+00:00,10.0,11,1.0,22.50273,69.83363,3.885,ordinary,flagged_facility,Jamnagar (Sikka) marine terminal,14.2,False,True,3,,False
419079400,MV APSARA,IND,jamnagar_vadinar_feb2026,2026-02-06 11:00:00+00:00,2026-02-06 21:00:00+00:00,10.0,11,1.0,22.5,69.83909,0.933,ordinary,flagged_facility,Jamnagar (Sikka) marine terminal,14.5,False,True,3,,False
419292000,RELTUG SIX,IND,jamnagar_vadinar_feb2026,2026-02-16 13:00:00+00:00,2026-02-16 23:00:00+00:00,10.0,11,1.0,22.51091,69.80546,2.523,ordinary,flagged_facility,Jamnagar (Sikka) marine terminal,12.57,False,True,3,,False
419293000,RELTUG 7,IND,jamnagar_vadinar_feb2026,2026-02-14 02:00:00+00:00,2026-02-14 12:00:00+00:00,10.0,11,1.0,22.58545,69.84,4.924,ordinary,flagged_facility,Vadinar terminal / Nayara refinery (EU+UK sanctioned),19.9,False,True,3,,False
419293000,RELTUG 7,IND,jamnagar_vadinar_feb2026,2026-02-16 13:00:00+00:00,2026-02-16 23:00:00+00:00,10.0,11,1.0,22.59,69.86546,0.56,ordinary,flagged_facility,Vadinar terminal / Nayara refinery (EU+UK sanctioned),22.57,False,True,3,,False
419956405,M V NEIL 2,IND,jamnagar_vadinar_feb2026,2026-01-30 21:00:00+00:00,2026-01-31 07:00:00+00:00,10.0,8,0.727,22.45875,69.795,3.801,ordinary,flagged_facility,Jamnagar (Sikka) marine terminal,8.34,False,True,3,,False
419956414,,IND,jamnagar_vadinar_feb2026,2026-01-30 00:00:00+00:00,2026-01-30 10:00:00+00:00,10.0,11,1.0,22.45,69.8,0.0,ordinary,flagged_facility,Jamnagar (Sikka) marine terminal,8.52,False,True,3,,False
419956564,M.T.KB-XVII,IND,jamnagar_vadinar_feb2026,2026-02-03 03:00:00+00:00,2026-02-03 13:00:00+00:00,10.0,7,0.636,22.67429,69.63428,3.838,ordinary,flagged_facility,Vadinar terminal / Nayara refinery (EU+UK sanctioned),13.91,False,True,3,,False
419956663,M.V. MANGAL MURTI,IND,jamnagar_vadinar_feb2026,2026-01-23 07:00:00+00:00,2026-01-23 17:00:00+00:00,10.0,11,1.0,22.43545,69.67,4.953,ordinary,flagged_facility,Jamnagar (Sikka) marine terminal,5.17,False,True,3,,False
419958545,,IND,jamnagar_vadinar_feb2026,2026-02-11 01:00:00+00:00,2026-02-11 11:00:00+00:00,10.0,5,0.455,22.452,69.67,3.279,ordinary,flagged_facility,Jamnagar (Sikka) marine terminal,5.69,False,True,3,,False
419991279,DARIYA JYOT,IND,jamnagar_vadinar_feb2026,2026-02-03 10:00:00+00:00,2026-02-03 20:00:00+00:00,10.0,11,1.0,22.43455,69.66909,1.721,ordinary,flagged_facility,Jamnagar (Sikka) marine terminal,5.26,False,True,3,,False
419991279,DARIYA JYOT,IND,jamnagar_vadinar_feb2026,2026-02-04 02:00:00+00:00,2026-02-04 12:00:00+00:00,10.0,11,1.0,22.43364,69.66546,4.082,ordinary,flagged_facility,Jamnagar (Sikka) marine terminal,5.62,False,True,3,,False
419000638,OCEAN     EMPIRE,IND,jamnagar_vadinar_feb2026,2026-02-16 09:00:00+00:00,2026-02-16 18:00:00+00:00,9.0,10,1.0,22.527,69.684,1.677,ordinary,flagged_facility,Vadinar terminal / Nayara refinery (EU+UK sanctioned),4.33,False,True,3,,False
419000765,CALYPSO FORTUNE,IND,jamnagar_vadinar_feb2026,2026-01-29 19:00:00+00:00,2026-01-30 04:00:00+00:00,9.0,10,1.0,22.572,69.822,4.992,ordinary,flagged_facility,Vadinar terminal / Nayara refinery (EU+UK sanctioned),17.83,False,True,3,,False
419000765,CALYPSO FORTUNE,IND,jamnagar_vadinar_feb2026,2026-01-31 05:00:00+00:00,2026-01-31 14:00:00+00:00,9.0,10,1.0,22.573,69.812,3.526,ordinary,flagged_facility,Vadinar terminal / Nayara refinery (EU+UK sanctioned),16.83,False,True,3,,False
419000765,CALYPSO FORTUNE,IND,jamnagar_vadinar_feb2026,2026-02-13 06:00:00+00:00,2026-02-13 15:00:00+00:00,9.0,10,1.0,22.584,69.812,4.288,ordinary,flagged_facility,Vadinar terminal / Nayara refinery (EU+UK sanctioned),17.06,False,True,3,,False
419000765,CALYPSO FORTUNE,IND,jamnagar_vadinar_feb2026,2026-02-14 17:00:00+00:00,2026-02-15 02:00:00+00:00,9.0,10,1.0,22.597,69.851,4.614,ordinary,flagged_facility,Vadinar terminal / Nayara refinery (EU+UK sanctioned),21.29,False,True,3,,False
419000912,VAILANKANNI,IND,jamnagar_vadinar_feb2026,2026-02-04 19:00:00+00:00,2026-02-05 04:00:00+00:00,9.0,10,1.0,22.575,69.709,3.231,ordinary,flagged_facility,Vadinar terminal / Nayara refinery (EU+UK sanctioned),6.67,False,True,3,,False
419000964,ASTER STAR,IND,jamnagar_vadinar_feb2026,2026-02-03 09:00:00+00:00,2026-02-03 18:00:00+00:00,9.0,10,1.0,22.493,69.847,4.087,ordinary,flagged_facility,Jamnagar (Sikka) marine terminal,14.81,False,True,3,,False
419001058,MV.DAWN,IND,jamnagar_vadinar_feb2026,2026-02-15 15:00:00+00:00,2026-02-16 00:00:00+00:00,9.0,10,1.0,22.502,69.83,2.25,ordinary,flagged_facility,Jamnagar (Sikka) marine terminal,13.85,False,True,3,,False
419001390,KNK ASHIMA,IND,jamnagar_vadinar_feb2026,2026-02-03 21:00:00+00:00,2026-02-04 06:00:00+00:00,9.0,10,1.0,22.44,69.67,0.0,ordinary,flagged_facility,Jamnagar (Sikka) marine terminal,5.26,False,True,3,,False
419001487,RELTUG EIGHTEEN,IND,jamnagar_vadinar_feb2026,2026-02-16 14:00:00+00:00,2026-02-16 23:00:00+00:00,9.0,10,1.0,22.609,69.837,1.232,ordinary,flagged_facility,Vadinar terminal / Nayara refinery (EU+UK sanctioned),20.29,False,True,3,,False
419001715,ZINNIA STAR,IND,jamnagar_vadinar_feb2026,2026-01-25 16:00:00+00:00,2026-01-26 01:00:00+00:00,9.0,10,1.0,22.44,69.67,0.0,ordinary,flagged_facility,Jamnagar (Sikka) marine terminal,5.26,False,True,3,,False
419001884,MT KB 50,IND,jamnagar_vadinar_feb2026,2026-01-31 17:00:00+00:00,2026-02-01 02:00:00+00:00,9.0,10,1.0,22.476,69.686,4.328,ordinary,flagged_facility,Jamnagar (Sikka) marine terminal,6.19,False,True,3,,False
419001985,,IND,jamnagar_vadinar_feb2026,2026-01-20 00:00:00+00:00,2026-01-20 09:00:00+00:00,9.0,10,1.0,22.5,69.66,0.0,ordinary,flagged_facility,Vadinar terminal / Nayara refinery (EU+UK sanctioned),5.65,False,True,3,,False
419001985,,IND,jamnagar_vadinar_feb2026,2026-01-21 01:00:00+00:00,2026-01-21 10:00:00+00:00,9.0,8,0.8,22.4625,69.66625,4.219,ordinary,flagged_facility,Jamnagar (Sikka) marine terminal,6.6,False,True,3,,False
419014400,M V POONAM,IND,jamnagar_vadinar_feb2026,2026-02-15 18:00:00+00:00,2026-02-16 03:00:00+00:00,9.0,10,1.0,22.499,69.84,1.001,ordinary,flagged_facility,Jamnagar (Sikka) marine terminal,14.52,False,True,3,,False
419032200,AQUA MOON,IND,jamnagar_vadinar_feb2026,2026-02-08 03:00:00+00:00,2026-02-08 12:00:00+00:00,9.0,10,1.0,22.572,69.835,4.918,ordinary,flagged_facility,Vadinar terminal / Nayara refinery (EU+UK sanctioned),19.15,False,True,3,,False
419033600,RELTUG ELEVEN,IND,jamnagar_vadinar_feb2026,2026-02-16 03:00:00+00:00,2026-02-16 12:00:00+00:00,9.0,10,1.0,22.491,69.849,1.363,ordinary,flagged_facility,Jamnagar (Sikka) marine terminal,14.89,False,True,3,,False
419033600,RELTUG ELEVEN,IND,jamnagar_vadinar_feb2026,2026-02-16 13:00:00+00:00,2026-02-16 22:00:00+00:00,9.0,10,1.0,22.496,69.84,4.899,ordinary,flagged_facility,Jamnagar (Sikka) marine terminal,14.35,False,True,3,,False
419033900,REL SAGAR,IND,jamnagar_vadinar_feb2026,2026-01-25 04:00:00+00:00,2026-01-25 13:00:00+00:00,9.0,10,1.0,22.571,69.785,1.327,ordinary,flagged_facility,Vadinar terminal / Nayara refinery (EU+UK sanctioned),14.06,False,True,3,,False
419033900,REL SAGAR,IND,jamnagar_vadinar_feb2026,2026-02-04 17:00:00+00:00,2026-02-05 02:00:00+00:00,9.0,10,1.0,22.51,69.8,0.0,ordinary,flagged_facility,Jamnagar (Sikka) marine terminal,12.11,False,True,3,,False
419033900,REL SAGAR,IND,jamnagar_vadinar_feb2026,2026-02-05 03:00:00+00:00,2026-02-05 12:00:00+00:00,9.0,10,1.0,22.57,69.79,0.0,ordinary,flagged_facility,Vadinar terminal / Nayara refinery (EU+UK sanctioned),14.55,False,True,3,,False
419055150,M.T. BLUE BELL,IND,jamnagar_vadinar_feb2026,2026-01-30 07:00:00+00:00,2026-01-30 16:00:00+00:00,9.0,10,1.0,22.491,69.857,2.013,ordinary,flagged_facility,Jamnagar (Sikka) marine terminal,15.63,False,True,3,,False
419055150,M.T. BLUE BELL,IND,jamnagar_vadinar_feb2026,2026-02-05 17:00:00+00:00,2026-02-06 02:00:00+00:00,9.0,10,1.0,22.49,69.86,0.0,ordinary,flagged_facility,Jamnagar (Sikka) marine terminal,15.86,False,True,3,,False
419055150,M.T. BLUE BELL,IND,jamnagar_vadinar_feb2026,2026-02-07 15:00:00+00:00,2026-02-08 00:00:00+00:00,9.0,9,0.9,22.49,69.85889,0.913,ordinary,flagged_facility,Jamnagar (Sikka) marine terminal,15.75,False,True,3,,False
419055150,M.T. BLUE BELL,IND,jamnagar_vadinar_feb2026,2026-02-10 17:00:00+00:00,2026-02-11 02:00:00+00:00,9.0,10,1.0,22.49,69.859,0.925,ordinary,flagged_facility,Jamnagar (Sikka) marine terminal,15.77,False,True,3,,False
419057400,RELTUG TWELVE,IND,jamnagar_vadinar_feb2026,2026-01-21 05:00:00+00:00,2026-01-21 14:00:00+00:00,9.0,10,1.0,22.49,69.85,0.0,ordinary,flagged_facility,Jamnagar (Sikka) marine terminal,14.93,False,True,3,,False
419057400,RELTUG TWELVE,IND,jamnagar_vadinar_feb2026,2026-02-12 20:00:00+00:00,2026-02-13 05:00:00+00:00,9.0,10,1.0,22.491,69.849,1.363,ordinary,flagged_facility,Jamnagar (Sikka) marine terminal,14.89,False,True,3,,False
419071500,M. T. HAZEL,IND,jamnagar_vadinar_feb2026,2026-01-29 14:00:00+00:00,2026-01-29 23:00:00+00:00,9.0,10,1.0,22.493,69.856,4.763,ordinary,flagged_facility,Jamnagar (Sikka) marine terminal,15.63,False,True,3,,False
419071500,M. T. HAZEL,IND,jamnagar_vadinar_feb2026,2026-02-02 13:00:00+00:00,2026-02-02 22:00:00+00:00,9.0,10,1.0,22.491,69.857,2.949,ordinary,flagged_facility,Jamnagar (Sikka) marine terminal,15.63,False,True,3,,False
419071500,M. T. HAZEL,IND,jamnagar_vadinar_feb2026,2026-02-04 07:00:00+00:00,2026-02-04 16:00:00+00:00,9.0,10,1.0,22.49,69.86,0.0,ordinary,flagged_facility,Jamnagar (Sikka) marine terminal,15.86,False,True,3,,False
419071500,M. T. HAZEL,IND,jamnagar_vadinar_feb2026,2026-02-13 15:00:00+00:00,2026-02-14 00:00:00+00:00,9.0,10,1.0,22.492,69.856,4.205,ordinary,flagged_facility,Jamnagar (Sikka) marine terminal,15.58,False,True,3,,False
419071500,M. T. HAZEL,IND,jamnagar_vadinar_feb2026,2026-02-14 11:00:00+00:00,2026-02-14 20:00:00+00:00,9.0,10,1.0,22.493,69.856,4.763,ordinary,flagged_facility,Jamnagar (Sikka) marine terminal,15.63,False,True,3,,False
419072600,REL TUG FIFTEEN,IND,jamnagar_vadinar_feb2026,2026-01-20 00:00:00+00:00,2026-01-20 09:00:00+00:00,9.0,10,1.0,22.493,69.847,2.573,ordinary,flagged_facility,Jamnagar (Sikka) marine terminal,14.81,False,True,3,,False
419072900,PARIJAT,IND,jamnagar_vadinar_feb2026,2026-02-13 10:00:00+00:00,2026-02-13 19:00:00+00:00,9.0,10,1.0,22.493,69.854,3.107,ordinary,flagged_facility,Jamnagar (Sikka) marine terminal,15.45,False,True,3,,False
419077200,AKASH,IND,jamnagar_vadinar_feb2026,2026-01-21 17:00:00+00:00,2026-01-22 02:00:00+00:00,9.0,10,1.0,22.561,69.791,4.652,ordinary,flagged_facility,Vadinar terminal / Nayara refinery (EU+UK sanctioned),14.53,False,True,3,,False
419077200,AKASH,IND,jamnagar_vadinar_feb2026,2026-02-04 08:00:00+00:00,2026-02-04 17:00:00+00:00,9.0,10,1.0,22.527,69.797,4.835,ordinary,flagged_facility,Jamnagar (Sikka) marine terminal,13.38,False,True,3,,False
419077500,AGNI,IND,jamnagar_vadinar_feb2026,2026-02-15 00:00:00+00:00,2026-02-15 09:00:00+00:00,9.0,10,1.0,22.57,69.786,0.616,ordinary,flagged_facility,Vadinar terminal / Nayara refinery (EU+UK sanctioned),14.14,False,True,3,,False
419956564,M.T.KB-XVII,IND,jamnagar_vadinar_feb2026,2026-02-07 23:00:00+00:00,2026-02-08 08:00:00+00:00,9.0,5,0.5,22.692,69.63,2.236,ordinary,flagged_facility,Vadinar terminal / Nayara refinery (EU+UK sanctioned),15.92,False,True,3,,False
419956564,M.T.KB-XVII,IND,jamnagar_vadinar_feb2026,2026-02-10 02:00:00+00:00,2026-02-10 11:00:00+00:00,9.0,5,0.5,22.672,69.62,2.653,ordinary,flagged_facility,Vadinar terminal / Nayara refinery (EU+UK sanctioned),13.91,False,True,3,,False
419956787,DAWN II,IND,jamnagar_vadinar_feb2026,2026-01-25 01:00:00+00:00,2026-01-25 10:00:00+00:00,9.0,10,1.0,22.564,69.835,4.951,ordinary,flagged_facility,Jamnagar (Sikka) marine terminal,19.02,False,True,3,,False
419991279,DARIYA JYOT,IND,jamnagar_vadinar_feb2026,2026-01-25 00:00:00+00:00,2026-01-25 09:00:00+00:00,9.0,10,1.0,22.431,69.661,1.362,ordinary,flagged_facility,Jamnagar (Sikka) marine terminal,6.07,False,True,3,,False
419000056,SUCCESS NETRAVATI,IND,jamnagar_vadinar_feb2026,2026-02-03 03:00:00+00:00,2026-02-03 11:00:00+00:00,8.0,9,1.0,22.54667,69.61222,3.482,ordinary,flagged_facility,Vadinar terminal / Nayara refinery (EU+UK sanctioned),3.9,False,True,3,,False
419000056,SUCCESS NETRAVATI,IND,jamnagar_vadinar_feb2026,2026-02-11 05:00:00+00:00,2026-02-11 13:00:00+00:00,8.0,6,0.667,22.48167,69.68333,4.831,ordinary,flagged_facility,Jamnagar (Sikka) marine terminal,6.87,False,True,3,,False
419000638,OCEAN     EMPIRE,IND,jamnagar_vadinar_feb2026,2026-01-30 17:00:00+00:00,2026-01-31 01:00:00+00:00,8.0,9,1.0,22.44222,69.67,0.865,ordinary,flagged_facility,Jamnagar (Sikka) marine terminal,5.32,False,True,3,,False
419000765,CALYPSO FORTUNE,IND,jamnagar_vadinar_feb2026,2026-01-23 18:00:00+00:00,2026-01-24 02:00:00+00:00,8.0,9,1.0,22.58556,69.83111,3.574,ordinary,flagged_facility,Vadinar terminal / Nayara refinery (EU+UK sanctioned),19.01,False,True,3,,False
419000765,CALYPSO FORTUNE,IND,jamnagar_vadinar_feb2026,2026-02-07 07:00:00+00:00,2026-02-07 15:00:00+00:00,8.0,9,1.0,22.58333,69.83222,4.299,ordinary,flagged_facility,Vadinar terminal / Nayara refinery (EU+UK sanctioned),19.07,False,True,3,,False
419000765,CALYPSO FORTUNE,IND,jamnagar_vadinar_feb2026,2026-02-09 07:00:00+00:00,2026-02-09 15:00:00+00:00,8.0,9,1.0,22.58111,69.82889,3.875,ordinary,flagged_facility,Vadinar terminal / Nayara refinery (EU+UK sanctioned),18.69,False,True,3,,False
419000964,ASTER STAR,IND,jamnagar_vadinar_feb2026,2026-01-22 02:00:00+00:00,2026-01-22 10:00:00+00:00,8.0,9,1.0,22.49,69.85,0.0,ordinary,flagged_facility,Jamnagar (Sikka) marine terminal,14.93,False,True,3,,False
419000964,ASTER STAR,IND,jamnagar_vadinar_feb2026,2026-02-10 15:00:00+00:00,2026-02-10 23:00:00+00:00,8.0,9,1.0,22.49333,69.84667,4.037,ordinary,flagged_facility,Jamnagar (Sikka) marine terminal,14.8,False,True,3,,False
419000964,ASTER STAR,IND,jamnagar_vadinar_feb2026,2026-02-12 17:00:00+00:00,2026-02-13 01:00:00+00:00,8.0,9,1.0,22.49,69.85,0.0,ordinary,flagged_facility,Jamnagar (Sikka) marine terminal,14.93,False,True,3,,False
419000964,ASTER STAR,IND,jamnagar_vadinar_feb2026,2026-02-16 15:00:00+00:00,2026-02-16 23:00:00+00:00,8.0,9,1.0,22.49,69.85,0.0,ordinary,flagged_facility,Jamnagar (Sikka) marine terminal,14.93,False,True,3,,False
419000970,SSL GUJARAT,IND,jamnagar_vadinar_feb2026,2026-02-13 22:00:00+00:00,2026-02-14 06:00:00+00:00,8.0,9,1.0,22.65222,69.72556,2.057,ordinary,flagged_facility,Vadinar terminal / Nayara refinery (EU+UK sanctioned),13.76,False,True,3,,False
419001058,MV.DAWN,IND,jamnagar_vadinar_feb2026,2026-02-13 09:00:00+00:00,2026-02-13 17:00:00+00:00,8.0,9,1.0,22.55222,69.83666,4.997,ordinary,flagged_facility,Jamnagar (Sikka) marine terminal,18.12,False,True,3,,False
419001085,RELTUG SEVENTEEN,IND,jamnagar_vadinar_feb2026,2026-01-22 05:00:00+00:00,2026-01-22 13:00:00+00:00,8.0,9,1.0,22.49667,69.84111,4.956,ordinary,flagged_facility,Jamnagar (Sikka) marine terminal,14.49,False,True,3,,False
419001085,RELTUG SEVENTEEN,IND,jamnagar_vadinar_feb2026,2026-02-16 14:00:00+00:00,2026-02-16 22:00:00+00:00,8.0,9,1.0,22.49667,69.84111,4.956,ordinary,flagged_facility,Jamnagar (Sikka) marine terminal,14.49,False,True,3,,False
419001390,KNK ASHIMA,IND,jamnagar_vadinar_feb2026,2026-01-23 16:00:00+00:00,2026-01-24 00:00:00+00:00,8.0,9,1.0,22.44,69.67,0.0,ordinary,flagged_facility,Jamnagar (Sikka) marine terminal,5.26,False,True,3,,False
419001517,SHARAN,IND,jamnagar_vadinar_feb2026,2026-01-20 00:00:00+00:00,2026-01-20 08:00:00+00:00,8.0,9,1.0,22.39111,69.61,1.426,ordinary,flagged_facility,Jamnagar (Sikka) marine terminal,12.11,False,True,3,,False
419001794,RIVER PEARL 10,IND,jamnagar_vadinar_feb2026,2026-01-21 11:00:00+00:00,2026-01-21 19:00:00+00:00,8.0,9,1.0,22.44556,69.67,4.942,ordinary,flagged_facility,Jamnagar (Sikka) marine terminal,5.42,False,True,3,,False
419002060,JAG LAADKI,IND,jamnagar_vadinar_feb2026,2026-01-31 18:00:00+00:00,2026-02-01 02:00:00+00:00,8.0,9,1.0,22.63,69.63,1.513,ordinary,flagged_facility,Vadinar terminal / Nayara refinery (EU+UK sanctioned),9.13,False,True,3,,False
419014400,M V POONAM,IND,jamnagar_vadinar_feb2026,2026-01-20 00:00:00+00:00,2026-01-20 08:00:00+00:00,8.0,9,1.0,22.50667,69.83444,4.84,ordinary,flagged_facility,Jamnagar (Sikka) marine terminal,14.52,False,True,3,,False
419014400,M V POONAM,IND,jamnagar_vadinar_feb2026,2026-01-29 16:00:00+00:00,2026-01-30 00:00:00+00:00,8.0,9,1.0,22.50778,69.82555,4.409,ordinary,flagged_facility,Jamnagar (Sikka) marine terminal,13.87,False,True,3,,False
419032200,AQUA MOON,IND,jamnagar_vadinar_feb2026,2026-02-10 03:00:00+00:00,2026-02-10 11:00:00+00:00,8.0,9,1.0,22.60111,69.82555,3.81,ordinary,flagged_facility,Vadinar terminal / Nayara refinery (EU+UK sanctioned),18.9,False,True,3,,False
419032200,AQUA MOON,IND,jamnagar_vadinar_feb2026,2026-02-13 12:00:00+00:00,2026-02-13 20:00:00+00:00,8.0,9,1.0,22.48222,69.82445,4.976,ordinary,flagged_facility,Jamnagar (Sikka) marine terminal,12.2,False,True,3,,False
419033600,RELTUG ELEVEN,IND,jamnagar_vadinar_feb2026,2026-02-15 18:00:00+00:00,2026-02-16 02:00:00+00:00,8.0,9,1.0,22.49667,69.84111,4.956,ordinary,flagged_facility,Jamnagar (Sikka) marine terminal,14.49,False,True,3,,False
419033900,REL SAGAR,IND,jamnagar_vadinar_feb2026,2026-01-31 03:00:00+00:00,2026-01-31 11:00:00+00:00,8.0,9,1.0,22.59,69.81,0.0,ordinary,flagged_facility,Vadinar terminal / Nayara refinery (EU+UK sanctioned),17.02,False,True,3,,False
419033900,REL SAGAR,IND,jamnagar_vadinar_feb2026,2026-02-01 01:00:00+00:00,2026-02-01 09:00:00+00:00,8.0,9,1.0,22.52667,69.79889,4.904,ordinary,flagged_facility,Jamnagar (Sikka) marine terminal,13.46,False,True,3,,False
419033900,REL SAGAR,IND,jamnagar_vadinar_feb2026,2026-02-08 02:00:00+00:00,2026-02-08 10:00:00+00:00,8.0,9,1.0,22.56778,69.78889,2.177,ordinary,flagged_facility,Vadinar terminal / Nayara refinery (EU+UK sanctioned),14.4,False,True,3,,False
419033900,REL SAGAR,IND,jamnagar_vadinar_feb2026,2026-02-10 02:00:00+00:00,2026-02-10 10:00:00+00:00,8.0,9,1.0,22.59,69.81,0.0,ordinary,flagged_facility,Vadinar terminal / Nayara refinery (EU+UK sanctioned),17.02,False,True,3,,False
419055150,M.T. BLUE BELL,IND,jamnagar_vadinar_feb2026,2026-02-12 05:00:00+00:00,2026-02-12 13:00:00+00:00,8.0,9,1.0,22.49556,69.84778,4.738,ordinary,flagged_facility,Jamnagar (Sikka) marine terminal,15.02,False,True,3,,False
419055150,M.T. BLUE BELL,IND,jamnagar_vadinar_feb2026,2026-02-14 15:00:00+00:00,2026-02-14 23:00:00+00:00,8.0,9,1.0,22.49,69.86,0.0,ordinary,flagged_facility,Jamnagar (Sikka) marine terminal,15.86,False,True,3,,False
419056200,M.T.IRIS,IND,jamnagar_vadinar_feb2026,2026-01-24 09:00:00+00:00,2026-01-24 17:00:00+00:00,8.0,9,1.0,22.49556,69.85111,4.196,ordinary,flagged_facility,Jamnagar (Sikka) marine terminal,15.32,False,True,3,,False
419056200,M.T.IRIS,IND,jamnagar_vadinar_feb2026,2026-01-25 15:00:00+00:00,2026-01-25 23:00:00+00:00,8.0,9,1.0,22.49111,69.85556,2.805,ordinary,flagged_facility,Jamnagar (Sikka) marine terminal,15.5,False,True,3,,False
419056200,M.T.IRIS,IND,jamnagar_vadinar_feb2026,2026-02-02 19:00:00+00:00,2026-02-03 03:00:00+00:00,8.0,9,1.0,22.49111,69.85778,2.077,ordinary,flagged_facility,Jamnagar (Sikka) marine terminal,15.7,False,True,3,,False
419071500,M. T. HAZEL,IND,jamnagar_vadinar_feb2026,2026-02-03 04:00:00+00:00,2026-02-03 12:00:00+00:00,8.0,9,1.0,22.49111,69.85667,2.912,ordinary,flagged_facility,Jamnagar (Sikka) marine terminal,15.6,False,True,3,,False
419072500,RELTUG 16,IND,jamnagar_vadinar_feb2026,2026-02-16 15:00:00+00:00,2026-02-16 23:00:00+00:00,8.0,9,1.0,22.49,69.85,0.0,ordinary,flagged_facility,Jamnagar (Sikka) marine terminal,14.93,False,True,3,,False
419072900,PARIJAT,IND,jamnagar_vadinar_feb2026,2026-01-21 16:00:00+00:00,2026-01-22 00:00:00+00:00,8.0,9,1.0,22.49,69.86,0.0,ordinary,flagged_facility,Jamnagar (Sikka) marine terminal,15.86,False,True,3,,False
419072900,PARIJAT,IND,jamnagar_vadinar_feb2026,2026-02-05 22:00:00+00:00,2026-02-06 06:00:00+00:00,8.0,7,0.778,22.49143,69.85714,2.003,ordinary,flagged_facility,Jamnagar (Sikka) marine terminal,15.66,False,True,3,,False
419072900,PARIJAT,IND,jamnagar_vadinar_feb2026,2026-02-08 09:00:00+00:00,2026-02-08 17:00:00+00:00,8.0,9,1.0,22.49,69.85889,0.913,ordinary,flagged_facility,Jamnagar (Sikka) marine terminal,15.75,False,True,3,,False
419072900,PARIJAT,IND,jamnagar_vadinar_feb2026,2026-02-13 22:00:00+00:00,2026-02-14 06:00:00+00:00,8.0,9,1.0,22.49222,69.85556,4.153,ordinary,flagged_facility,Jamnagar (Sikka) marine terminal,15.55,False,True,3,,False
419077200,AKASH,IND,jamnagar_vadinar_feb2026,2026-01-29 03:00:00+00:00,2026-01-29 11:00:00+00:00,8.0,9,1.0,22.56889,69.78667,1.046,ordinary,flagged_facility,Vadinar terminal / Nayara refinery (EU+UK sanctioned),14.19,False,True,3,,False
419077200,AKASH,IND,jamnagar_vadinar_feb2026,2026-02-10 02:00:00+00:00,2026-02-10 10:00:00+00:00,8.0,9,1.0,22.58444,69.80111,2.948,ordinary,flagged_facility,Vadinar terminal / Nayara refinery (EU+UK sanctioned),15.98,False,True,3,,False
419077500,AGNI,IND,jamnagar_vadinar_feb2026,2026-02-04 03:00:00+00:00,2026-02-04 11:00:00+00:00,8.0,9,1.0,22.49556,69.81556,3.144,ordinary,flagged_facility,Jamnagar (Sikka) marine terminal,12.23,False,True,3,,False
419079400,MV APSARA,IND,jamnagar_vadinar_feb2026,2026-02-13 08:00:00+00:00,2026-02-13 16:00:00+00:00,8.0,9,1.0,22.50333,69.83555,2.447,ordinary,flagged_facility,Jamnagar (Sikka) marine terminal,14.4,False,True,3,,False
419079400,MV APSARA,IND,jamnagar_vadinar_feb2026,2026-02-15 16:00:00+00:00,2026-02-16 00:00:00+00:00,8.0,9,1.0,22.5,69.84,0.0,ordinary,flagged_facility,Jamnagar (Sikka) marine terminal,14.58,False,True,3,,False
419093600,KAIVAN,IND,jamnagar_vadinar_feb2026,2026-02-12 05:00:00+00:00,2026-02-12 13:00:00+00:00,8.0,9,1.0,22.44333,69.67,2.965,ordinary,flagged_facility,Jamnagar (Sikka) marine terminal,5.35,False,True,3,,False
419956398,M V RAMESHWAR,IND,jamnagar_vadinar_feb2026,2026-02-02 12:00:00+00:00,2026-02-02 20:00:00+00:00,8.0,9,1.0,22.51778,69.75111,2.178,ordinary,flagged_facility,Jamnagar (Sikka) marine terminal,10.27,False,True,3,,False
419956405,M V NEIL 2,IND,jamnagar_vadinar_feb2026,2026-02-02 22:00:00+00:00,2026-02-03 06:00:00+00:00,8.0,5,0.556,22.506,69.762,3.432,ordinary,flagged_facility,Jamnagar (Sikka) marine terminal,9.49,False,True,3,,False
419956624,MV SANGAM III,IND,jamnagar_vadinar_feb2026,2026-02-01 15:00:00+00:00,2026-02-01 23:00:00+00:00,8.0,4,0.444,22.6725,69.7125,4.914,ordinary,flagged_facility,Vadinar terminal / Nayara refinery (EU+UK sanctioned),15.06,False,True,3,,False
419956663,M.V. MANGAL MURTI,IND,jamnagar_vadinar_feb2026,2026-01-27 11:00:00+00:00,2026-01-27 19:00:00+00:00,8.0,9,1.0,22.43,69.66556,0.571,ordinary,flagged_facility,Jamnagar (Sikka) marine terminal,5.6,False,True,3,,False
419956663,M.V. MANGAL MURTI,IND,jamnagar_vadinar_feb2026,2026-01-27 23:00:00+00:00,2026-01-28 07:00:00+00:00,8.0,9,1.0,22.43,69.66334,0.685,ordinary,flagged_facility,Jamnagar (Sikka) marine terminal,5.82,False,True,3,,False
419956718,M.V NEER SAGAR,IND,jamnagar_vadinar_feb2026,2026-02-02 03:00:00+00:00,2026-02-02 11:00:00+00:00,8.0,6,0.667,22.445,69.805,4.663,ordinary,flagged_facility,Jamnagar (Sikka) marine terminal,8.89,False,True,3,,False
419956787,DAWN II,IND,jamnagar_vadinar_feb2026,2026-01-24 01:00:00+00:00,2026-01-24 09:00:00+00:00,8.0,9,1.0,22.58556,69.82445,3.995,ordinary,flagged_facility,Vadinar terminal / Nayara refinery (EU+UK sanctioned),18.34,False,True,3,,False
419956824,M.T.NEIRA,IND,jamnagar_vadinar_feb2026,2026-01-20 00:00:00+00:00,2026-01-20 08:00:00+00:00,8.0,9,1.0,22.48,69.84,0.0,ordinary,flagged_facility,Jamnagar (Sikka) marine terminal,13.53,False,True,3,,False
419957002,M V ANTILLIA  2,IND,jamnagar_vadinar_feb2026,2026-02-01 20:00:00+00:00,2026-02-02 04:00:00+00:00,8.0,8,0.889,22.4925,69.54875,3.724,ordinary,flagged_facility,Vadinar terminal / Nayara refinery (EU+UK sanctioned),12.21,False,True,3,,False
419958525,GAUTAM ANTILLIA,IND,jamnagar_vadinar_feb2026,2026-01-23 17:00:00+00:00,2026-01-24 01:00:00+00:00,8.0,6,0.667,22.48833,69.54834,4.266,ordinary,flagged_facility,Vadinar terminal / Nayara refinery (EU+UK sanctioned),12.49,False,True,3,,False
419958525,GAUTAM ANTILLIA,IND,jamnagar_vadinar_feb2026,2026-01-25 16:00:00+00:00,2026-01-26 00:00:00+00:00,8.0,7,0.778,22.47286,69.54,4.875,ordinary,flagged_facility,Vadinar terminal / Nayara refinery (EU+UK sanctioned),14.19,False,True,3,,False
419958545,,IND,jamnagar_vadinar_feb2026,2026-01-20 10:00:00+00:00,2026-01-20 18:00:00+00:00,8.0,5,0.556,22.464,69.67,4.133,ordinary,flagged_facility,Jamnagar (Sikka) marine terminal,6.38,False,True,3,,False
419958545,,IND,jamnagar_vadinar_feb2026,2026-01-22 02:00:00+00:00,2026-01-22 10:00:00+00:00,8.0,4,0.444,22.4525,69.675,2.013,ordinary,flagged_facility,Jamnagar (Sikka) marine terminal,5.26,False,True,3,,False
419958545,,IND,jamnagar_vadinar_feb2026,2026-01-23 04:00:00+00:00,2026-01-23 12:00:00+00:00,8.0,4,0.444,22.4675,69.665,3.65,ordinary,flagged_facility,Jamnagar (Sikka) marine terminal,7.02,False,True,3,,False
419958545,,IND,jamnagar_vadinar_feb2026,2026-02-09 03:00:00+00:00,2026-02-09 11:00:00+00:00,8.0,5,0.556,22.458,69.674,4.887,ordinary,flagged_facility,Jamnagar (Sikka) marine terminal,5.66,False,True,3,,False
419958545,,IND,jamnagar_vadinar_feb2026,2026-02-15 02:00:00+00:00,2026-02-15 10:00:00+00:00,8.0,5,0.556,22.448,69.672,3.766,ordinary,flagged_facility,Jamnagar (Sikka) marine terminal,5.32,False,True,3,,False
419991279,DARIYA JYOT,IND,jamnagar_vadinar_feb2026,2026-02-04 15:00:00+00:00,2026-02-04 23:00:00+00:00,8.0,9,1.0,22.43556,69.66889,4.943,ordinary,flagged_facility,Jamnagar (Sikka) marine terminal,5.29,False,True,3,,False
419000765,CALYPSO FORTUNE,IND,jamnagar_vadinar_feb2026,2026-01-25 02:00:00+00:00,2026-01-25 09:00:00+00:00,7.0,8,1.0,22.56375,69.815,4.892,ordinary,flagged_facility,Vadinar terminal / Nayara refinery (EU+UK sanctioned),17.01,False,True,3,,False
419000765,CALYPSO FORTUNE,IND,jamnagar_vadinar_feb2026,2026-02-04 18:00:00+00:00,2026-02-05 01:00:00+00:00,7.0,8,1.0,22.5825,69.8275,4.592,ordinary,flagged_facility,Vadinar terminal / Nayara refinery (EU+UK sanctioned),18.58,False,True,3,,False
419000765,CALYPSO FORTUNE,IND,jamnagar_vadinar_feb2026,2026-02-05 02:00:00+00:00,2026-02-05 09:00:00+00:00,7.0,8,1.0,22.58,69.81625,4.998,ordinary,flagged_facility,Vadinar terminal / Nayara refinery (EU+UK sanctioned),17.39,False,True,3,,False
419000765,CALYPSO FORTUNE,IND,jamnagar_vadinar_feb2026,2026-02-06 08:00:00+00:00,2026-02-06 15:00:00+00:00,7.0,8,1.0,22.5825,69.82875,4.432,ordinary,flagged_facility,Vadinar terminal / Nayara refinery (EU+UK sanctioned),18.71,False,True,3,,False
419000964,ASTER STAR,IND,jamnagar_vadinar_feb2026,2026-01-23 16:00:00+00:00,2026-01-23 23:00:00+00:00,7.0,8,1.0,22.49,69.85,0.0,ordinary,flagged_facility,Jamnagar (Sikka) marine terminal,14.93,False,True,3,,False
419000964,ASTER STAR,IND,jamnagar_vadinar_feb2026,2026-01-25 10:00:00+00:00,2026-01-25 17:00:00+00:00,7.0,8,1.0,22.50125,69.8425,4.889,ordinary,flagged_facility,Jamnagar (Sikka) marine terminal,14.87,False,True,3,,False
419000964,ASTER STAR,IND,jamnagar_vadinar_feb2026,2026-02-01 07:00:00+00:00,2026-02-01 14:00:00+00:00,7.0,8,1.0,22.4975,69.84125,4.834,ordinary,flagged_facility,Jamnagar (Sikka) marine terminal,14.55,False,True,3,,False
419000964,ASTER STAR,IND,jamnagar_vadinar_feb2026,2026-02-01 17:00:00+00:00,2026-02-02 00:00:00+00:00,7.0,8,1.0,22.49,69.85,0.0,ordinary,flagged_facility,Jamnagar (Sikka) marine terminal,14.93,False,True,3,,False
419000964,ASTER STAR,IND,jamnagar_vadinar_feb2026,2026-02-13 17:00:00+00:00,2026-02-14 00:00:00+00:00,7.0,8,1.0,22.49125,69.84875,1.325,ordinary,flagged_facility,Jamnagar (Sikka) marine terminal,14.88,False,True,3,,False
419000964,ASTER STAR,IND,jamnagar_vadinar_feb2026,2026-02-15 06:00:00+00:00,2026-02-15 13:00:00+00:00,7.0,8,1.0,22.6,69.82875,3.338,ordinary,flagged_facility,Vadinar terminal / Nayara refinery (EU+UK sanctioned),19.18,False,True,3,,False
419001058,MV.DAWN,IND,jamnagar_vadinar_feb2026,2026-01-22 13:00:00+00:00,2026-01-22 20:00:00+00:00,7.0,8,1.0,22.55125,69.8375,4.926,ordinary,flagged_facility,Jamnagar (Sikka) marine terminal,18.1,False,True,3,,False
419001058,MV.DAWN,IND,jamnagar_vadinar_feb2026,2026-01-29 03:00:00+00:00,2026-01-29 10:00:00+00:00,7.0,8,1.0,22.61,69.83125,0.898,ordinary,flagged_facility,Vadinar terminal / Nayara refinery (EU+UK sanctioned),19.77,False,True,3,,False
419001058,MV.DAWN,IND,jamnagar_vadinar_feb2026,2026-02-16 16:00:00+00:00,2026-02-16 23:00:00+00:00,7.0,8,1.0,22.55875,69.83875,1.324,ordinary,flagged_facility,Jamnagar (Sikka) marine terminal,18.81,False,True,3,,False
419001085,RELTUG SEVENTEEN,IND,jamnagar_vadinar_feb2026,2026-01-25 06:00:00+00:00,2026-01-25 13:00:00+00:00,7.0,8,1.0,22.49625,69.84125,4.993,ordinary,flagged_facility,Jamnagar (Sikka) marine terminal,14.47,False,True,3,,False
419001085,RELTUG SEVENTEEN,IND,jamnagar_vadinar_feb2026,2026-02-12 23:00:00+00:00,2026-02-13 06:00:00+00:00,7.0,8,1.0,22.49625,69.84,4.884,ordinary,flagged_facility,Jamnagar (Sikka) marine terminal,14.36,False,True,3,,False
419001456,MEERA,IND,jamnagar_vadinar_feb2026,2026-01-21 12:00:00+00:00,2026-01-21 19:00:00+00:00,7.0,8,1.0,22.45625,69.66875,4.947,ordinary,flagged_facility,Jamnagar (Sikka) marine terminal,6.02,False,True,3,,False
419001602,MENCAST18,IND,jamnagar_vadinar_feb2026,2026-01-25 05:00:00+00:00,2026-01-25 12:00:00+00:00,7.0,8,1.0,22.44625,69.66875,4.947,ordinary,flagged_facility,Jamnagar (Sikka) marine terminal,5.57,False,True,3,,False
419001651,KNK NAYRA,IND,jamnagar_vadinar_feb2026,2026-02-05 22:00:00+00:00,2026-02-06 05:00:00+00:00,7.0,8,1.0,22.51,69.8,0.0,ordinary,flagged_facility,Jamnagar (Sikka) marine terminal,12.11,False,True,3,,False
419001686,SANMAR SLOKA,IND,jamnagar_vadinar_feb2026,2026-02-12 08:00:00+00:00,2026-02-12 15:00:00+00:00,7.0,8,1.0,22.66,69.705,0.513,ordinary,flagged_facility,Vadinar terminal / Nayara refinery (EU+UK sanctioned),13.47,False,True,3,,False
419001883,VIDHYALAXMI-1,IND,jamnagar_vadinar_feb2026,2026-01-22 00:00:00+00:00,2026-01-22 07:00:00+00:00,7.0,8,1.0,22.44125,69.66875,2.27,ordinary,flagged_facility,Jamnagar (Sikka) marine terminal,5.41,False,True,3,,False
419001884,MT KB 50,IND,jamnagar_vadinar_feb2026,2026-01-20 00:00:00+00:00,2026-01-20 07:00:00+00:00,7.0,8,1.0,22.52125,69.705,3.801,ordinary,flagged_facility,Vadinar terminal / Nayara refinery (EU+UK sanctioned),6.49,False,True,3,,False
419001884,MT KB 50,IND,jamnagar_vadinar_feb2026,2026-02-07 02:00:00+00:00,2026-02-07 09:00:00+00:00,7.0,8,1.0,22.5225,69.69,3.614,ordinary,flagged_facility,Vadinar terminal / Nayara refinery (EU+UK sanctioned),5.12,False,True,3,,False
419001884,MT KB 50,IND,jamnagar_vadinar_feb2026,2026-02-16 16:00:00+00:00,2026-02-16 23:00:00+00:00,7.0,8,1.0,22.5225,69.68875,4.811,ordinary,flagged_facility,Vadinar terminal / Nayara refinery (EU+UK sanctioned),5.02,False,True,3,,False
419014400,M V POONAM,IND,jamnagar_vadinar_feb2026,2026-01-28 15:00:00+00:00,2026-01-28 22:00:00+00:00,7.0,8,1.0,22.5025,69.835,4.088,ordinary,flagged_facility,Jamnagar (Sikka) marine terminal,14.3,False,True,3,,False
419014400,M V POONAM,IND,jamnagar_vadinar_feb2026,2026-02-10 21:00:00+00:00,2026-02-11 04:00:00+00:00,7.0,8,1.0,22.5225,69.8225,4.767,ordinary,flagged_facility,Jamnagar (Sikka) marine terminal,14.72,False,True,3,,False
419024600,ESSAR TUG XI,IND,jamnagar_vadinar_feb2026,2026-01-26 03:00:00+00:00,2026-01-26 10:00:00+00:00,7.0,8,1.0,22.4025,69.59125,3.756,ordinary,flagged_facility,Jamnagar (Sikka) marine terminal,13.58,False,True,3,,False
419032200,AQUA MOON,IND,jamnagar_vadinar_feb2026,2026-01-28 04:00:00+00:00,2026-01-28 11:00:00+00:00,7.0,8,1.0,22.5675,69.7925,1.963,ordinary,flagged_facility,Vadinar terminal / Nayara refinery (EU+UK sanctioned),14.76,False,True,3,,False
419032200,AQUA MOON,IND,jamnagar_vadinar_feb2026,2026-01-29 04:00:00+00:00,2026-01-29 11:00:00+00:00,7.0,8,1.0,22.555,69.80375,4.235,ordinary,flagged_facility,Vadinar terminal / Nayara refinery (EU+UK sanctioned),15.8,False,True,3,,False
419032200,AQUA MOON,IND,jamnagar_vadinar_feb2026,2026-02-02 06:00:00+00:00,2026-02-02 13:00:00+00:00,7.0,8,1.0,22.49875,69.82625,4.881,ordinary,flagged_facility,Jamnagar (Sikka) marine terminal,13.33,False,True,3,,False
419032200,AQUA MOON,IND,jamnagar_vadinar_feb2026,2026-02-11 04:00:00+00:00,2026-02-11 11:00:00+00:00,7.0,8,1.0,22.58875,69.86,4.439,ordinary,flagged_facility,Vadinar terminal / Nayara refinery (EU+UK sanctioned),21.99,False,True,3,,False
419032200,AQUA MOON,IND,jamnagar_vadinar_feb2026,2026-02-13 04:00:00+00:00,2026-02-13 11:00:00+00:00,7.0,8,1.0,22.56125,69.83,2.273,ordinary,flagged_facility,Jamnagar (Sikka) marine terminal,18.46,False,True,3,,False
419032200,AQUA MOON,IND,jamnagar_vadinar_feb2026,2026-02-14 03:00:00+00:00,2026-02-14 10:00:00+00:00,7.0,8,1.0,22.54375,69.78375,4.8,ordinary,flagged_facility,Vadinar terminal / Nayara refinery (EU+UK sanctioned),13.75,False,True,3,,False
419032200,AQUA MOON,IND,jamnagar_vadinar_feb2026,2026-02-15 03:00:00+00:00,2026-02-15 10:00:00+00:00,7.0,8,1.0,22.53,69.78,1.112,ordinary,flagged_facility,Jamnagar (Sikka) marine terminal,12.71,False,True,3,,False
419032300,AQUA SUN,IND,jamnagar_vadinar_feb2026,2026-02-04 21:00:00+00:00,2026-02-05 04:00:00+00:00,7.0,4,0.5,22.5425,69.8375,4.788,ordinary,flagged_facility,Jamnagar (Sikka) marine terminal,17.38,False,True,3,,False
419032300,AQUA SUN,IND,jamnagar_vadinar_feb2026,2026-02-10 13:00:00+00:00,2026-02-10 20:00:00+00:00,7.0,5,0.625,22.508,69.826,3.92,ordinary,flagged_facility,Jamnagar (Sikka) marine terminal,13.92,False,True,3,,False
419033600,RELTUG ELEVEN,IND,jamnagar_vadinar_feb2026,2026-02-02 09:00:00+00:00,2026-02-02 16:00:00+00:00,7.0,8,1.0,22.49625,69.84125,4.993,ordinary,flagged_facility,Jamnagar (Sikka) marine terminal,14.47,False,True,3,,False
419033600,RELTUG ELEVEN,IND,jamnagar_vadinar_feb2026,2026-02-06 17:00:00+00:00,2026-02-07 00:00:00+00:00,7.0,8,1.0,22.49625,69.84125,4.993,ordinary,flagged_facility,Jamnagar (Sikka) marine terminal,14.47,False,True,3,,False
419033900,REL SAGAR,IND,jamnagar_vadinar_feb2026,2026-01-20 05:00:00+00:00,2026-01-20 12:00:00+00:00,7.0,8,1.0,22.5725,69.79,0.834,ordinary,flagged_facility,Vadinar terminal / Nayara refinery (EU+UK sanctioned),14.59,False,True,3,,False
419033900,REL SAGAR,IND,jamnagar_vadinar_feb2026,2026-01-29 03:00:00+00:00,2026-01-29 10:00:00+00:00,7.0,8,1.0,22.57,69.79,0.0,ordinary,flagged_facility,Vadinar terminal / Nayara refinery (EU+UK sanctioned),14.55,False,True,3,,False
419033900,REL SAGAR,IND,jamnagar_vadinar_feb2026,2026-02-06 03:00:00+00:00,2026-02-06 10:00:00+00:00,7.0,8,1.0,22.5875,69.80625,3.324,ordinary,flagged_facility,Vadinar terminal / Nayara refinery (EU+UK sanctioned),16.58,False,True,3,,False
419055150,M.T. BLUE BELL,IND,jamnagar_vadinar_feb2026,2026-02-01 16:00:00+00:00,2026-02-01 23:00:00+00:00,7.0,8,1.0,22.495,69.8525,4.344,ordinary,flagged_facility,Jamnagar (Sikka) marine terminal,15.41,False,True,3,,False
419055150,M.T. BLUE BELL,IND,jamnagar_vadinar_feb2026,2026-02-04 07:00:00+00:00,2026-02-04 14:00:00+00:00,7.0,8,1.0,22.49625,69.85125,4.938,ordinary,flagged_facility,Jamnagar (Sikka) marine terminal,15.37,False,True,3,,False
419055150,M.T. BLUE BELL,IND,jamnagar_vadinar_feb2026,2026-02-05 04:00:00+00:00,2026-02-05 11:00:00+00:00,7.0,8,1.0,22.49375,69.85125,3.684,ordinary,flagged_facility,Jamnagar (Sikka) marine terminal,15.24,False,True,3,,False
419057400,RELTUG TWELVE,IND,jamnagar_vadinar_feb2026,2026-01-24 05:00:00+00:00,2026-01-24 12:00:00+00:00,7.0,8,1.0,22.49875,69.8325,4.964,ordinary,flagged_facility,Jamnagar (Sikka) marine terminal,13.86,False,True,3,,False
419066400,M V CHETAK,IND,jamnagar_vadinar_feb2026,2026-02-04 08:00:00+00:00,2026-02-04 15:00:00+00:00,7.0,8,1.0,22.5,69.8375,0.77,ordinary,flagged_facility,Jamnagar (Sikka) marine terminal,14.37,False,True,3,,False
419071500,M. T. HAZEL,IND,jamnagar_vadinar_feb2026,2026-02-08 15:00:00+00:00,2026-02-08 22:00:00+00:00,7.0,8,1.0,22.49,69.86,0.0,ordinary,flagged_facility,Jamnagar (Sikka) marine terminal,15.86,False,True,3,,False
419072700,RELTUG 14,IND,jamnagar_vadinar_feb2026,2026-01-26 03:00:00+00:00,2026-01-26 10:00:00+00:00,7.0,8,1.0,22.60625,69.81625,4.799,ordinary,flagged_facility,Vadinar terminal / Nayara refinery (EU+UK sanctioned),18.18,False,True,3,,False
419072900,PARIJAT,IND,jamnagar_vadinar_feb2026,2026-01-20 21:00:00+00:00,2026-01-21 04:00:00+00:00,7.0,8,1.0,22.49,69.86,0.0,ordinary,flagged_facility,Jamnagar (Sikka) marine terminal,15.86,False,True,3,,False
419072900,PARIJAT,IND,jamnagar_vadinar_feb2026,2026-02-01 09:00:00+00:00,2026-02-01 16:00:00+00:00,7.0,8,1.0,22.49125,69.85625,2.867,ordinary,flagged_facility,Jamnagar (Sikka) marine terminal,15.57,False,True,3,,False
419072900,PARIJAT,IND,jamnagar_vadinar_feb2026,2026-02-08 18:00:00+00:00,2026-02-09 01:00:00+00:00,7.0,8,1.0,22.49625,69.845,4.869,ordinary,flagged_facility,Jamnagar (Sikka) marine terminal,14.81,False,True,3,,False
419077200,AKASH,IND,jamnagar_vadinar_feb2026,2026-01-20 23:00:00+00:00,2026-01-21 06:00:00+00:00,7.0,8,1.0,22.55375,69.79,4.972,ordinary,flagged_facility,Vadinar terminal / Nayara refinery (EU+UK sanctioned),14.38,False,True,3,,False
419077200,AKASH,IND,jamnagar_vadinar_feb2026,2026-01-30 03:00:00+00:00,2026-01-30 10:00:00+00:00,7.0,8,1.0,22.58125,69.8,1.618,ordinary,flagged_facility,Vadinar terminal / Nayara refinery (EU+UK sanctioned),15.79,False,True,3,,False
419077200,AKASH,IND,jamnagar_vadinar_feb2026,2026-02-02 08:00:00+00:00,2026-02-02 15:00:00+00:00,7.0,8,1.0,22.5825,69.7975,2.272,ordinary,flagged_facility,Vadinar terminal / Nayara refinery (EU+UK sanctioned),15.57,False,True,3,,False
419077200,AKASH,IND,jamnagar_vadinar_feb2026,2026-02-10 15:00:00+00:00,2026-02-10 22:00:00+00:00,7.0,8,1.0,22.57,69.79,0.0,ordinary,flagged_facility,Vadinar terminal / Nayara refinery (EU+UK sanctioned),14.55,False,True,3,,False
419077200,AKASH,IND,jamnagar_vadinar_feb2026,2026-02-11 19:00:00+00:00,2026-02-12 02:00:00+00:00,7.0,8,1.0,22.51375,69.79875,3.054,ordinary,flagged_facility,Jamnagar (Sikka) marine terminal,12.34,False,True,3,,False
419077200,AKASH,IND,jamnagar_vadinar_feb2026,2026-02-13 12:00:00+00:00,2026-02-13 19:00:00+00:00,7.0,8,1.0,22.56375,69.7925,4.925,ordinary,flagged_facility,Vadinar terminal / Nayara refinery (EU+UK sanctioned),14.71,False,True,3,,False
419077500,AGNI,IND,jamnagar_vadinar_feb2026,2026-01-20 00:00:00+00:00,2026-01-20 07:00:00+00:00,7.0,8,1.0,22.57875,69.83625,2.12,ordinary,flagged_facility,Vadinar terminal / Nayara refinery (EU+UK sanctioned),19.39,False,True,3,,False
419077500,AGNI,IND,jamnagar_vadinar_feb2026,2026-01-20 08:00:00+00:00,2026-01-20 15:00:00+00:00,7.0,8,1.0,22.50875,69.83,4.7,ordinary,flagged_facility,Jamnagar (Sikka) marine terminal,14.3,False,True,3,,False
419077600,NIVARAK,IND,jamnagar_vadinar_feb2026,2026-02-02 06:00:00+00:00,2026-02-02 13:00:00+00:00,7.0,8,1.0,22.40125,69.595,4.813,ordinary,flagged_facility,Jamnagar (Sikka) marine terminal,13.24,False,True,3,,False
419079300,MV ANJALI,IND,jamnagar_vadinar_feb2026,2026-02-01 22:00:00+00:00,2026-02-02 05:00:00+00:00,7.0,8,1.0,22.50625,69.83,4.865,ordinary,flagged_facility,Jamnagar (Sikka) marine terminal,14.13,False,True,3,,False
419079300,MV ANJALI,IND,jamnagar_vadinar_feb2026,2026-02-03 20:00:00+00:00,2026-02-04 03:00:00+00:00,7.0,8,1.0,22.50375,69.8275,2.549,ordinary,flagged_facility,Jamnagar (Sikka) marine terminal,13.76,False,True,3,,False
419079300,MV ANJALI,IND,jamnagar_vadinar_feb2026,2026-02-08 10:00:00+00:00,2026-02-08 17:00:00+00:00,7.0,8,1.0,22.50375,69.8375,3.428,ordinary,flagged_facility,Jamnagar (Sikka) marine terminal,14.6,False,True,3,,False
419079400,MV APSARA,IND,jamnagar_vadinar_feb2026,2026-01-31 01:00:00+00:00,2026-01-31 08:00:00+00:00,7.0,8,1.0,22.50625,69.83,4.884,ordinary,flagged_facility,Jamnagar (Sikka) marine terminal,14.13,False,True,3,,False
419079400,MV APSARA,IND,jamnagar_vadinar_feb2026,2026-02-08 18:00:00+00:00,2026-02-09 01:00:00+00:00,7.0,8,1.0,22.5025,69.825,4.088,ordinary,flagged_facility,Jamnagar (Sikka) marine terminal,13.47,False,True,3,,False
419079400,MV APSARA,IND,jamnagar_vadinar_feb2026,2026-02-10 12:00:00+00:00,2026-02-10 19:00:00+00:00,7.0,8,1.0,22.5,69.84,0.0,ordinary,flagged_facility,Jamnagar (Sikka) marine terminal,14.58,False,True,3,,False
419293000,RELTUG 7,IND,jamnagar_vadinar_feb2026,2026-02-11 01:00:00+00:00,2026-02-11 08:00:00+00:00,7.0,8,1.0,22.49,69.85,0.0,ordinary,flagged_facility,Jamnagar (Sikka) marine terminal,14.93,False,True,3,,False
419293000,RELTUG 7,IND,jamnagar_vadinar_feb2026,2026-02-11 09:00:00+00:00,2026-02-11 16:00:00+00:00,7.0,8,1.0,22.49625,69.84125,4.993,ordinary,flagged_facility,Jamnagar (Sikka) marine terminal,14.47,False,True,3,,False
419956398,M V RAMESHWAR,IND,jamnagar_vadinar_feb2026,2026-02-01 22:00:00+00:00,2026-02-02 05:00:00+00:00,7.0,8,1.0,22.52,69.75,0.0,ordinary,flagged_facility,Jamnagar (Sikka) marine terminal,10.47,False,True,3,,False
419956405,M V NEIL 2,IND,jamnagar_vadinar_feb2026,2026-02-02 10:00:00+00:00,2026-02-02 17:00:00+00:00,7.0,4,0.5,22.4975,69.7675,4.768,ordinary,flagged_facility,Jamnagar (Sikka) marine terminal,8.95,False,True,3,,False
419956624,MV SANGAM III,IND,jamnagar_vadinar_feb2026,2026-02-06 18:00:00+00:00,2026-02-07 01:00:00+00:00,7.0,3,0.375,22.67,69.7,4.252,ordinary,flagged_facility,Vadinar terminal / Nayara refinery (EU+UK sanctioned),14.3,False,True,3,,False
419956624,MV SANGAM III,IND,jamnagar_vadinar_feb2026,2026-02-08 20:00:00+00:00,2026-02-09 03:00:00+00:00,7.0,4,0.5,22.67,69.6825,4.444,ordinary,flagged_facility,Vadinar terminal / Nayara refinery (EU+UK sanctioned),13.75,False,True,3,,False
419956787,DAWN II,IND,jamnagar_vadinar_feb2026,2026-02-06 18:00:00+00:00,2026-02-07 01:00:00+00:00,7.0,8,1.0,22.56,69.84125,0.899,ordinary,flagged_facility,Jamnagar (Sikka) marine terminal,19.08,False,True,3,,False
419956787,DAWN II,IND,jamnagar_vadinar_feb2026,2026-02-11 19:00:00+00:00,2026-02-12 02:00:00+00:00,7.0,8,1.0,22.56,69.84,0.0,ordinary,flagged_facility,Jamnagar (Sikka) marine terminal,19.0,False,True,3,,False
419957002,M V ANTILLIA  2,IND,jamnagar_vadinar_feb2026,2026-01-24 01:00:00+00:00,2026-01-24 08:00:00+00:00,7.0,8,1.0,22.49875,69.53875,4.311,ordinary,flagged_facility,Vadinar terminal / Nayara refinery (EU+UK sanctioned),12.77,False,True,3,,False
419957002,M V ANTILLIA  2,IND,jamnagar_vadinar_feb2026,2026-01-26 00:00:00+00:00,2026-01-26 07:00:00+00:00,7.0,8,1.0,22.49875,69.53875,3.199,ordinary,flagged_facility,Vadinar terminal / Nayara refinery (EU+UK sanctioned),12.77,False,True,3,,False
419957002,M V ANTILLIA  2,IND,jamnagar_vadinar_feb2026,2026-01-31 20:00:00+00:00,2026-02-01 03:00:00+00:00,7.0,7,0.875,22.48429,69.54572,3.857,ordinary,flagged_facility,Vadinar terminal / Nayara refinery (EU+UK sanctioned),12.97,False,True,3,,False
419958525,GAUTAM ANTILLIA,IND,jamnagar_vadinar_feb2026,2026-01-24 02:00:00+00:00,2026-01-24 09:00:00+00:00,7.0,6,0.75,22.42,69.57,3.802,ordinary,flagged_facility,Jamnagar (Sikka) marine terminal,15.46,False,True,3,,False
419958525,GAUTAM ANTILLIA,IND,jamnagar_vadinar_feb2026,2026-01-31 03:00:00+00:00,2026-01-31 10:00:00+00:00,7.0,6,0.75,22.47,69.54833,4.606,ordinary,flagged_facility,Vadinar terminal / Nayara refinery (EU+UK sanctioned),13.72,False,True,3,,False
419958525,GAUTAM ANTILLIA,IND,jamnagar_vadinar_feb2026,2026-02-02 01:00:00+00:00,2026-02-02 08:00:00+00:00,7.0,3,0.375,22.5,69.54333,1.306,ordinary,flagged_facility,Vadinar terminal / Nayara refinery (EU+UK sanctioned),12.29,False,True,3,,False
419958545,,IND,jamnagar_vadinar_feb2026,2026-01-27 09:00:00+00:00,2026-01-27 16:00:00+00:00,7.0,3,0.375,22.45667,69.67,2.595,ordinary,flagged_facility,Jamnagar (Sikka) marine terminal,5.93,False,True,3,,False
419958545,,IND,jamnagar_vadinar_feb2026,2026-01-28 10:00:00+00:00,2026-01-28 17:00:00+00:00,7.0,3,0.375,22.45,69.67667,2.327,ordinary,flagged_facility,Jamnagar (Sikka) marine terminal,4.98,False,True,3,,False
419958545,,IND,jamnagar_vadinar_feb2026,2026-01-31 04:00:00+00:00,2026-01-31 11:00:00+00:00,7.0,4,0.5,22.4475,69.67,3.757,ordinary,flagged_facility,Jamnagar (Sikka) marine terminal,5.49,False,True,3,,False
419958545,,IND,jamnagar_vadinar_feb2026,2026-02-02 10:00:00+00:00,2026-02-02 17:00:00+00:00,7.0,4,0.5,22.4525,69.6675,3.153,ordinary,flagged_facility,Jamnagar (Sikka) marine terminal,5.95,False,True,3,,False
419958545,,IND,jamnagar_vadinar_feb2026,2026-02-07 03:00:00+00:00,2026-02-07 10:00:00+00:00,7.0,4,0.5,22.4575,69.6675,2.618,ordinary,flagged_facility,Jamnagar (Sikka) marine terminal,6.2,False,True,3,,False
419958545,,IND,jamnagar_vadinar_feb2026,2026-02-08 03:00:00+00:00,2026-02-08 10:00:00+00:00,7.0,4,0.5,22.4625,69.67,4.294,ordinary,flagged_facility,Jamnagar (Sikka) marine terminal,6.28,False,True,3,,False
419958545,,IND,jamnagar_vadinar_feb2026,2026-02-13 11:00:00+00:00,2026-02-13 18:00:00+00:00,7.0,4,0.5,22.45,69.6725,2.239,ordinary,flagged_facility,Jamnagar (Sikka) marine terminal,5.36,False,True,3,,False
419958545,,IND,jamnagar_vadinar_feb2026,2026-02-14 05:00:00+00:00,2026-02-14 12:00:00+00:00,7.0,3,0.375,22.46,69.66667,4.5,ordinary,flagged_facility,Jamnagar (Sikka) marine terminal,6.42,False,True,3,,False
419991279,DARIYA JYOT,IND,jamnagar_vadinar_feb2026,2026-01-25 22:00:00+00:00,2026-01-26 05:00:00+00:00,7.0,8,1.0,22.43375,69.66625,1.848,ordinary,flagged_facility,Jamnagar (Sikka) marine terminal,5.54,False,True,3,,False
419000056,SUCCESS NETRAVATI,IND,jamnagar_vadinar_feb2026,2026-01-24 12:00:00+00:00,2026-01-24 18:00:00+00:00,6.0,5,0.714,22.458,69.676,4.887,ordinary,flagged_facility,Jamnagar (Sikka) marine terminal,5.49,False,True,3,,False
419000056,SUCCESS NETRAVATI,IND,jamnagar_vadinar_feb2026,2026-02-08 18:00:00+00:00,2026-02-09 00:00:00+00:00,6.0,2,0.286,22.445,69.67,0.556,ordinary,flagged_facility,Jamnagar (Sikka) marine terminal,5.4,False,True,3,,False
419000101,BAITARANI,IND,jamnagar_vadinar_feb2026,2026-01-22 10:00:00+00:00,2026-01-22 16:00:00+00:00,6.0,7,1.0,22.67571,69.63428,2.571,ordinary,flagged_facility,Vadinar terminal / Nayara refinery (EU+UK sanctioned),14.07,False,True,3,,False
419000101,BAITARANI,IND,jamnagar_vadinar_feb2026,2026-02-10 00:00:00+00:00,2026-02-10 06:00:00+00:00,6.0,6,0.857,22.67167,69.62834,4.526,ordinary,flagged_facility,Vadinar terminal / Nayara refinery (EU+UK sanctioned),13.71,False,True,3,,False
419000102,BRAHMANI,IND,jamnagar_vadinar_feb2026,2026-02-03 03:00:00+00:00,2026-02-03 09:00:00+00:00,6.0,3,0.429,22.66333,69.63667,1.976,ordinary,flagged_facility,Vadinar terminal / Nayara refinery (EU+UK sanctioned),12.68,False,True,3,,False
419000102,BRAHMANI,IND,jamnagar_vadinar_feb2026,2026-02-16 11:00:00+00:00,2026-02-16 17:00:00+00:00,6.0,5,0.714,22.67,69.722,2.371,ordinary,flagged_facility,Vadinar terminal / Nayara refinery (EU+UK sanctioned),15.25,False,True,3,,False
419000638,OCEAN     EMPIRE,IND,jamnagar_vadinar_feb2026,2026-01-20 00:00:00+00:00,2026-01-20 06:00:00+00:00,6.0,7,1.0,22.44,69.67,0.0,ordinary,flagged_facility,Jamnagar (Sikka) marine terminal,5.26,False,True,3,,False
419000765,CALYPSO FORTUNE,IND,jamnagar_vadinar_feb2026,2026-01-22 19:00:00+00:00,2026-01-23 01:00:00+00:00,6.0,7,1.0,22.59429,69.84143,1.001,ordinary,flagged_facility,Vadinar terminal / Nayara refinery (EU+UK sanctioned),20.26,False,True,3,,False
419000765,CALYPSO FORTUNE,IND,jamnagar_vadinar_feb2026,2026-01-24 14:00:00+00:00,2026-01-24 20:00:00+00:00,6.0,7,1.0,22.58286,69.82143,4.979,ordinary,flagged_facility,Vadinar terminal / Nayara refinery (EU+UK sanctioned),17.98,False,True,3,,False
419000765,CALYPSO FORTUNE,IND,jamnagar_vadinar_feb2026,2026-02-04 09:00:00+00:00,2026-02-04 15:00:00+00:00,6.0,7,1.0,22.57714,69.82571,3.799,ordinary,flagged_facility,Vadinar terminal / Nayara refinery (EU+UK sanctioned),18.29,False,True,3,,False
419000765,CALYPSO FORTUNE,IND,jamnagar_vadinar_feb2026,2026-02-12 09:00:00+00:00,2026-02-12 15:00:00+00:00,6.0,7,1.0,22.58143,69.83,3.708,ordinary,flagged_facility,Vadinar terminal / Nayara refinery (EU+UK sanctioned),18.81,False,True,3,,False
419000912,VAILANKANNI,IND,jamnagar_vadinar_feb2026,2026-02-14 18:00:00+00:00,2026-02-15 00:00:00+00:00,6.0,7,1.0,22.57,69.67,0.0,ordinary,flagged_facility,Vadinar terminal / Nayara refinery (EU+UK sanctioned),3.03,False,True,3,,False
419000964,ASTER STAR,IND,jamnagar_vadinar_feb2026,2026-01-24 00:00:00+00:00,2026-01-24 06:00:00+00:00,6.0,6,0.857,22.56333,69.80833,4.821,ordinary,flagged_facility,Vadinar terminal / Nayara refinery (EU+UK sanctioned),16.33,False,True,3,,False
419000964,ASTER STAR,IND,jamnagar_vadinar_feb2026,2026-02-02 20:00:00+00:00,2026-02-03 02:00:00+00:00,6.0,7,1.0,22.49,69.85,0.0,ordinary,flagged_facility,Jamnagar (Sikka) marine terminal,14.93,False,True,3,,False
419001058,MV.DAWN,IND,jamnagar_vadinar_feb2026,2026-02-01 07:00:00+00:00,2026-02-01 13:00:00+00:00,6.0,7,1.0,22.53286,69.83428,4.802,ordinary,flagged_facility,Jamnagar (Sikka) marine terminal,16.39,False,True,3,,False
419001058,MV.DAWN,IND,jamnagar_vadinar_feb2026,2026-02-02 02:00:00+00:00,2026-02-02 08:00:00+00:00,6.0,7,1.0,22.61,69.83429,0.586,ordinary,flagged_facility,Vadinar terminal / Nayara refinery (EU+UK sanctioned),20.06,False,True,3,,False
419001085,RELTUG SEVENTEEN,IND,jamnagar_vadinar_feb2026,2026-01-27 08:00:00+00:00,2026-01-27 14:00:00+00:00,6.0,7,1.0,22.50571,69.82857,4.795,ordinary,flagged_facility,Jamnagar (Sikka) marine terminal,13.98,False,True,3,,False
419001390,KNK ASHIMA,IND,jamnagar_vadinar_feb2026,2026-01-23 09:00:00+00:00,2026-01-23 15:00:00+00:00,6.0,7,1.0,22.45714,69.66714,4.822,ordinary,flagged_facility,Jamnagar (Sikka) marine terminal,6.21,False,True,3,,False
419001390,KNK ASHIMA,IND,jamnagar_vadinar_feb2026,2026-02-06 03:00:00+00:00,2026-02-06 09:00:00+00:00,6.0,7,1.0,22.45714,69.66714,4.822,ordinary,flagged_facility,Jamnagar (Sikka) marine terminal,6.21,False,True,3,,False
419001456,MEERA,IND,jamnagar_vadinar_feb2026,2026-01-20 00:00:00+00:00,2026-01-20 06:00:00+00:00,6.0,7,1.0,22.48429,69.66286,4.979,ordinary,flagged_facility,Vadinar terminal / Nayara refinery (EU+UK sanctioned),7.43,False,True,3,,False
419001472,OCEAN PRIDE,IND,jamnagar_vadinar_feb2026,2026-02-07 01:00:00+00:00,2026-02-07 07:00:00+00:00,6.0,7,1.0,22.44857,69.66714,4.932,ordinary,flagged_facility,Jamnagar (Sikka) marine terminal,5.81,False,True,3,,False
419001487,RELTUG EIGHTEEN,IND,jamnagar_vadinar_feb2026,2026-02-02 06:00:00+00:00,2026-02-02 12:00:00+00:00,6.0,7,1.0,22.60286,69.83286,4.945,ordinary,flagged_facility,Vadinar terminal / Nayara refinery (EU+UK sanctioned),19.67,False,True,3,,False
419001602,MENCAST18,IND,jamnagar_vadinar_feb2026,2026-01-29 03:00:00+00:00,2026-01-29 09:00:00+00:00,6.0,7,1.0,22.45714,69.66714,4.822,ordinary,flagged_facility,Jamnagar (Sikka) marine terminal,6.21,False,True,3,,False
419001715,ZINNIA STAR,IND,jamnagar_vadinar_feb2026,2026-01-25 09:00:00+00:00,2026-01-25 15:00:00+00:00,6.0,7,1.0,22.46571,69.66429,4.944,ordinary,flagged_facility,Jamnagar (Sikka) marine terminal,6.97,False,True,3,,False
419001715,ZINNIA STAR,IND,jamnagar_vadinar_feb2026,2026-01-29 08:00:00+00:00,2026-01-29 14:00:00+00:00,6.0,7,1.0,22.45714,69.66714,4.822,ordinary,flagged_facility,Jamnagar (Sikka) marine terminal,6.21,False,True,3,,False
419001794,RIVER PEARL 10,IND,jamnagar_vadinar_feb2026,2026-01-27 03:00:00+00:00,2026-01-27 09:00:00+00:00,6.0,7,1.0,22.45571,69.66714,4.979,ordinary,flagged_facility,Jamnagar (Sikka) marine terminal,6.14,False,True,3,,False
419001794,RIVER PEARL 10,IND,jamnagar_vadinar_feb2026,2026-01-31 02:00:00+00:00,2026-01-31 08:00:00+00:00,6.0,7,1.0,22.45571,69.66714,4.979,ordinary,flagged_facility,Jamnagar (Sikka) marine terminal,6.14,False,True,3,,False
419001883,VIDHYALAXMI-1,IND,jamnagar_vadinar_feb2026,2026-01-31 19:00:00+00:00,2026-02-01 01:00:00+00:00,6.0,7,1.0,22.57143,69.63714,0.997,ordinary,flagged_facility,Vadinar terminal / Nayara refinery (EU+UK sanctioned),2.72,False,True,3,,False
419014300,M V APURVA,IND,jamnagar_vadinar_feb2026,2026-01-25 14:00:00+00:00,2026-01-25 20:00:00+00:00,6.0,7,1.0,22.51,69.82143,4.963,ordinary,flagged_facility,Jamnagar (Sikka) marine terminal,13.7,False,True,3,,False
419014400,M V POONAM,IND,jamnagar_vadinar_feb2026,2026-01-21 05:00:00+00:00,2026-01-21 11:00:00+00:00,6.0,7,1.0,22.50429,69.83428,2.282,ordinary,flagged_facility,Jamnagar (Sikka) marine terminal,14.36,False,True,3,,False
419014400,M V POONAM,IND,jamnagar_vadinar_feb2026,2026-01-28 01:00:00+00:00,2026-01-28 07:00:00+00:00,6.0,7,1.0,22.51857,69.82143,4.757,ordinary,flagged_facility,Jamnagar (Sikka) marine terminal,14.34,False,True,3,,False
419014400,M V POONAM,IND,jamnagar_vadinar_feb2026,2026-02-10 02:00:00+00:00,2026-02-10 08:00:00+00:00,6.0,7,1.0,22.49857,69.84,1.401,ordinary,flagged_facility,Jamnagar (Sikka) marine terminal,14.5,False,True,3,,False
419024600,ESSAR TUG XI,IND,jamnagar_vadinar_feb2026,2026-01-23 20:00:00+00:00,2026-01-24 02:00:00+00:00,6.0,7,1.0,22.39143,69.60714,2.004,ordinary,flagged_facility,Jamnagar (Sikka) marine terminal,12.37,False,True,3,,False
419024600,ESSAR TUG XI,IND,jamnagar_vadinar_feb2026,2026-01-25 20:00:00+00:00,2026-01-26 02:00:00+00:00,6.0,7,1.0,22.49286,69.54857,3.657,ordinary,flagged_facility,Vadinar terminal / Nayara refinery (EU+UK sanctioned),12.2,False,True,3,,False
419032200,AQUA MOON,IND,jamnagar_vadinar_feb2026,2026-02-04 04:00:00+00:00,2026-02-04 10:00:00+00:00,6.0,7,1.0,22.56286,69.80714,3.665,ordinary,flagged_facility,Vadinar terminal / Nayara refinery (EU+UK sanctioned),16.2,False,True,3,,False
419032200,AQUA MOON,IND,jamnagar_vadinar_feb2026,2026-02-06 05:00:00+00:00,2026-02-06 11:00:00+00:00,6.0,7,1.0,22.59857,69.83,3.224,ordinary,flagged_facility,Vadinar terminal / Nayara refinery (EU+UK sanctioned),19.25,False,True,3,,False
419032200,AQUA MOON,IND,jamnagar_vadinar_feb2026,2026-02-09 03:00:00+00:00,2026-02-09 09:00:00+00:00,6.0,7,1.0,22.58429,69.81714,4.321,ordinary,flagged_facility,Vadinar terminal / Nayara refinery (EU+UK sanctioned),17.58,False,True,3,,False
419032300,AQUA SUN,IND,jamnagar_vadinar_feb2026,2026-01-24 04:00:00+00:00,2026-01-24 10:00:00+00:00,6.0,7,1.0,22.58,69.85,2.224,ordinary,flagged_facility,Vadinar terminal / Nayara refinery (EU+UK sanctioned),20.81,False,True,3,,False
419032300,AQUA SUN,IND,jamnagar_vadinar_feb2026,2026-01-24 11:00:00+00:00,2026-01-24 17:00:00+00:00,6.0,6,0.857,22.54167,69.83666,4.646,ordinary,flagged_facility,Jamnagar (Sikka) marine terminal,17.26,False,True,3,,False
419032300,AQUA SUN,IND,jamnagar_vadinar_feb2026,2026-02-14 05:00:00+00:00,2026-02-14 11:00:00+00:00,6.0,3,0.429,22.56667,69.84,1.483,ordinary,flagged_facility,Jamnagar (Sikka) marine terminal,19.57,False,True,3,,False
419033900,REL SAGAR,IND,jamnagar_vadinar_feb2026,2026-01-21 05:00:00+00:00,2026-01-21 11:00:00+00:00,6.0,7,1.0,22.57,69.79143,0.88,ordinary,flagged_facility,Vadinar terminal / Nayara refinery (EU+UK sanctioned),14.69,False,True,3,,False
419033900,REL SAGAR,IND,jamnagar_vadinar_feb2026,2026-01-26 04:00:00+00:00,2026-01-26 10:00:00+00:00,6.0,7,1.0,22.58571,69.80429,2.281,ordinary,flagged_facility,Vadinar terminal / Nayara refinery (EU+UK sanctioned),16.33,False,True,3,,False
419033900,REL SAGAR,IND,jamnagar_vadinar_feb2026,2026-02-04 10:00:00+00:00,2026-02-04 16:00:00+00:00,6.0,7,1.0,22.52714,69.79429,4.986,ordinary,flagged_facility,Jamnagar (Sikka) marine terminal,13.23,False,True,3,,False
419033900,REL SAGAR,IND,jamnagar_vadinar_feb2026,2026-02-16 02:00:00+00:00,2026-02-16 08:00:00+00:00,6.0,7,1.0,22.57,69.79,0.0,ordinary,flagged_facility,Vadinar terminal / Nayara refinery (EU+UK sanctioned),14.55,False,True,3,,False
419055150,M.T. BLUE BELL,IND,jamnagar_vadinar_feb2026,2026-01-21 21:00:00+00:00,2026-01-22 03:00:00+00:00,6.0,7,1.0,22.49286,69.85429,4.005,ordinary,flagged_facility,Jamnagar (Sikka) marine terminal,15.47,False,True,3,,False
419055150,M.T. BLUE BELL,IND,jamnagar_vadinar_feb2026,2026-02-02 05:00:00+00:00,2026-02-02 11:00:00+00:00,6.0,7,1.0,22.58286,69.84429,4.342,ordinary,flagged_facility,Vadinar terminal / Nayara refinery (EU+UK sanctioned),20.28,False,True,3,,False
419055150,M.T. BLUE BELL,IND,jamnagar_vadinar_feb2026,2026-02-06 10:00:00+00:00,2026-02-06 16:00:00+00:00,6.0,5,0.714,22.5,69.848,4.405,ordinary,flagged_facility,Jamnagar (Sikka) marine terminal,15.28,False,True,3,,False
419055150,M.T. BLUE BELL,IND,jamnagar_vadinar_feb2026,2026-02-08 04:00:00+00:00,2026-02-08 10:00:00+00:00,6.0,7,1.0,22.49571,69.85,4.917,ordinary,flagged_facility,Jamnagar (Sikka) marine terminal,15.23,False,True,3,,False
419055150,M.T. BLUE BELL,IND,jamnagar_vadinar_feb2026,2026-02-08 11:00:00+00:00,2026-02-08 17:00:00+00:00,6.0,5,0.714,22.49,69.858,0.822,ordinary,flagged_facility,Jamnagar (Sikka) marine terminal,15.67,False,True,3,,False
419055150,M.T. BLUE BELL,IND,jamnagar_vadinar_feb2026,2026-02-11 07:00:00+00:00,2026-02-11 13:00:00+00:00,6.0,7,1.0,22.49,69.86,0.0,ordinary,flagged_facility,Jamnagar (Sikka) marine terminal,15.86,False,True,3,,False
419056200,M.T.IRIS,IND,jamnagar_vadinar_feb2026,2026-01-21 17:00:00+00:00,2026-01-21 23:00:00+00:00,6.0,7,1.0,22.49429,69.85429,4.537,ordinary,flagged_facility,Jamnagar (Sikka) marine terminal,15.54,False,True,3,,False
419056200,M.T.IRIS,IND,jamnagar_vadinar_feb2026,2026-01-24 02:00:00+00:00,2026-01-24 08:00:00+00:00,6.0,7,1.0,22.58286,69.84429,3.256,ordinary,flagged_facility,Vadinar terminal / Nayara refinery (EU+UK sanctioned),20.28,False,True,3,,False
419056200,M.T.IRIS,IND,jamnagar_vadinar_feb2026,2026-02-08 19:00:00+00:00,2026-02-09 01:00:00+00:00,6.0,7,1.0,22.49,69.86,0.0,ordinary,flagged_facility,Jamnagar (Sikka) marine terminal,15.86,False,True,3,,False
419056200,M.T.IRIS,IND,jamnagar_vadinar_feb2026,2026-02-16 17:00:00+00:00,2026-02-16 23:00:00+00:00,6.0,7,1.0,22.49,69.86,0.0,ordinary,flagged_facility,Jamnagar (Sikka) marine terminal,15.86,False,True,3,,False
419057400,RELTUG TWELVE,IND,jamnagar_vadinar_feb2026,2026-01-20 15:00:00+00:00,2026-01-20 21:00:00+00:00,6.0,7,1.0,22.49571,69.84,4.917,ordinary,flagged_facility,Jamnagar (Sikka) marine terminal,14.33,False,True,3,,False
419057400,RELTUG TWELVE,IND,jamnagar_vadinar_feb2026,2026-01-20 22:00:00+00:00,2026-01-21 04:00:00+00:00,6.0,7,1.0,22.49571,69.84,4.917,ordinary,flagged_facility,Jamnagar (Sikka) marine terminal,14.33,False,True,3,,False
419066300,SB EAGLE,IND,jamnagar_vadinar_feb2026,2026-01-27 14:00:00+00:00,2026-01-27 20:00:00+00:00,6.0,7,1.0,22.50857,69.83143,4.757,ordinary,flagged_facility,Jamnagar (Sikka) marine terminal,14.4,False,True,3,,False
419066300,SB EAGLE,IND,jamnagar_vadinar_feb2026,2026-01-28 16:00:00+00:00,2026-01-28 22:00:00+00:00,6.0,7,1.0,22.50857,69.83,4.659,ordinary,flagged_facility,Jamnagar (Sikka) marine terminal,14.29,False,True,3,,False
419071500,M. T. HAZEL,IND,jamnagar_vadinar_feb2026,2026-01-24 08:00:00+00:00,2026-01-24 14:00:00+00:00,6.0,7,1.0,22.49571,69.85,4.917,ordinary,flagged_facility,Jamnagar (Sikka) marine terminal,15.23,False,True,3,,False
419071500,M. T. HAZEL,IND,jamnagar_vadinar_feb2026,2026-01-27 06:00:00+00:00,2026-01-27 12:00:00+00:00,6.0,7,1.0,22.56857,69.83143,4.729,ordinary,flagged_facility,Vadinar terminal / Nayara refinery (EU+UK sanctioned),18.74,False,True,3,,False
419071500,M. T. HAZEL,IND,jamnagar_vadinar_feb2026,2026-02-01 14:00:00+00:00,2026-02-01 20:00:00+00:00,6.0,7,1.0,22.49286,69.85286,2.479,ordinary,flagged_facility,Jamnagar (Sikka) marine terminal,15.34,False,True,3,,False
419071500,M. T. HAZEL,IND,jamnagar_vadinar_feb2026,2026-02-06 00:00:00+00:00,2026-02-06 06:00:00+00:00,6.0,7,1.0,22.50143,69.84429,4.962,ordinary,flagged_facility,Jamnagar (Sikka) marine terminal,15.04,False,True,3,,False
419071500,M. T. HAZEL,IND,jamnagar_vadinar_feb2026,2026-02-12 10:00:00+00:00,2026-02-12 16:00:00+00:00,6.0,7,1.0,22.48857,69.85286,3.508,ordinary,flagged_facility,Jamnagar (Sikka) marine terminal,15.13,False,True,3,,False
419072500,RELTUG 16,IND,jamnagar_vadinar_feb2026,2026-01-25 06:00:00+00:00,2026-01-25 12:00:00+00:00,6.0,7,1.0,22.50143,69.83714,4.965,ordinary,flagged_facility,Jamnagar (Sikka) marine terminal,14.42,False,True,3,,False
419072500,RELTUG 16,IND,jamnagar_vadinar_feb2026,2026-02-05 04:00:00+00:00,2026-02-05 10:00:00+00:00,6.0,7,1.0,22.49143,69.84857,1.298,ordinary,flagged_facility,Jamnagar (Sikka) marine terminal,14.87,False,True,3,,False
419072900,PARIJAT,IND,jamnagar_vadinar_feb2026,2026-02-05 04:00:00+00:00,2026-02-05 10:00:00+00:00,6.0,7,1.0,22.49143,69.85714,2.003,ordinary,flagged_facility,Jamnagar (Sikka) marine terminal,15.66,False,True,3,,False
419072900,PARIJAT,IND,jamnagar_vadinar_feb2026,2026-02-16 17:00:00+00:00,2026-02-16 23:00:00+00:00,6.0,7,1.0,22.49,69.86,0.0,ordinary,flagged_facility,Jamnagar (Sikka) marine terminal,15.86,False,True,3,,False
419077200,AKASH,IND,jamnagar_vadinar_feb2026,2026-01-21 07:00:00+00:00,2026-01-21 13:00:00+00:00,6.0,7,1.0,22.58429,69.80286,2.065,ordinary,flagged_facility,Vadinar terminal / Nayara refinery (EU+UK sanctioned),16.15,False,True,3,,False
419077200,AKASH,IND,jamnagar_vadinar_feb2026,2026-01-25 14:00:00+00:00,2026-01-25 20:00:00+00:00,6.0,7,1.0,22.52571,69.79715,4.979,ordinary,flagged_facility,Jamnagar (Sikka) marine terminal,13.27,False,True,3,,False
419077200,AKASH,IND,jamnagar_vadinar_feb2026,2026-02-04 18:00:00+00:00,2026-02-05 00:00:00+00:00,6.0,7,1.0,22.51,69.8,0.0,ordinary,flagged_facility,Jamnagar (Sikka) marine terminal,12.11,False,True,3,,False
419077200,AKASH,IND,jamnagar_vadinar_feb2026,2026-02-11 12:00:00+00:00,2026-02-11 18:00:00+00:00,6.0,7,1.0,22.52571,69.79715,4.979,ordinary,flagged_facility,Jamnagar (Sikka) marine terminal,13.27,False,True,3,,False
419077200,AKASH,IND,jamnagar_vadinar_feb2026,2026-02-15 04:00:00+00:00,2026-02-15 10:00:00+00:00,6.0,7,1.0,22.51429,69.8,2.859,ordinary,flagged_facility,Jamnagar (Sikka) marine terminal,12.47,False,True,3,,False
419077500,AGNI,IND,jamnagar_vadinar_feb2026,2026-02-14 02:00:00+00:00,2026-02-14 08:00:00+00:00,6.0,7,1.0,22.57714,69.80571,4.825,ordinary,flagged_facility,Vadinar terminal / Nayara refinery (EU+UK sanctioned),16.27,False,True,3,,False
419077800,REL DARSHAN,IND,jamnagar_vadinar_feb2026,2026-02-13 06:00:00+00:00,2026-02-13 12:00:00+00:00,6.0,7,1.0,22.55429,69.84143,4.995,ordinary,flagged_facility,Jamnagar (Sikka) marine terminal,18.62,False,True,3,,False
419079300,MV ANJALI,IND,jamnagar_vadinar_feb2026,2026-02-03 11:00:00+00:00,2026-02-03 17:00:00+00:00,6.0,7,1.0,22.50571,69.83571,4.638,ordinary,flagged_facility,Jamnagar (Sikka) marine terminal,14.57,False,True,3,,False
419079300,MV ANJALI,IND,jamnagar_vadinar_feb2026,2026-02-07 02:00:00+00:00,2026-02-07 08:00:00+00:00,6.0,7,1.0,22.5,69.83429,0.587,ordinary,flagged_facility,Jamnagar (Sikka) marine terminal,14.09,False,True,3,,False
419079300,MV ANJALI,IND,jamnagar_vadinar_feb2026,2026-02-15 11:00:00+00:00,2026-02-15 17:00:00+00:00,6.0,7,1.0,22.50429,69.83571,2.379,ordinary,flagged_facility,Jamnagar (Sikka) marine terminal,14.48,False,True,3,,False
419079300,MV ANJALI,IND,jamnagar_vadinar_feb2026,2026-02-16 10:00:00+00:00,2026-02-16 16:00:00+00:00,6.0,7,1.0,22.50571,69.83,4.916,ordinary,flagged_facility,Jamnagar (Sikka) marine terminal,14.09,False,True,3,,False
419079300,MV ANJALI,IND,jamnagar_vadinar_feb2026,2026-02-16 17:00:00+00:00,2026-02-16 23:00:00+00:00,6.0,7,1.0,22.5,69.84,0.0,ordinary,flagged_facility,Jamnagar (Sikka) marine terminal,14.58,False,True,3,,False
419293000,RELTUG 7,IND,jamnagar_vadinar_feb2026,2026-02-09 02:00:00+00:00,2026-02-09 08:00:00+00:00,6.0,7,1.0,22.58714,69.85429,4.931,ordinary,flagged_facility,Vadinar terminal / Nayara refinery (EU+UK sanctioned),21.38,False,True,3,,False
419740000,DESH VIRAAT,IND,jamnagar_vadinar_feb2026,2026-01-29 07:00:00+00:00,2026-01-29 13:00:00+00:00,6.0,7,1.0,22.66429,69.65,4.924,ordinary,flagged_facility,Vadinar terminal / Nayara refinery (EU+UK sanctioned),12.71,False,True,3,,False
419956398,M V RAMESHWAR,IND,jamnagar_vadinar_feb2026,2026-01-30 08:00:00+00:00,2026-01-30 14:00:00+00:00,6.0,7,1.0,22.51286,69.75571,4.424,ordinary,flagged_facility,Jamnagar (Sikka) marine terminal,9.92,False,True,3,,False
419956398,M V RAMESHWAR,IND,jamnagar_vadinar_feb2026,2026-01-30 20:00:00+00:00,2026-01-31 02:00:00+00:00,6.0,7,1.0,22.51429,69.75571,3.676,ordinary,flagged_facility,Jamnagar (Sikka) marine terminal,10.07,False,True,3,,False
419956398,M V RAMESHWAR,IND,jamnagar_vadinar_feb2026,2026-01-31 03:00:00+00:00,2026-01-31 09:00:00+00:00,6.0,7,1.0,22.44143,69.80429,3.5,ordinary,flagged_facility,Jamnagar (Sikka) marine terminal,8.76,False,True,3,,False
419956398,M V RAMESHWAR,IND,jamnagar_vadinar_feb2026,2026-02-01 15:00:00+00:00,2026-02-01 21:00:00+00:00,6.0,7,1.0,22.44286,69.80429,3.356,ordinary,flagged_facility,Jamnagar (Sikka) marine terminal,8.78,False,True,3,,False
419956564,M.T.KB-XVII,IND,jamnagar_vadinar_feb2026,2026-02-01 01:00:00+00:00,2026-02-01 07:00:00+00:00,6.0,7,1.0,22.69,69.62857,2.229,ordinary,flagged_facility,Vadinar terminal / Nayara refinery (EU+UK sanctioned),15.72,False,True,3,,False
419956624,MV SANGAM III,IND,jamnagar_vadinar_feb2026,2026-02-15 14:00:00+00:00,2026-02-15 20:00:00+00:00,6.0,3,0.429,22.69,69.70667,3.526,ordinary,flagged_facility,Vadinar terminal / Nayara refinery (EU+UK sanctioned),16.62,False,True,3,,False
419956718,M.V NEER SAGAR,IND,jamnagar_vadinar_feb2026,2026-01-30 12:00:00+00:00,2026-01-30 18:00:00+00:00,6.0,4,0.571,22.5,69.7675,4.059,ordinary,flagged_facility,Jamnagar (Sikka) marine terminal,9.19,False,True,3,,False
419956718,M.V NEER SAGAR,IND,jamnagar_vadinar_feb2026,2026-01-31 20:00:00+00:00,2026-02-01 02:00:00+00:00,6.0,4,0.571,22.5025,69.765,1.482,ordinary,flagged_facility,Jamnagar (Sikka) marine terminal,9.29,False,True,3,,False
419956718,M.V NEER SAGAR,IND,jamnagar_vadinar_feb2026,2026-02-01 20:00:00+00:00,2026-02-02 02:00:00+00:00,6.0,4,0.571,22.5075,69.7625,1.413,ordinary,flagged_facility,Jamnagar (Sikka) marine terminal,9.66,False,True,3,,False
419956753,MARINE . 1,IND,jamnagar_vadinar_feb2026,2026-01-27 20:00:00+00:00,2026-01-28 02:00:00+00:00,6.0,5,0.714,22.442,69.806,1.962,ordinary,flagged_facility,Jamnagar (Sikka) marine terminal,8.94,False,True,3,,False
419956753,MARINE . 1,IND,jamnagar_vadinar_feb2026,2026-02-03 15:00:00+00:00,2026-02-03 21:00:00+00:00,6.0,7,1.0,22.57857,69.64143,1.297,ordinary,flagged_facility,Vadinar terminal / Nayara refinery (EU+UK sanctioned),3.3,False,True,3,,False
419956753,MARINE . 1,IND,jamnagar_vadinar_feb2026,2026-02-03 22:00:00+00:00,2026-02-04 04:00:00+00:00,6.0,7,1.0,22.54714,69.75286,4.195,ordinary,flagged_facility,Vadinar terminal / Nayara refinery (EU+UK sanctioned),10.57,False,True,3,,False
419956753,MARINE . 1,IND,jamnagar_vadinar_feb2026,2026-02-09 21:00:00+00:00,2026-02-10 03:00:00+00:00,6.0,2,0.286,22.445,69.81,1.959,ordinary,flagged_facility,Jamnagar (Sikka) marine terminal,9.4,False,True,3,,False
419956848,M V KARISMA IV,IND,jamnagar_vadinar_feb2026,2026-02-13 05:00:00+00:00,2026-02-13 11:00:00+00:00,6.0,7,1.0,22.45857,69.79286,2.725,ordinary,flagged_facility,Jamnagar (Sikka) marine terminal,8.13,False,True,3,,False
419957007,MT SEA STAR II,IND,jamnagar_vadinar_feb2026,2026-01-20 13:00:00+00:00,2026-01-20 19:00:00+00:00,6.0,4,0.571,22.4375,69.805,1.753,ordinary,flagged_facility,Jamnagar (Sikka) marine terminal,8.78,False,True,3,,False
419957007,MT SEA STAR II,IND,jamnagar_vadinar_feb2026,2026-02-01 09:00:00+00:00,2026-02-01 15:00:00+00:00,6.0,7,1.0,22.55286,69.76286,4.822,ordinary,flagged_facility,Vadinar terminal / Nayara refinery (EU+UK sanctioned),11.59,False,True,3,,False
419958525,GAUTAM ANTILLIA,IND,jamnagar_vadinar_feb2026,2026-01-24 10:00:00+00:00,2026-01-24 16:00:00+00:00,6.0,5,0.714,22.492,69.546,3.611,ordinary,flagged_facility,Vadinar terminal / Nayara refinery (EU+UK sanctioned),12.48,False,True,3,,False
419958525,GAUTAM ANTILLIA,IND,jamnagar_vadinar_feb2026,2026-01-26 01:00:00+00:00,2026-01-26 07:00:00+00:00,6.0,5,0.714,22.404,69.594,3.042,ordinary,flagged_facility,Jamnagar (Sikka) marine terminal,13.27,False,True,3,,False
419958545,,IND,jamnagar_vadinar_feb2026,2026-01-29 03:00:00+00:00,2026-01-29 09:00:00+00:00,6.0,5,0.714,22.442,69.676,1.082,ordinary,flagged_facility,Jamnagar (Sikka) marine terminal,4.71,False,True,3,,False
419958545,,IND,jamnagar_vadinar_feb2026,2026-02-03 12:00:00+00:00,2026-02-03 18:00:00+00:00,6.0,4,0.571,22.445,69.6775,1.837,ordinary,flagged_facility,Jamnagar (Sikka) marine terminal,4.68,False,True,3,,False
419958545,,IND,jamnagar_vadinar_feb2026,2026-02-05 11:00:00+00:00,2026-02-05 17:00:00+00:00,6.0,4,0.571,22.45,69.6725,2.239,ordinary,flagged_facility,Jamnagar (Sikka) marine terminal,5.36,False,True,3,,False
419958545,,IND,jamnagar_vadinar_feb2026,2026-02-06 03:00:00+00:00,2026-02-06 09:00:00+00:00,6.0,3,0.429,22.47667,69.66334,4.134,ordinary,flagged_facility,Jamnagar (Sikka) marine terminal,7.8,False,True,3,,False
419991279,DARIYA JYOT,IND,jamnagar_vadinar_feb2026,2026-01-24 17:00:00+00:00,2026-01-24 23:00:00+00:00,6.0,7,1.0,22.47143,69.65857,4.694,ordinary,flagged_facility,Jamnagar (Sikka) marine terminal,7.82,False,True,3,,False
356818000,GULF SUNRISE,PAN,jamnagar_vadinar_feb2026,2026-02-03 09:00:00+00:00,2026-02-05 09:00:00+00:00,48.0,49,1.0,22.66,69.91286,4.397,ordinary,open_water,Vadinar terminal / Nayara refinery (EU+UK sanctioned),29.63,False,False,2,,False
566304000,MARITIME NORDIC,SGP,jamnagar_vadinar_feb2026,2026-01-29 00:00:00+00:00,2026-01-30 23:00:00+00:00,47.0,48,1.0,22.62,69.89979,1.005,ordinary,open_water,Vadinar terminal / Nayara refinery (EU+UK sanctioned),26.8,False,False,2,,False
563068400,HAFNIA DESPINA,SGP,jamnagar_vadinar_feb2026,2026-01-20 00:00:00+00:00,2026-01-21 22:00:00+00:00,46.0,47,1.0,22.65,69.93,0.0,ordinary,open_water,Vadinar terminal / Nayara refinery (EU+UK sanctioned),30.82,False,False,2,,False
419084700,SEA CHEETAH,IND,jamnagar_vadinar_feb2026,2026-02-04 06:00:00+00:00,2026-02-06 03:00:00+00:00,45.0,46,1.0,22.65935,70.00717,4.958,ordinary,open_water,Vadinar terminal / Nayara refinery (EU+UK sanctioned),38.63,False,False,2,,False
419991639,MT. SHIVANI II,IND,jamnagar_vadinar_feb2026,2026-02-09 18:00:00+00:00,2026-02-11 15:00:00+00:00,45.0,46,1.0,22.55326,70.03065,3.576,ordinary,open_water,Jamnagar (Sikka) marine terminal,34.73,False,False,2,,False
477100200,LIAN LE HU,HKG,jamnagar_vadinar_feb2026,2026-01-28 04:00:00+00:00,2026-01-30 01:00:00+00:00,45.0,46,1.0,22.62043,69.90913,4.568,ordinary,open_water,Vadinar terminal / Nayara refinery (EU+UK sanctioned),27.73,False,False,2,,False
563080600,PHOENIX JAMNAGAR,SGP,jamnagar_vadinar_feb2026,2026-01-24 12:00:00+00:00,2026-01-26 09:00:00+00:00,45.0,46,1.0,22.66,69.91283,3.369,ordinary,open_water,Vadinar terminal / Nayara refinery (EU+UK sanctioned),29.62,False,False,2,,False
566304000,MARITIME NORDIC,SGP,jamnagar_vadinar_feb2026,2026-02-08 01:00:00+00:00,2026-02-09 22:00:00+00:00,45.0,46,1.0,22.62,69.9,0.0,ordinary,open_water,Vadinar terminal / Nayara refinery (EU+UK sanctioned),26.82,False,False,2,,False
636019153,CLEAROCEAN APOLLON,LBR,jamnagar_vadinar_feb2026,2026-02-10 12:00:00+00:00,2026-02-12 09:00:00+00:00,45.0,46,1.0,22.67065,69.96935,2.356,ordinary,open_water,Vadinar terminal / Nayara refinery (EU+UK sanctioned),35.42,False,False,2,,False
419991639,MT. SHIVANI II,IND,jamnagar_vadinar_feb2026,2026-02-04 11:00:00+00:00,2026-02-06 07:00:00+00:00,44.0,45,1.0,22.58022,70.05,2.199,ordinary,open_water,Jamnagar (Sikka) marine terminal,37.79,False,False,2,,False
419667000,JAG PRAKASH,IND,jamnagar_vadinar_feb2026,2026-01-22 13:00:00+00:00,2026-01-24 08:00:00+00:00,43.0,44,1.0,22.61932,69.90887,4.531,ordinary,open_water,Vadinar terminal / Nayara refinery (EU+UK sanctioned),27.67,False,False,2,,False
352003984,NORD VICTOR,PAN,jamnagar_vadinar_feb2026,2026-02-01 20:00:00+00:00,2026-02-03 13:00:00+00:00,41.0,42,1.0,22.63,69.91976,1.001,ordinary,open_water,Vadinar terminal / Nayara refinery (EU+UK sanctioned),29.09,False,False,2,,False
636013374,MARINA,LBR,jamnagar_vadinar_feb2026,2026-02-02 09:00:00+00:00,2026-02-04 02:00:00+00:00,41.0,42,1.0,22.67952,69.94524,2.798,ordinary,open_water,Vadinar terminal / Nayara refinery (EU+UK sanctioned),33.55,False,False,2,,False
636024871,CIELO DI CAGLIARI,LBR,jamnagar_vadinar_feb2026,2026-02-11 03:00:00+00:00,2026-02-12 20:00:00+00:00,41.0,42,1.0,22.62048,69.89905,3.164,ordinary,open_water,Vadinar terminal / Nayara refinery (EU+UK sanctioned),26.74,False,False,2,,False
419956691,KARISHMA,IND,jamnagar_vadinar_feb2026,2026-02-14 22:00:00+00:00,2026-02-16 14:00:00+00:00,40.0,41,1.0,22.64927,70.04049,2.355,ordinary,open_water,Jamnagar (Sikka) marine terminal,40.96,False,False,2,,False
538011332,MAYFAIR,MHL,jamnagar_vadinar_feb2026,2026-01-26 07:00:00+00:00,2026-01-27 23:00:00+00:00,40.0,41,1.0,22.62,69.91829,0.851,ordinary,open_water,Vadinar terminal / Nayara refinery (EU+UK sanctioned),28.62,False,False,2,,False
356818000,GULF SUNRISE,PAN,jamnagar_vadinar_feb2026,2026-01-31 18:00:00+00:00,2026-02-02 09:00:00+00:00,39.0,40,1.0,22.661,69.91375,4.653,ordinary,open_water,Vadinar terminal / Nayara refinery (EU+UK sanctioned),29.76,False,False,2,,False
371959000,TOYA,PAN,jamnagar_vadinar_feb2026,2026-01-26 20:00:00+00:00,2026-01-28 10:00:00+00:00,38.0,39,1.0,22.65897,69.91256,4.851,ordinary,open_water,Vadinar terminal / Nayara refinery (EU+UK sanctioned),29.55,False,False,2,,False
419956725,,IND,jamnagar_vadinar_feb2026,2026-01-27 11:00:00+00:00,2026-01-29 01:00:00+00:00,38.0,30,0.769,22.58,70.06,0.0,ordinary,open_water,Jamnagar (Sikka) marine terminal,38.71,False,False,2,,False
538011983,JAG PRIYA,MHL,jamnagar_vadinar_feb2026,2026-01-28 11:00:00+00:00,2026-01-30 01:00:00+00:00,38.0,39,1.0,22.63897,69.94795,4.429,ordinary,open_water,Vadinar terminal / Nayara refinery (EU+UK sanctioned),32.15,False,False,2,,False
352001740,ELVITA R,PAN,jamnagar_vadinar_feb2026,2026-01-20 00:00:00+00:00,2026-01-21 13:00:00+00:00,37.0,38,1.0,22.66,70.05395,0.621,ordinary,open_water,Jamnagar (Sikka) marine terminal,42.78,False,False,2,,False
352001740,ELVITA R,PAN,jamnagar_vadinar_feb2026,2026-01-24 12:00:00+00:00,2026-01-26 01:00:00+00:00,37.0,38,1.0,22.65526,70.05132,1.035,ordinary,open_water,Jamnagar (Sikka) marine terminal,42.25,False,False,2,,False
419956725,,IND,jamnagar_vadinar_feb2026,2026-01-24 12:00:00+00:00,2026-01-26 01:00:00+00:00,37.0,28,0.737,22.58,70.06,0.0,ordinary,open_water,Jamnagar (Sikka) marine terminal,38.71,False,False,2,,False
249245000,COSTAS P,MLT,jamnagar_vadinar_feb2026,2026-01-28 20:00:00+00:00,2026-01-30 07:00:00+00:00,35.0,36,1.0,22.64028,69.91,4.105,ordinary,open_water,Vadinar terminal / Nayara refinery (EU+UK sanctioned),28.52,False,False,2,,False
419956725,,IND,jamnagar_vadinar_feb2026,2026-01-29 13:00:00+00:00,2026-01-31 00:00:00+00:00,35.0,29,0.806,22.58,70.06,0.0,ordinary,open_water,Jamnagar (Sikka) marine terminal,38.71,False,False,2,,False
419001769,VAITARNA,IND,jamnagar_vadinar_feb2026,2026-01-28 06:00:00+00:00,2026-01-29 16:00:00+00:00,34.0,35,1.0,22.7,70.06,0.0,ordinary,open_water,Vadinar terminal / Nayara refinery (EU+UK sanctioned),45.27,False,False,2,,False
419991639,MT. SHIVANI II,IND,jamnagar_vadinar_feb2026,2026-02-06 11:00:00+00:00,2026-02-07 21:00:00+00:00,34.0,35,1.0,22.58114,70.04972,4.434,ordinary,open_water,Jamnagar (Sikka) marine terminal,37.81,False,False,2,,False
477124500,UNION PEACE,HKG,jamnagar_vadinar_feb2026,2026-02-03 19:00:00+00:00,2026-02-05 05:00:00+00:00,34.0,35,1.0,22.67029,69.96429,1.466,ordinary,open_water,Vadinar terminal / Nayara refinery (EU+UK sanctioned),34.92,False,False,2,,False
538005320,ST. MARY,MHL,jamnagar_vadinar_feb2026,2026-01-25 05:00:00+00:00,2026-01-26 15:00:00+00:00,34.0,35,1.0,22.66,69.97,0.0,ordinary,open_water,Vadinar terminal / Nayara refinery (EU+UK sanctioned),35.05,False,False,2,,False
636015337,HIGH TIDE,LBR,jamnagar_vadinar_feb2026,2026-02-15 13:00:00+00:00,2026-02-16 23:00:00+00:00,34.0,35,1.0,22.63,69.93,0.0,ordinary,open_water,Vadinar terminal / Nayara refinery (EU+UK sanctioned),30.09,False,False,2,,False
215736000,M/T MADEIRO,MLT,jamnagar_vadinar_feb2026,2026-02-06 07:00:00+00:00,2026-02-07 16:00:00+00:00,33.0,34,1.0,22.63029,69.91853,1.389,ordinary,open_water,Vadinar terminal / Nayara refinery (EU+UK sanctioned),28.98,False,False,2,,False
538012005,SEA POLLUX,MHL,jamnagar_vadinar_feb2026,2026-01-31 18:00:00+00:00,2026-02-02 03:00:00+00:00,33.0,34,1.0,22.67,69.93235,2.293,ordinary,open_water,Vadinar terminal / Nayara refinery (EU+UK sanctioned),31.91,False,False,2,,False
419001686,SANMAR SLOKA,IND,jamnagar_vadinar_feb2026,2026-02-09 23:00:00+00:00,2026-02-11 07:00:00+00:00,32.0,33,1.0,22.6303,69.92,1.078,ordinary,open_water,Vadinar terminal / Nayara refinery (EU+UK sanctioned),29.12,False,False,2,,False
241964000,AEGEAN WINNER,GRC,jamnagar_vadinar_feb2026,2026-01-24 16:00:00+00:00,2026-01-25 23:00:00+00:00,31.0,32,1.0,22.65,69.93,0.0,ordinary,open_water,Vadinar terminal / Nayara refinery (EU+UK sanctioned),30.82,False,False,2,,False
352006069,HOKKAIDO,PAN,jamnagar_vadinar_feb2026,2026-02-05 12:00:00+00:00,2026-02-06 19:00:00+00:00,31.0,32,1.0,22.62,69.89969,0.995,ordinary,open_water,Vadinar terminal / Nayara refinery (EU+UK sanctioned),26.79,False,False,2,,False
566737000,MARITIME EQUATOR,SGP,jamnagar_vadinar_feb2026,2026-02-15 17:00:00+00:00,2026-02-16 23:00:00+00:00,30.0,31,1.0,22.62,69.91033,0.993,ordinary,open_water,Vadinar terminal / Nayara refinery (EU+UK sanctioned),27.84,False,False,2,,False
419001455,M.T. RADHA,IND,jamnagar_vadinar_feb2026,2026-02-02 07:00:00+00:00,2026-02-03 12:00:00+00:00,29.0,29,0.967,22.7,70.07,0.0,ordinary,open_water,Vadinar terminal / Nayara refinery (EU+UK sanctioned),46.22,False,False,2,,False
419956398,M V RAMESHWAR,IND,jamnagar_vadinar_feb2026,2026-01-20 00:00:00+00:00,2026-01-21 05:00:00+00:00,29.0,30,1.0,22.601,70.05966,3.374,ordinary,open_water,Jamnagar (Sikka) marine terminal,39.73,False,False,2,,False
419991639,MT. SHIVANI II,IND,jamnagar_vadinar_feb2026,2026-01-25 20:00:00+00:00,2026-01-27 00:00:00+00:00,28.0,29,1.0,22.57793,70.04966,1.018,ordinary,open_water,Jamnagar (Sikka) marine terminal,37.65,False,False,2,,False
636019929,IMPERIAL,LBR,jamnagar_vadinar_feb2026,2026-01-26 07:00:00+00:00,2026-01-27 11:00:00+00:00,28.0,29,1.0,22.64,69.94965,0.99,ordinary,open_water,Vadinar terminal / Nayara refinery (EU+UK sanctioned),32.35,False,False,2,,False
354658000,KARIMATA,PAN,jamnagar_vadinar_feb2026,2026-02-07 06:00:00+00:00,2026-02-08 09:00:00+00:00,27.0,28,1.0,22.63036,69.92964,1.459,ordinary,open_water,Vadinar terminal / Nayara refinery (EU+UK sanctioned),30.07,False,False,2,,False
419001268,DESH ABHIMAAN,IND,jamnagar_vadinar_feb2026,2026-02-13 05:00:00+00:00,2026-02-14 08:00:00+00:00,27.0,28,1.0,22.69,69.95928,3.004,ordinary,open_water,Vadinar terminal / Nayara refinery (EU+UK sanctioned),35.36,False,False,2,,False
419001055,SAVYA,IND,jamnagar_vadinar_feb2026,2026-02-09 16:00:00+00:00,2026-02-10 17:00:00+00:00,25.0,26,1.0,22.68577,70.05039,1.092,ordinary,open_water,Vadinar terminal / Nayara refinery (EU+UK sanctioned),43.78,False,False,2,,False
419956678,UNIGLORY,IND,jamnagar_vadinar_feb2026,2026-02-09 15:00:00+00:00,2026-02-10 16:00:00+00:00,25.0,23,0.885,22.7,70.07,0.0,ordinary,open_water,Vadinar terminal / Nayara refinery (EU+UK sanctioned),46.22,False,False,2,,False
566737000,MARITIME EQUATOR,SGP,jamnagar_vadinar_feb2026,2026-02-06 07:00:00+00:00,2026-02-07 08:00:00+00:00,25.0,26,1.0,22.62115,69.90885,4.365,ordinary,open_water,Vadinar terminal / Nayara refinery (EU+UK sanctioned),27.73,False,False,2,,False
636019637,LILAC RAY,LBR,jamnagar_vadinar_feb2026,2026-01-20 00:00:00+00:00,2026-01-21 01:00:00+00:00,25.0,26,1.0,22.62,69.9,0.0,ordinary,open_water,Vadinar terminal / Nayara refinery (EU+UK sanctioned),26.82,False,False,2,,False
352001448,MEISSA,PAN,jamnagar_vadinar_feb2026,2026-02-10 01:00:00+00:00,2026-02-11 00:00:00+00:00,23.0,24,1.0,22.62083,69.89917,2.901,ordinary,open_water,Vadinar terminal / Nayara refinery (EU+UK sanctioned),26.77,False,False,2,,False
419956398,M V RAMESHWAR,IND,jamnagar_vadinar_feb2026,2026-01-25 10:00:00+00:00,2026-01-26 09:00:00+00:00,23.0,24,1.0,22.57083,70.04083,1.388,ordinary,open_water,Jamnagar (Sikka) marine terminal,36.49,False,False,2,,False
538011659,DHT CHINA,MHL,jamnagar_vadinar_feb2026,2026-02-02 06:00:00+00:00,2026-02-03 04:00:00+00:00,22.0,23,1.0,22.6513,69.89478,2.837,ordinary,open_water,Vadinar terminal / Nayara refinery (EU+UK sanctioned),27.54,False,False,2,,False
636015252,FPMC P HERO,LBR,jamnagar_vadinar_feb2026,2026-02-13 03:00:00+00:00,2026-02-14 01:00:00+00:00,22.0,23,1.0,22.66087,69.94956,2.342,ordinary,open_water,Vadinar terminal / Nayara refinery (EU+UK sanctioned),33.13,False,False,2,,False
636015337,HIGH TIDE,LBR,jamnagar_vadinar_feb2026,2026-01-24 06:00:00+00:00,2026-01-25 04:00:00+00:00,22.0,23,1.0,22.62,69.9,0.0,ordinary,open_water,Vadinar terminal / Nayara refinery (EU+UK sanctioned),26.82,False,False,2,,False
419826328,MT GAUTAM  PAWAN,IND,jamnagar_vadinar_feb2026,2026-02-10 17:00:00+00:00,2026-02-11 14:00:00+00:00,21.0,22,1.0,22.63091,70.03636,2.155,ordinary,open_water,Jamnagar (Sikka) marine terminal,39.43,False,False,2,,False
636019763,RESILIENT WARRIOR,LBR,jamnagar_vadinar_feb2026,2026-02-11 06:00:00+00:00,2026-02-12 03:00:00+00:00,21.0,22,1.0,22.68955,69.96455,2.733,ordinary,open_water,Vadinar terminal / Nayara refinery (EU+UK sanctioned),35.82,False,False,2,,False
352002851,EASTERN QUINCE,PAN,jamnagar_vadinar_feb2026,2026-01-29 21:00:00+00:00,2026-01-30 17:00:00+00:00,20.0,21,1.0,22.64952,69.89286,3.534,ordinary,open_water,Vadinar terminal / Nayara refinery (EU+UK sanctioned),27.28,False,False,2,,False
419473000,DESH GAURAV,IND,jamnagar_vadinar_feb2026,2026-01-26 09:00:00+00:00,2026-01-27 05:00:00+00:00,20.0,21,1.0,22.68952,69.96381,1.769,ordinary,open_water,Vadinar terminal / Nayara refinery (EU+UK sanctioned),35.75,False,False,2,,False
419956398,M V RAMESHWAR,IND,jamnagar_vadinar_feb2026,2026-01-26 10:00:00+00:00,2026-01-27 06:00:00+00:00,20.0,21,1.0,22.6381,70.01048,2.839,ordinary,open_water,Jamnagar (Sikka) marine terminal,37.76,False,False,2,,False
564430000,PHOENIX VIGOR,SGP,jamnagar_vadinar_feb2026,2026-02-08 04:00:00+00:00,2026-02-09 00:00:00+00:00,20.0,21,1.0,22.64,69.91524,0.537,ordinary,open_water,Vadinar terminal / Nayara refinery (EU+UK sanctioned),29.01,False,False,2,,False
636024460,VENUS MOON,LBR,jamnagar_vadinar_feb2026,2026-02-02 04:00:00+00:00,2026-02-03 00:00:00+00:00,20.0,21,1.0,22.66095,69.96762,4.989,ordinary,open_water,Vadinar terminal / Nayara refinery (EU+UK sanctioned),34.86,False,False,2,,False
419000103,SWARNA MALA,IND,jamnagar_vadinar_feb2026,2026-02-08 01:00:00+00:00,2026-02-08 20:00:00+00:00,19.0,20,1.0,22.6205,69.912,4.438,ordinary,open_water,Vadinar terminal / Nayara refinery (EU+UK sanctioned),28.02,False,False,2,,False
419001883,VIDHYALAXMI-1,IND,jamnagar_vadinar_feb2026,2026-02-05 13:00:00+00:00,2026-02-06 08:00:00+00:00,19.0,20,1.0,22.681,69.9545,2.163,ordinary,open_water,Vadinar terminal / Nayara refinery (EU+UK sanctioned),34.48,False,False,2,,False
419991639,MT. SHIVANI II,IND,jamnagar_vadinar_feb2026,2026-01-20 07:00:00+00:00,2026-01-21 02:00:00+00:00,19.0,20,1.0,22.5805,70.05,1.056,ordinary,open_water,Jamnagar (Sikka) marine terminal,37.81,False,False,2,,False
538003851,UACC MARAH,MHL,jamnagar_vadinar_feb2026,2026-02-12 14:00:00+00:00,2026-02-13 09:00:00+00:00,19.0,20,1.0,22.62,69.9125,0.769,ordinary,open_water,Vadinar terminal / Nayara refinery (EU+UK sanctioned),28.05,False,False,2,,False
563256700,NAVIG8 MARTINEZ,SGP,jamnagar_vadinar_feb2026,2026-02-01 11:00:00+00:00,2026-02-02 06:00:00+00:00,19.0,20,1.0,22.63,69.93,0.0,ordinary,open_water,Vadinar terminal / Nayara refinery (EU+UK sanctioned),30.09,False,False,2,,False
566762000,MARITIME POLARIS,SGP,jamnagar_vadinar_feb2026,2026-01-20 18:00:00+00:00,2026-01-21 13:00:00+00:00,19.0,20,1.0,22.631,69.918,2.806,ordinary,open_water,Vadinar terminal / Nayara refinery (EU+UK sanctioned),28.95,False,False,2,,False
419001755,SANMAR SAROD,IND,jamnagar_vadinar_feb2026,2026-01-23 06:00:00+00:00,2026-01-24 00:00:00+00:00,18.0,19,1.0,22.63421,69.91947,1.079,ordinary,open_water,Vadinar terminal / Nayara refinery (EU+UK sanctioned),29.21,False,False,2,,False
419956775,BLUE BELL,IND,jamnagar_vadinar_feb2026,2026-01-25 16:00:00+00:00,2026-01-26 10:00:00+00:00,18.0,19,1.0,22.61,70.03526,4.225,ordinary,open_water,Jamnagar (Sikka) marine terminal,38.07,False,False,2,,False
538003851,UACC MARAH,MHL,jamnagar_vadinar_feb2026,2026-01-20 08:00:00+00:00,2026-01-21 02:00:00+00:00,18.0,19,1.0,22.63,69.93,0.0,ordinary,open_water,Vadinar terminal / Nayara refinery (EU+UK sanctioned),30.09,False,False,2,,False
371458000,NEW AMORGOS,PAN,jamnagar_vadinar_feb2026,2026-02-05 15:00:00+00:00,2026-02-06 08:00:00+00:00,17.0,18,1.0,22.67389,69.96444,0.887,ordinary,open_water,Vadinar terminal / Nayara refinery (EU+UK sanctioned),35.09,False,False,2,,False
419956582,GAUTAM  VARUN,IND,jamnagar_vadinar_feb2026,2026-02-04 11:00:00+00:00,2026-02-05 04:00:00+00:00,17.0,18,1.0,22.7,70.03,0.0,ordinary,open_water,Vadinar terminal / Nayara refinery (EU+UK sanctioned),42.42,False,False,2,,False
419991639,MT. SHIVANI II,IND,jamnagar_vadinar_feb2026,2026-02-03 14:00:00+00:00,2026-02-04 07:00:00+00:00,17.0,18,1.0,22.58111,70.04945,3.213,ordinary,open_water,Jamnagar (Sikka) marine terminal,37.78,False,False,2,,False
538005300,FLAGSHIP SAGE,MHL,jamnagar_vadinar_feb2026,2026-02-03 06:00:00+00:00,2026-02-03 23:00:00+00:00,17.0,18,1.0,22.65,69.97,0.0,ordinary,open_water,Vadinar terminal / Nayara refinery (EU+UK sanctioned),34.68,False,False,2,,False
636013373,IOANNA,LBR,jamnagar_vadinar_feb2026,2026-02-07 07:00:00+00:00,2026-02-08 00:00:00+00:00,17.0,18,1.0,22.66,69.91611,0.627,ordinary,open_water,Vadinar terminal / Nayara refinery (EU+UK sanctioned),29.93,False,False,2,,False
636015337,HIGH TIDE,LBR,jamnagar_vadinar_feb2026,2026-01-23 12:00:00+00:00,2026-01-24 05:00:00+00:00,17.0,18,1.0,22.62167,69.89778,4.996,ordinary,open_water,Vadinar terminal / Nayara refinery (EU+UK sanctioned),26.66,False,False,2,,False
636021032,KITSOS,LBR,jamnagar_vadinar_feb2026,2026-02-10 08:00:00+00:00,2026-02-11 01:00:00+00:00,17.0,18,1.0,22.65333,69.90222,0.88,ordinary,open_water,Vadinar terminal / Nayara refinery (EU+UK sanctioned),28.33,False,False,2,,False
419001055,SAVYA,IND,jamnagar_vadinar_feb2026,2026-01-20 13:00:00+00:00,2026-01-21 05:00:00+00:00,16.0,17,1.0,22.56765,70.04588,4.927,ordinary,open_water,Jamnagar (Sikka) marine terminal,36.81,False,False,2,,False
419001055,SAVYA,IND,jamnagar_vadinar_feb2026,2026-02-03 14:00:00+00:00,2026-02-04 06:00:00+00:00,16.0,13,0.765,22.69923,70.06,4.23,ordinary,open_water,Vadinar terminal / Nayara refinery (EU+UK sanctioned),45.24,False,False,2,,False
419956398,M V RAMESHWAR,IND,jamnagar_vadinar_feb2026,2026-01-24 10:00:00+00:00,2026-01-25 02:00:00+00:00,16.0,17,1.0,22.58824,70.04765,2.544,ordinary,open_water,Jamnagar (Sikka) marine terminal,37.98,False,False,2,,False
566737000,MARITIME EQUATOR,SGP,jamnagar_vadinar_feb2026,2026-01-26 14:00:00+00:00,2026-01-27 06:00:00+00:00,16.0,17,1.0,22.63118,69.91882,2.848,ordinary,open_water,Vadinar terminal / Nayara refinery (EU+UK sanctioned),29.04,False,False,2,,False
319297100,SAIPH,CYM,jamnagar_vadinar_feb2026,2026-02-10 07:00:00+00:00,2026-02-10 22:00:00+00:00,15.0,16,1.0,22.63,69.93,0.0,ordinary,open_water,Vadinar terminal / Nayara refinery (EU+UK sanctioned),30.09,False,False,2,,False
352003690,HAKKAISAN,PAN,jamnagar_vadinar_feb2026,2026-02-12 16:00:00+00:00,2026-02-13 07:00:00+00:00,15.0,16,1.0,22.68062,69.94562,1.191,ordinary,open_water,Vadinar terminal / Nayara refinery (EU+UK sanctioned),33.64,False,False,2,,False
412706000,YUAN LAN WAN,CHN,jamnagar_vadinar_feb2026,2026-02-15 15:00:00+00:00,2026-02-16 06:00:00+00:00,15.0,16,1.0,22.635,69.9,0.556,ordinary,open_water,Vadinar terminal / Nayara refinery (EU+UK sanctioned),27.35,False,False,2,,False
419757000,SWARNA KALASH,IND,jamnagar_vadinar_feb2026,2026-02-06 00:00:00+00:00,2026-02-06 15:00:00+00:00,15.0,16,1.0,22.63,69.93,0.0,ordinary,open_water,Vadinar terminal / Nayara refinery (EU+UK sanctioned),30.09,False,False,2,,False
538003851,UACC MARAH,MHL,jamnagar_vadinar_feb2026,2026-02-14 08:00:00+00:00,2026-02-14 23:00:00+00:00,15.0,16,1.0,22.62,69.9,0.0,ordinary,open_water,Vadinar terminal / Nayara refinery (EU+UK sanctioned),26.82,False,False,2,,False
564430000,PHOENIX VIGOR,SGP,jamnagar_vadinar_feb2026,2026-02-10 11:00:00+00:00,2026-02-11 02:00:00+00:00,15.0,16,1.0,22.67688,69.94875,1.955,ordinary,open_water,Vadinar terminal / Nayara refinery (EU+UK sanctioned),33.76,False,False,2,,False
636019100,OLAF,LBR,jamnagar_vadinar_feb2026,2026-01-23 17:00:00+00:00,2026-01-24 08:00:00+00:00,15.0,16,1.0,22.63,69.93,0.0,ordinary,open_water,Vadinar terminal / Nayara refinery (EU+UK sanctioned),30.09,False,False,2,,False
370455000,HAIMA,PAN,jamnagar_vadinar_feb2026,2026-01-27 17:00:00+00:00,2026-01-28 07:00:00+00:00,14.0,15,1.0,22.64,69.91,0.0,ordinary,open_water,Vadinar terminal / Nayara refinery (EU+UK sanctioned),28.51,False,False,2,,False
419001883,VIDHYALAXMI-1,IND,jamnagar_vadinar_feb2026,2026-02-03 08:00:00+00:00,2026-02-03 22:00:00+00:00,14.0,15,1.0,22.65,69.97,0.0,ordinary,open_water,Vadinar terminal / Nayara refinery (EU+UK sanctioned),34.68,False,False,2,,False
419826328,MT GAUTAM  PAWAN,IND,jamnagar_vadinar_feb2026,2026-02-09 13:00:00+00:00,2026-02-10 03:00:00+00:00,14.0,13,0.867,22.62769,70.04,1.369,ordinary,open_water,Jamnagar (Sikka) marine terminal,39.54,False,False,2,,False
419956725,,IND,jamnagar_vadinar_feb2026,2026-01-21 13:00:00+00:00,2026-01-22 03:00:00+00:00,14.0,14,0.933,22.58,70.06,0.0,ordinary,open_water,Jamnagar (Sikka) marine terminal,38.71,False,False,2,,False
419956725,,IND,jamnagar_vadinar_feb2026,2026-01-23 11:00:00+00:00,2026-01-24 01:00:00+00:00,14.0,15,1.0,22.58,70.06,0.0,ordinary,open_water,Jamnagar (Sikka) marine terminal,38.71,False,False,2,,False
419956725,,IND,jamnagar_vadinar_feb2026,2026-01-26 13:00:00+00:00,2026-01-27 03:00:00+00:00,14.0,14,0.933,22.58,70.06,0.0,ordinary,open_water,Jamnagar (Sikka) marine terminal,38.71,False,False,2,,False
419956725,,IND,jamnagar_vadinar_feb2026,2026-01-31 12:00:00+00:00,2026-02-01 02:00:00+00:00,14.0,15,1.0,22.58,70.06,0.0,ordinary,open_water,Jamnagar (Sikka) marine terminal,38.71,False,False,2,,False
511101886,CRONY,PLW,jamnagar_vadinar_feb2026,2026-02-14 06:00:00+00:00,2026-02-14 20:00:00+00:00,14.0,15,1.0,22.52,70.03,0.0,ordinary,open_water,Jamnagar (Sikka) marine terminal,33.39,False,False,2,,False
511101886,CRONY,PLW,jamnagar_vadinar_feb2026,2026-02-16 03:00:00+00:00,2026-02-16 17:00:00+00:00,14.0,13,0.867,22.52,70.03,0.0,ordinary,open_water,Jamnagar (Sikka) marine terminal,33.39,False,False,2,,False
563080600,PHOENIX JAMNAGAR,SGP,jamnagar_vadinar_feb2026,2026-02-15 18:00:00+00:00,2026-02-16 08:00:00+00:00,14.0,15,1.0,22.67,69.932,4.31,ordinary,open_water,Vadinar terminal / Nayara refinery (EU+UK sanctioned),31.87,False,False,2,,False
219638000,TORM DIWATA,DNK,jamnagar_vadinar_feb2026,2026-01-21 06:00:00+00:00,2026-01-21 19:00:00+00:00,13.0,14,1.0,22.63071,69.92857,2.167,ordinary,open_water,Vadinar terminal / Nayara refinery (EU+UK sanctioned),29.97,False,False,2,,False
352001740,ELVITA R,PAN,jamnagar_vadinar_feb2026,2026-01-23 12:00:00+00:00,2026-01-24 01:00:00+00:00,13.0,14,1.0,22.65643,70.05143,0.965,ordinary,open_water,Jamnagar (Sikka) marine terminal,42.34,False,False,2,,False
352001740,ELVITA R,PAN,jamnagar_vadinar_feb2026,2026-01-26 12:00:00+00:00,2026-01-27 01:00:00+00:00,13.0,14,1.0,22.65643,70.055,0.88,ordinary,open_water,Jamnagar (Sikka) marine terminal,42.63,False,False,2,,False
352001740,ELVITA R,PAN,jamnagar_vadinar_feb2026,2026-01-27 12:00:00+00:00,2026-01-28 01:00:00+00:00,13.0,14,1.0,22.655,70.05286,0.92,ordinary,open_water,Jamnagar (Sikka) marine terminal,42.36,False,False,2,,False
352001740,ELVITA R,PAN,jamnagar_vadinar_feb2026,2026-01-28 12:00:00+00:00,2026-01-29 01:00:00+00:00,13.0,14,1.0,22.65571,70.05214,0.936,ordinary,open_water,Jamnagar (Sikka) marine terminal,42.35,False,False,2,,False
419956417,SHUBHSAGAR,IND,jamnagar_vadinar_feb2026,2026-01-24 06:00:00+00:00,2026-01-24 19:00:00+00:00,13.0,6,0.429,22.6,70.045,4.477,ordinary,open_water,Jamnagar (Sikka) marine terminal,38.36,False,False,2,,False
419956775,BLUE BELL,IND,jamnagar_vadinar_feb2026,2026-01-26 11:00:00+00:00,2026-01-27 00:00:00+00:00,13.0,14,1.0,22.52357,70.02928,2.94,ordinary,open_water,Jamnagar (Sikka) marine terminal,33.44,False,False,2,,False
419956775,BLUE BELL,IND,jamnagar_vadinar_feb2026,2026-02-08 23:00:00+00:00,2026-02-09 12:00:00+00:00,13.0,14,1.0,22.52,70.03,0.0,ordinary,open_water,Jamnagar (Sikka) marine terminal,33.39,False,False,2,,False
511101886,CRONY,PLW,jamnagar_vadinar_feb2026,2026-02-13 05:00:00+00:00,2026-02-13 18:00:00+00:00,13.0,14,1.0,22.52,70.03,0.0,ordinary,open_water,Jamnagar (Sikka) marine terminal,33.39,False,False,2,,False
538005320,ST. MARY,MHL,jamnagar_vadinar_feb2026,2026-01-23 03:00:00+00:00,2026-01-23 16:00:00+00:00,13.0,14,1.0,22.65071,69.89714,2.786,ordinary,open_water,Vadinar terminal / Nayara refinery (EU+UK sanctioned),27.73,False,False,2,,False
566312000,MARITIME KELLY ANNE,SGP,jamnagar_vadinar_feb2026,2026-01-29 21:00:00+00:00,2026-01-30 10:00:00+00:00,13.0,14,1.0,22.67,69.96,0.0,ordinary,open_water,Vadinar terminal / Nayara refinery (EU+UK sanctioned),34.51,False,False,2,,False
636021032,KITSOS,LBR,jamnagar_vadinar_feb2026,2026-01-30 14:00:00+00:00,2026-01-31 03:00:00+00:00,13.0,14,1.0,22.65857,69.90929,4.034,ordinary,open_water,Vadinar terminal / Nayara refinery (EU+UK sanctioned),29.23,False,False,2,,False
232019873,ORANGE VICTORIA,GBR,jamnagar_vadinar_feb2026,2026-01-20 00:00:00+00:00,2026-01-20 12:00:00+00:00,12.0,13,1.0,22.63,69.92,0.0,ordinary,open_water,Vadinar terminal / Nayara refinery (EU+UK sanctioned),29.11,False,False,2,,False
419000293,DWARKESH,IND,jamnagar_vadinar_feb2026,2026-02-04 06:00:00+00:00,2026-02-04 18:00:00+00:00,12.0,13,1.0,22.69,69.96462,0.553,ordinary,open_water,Vadinar terminal / Nayara refinery (EU+UK sanctioned),35.85,False,False,2,,False
419000912,VAILANKANNI,IND,jamnagar_vadinar_feb2026,2026-02-03 03:00:00+00:00,2026-02-03 15:00:00+00:00,12.0,13,1.0,22.64846,69.93154,3.777,ordinary,open_water,Vadinar terminal / Nayara refinery (EU+UK sanctioned),30.91,False,False,2,,False
419001055,SAVYA,IND,jamnagar_vadinar_feb2026,2026-01-20 00:00:00+00:00,2026-01-20 12:00:00+00:00,12.0,13,1.0,22.68077,70.06923,1.397,ordinary,open_water,Vadinar terminal / Nayara refinery (EU+UK sanctioned),45.42,False,False,2,,False
419826328,MT GAUTAM  PAWAN,IND,jamnagar_vadinar_feb2026,2026-02-10 04:00:00+00:00,2026-02-10 16:00:00+00:00,12.0,8,0.615,22.55375,70.0325,3.428,ordinary,open_water,Jamnagar (Sikka) marine terminal,34.93,False,False,2,,False
419956725,,IND,jamnagar_vadinar_feb2026,2026-01-22 13:00:00+00:00,2026-01-23 01:00:00+00:00,12.0,13,1.0,22.58,70.06,0.0,ordinary,open_water,Jamnagar (Sikka) marine terminal,38.71,False,False,2,,False
419956775,BLUE BELL,IND,jamnagar_vadinar_feb2026,2026-02-03 13:00:00+00:00,2026-02-04 01:00:00+00:00,12.0,13,1.0,22.64231,70.03539,3.264,ordinary,open_water,Jamnagar (Sikka) marine terminal,40.08,False,False,2,,False
477652200,COSGOLD LAKE,HKG,jamnagar_vadinar_feb2026,2026-01-23 12:00:00+00:00,2026-01-24 00:00:00+00:00,12.0,13,1.0,22.66385,69.91462,0.879,ordinary,open_water,Vadinar terminal / Nayara refinery (EU+UK sanctioned),29.97,False,False,2,,False
511101886,CRONY,PLW,jamnagar_vadinar_feb2026,2026-02-12 07:00:00+00:00,2026-02-12 19:00:00+00:00,12.0,13,1.0,22.52,70.03,0.0,ordinary,open_water,Jamnagar (Sikka) marine terminal,33.39,False,False,2,,False
511101886,CRONY,PLW,jamnagar_vadinar_feb2026,2026-02-15 04:00:00+00:00,2026-02-15 16:00:00+00:00,12.0,13,1.0,22.52,70.03,0.0,ordinary,open_water,Jamnagar (Sikka) marine terminal,33.39,False,False,2,,False
241502000,MINERVA KALYPSO,GRC,jamnagar_vadinar_feb2026,2026-02-16 12:00:00+00:00,2026-02-16 23:00:00+00:00,11.0,12,1.0,22.66,69.94667,0.684,ordinary,open_water,Vadinar terminal / Nayara refinery (EU+UK sanctioned),32.82,False,False,2,,False
419001455,M.T. RADHA,IND,jamnagar_vadinar_feb2026,2026-02-16 12:00:00+00:00,2026-02-16 23:00:00+00:00,11.0,12,1.0,22.68083,70.06,1.019,ordinary,open_water,Vadinar terminal / Nayara refinery (EU+UK sanctioned),44.53,False,False,2,,False
419956398,M V RAMESHWAR,IND,jamnagar_vadinar_feb2026,2026-01-27 15:00:00+00:00,2026-01-28 02:00:00+00:00,11.0,12,1.0,22.52,70.03,0.0,ordinary,open_water,Jamnagar (Sikka) marine terminal,33.39,False,False,2,,False
419956452,MV VEERAJ   SAGAR,IND,jamnagar_vadinar_feb2026,2026-02-16 07:00:00+00:00,2026-02-16 18:00:00+00:00,11.0,8,0.667,22.65,70.04,0.0,ordinary,open_water,Jamnagar (Sikka) marine terminal,40.97,False,False,2,,False
419956582,GAUTAM  VARUN,IND,jamnagar_vadinar_feb2026,2026-02-05 14:00:00+00:00,2026-02-06 01:00:00+00:00,11.0,11,0.917,22.7,70.03,0.0,ordinary,open_water,Vadinar terminal / Nayara refinery (EU+UK sanctioned),42.42,False,False,2,,False
419956582,GAUTAM  VARUN,IND,jamnagar_vadinar_feb2026,2026-02-08 15:00:00+00:00,2026-02-09 02:00:00+00:00,11.0,12,1.0,22.7,70.03,0.0,ordinary,open_water,Vadinar terminal / Nayara refinery (EU+UK sanctioned),42.42,False,False,2,,False
419956718,M.V NEER SAGAR,IND,jamnagar_vadinar_feb2026,2026-01-25 23:00:00+00:00,2026-01-26 10:00:00+00:00,11.0,10,0.833,22.635,70.014,1.54,ordinary,open_water,Jamnagar (Sikka) marine terminal,37.83,False,False,2,,False
419956753,MARINE . 1,IND,jamnagar_vadinar_feb2026,2026-01-26 15:00:00+00:00,2026-01-27 02:00:00+00:00,11.0,9,0.75,22.68889,69.95889,2.175,ordinary,open_water,Vadinar terminal / Nayara refinery (EU+UK sanctioned),35.27,False,False,2,,False
419956775,BLUE BELL,IND,jamnagar_vadinar_feb2026,2026-02-08 02:00:00+00:00,2026-02-08 13:00:00+00:00,11.0,12,1.0,22.6375,70.04083,3.199,ordinary,open_water,Jamnagar (Sikka) marine terminal,40.23,False,False,2,,False
419991639,MT. SHIVANI II,IND,jamnagar_vadinar_feb2026,2026-02-11 20:00:00+00:00,2026-02-12 07:00:00+00:00,11.0,12,1.0,22.57833,70.04834,1.261,ordinary,open_water,Jamnagar (Sikka) marine terminal,37.55,False,False,2,,False
538010358,PAULA GLORY,MHL,jamnagar_vadinar_feb2026,2026-02-05 12:00:00+00:00,2026-02-05 23:00:00+00:00,11.0,12,1.0,22.68,69.93667,4.788,ordinary,open_water,Vadinar terminal / Nayara refinery (EU+UK sanctioned),32.78,False,False,2,,False
566762000,MARITIME POLARIS,SGP,jamnagar_vadinar_feb2026,2026-02-02 07:00:00+00:00,2026-02-02 18:00:00+00:00,11.0,12,1.0,22.6225,69.89833,2.126,ordinary,open_water,Vadinar terminal / Nayara refinery (EU+UK sanctioned),26.74,False,False,2,,False
636019100,OLAF,LBR,jamnagar_vadinar_feb2026,2026-01-25 22:00:00+00:00,2026-01-26 09:00:00+00:00,11.0,12,1.0,22.67,69.9625,0.77,ordinary,open_water,Vadinar terminal / Nayara refinery (EU+UK sanctioned),34.74,False,False,2,,False
319287200,BELLATRIX,CYM,jamnagar_vadinar_feb2026,2026-02-12 17:00:00+00:00,2026-02-13 03:00:00+00:00,10.0,11,1.0,22.64727,69.94727,4.584,ordinary,open_water,Vadinar terminal / Nayara refinery (EU+UK sanctioned),32.38,False,False,2,,False
352005806,GATTACA,PAN,jamnagar_vadinar_feb2026,2026-01-31 17:00:00+00:00,2026-02-01 03:00:00+00:00,10.0,11,1.0,22.63727,69.89546,3.634,ordinary,open_water,Vadinar terminal / Nayara refinery (EU+UK sanctioned),27.0,False,False,2,,False
370455000,HAIMA,PAN,jamnagar_vadinar_feb2026,2026-01-30 21:00:00+00:00,2026-01-31 07:00:00+00:00,10.0,11,1.0,22.67,69.95545,4.663,ordinary,open_water,Vadinar terminal / Nayara refinery (EU+UK sanctioned),34.08,False,False,2,,False
419000912,VAILANKANNI,IND,jamnagar_vadinar_feb2026,2026-02-09 20:00:00+00:00,2026-02-10 06:00:00+00:00,10.0,11,1.0,22.62,69.91727,0.746,ordinary,open_water,Vadinar terminal / Nayara refinery (EU+UK sanctioned),28.52,False,False,2,,False
419002025,SANMAR SHEHNAI,IND,jamnagar_vadinar_feb2026,2026-02-04 23:00:00+00:00,2026-02-05 09:00:00+00:00,10.0,11,1.0,22.62,69.91,0.0,ordinary,open_water,Vadinar terminal / Nayara refinery (EU+UK sanctioned),27.81,False,False,2,,False
419757000,SWARNA KALASH,IND,jamnagar_vadinar_feb2026,2026-02-08 23:00:00+00:00,2026-02-09 09:00:00+00:00,10.0,11,1.0,22.65091,69.96546,4.773,ordinary,open_water,Vadinar terminal / Nayara refinery (EU+UK sanctioned),34.27,False,False,2,,False
419826328,MT GAUTAM  PAWAN,IND,jamnagar_vadinar_feb2026,2026-02-04 05:00:00+00:00,2026-02-04 15:00:00+00:00,10.0,11,1.0,22.62182,70.04,2.022,ordinary,open_water,Jamnagar (Sikka) marine terminal,39.18,False,False,2,,False
419956582,GAUTAM  VARUN,IND,jamnagar_vadinar_feb2026,2026-01-24 16:00:00+00:00,2026-01-25 02:00:00+00:00,10.0,6,0.545,22.58,70.05333,1.306,ordinary,open_water,Jamnagar (Sikka) marine terminal,38.09,False,False,2,,False
419956582,GAUTAM  VARUN,IND,jamnagar_vadinar_feb2026,2026-02-06 15:00:00+00:00,2026-02-07 01:00:00+00:00,10.0,11,1.0,22.7,70.03,0.0,ordinary,open_water,Vadinar terminal / Nayara refinery (EU+UK sanctioned),42.42,False,False,2,,False
419956582,GAUTAM  VARUN,IND,jamnagar_vadinar_feb2026,2026-02-07 15:00:00+00:00,2026-02-08 01:00:00+00:00,10.0,11,1.0,22.7,70.03,0.0,ordinary,open_water,Vadinar terminal / Nayara refinery (EU+UK sanctioned),42.42,False,False,2,,False
419956678,UNIGLORY,IND,jamnagar_vadinar_feb2026,2026-01-22 14:00:00+00:00,2026-01-23 00:00:00+00:00,10.0,11,1.0,22.69,70.07,0.0,ordinary,open_water,Vadinar terminal / Nayara refinery (EU+UK sanctioned),45.83,False,False,2,,False
419956718,M.V NEER SAGAR,IND,jamnagar_vadinar_feb2026,2026-01-21 09:00:00+00:00,2026-01-21 19:00:00+00:00,10.0,8,0.727,22.63,70.0175,3.206,ordinary,open_water,Jamnagar (Sikka) marine terminal,37.79,False,False,2,,False
419956718,M.V NEER SAGAR,IND,jamnagar_vadinar_feb2026,2026-01-22 21:00:00+00:00,2026-01-23 07:00:00+00:00,10.0,5,0.455,22.632,70.014,2.116,ordinary,open_water,Jamnagar (Sikka) marine terminal,37.63,False,False,2,,False
538011983,JAG PRIYA,MHL,jamnagar_vadinar_feb2026,2026-01-31 05:00:00+00:00,2026-01-31 15:00:00+00:00,10.0,11,1.0,22.65,69.96909,0.933,ordinary,open_water,Vadinar terminal / Nayara refinery (EU+UK sanctioned),34.59,False,False,2,,False
564977000,PM CROWN,SGP,jamnagar_vadinar_feb2026,2026-01-24 10:00:00+00:00,2026-01-24 20:00:00+00:00,10.0,11,1.0,22.67,69.96545,0.56,ordinary,open_water,Vadinar terminal / Nayara refinery (EU+UK sanctioned),35.02,False,False,2,,False
566304000,MARITIME NORDIC,SGP,jamnagar_vadinar_feb2026,2026-02-16 01:00:00+00:00,2026-02-16 11:00:00+00:00,10.0,11,1.0,22.62182,69.89727,3.453,ordinary,open_water,Vadinar terminal / Nayara refinery (EU+UK sanctioned),26.61,False,False,2,,False
636024871,CIELO DI CAGLIARI,LBR,jamnagar_vadinar_feb2026,2026-02-15 20:00:00+00:00,2026-02-16 06:00:00+00:00,10.0,11,1.0,22.66364,69.94,4.165,ordinary,open_water,Vadinar terminal / Nayara refinery (EU+UK sanctioned),32.34,False,False,2,,False
636025413,KALYMNOS I,LBR,jamnagar_vadinar_feb2026,2026-02-16 13:00:00+00:00,2026-02-16 23:00:00+00:00,10.0,11,1.0,22.66,69.97,0.0,ordinary,open_water,Vadinar terminal / Nayara refinery (EU+UK sanctioned),35.05,False,False,2,,False
352005899,NEPHIRA,PAN,jamnagar_vadinar_feb2026,2026-01-31 17:00:00+00:00,2026-02-01 02:00:00+00:00,9.0,10,1.0,22.652,69.897,3.696,ordinary,open_water,Vadinar terminal / Nayara refinery (EU+UK sanctioned),27.78,False,False,2,,False
419000505,MV BHAGIRATHI,IND,jamnagar_vadinar_feb2026,2026-01-23 19:00:00+00:00,2026-01-24 04:00:00+00:00,9.0,6,0.6,22.60667,70.045,4.846,ordinary,open_water,Jamnagar (Sikka) marine terminal,38.73,False,False,2,,False
419000912,VAILANKANNI,IND,jamnagar_vadinar_feb2026,2026-01-30 21:00:00+00:00,2026-01-31 06:00:00+00:00,9.0,10,1.0,22.673,69.96,3.002,ordinary,open_water,Vadinar terminal / Nayara refinery (EU+UK sanctioned),34.64,False,False,2,,False
419001883,VIDHYALAXMI-1,IND,jamnagar_vadinar_feb2026,2026-01-21 09:00:00+00:00,2026-01-21 18:00:00+00:00,9.0,10,1.0,22.65,69.93,0.0,ordinary,open_water,Vadinar terminal / Nayara refinery (EU+UK sanctioned),30.82,False,False,2,,False
419001883,VIDHYALAXMI-1,IND,jamnagar_vadinar_feb2026,2026-01-24 09:00:00+00:00,2026-01-24 18:00:00+00:00,9.0,10,1.0,22.67,69.966,0.616,ordinary,open_water,Vadinar terminal / Nayara refinery (EU+UK sanctioned),35.07,False,False,2,,False
419956691,KARISHMA,IND,jamnagar_vadinar_feb2026,2026-02-13 07:00:00+00:00,2026-02-13 16:00:00+00:00,9.0,8,0.8,22.5725,70.04125,2.143,ordinary,open_water,Jamnagar (Sikka) marine terminal,36.61,False,False,2,,False
419956775,BLUE BELL,IND,jamnagar_vadinar_feb2026,2026-02-05 14:00:00+00:00,2026-02-05 23:00:00+00:00,9.0,10,1.0,22.637,70.041,3.141,ordinary,open_water,Jamnagar (Sikka) marine terminal,40.21,False,False,2,,False
419956775,BLUE BELL,IND,jamnagar_vadinar_feb2026,2026-02-06 00:00:00+00:00,2026-02-06 09:00:00+00:00,9.0,10,1.0,22.577,70.048,3.526,ordinary,open_water,Jamnagar (Sikka) marine terminal,37.45,False,False,2,,False
419956775,BLUE BELL,IND,jamnagar_vadinar_feb2026,2026-02-06 13:00:00+00:00,2026-02-06 22:00:00+00:00,9.0,10,1.0,22.61,70.045,4.477,ordinary,open_water,Jamnagar (Sikka) marine terminal,38.92,False,False,2,,False
419958509,MT ZARQA,IND,jamnagar_vadinar_feb2026,2026-02-06 02:00:00+00:00,2026-02-06 11:00:00+00:00,9.0,10,1.0,22.649,70.009,3.819,ordinary,open_water,Jamnagar (Sikka) marine terminal,38.39,False,False,2,,False
419991639,MT. SHIVANI II,IND,jamnagar_vadinar_feb2026,2026-02-09 08:00:00+00:00,2026-02-09 17:00:00+00:00,9.0,10,1.0,22.577,70.037,4.791,ordinary,open_water,Jamnagar (Sikka) marine terminal,36.44,False,False,2,,False
229134000,HOUSTON,MLT,jamnagar_vadinar_feb2026,2026-01-22 17:00:00+00:00,2026-01-23 01:00:00+00:00,8.0,9,1.0,22.68889,69.96444,1.782,ordinary,open_water,Vadinar terminal / Nayara refinery (EU+UK sanctioned),35.78,False,False,2,,False
259982000,TARANGER,NOR,jamnagar_vadinar_feb2026,2026-02-06 19:00:00+00:00,2026-02-07 03:00:00+00:00,8.0,9,1.0,22.64,69.91556,0.57,ordinary,open_water,Vadinar terminal / Nayara refinery (EU+UK sanctioned),29.04,False,False,2,,False
419000293,DWARKESH,IND,jamnagar_vadinar_feb2026,2026-02-05 17:00:00+00:00,2026-02-06 01:00:00+00:00,8.0,9,1.0,22.67444,69.96444,1.821,ordinary,open_water,Vadinar terminal / Nayara refinery (EU+UK sanctioned),35.12,False,False,2,,False
419056200,M.T.IRIS,IND,jamnagar_vadinar_feb2026,2026-02-07 05:00:00+00:00,2026-02-07 13:00:00+00:00,8.0,9,1.0,22.66,69.94667,3.749,ordinary,open_water,Vadinar terminal / Nayara refinery (EU+UK sanctioned),32.82,False,False,2,,False
419084700,SEA CHEETAH,IND,jamnagar_vadinar_feb2026,2026-02-06 04:00:00+00:00,2026-02-06 12:00:00+00:00,8.0,9,1.0,22.64444,70.00889,2.035,ordinary,open_water,Jamnagar (Sikka) marine terminal,38.06,False,False,2,,False
419956452,MV VEERAJ   SAGAR,IND,jamnagar_vadinar_feb2026,2026-02-13 14:00:00+00:00,2026-02-13 22:00:00+00:00,8.0,9,1.0,22.57333,70.04222,2.018,ordinary,open_water,Jamnagar (Sikka) marine terminal,36.74,False,False,2,,False
419956582,GAUTAM  VARUN,IND,jamnagar_vadinar_feb2026,2026-02-03 18:00:00+00:00,2026-02-04 02:00:00+00:00,8.0,9,1.0,22.7,70.03,0.0,ordinary,open_water,Vadinar terminal / Nayara refinery (EU+UK sanctioned),42.42,False,False,2,,False
419956678,UNIGLORY,IND,jamnagar_vadinar_feb2026,2026-01-26 21:00:00+00:00,2026-01-27 05:00:00+00:00,8.0,9,1.0,22.69,70.07,0.0,ordinary,open_water,Vadinar terminal / Nayara refinery (EU+UK sanctioned),45.83,False,False,2,,False
419956679,MV ARUVI,IND,jamnagar_vadinar_feb2026,2026-01-21 14:00:00+00:00,2026-01-21 22:00:00+00:00,8.0,4,0.444,22.6325,70.065,4.97,ordinary,open_water,Jamnagar (Sikka) marine terminal,41.98,False,False,2,,False
419956775,BLUE BELL,IND,jamnagar_vadinar_feb2026,2026-01-20 10:00:00+00:00,2026-01-20 18:00:00+00:00,8.0,9,1.0,22.61667,70.03667,4.082,ordinary,open_water,Jamnagar (Sikka) marine terminal,38.58,False,False,2,,False
419956775,BLUE BELL,IND,jamnagar_vadinar_feb2026,2026-02-02 18:00:00+00:00,2026-02-03 02:00:00+00:00,8.0,9,1.0,22.57,70.04,0.0,ordinary,open_water,Jamnagar (Sikka) marine terminal,36.37,False,False,2,,False
419956775,BLUE BELL,IND,jamnagar_vadinar_feb2026,2026-02-04 12:00:00+00:00,2026-02-04 20:00:00+00:00,8.0,9,1.0,22.63111,70.04222,4.641,ordinary,open_water,Jamnagar (Sikka) marine terminal,39.94,False,False,2,,False
419956775,BLUE BELL,IND,jamnagar_vadinar_feb2026,2026-02-05 01:00:00+00:00,2026-02-05 09:00:00+00:00,8.0,9,1.0,22.63333,70.04,4.927,ordinary,open_water,Jamnagar (Sikka) marine terminal,39.89,False,False,2,,False
419956775,BLUE BELL,IND,jamnagar_vadinar_feb2026,2026-02-08 14:00:00+00:00,2026-02-08 22:00:00+00:00,8.0,9,1.0,22.57667,70.04778,3.482,ordinary,open_water,Jamnagar (Sikka) marine terminal,37.41,False,False,2,,False
419958509,MT ZARQA,IND,jamnagar_vadinar_feb2026,2026-02-10 04:00:00+00:00,2026-02-10 12:00:00+00:00,8.0,8,0.889,22.61375,70.0375,4.921,ordinary,open_water,Jamnagar (Sikka) marine terminal,38.48,False,False,2,,False
419991639,MT. SHIVANI II,IND,jamnagar_vadinar_feb2026,2026-02-08 02:00:00+00:00,2026-02-08 10:00:00+00:00,8.0,9,1.0,22.55111,70.03,0.988,ordinary,open_water,Jamnagar (Sikka) marine terminal,34.58,False,False,2,,False
538008582,ECO JOSHUA PARK,MHL,jamnagar_vadinar_feb2026,2026-02-14 18:00:00+00:00,2026-02-15 02:00:00+00:00,8.0,9,1.0,22.63444,69.89667,4.195,ordinary,open_water,Vadinar terminal / Nayara refinery (EU+UK sanctioned),27.01,False,False,2,,False
538011717,ADVANTAGE SERENITY,MHL,jamnagar_vadinar_feb2026,2026-01-28 03:00:00+00:00,2026-01-28 11:00:00+00:00,8.0,9,1.0,22.63778,69.89333,4.835,ordinary,open_water,Vadinar terminal / Nayara refinery (EU+UK sanctioned),26.82,False,False,2,,False
563180100,ALORA,SGP,jamnagar_vadinar_feb2026,2026-02-08 14:00:00+00:00,2026-02-08 22:00:00+00:00,8.0,9,1.0,22.64,69.93445,0.57,ordinary,open_water,Vadinar terminal / Nayara refinery (EU+UK sanctioned),30.87,False,False,2,,False
352004827,SAND,PAN,jamnagar_vadinar_feb2026,2026-01-20 00:00:00+00:00,2026-01-20 07:00:00+00:00,7.0,8,1.0,22.66,69.95,0.0,ordinary,open_water,Vadinar terminal / Nayara refinery (EU+UK sanctioned),33.14,False,False,2,,False
413179000,HAI TUN ZUO,CHN,jamnagar_vadinar_feb2026,2026-01-25 10:00:00+00:00,2026-01-25 17:00:00+00:00,7.0,8,1.0,22.65,69.8875,4.875,ordinary,open_water,Vadinar terminal / Nayara refinery (EU+UK sanctioned),26.8,False,False,2,,False
419000912,VAILANKANNI,IND,jamnagar_vadinar_feb2026,2026-01-23 12:00:00+00:00,2026-01-23 19:00:00+00:00,7.0,8,1.0,22.62125,69.90375,4.595,ordinary,open_water,Vadinar terminal / Nayara refinery (EU+UK sanctioned),27.23,False,False,2,,False
419000912,VAILANKANNI,IND,jamnagar_vadinar_feb2026,2026-01-29 03:00:00+00:00,2026-01-29 10:00:00+00:00,7.0,8,1.0,22.62875,69.90875,4.729,ordinary,open_water,Vadinar terminal / Nayara refinery (EU+UK sanctioned),27.97,False,False,2,,False
419001883,VIDHYALAXMI-1,IND,jamnagar_vadinar_feb2026,2026-01-26 01:00:00+00:00,2026-01-26 08:00:00+00:00,7.0,8,1.0,22.67375,69.96375,1.917,ordinary,open_water,Vadinar terminal / Nayara refinery (EU+UK sanctioned),35.02,False,False,2,,False
419001883,VIDHYALAXMI-1,IND,jamnagar_vadinar_feb2026,2026-01-31 07:00:00+00:00,2026-01-31 14:00:00+00:00,7.0,8,1.0,22.65,69.96625,2.694,ordinary,open_water,Vadinar terminal / Nayara refinery (EU+UK sanctioned),34.32,False,False,2,,False
419072700,RELTUG 14,IND,jamnagar_vadinar_feb2026,2026-02-02 03:00:00+00:00,2026-02-02 10:00:00+00:00,7.0,8,1.0,22.6475,69.88625,3.323,ordinary,open_water,Vadinar terminal / Nayara refinery (EU+UK sanctioned),26.57,False,False,2,,False
419956398,M V RAMESHWAR,IND,jamnagar_vadinar_feb2026,2026-01-27 07:00:00+00:00,2026-01-27 14:00:00+00:00,7.0,8,1.0,22.5875,70.05,0.834,ordinary,open_water,Jamnagar (Sikka) marine terminal,38.16,False,False,2,,False
419956417,SHUBHSAGAR,IND,jamnagar_vadinar_feb2026,2026-01-21 06:00:00+00:00,2026-01-21 13:00:00+00:00,7.0,6,0.75,22.625,70.05,4.025,ordinary,open_water,Jamnagar (Sikka) marine terminal,40.24,False,False,2,,False
419956417,SHUBHSAGAR,IND,jamnagar_vadinar_feb2026,2026-01-23 11:00:00+00:00,2026-01-23 18:00:00+00:00,7.0,4,0.5,22.6275,70.045,4.201,ordinary,open_water,Jamnagar (Sikka) marine terminal,39.96,False,False,2,,False
419956452,MV VEERAJ   SAGAR,IND,jamnagar_vadinar_feb2026,2026-02-14 12:00:00+00:00,2026-02-14 19:00:00+00:00,7.0,4,0.5,22.5775,70.0425,2.618,ordinary,open_water,Jamnagar (Sikka) marine terminal,36.97,False,False,2,,False
419956452,MV VEERAJ   SAGAR,IND,jamnagar_vadinar_feb2026,2026-02-15 02:00:00+00:00,2026-02-15 09:00:00+00:00,7.0,8,1.0,22.57125,70.04125,1.324,ordinary,open_water,Jamnagar (Sikka) marine terminal,36.55,False,False,2,,False
419956718,M.V NEER SAGAR,IND,jamnagar_vadinar_feb2026,2026-01-25 02:00:00+00:00,2026-01-25 09:00:00+00:00,7.0,4,0.5,22.6325,70.015,3.584,ordinary,open_water,Jamnagar (Sikka) marine terminal,37.75,False,False,2,,False
419956753,MARINE . 1,IND,jamnagar_vadinar_feb2026,2026-01-29 04:00:00+00:00,2026-01-29 11:00:00+00:00,7.0,8,1.0,22.62,69.91,0.0,ordinary,open_water,Vadinar terminal / Nayara refinery (EU+UK sanctioned),27.81,False,False,2,,False
419956753,MARINE . 1,IND,jamnagar_vadinar_feb2026,2026-02-09 00:00:00+00:00,2026-02-09 07:00:00+00:00,7.0,8,1.0,22.65,69.96875,3.207,ordinary,open_water,Vadinar terminal / Nayara refinery (EU+UK sanctioned),34.56,False,False,2,,False
419956753,MARINE . 1,IND,jamnagar_vadinar_feb2026,2026-02-09 08:00:00+00:00,2026-02-09 15:00:00+00:00,7.0,8,1.0,22.66,70.0475,4.874,ordinary,open_water,Jamnagar (Sikka) marine terminal,42.25,False,False,2,,False
419956775,BLUE BELL,IND,jamnagar_vadinar_feb2026,2026-01-20 23:00:00+00:00,2026-01-21 06:00:00+00:00,7.0,8,1.0,22.64375,70.0225,4.161,ordinary,open_water,Jamnagar (Sikka) marine terminal,39.12,False,False,2,,False
419956775,BLUE BELL,IND,jamnagar_vadinar_feb2026,2026-01-21 16:00:00+00:00,2026-01-21 23:00:00+00:00,7.0,8,1.0,22.57625,70.0425,3.189,ordinary,open_water,Jamnagar (Sikka) marine terminal,36.91,False,False,2,,False
419956775,BLUE BELL,IND,jamnagar_vadinar_feb2026,2026-01-22 17:00:00+00:00,2026-01-23 00:00:00+00:00,7.0,8,1.0,22.57875,70.045,3.549,ordinary,open_water,Jamnagar (Sikka) marine terminal,37.26,False,False,2,,False
419956775,BLUE BELL,IND,jamnagar_vadinar_feb2026,2026-01-23 17:00:00+00:00,2026-01-24 00:00:00+00:00,7.0,8,1.0,22.575,70.0425,3.062,ordinary,open_water,Jamnagar (Sikka) marine terminal,36.85,False,False,2,,False
419956775,BLUE BELL,IND,jamnagar_vadinar_feb2026,2026-01-24 21:00:00+00:00,2026-01-25 04:00:00+00:00,7.0,8,1.0,22.5625,70.035,4.445,ordinary,open_water,Jamnagar (Sikka) marine terminal,35.56,False,False,2,,False
419991639,MT. SHIVANI II,IND,jamnagar_vadinar_feb2026,2026-01-25 07:00:00+00:00,2026-01-25 14:00:00+00:00,7.0,8,1.0,22.58,70.04875,1.43,ordinary,open_water,Jamnagar (Sikka) marine terminal,37.67,False,False,2,,False
636015252,FPMC P HERO,LBR,jamnagar_vadinar_feb2026,2026-02-15 18:00:00+00:00,2026-02-16 01:00:00+00:00,7.0,8,1.0,22.6725,69.965,0.979,ordinary,open_water,Vadinar terminal / Nayara refinery (EU+UK sanctioned),35.09,False,False,2,,False
636025667,ULYSSES I,LBR,jamnagar_vadinar_feb2026,2026-01-31 05:00:00+00:00,2026-01-31 12:00:00+00:00,7.0,8,1.0,22.66,69.97,0.0,ordinary,open_water,Vadinar terminal / Nayara refinery (EU+UK sanctioned),35.05,False,False,2,,False
9004453,,,jamnagar_vadinar_feb2026,2026-02-09 13:00:00+00:00,2026-02-09 19:00:00+00:00,6.0,5,0.714,22.61,70.044,4.467,ordinary,open_water,Jamnagar (Sikka) marine terminal,38.84,False,False,2,,False
319287200,BELLATRIX,CYM,jamnagar_vadinar_feb2026,2026-01-20 00:00:00+00:00,2026-01-20 06:00:00+00:00,6.0,7,1.0,22.66,69.97,0.0,ordinary,open_water,Vadinar terminal / Nayara refinery (EU+UK sanctioned),35.05,False,False,2,,False
353337000,ABAN II,PAN,jamnagar_vadinar_feb2026,2026-02-03 23:00:00+00:00,2026-02-04 05:00:00+00:00,6.0,7,1.0,22.67429,69.90143,4.326,ordinary,open_water,Vadinar terminal / Nayara refinery (EU+UK sanctioned),29.28,False,False,2,,False
354971000,OCEAN NOBILITY,PAN,jamnagar_vadinar_feb2026,2026-02-05 01:00:00+00:00,2026-02-05 07:00:00+00:00,6.0,6,0.857,22.665,69.925,4.91,ordinary,open_water,Vadinar terminal / Nayara refinery (EU+UK sanctioned),30.99,False,False,2,,False
419000293,DWARKESH,IND,jamnagar_vadinar_feb2026,2026-01-31 04:00:00+00:00,2026-01-31 10:00:00+00:00,6.0,7,1.0,22.66571,69.97286,1.749,ordinary,open_water,Vadinar terminal / Nayara refinery (EU+UK sanctioned),35.55,False,False,2,,False
419000293,DWARKESH,IND,jamnagar_vadinar_feb2026,2026-02-09 02:00:00+00:00,2026-02-09 08:00:00+00:00,6.0,7,1.0,22.65571,69.97286,3.223,ordinary,open_water,Vadinar terminal / Nayara refinery (EU+UK sanctioned),35.17,False,False,2,,False
419000912,VAILANKANNI,IND,jamnagar_vadinar_feb2026,2026-02-15 22:00:00+00:00,2026-02-16 04:00:00+00:00,6.0,7,1.0,22.66143,69.95,0.953,ordinary,open_water,Vadinar terminal / Nayara refinery (EU+UK sanctioned),33.19,False,False,2,,False
419001109,SAGAR URMIKA,IND,jamnagar_vadinar_feb2026,2026-01-21 07:00:00+00:00,2026-01-21 13:00:00+00:00,6.0,7,1.0,22.64714,69.94571,4.423,ordinary,open_water,Vadinar terminal / Nayara refinery (EU+UK sanctioned),32.22,False,False,2,,False
419001268,DESH ABHIMAAN,IND,jamnagar_vadinar_feb2026,2026-02-16 16:00:00+00:00,2026-02-16 22:00:00+00:00,6.0,7,1.0,22.69,69.96,1.026,ordinary,open_water,Vadinar terminal / Nayara refinery (EU+UK sanctioned),35.42,False,False,2,,False
419001883,VIDHYALAXMI-1,IND,jamnagar_vadinar_feb2026,2026-02-11 15:00:00+00:00,2026-02-11 21:00:00+00:00,6.0,7,1.0,22.66286,70.05429,3.075,ordinary,open_water,Jamnagar (Sikka) marine terminal,43.0,False,False,2,,False
419001883,VIDHYALAXMI-1,IND,jamnagar_vadinar_feb2026,2026-02-15 17:00:00+00:00,2026-02-15 23:00:00+00:00,6.0,7,1.0,22.68143,69.96571,2.532,ordinary,open_water,Vadinar terminal / Nayara refinery (EU+UK sanctioned),35.55,False,False,2,,False
419002032,SEA  PRESTIGE,IND,jamnagar_vadinar_feb2026,2026-02-03 23:00:00+00:00,2026-02-04 05:00:00+00:00,6.0,7,1.0,22.67571,69.90571,3.86,ordinary,open_water,Vadinar terminal / Nayara refinery (EU+UK sanctioned),29.74,False,False,2,,False
419004400,SANGITA,IND,jamnagar_vadinar_feb2026,2026-02-03 23:00:00+00:00,2026-02-04 05:00:00+00:00,6.0,7,1.0,22.67714,69.90571,3.797,ordinary,open_water,Vadinar terminal / Nayara refinery (EU+UK sanctioned),29.81,False,False,2,,False
419056200,M.T.IRIS,IND,jamnagar_vadinar_feb2026,2026-02-02 08:00:00+00:00,2026-02-02 14:00:00+00:00,6.0,7,1.0,22.65143,69.93286,3.929,ordinary,open_water,Vadinar terminal / Nayara refinery (EU+UK sanctioned),31.15,False,False,2,,False
419084700,SEA CHEETAH,IND,jamnagar_vadinar_feb2026,2026-02-03 23:00:00+00:00,2026-02-04 05:00:00+00:00,6.0,7,1.0,22.67714,69.90429,3.933,ordinary,open_water,Vadinar terminal / Nayara refinery (EU+UK sanctioned),29.68,False,False,2,,False
419956398,M V RAMESHWAR,IND,jamnagar_vadinar_feb2026,2026-01-23 02:00:00+00:00,2026-01-23 08:00:00+00:00,6.0,7,1.0,22.57286,70.04286,2.042,ordinary,open_water,Jamnagar (Sikka) marine terminal,36.78,False,False,2,,False
419956398,M V RAMESHWAR,IND,jamnagar_vadinar_feb2026,2026-01-24 03:00:00+00:00,2026-01-24 09:00:00+00:00,6.0,7,1.0,22.65571,70.03857,1.956,ordinary,open_water,Jamnagar (Sikka) marine terminal,41.23,False,False,2,,False
419956398,M V RAMESHWAR,IND,jamnagar_vadinar_feb2026,2026-01-25 03:00:00+00:00,2026-01-25 09:00:00+00:00,6.0,7,1.0,22.65429,70.04143,3.913,ordinary,open_water,Jamnagar (Sikka) marine terminal,41.37,False,False,2,,False
419956417,SHUBHSAGAR,IND,jamnagar_vadinar_feb2026,2026-01-22 15:00:00+00:00,2026-01-22 21:00:00+00:00,6.0,2,0.286,22.6,70.045,3.375,ordinary,open_water,Jamnagar (Sikka) marine terminal,38.36,False,False,2,,False
419956653,,IND,jamnagar_vadinar_feb2026,2026-02-12 08:00:00+00:00,2026-02-12 14:00:00+00:00,6.0,5,0.714,22.574,70.044,3.031,ordinary,open_water,Jamnagar (Sikka) marine terminal,36.94,False,False,2,,False
419956679,MV ARUVI,IND,jamnagar_vadinar_feb2026,2026-01-20 13:00:00+00:00,2026-01-20 19:00:00+00:00,6.0,3,0.429,22.65,70.07333,0.684,ordinary,open_water,Jamnagar (Sikka) marine terminal,43.76,False,False,2,,False
419956679,MV ARUVI,IND,jamnagar_vadinar_feb2026,2026-01-21 03:00:00+00:00,2026-01-21 09:00:00+00:00,6.0,3,0.429,22.64333,70.07,1.483,ordinary,open_water,Jamnagar (Sikka) marine terminal,43.07,False,False,2,,False
419956691,KARISHMA,IND,jamnagar_vadinar_feb2026,2026-02-12 19:00:00+00:00,2026-02-13 01:00:00+00:00,6.0,7,1.0,22.57286,70.04286,2.594,ordinary,open_water,Jamnagar (Sikka) marine terminal,36.78,False,False,2,,False
419956691,KARISHMA,IND,jamnagar_vadinar_feb2026,2026-02-14 03:00:00+00:00,2026-02-14 09:00:00+00:00,6.0,7,1.0,22.57,70.04,0.0,ordinary,open_water,Jamnagar (Sikka) marine terminal,36.37,False,False,2,,False
419956691,KARISHMA,IND,jamnagar_vadinar_feb2026,2026-02-14 15:00:00+00:00,2026-02-14 21:00:00+00:00,6.0,7,1.0,22.57571,70.04286,2.798,ordinary,open_water,Jamnagar (Sikka) marine terminal,36.91,False,False,2,,False
419956718,M.V NEER SAGAR,IND,jamnagar_vadinar_feb2026,2026-01-22 01:00:00+00:00,2026-01-22 07:00:00+00:00,6.0,4,0.571,22.63,70.0225,4.37,ordinary,open_water,Jamnagar (Sikka) marine terminal,38.21,False,False,2,,False
419956718,M.V NEER SAGAR,IND,jamnagar_vadinar_feb2026,2026-01-23 14:00:00+00:00,2026-01-23 20:00:00+00:00,6.0,4,0.571,22.6325,70.0175,4.918,ordinary,open_water,Jamnagar (Sikka) marine terminal,37.96,False,False,2,,False
419956718,M.V NEER SAGAR,IND,jamnagar_vadinar_feb2026,2026-01-24 15:00:00+00:00,2026-01-24 21:00:00+00:00,6.0,4,0.571,22.6275,70.0175,3.832,ordinary,open_water,Jamnagar (Sikka) marine terminal,37.63,False,False,2,,False
419956725,,IND,jamnagar_vadinar_feb2026,2026-01-21 00:00:00+00:00,2026-01-21 06:00:00+00:00,6.0,3,0.429,22.58333,70.06,0.741,ordinary,open_water,Jamnagar (Sikka) marine terminal,38.87,False,False,2,,False
419956753,MARINE . 1,IND,jamnagar_vadinar_feb2026,2026-02-14 14:00:00+00:00,2026-02-14 20:00:00+00:00,6.0,7,1.0,22.63,69.91286,2.346,ordinary,open_water,Vadinar terminal / Nayara refinery (EU+UK sanctioned),28.41,False,False,2,,False
419956775,BLUE BELL,IND,jamnagar_vadinar_feb2026,2026-01-20 00:00:00+00:00,2026-01-20 06:00:00+00:00,6.0,7,1.0,22.61429,70.03714,4.933,ordinary,open_water,Jamnagar (Sikka) marine terminal,38.48,False,False,2,,False
419956775,BLUE BELL,IND,jamnagar_vadinar_feb2026,2026-01-23 06:00:00+00:00,2026-01-23 12:00:00+00:00,6.0,7,1.0,22.56857,70.04143,2.54,ordinary,open_water,Jamnagar (Sikka) marine terminal,36.44,False,False,2,,False
419956775,BLUE BELL,IND,jamnagar_vadinar_feb2026,2026-01-24 07:00:00+00:00,2026-01-24 13:00:00+00:00,6.0,7,1.0,22.56714,70.04,2.165,ordinary,open_water,Jamnagar (Sikka) marine terminal,36.24,False,False,2,,False
419956775,BLUE BELL,IND,jamnagar_vadinar_feb2026,2026-01-24 14:00:00+00:00,2026-01-24 20:00:00+00:00,6.0,7,1.0,22.64857,70.02143,1.297,ordinary,open_water,Jamnagar (Sikka) marine terminal,39.36,False,False,2,,False
419956775,BLUE BELL,IND,jamnagar_vadinar_feb2026,2026-02-04 02:00:00+00:00,2026-02-04 08:00:00+00:00,6.0,7,1.0,22.58286,70.04572,3.011,ordinary,open_water,Jamnagar (Sikka) marine terminal,37.53,False,False,2,,False
419956775,BLUE BELL,IND,jamnagar_vadinar_feb2026,2026-02-07 02:00:00+00:00,2026-02-07 08:00:00+00:00,6.0,7,1.0,22.63286,70.04143,4.846,ordinary,open_water,Jamnagar (Sikka) marine terminal,39.98,False,False,2,,False
419956775,BLUE BELL,IND,jamnagar_vadinar_feb2026,2026-02-07 13:00:00+00:00,2026-02-07 19:00:00+00:00,6.0,7,1.0,22.63286,70.04286,2.645,ordinary,open_water,Jamnagar (Sikka) marine terminal,40.11,False,False,2,,False
419958509,MT ZARQA,IND,jamnagar_vadinar_feb2026,2026-01-31 06:00:00+00:00,2026-01-31 12:00:00+00:00,6.0,4,0.571,22.645,70.02,1.958,ordinary,open_water,Jamnagar (Sikka) marine terminal,39.0,False,False,2,,False
636021297,KALAMOS,LBR,jamnagar_vadinar_feb2026,2026-02-06 00:00:00+00:00,2026-02-06 06:00:00+00:00,6.0,7,1.0,22.63286,69.89429,1.668,ordinary,open_water,Vadinar terminal / Nayara refinery (EU+UK sanctioned),26.72,False,False,2,,False
