mmsi,ship_name,is_known_artifact,total_windows_observed,appears_in_windows,flagged_event_count,flagged_event_types,flags_qatar_control_sep2025,flags_qatar_spoofing_oct2025,flags_hormuz_control_jan2026,flags_hormuz_crisis_mar2026,flag_rate,most_recent_flag_window,gfw_identity_available,flag_state,flag_source,resolved_vessel_type,vessel_type_source,vessel_type_caveat,gfw_shiptype,gfw_geartype,foc_match,foc_list,gfw_built_year,vessel_age_years,age_over_15yr,gfw_owner,gfw_owner_flag,gfw_imo,gfw_iuu_status,behavioral_score,behavioral_multiplier,behavioral_score_adjusted,foc_score,age_score,reliability_score_no_caveat,reliability_score
511101414,SELENIA,False,1,hormuz_control_jan2026,4,trajectory_deviation_high,0,0,4,0,4.0,hormuz_control_jan2026,True,PLW,gfw_identity,OTHER,gfw_identity,False,OTHER,OTHER,True,shadow_fleet,,,,,,,,60.0,1.0,60.0,20.0,0.0,80.0,80.0
636018010,PATRIS,False,1,hormuz_control_jan2026,4,genuine_cluster_member;trajectory_deviation_high,0,0,4,0,4.0,hormuz_control_jan2026,True,LBR,gfw_identity,TANKER,gfw_identity,False,OTHER,TANKER,True,ITF_FOC,,,,ARTEMIS GAS 1 SHIPPING,MHL,9766889,,60.0,1.0,60.0,20.0,0.0,80.0,80.0
636025162,OCEAN CENTURY,False,1,hormuz_crisis_mar2026,4,genuine_cluster_member;trajectory_deviation_high,0,0,0,4,4.0,hormuz_crisis_mar2026,True,LBR,gfw_identity,NA,gfw_identity,False,NA,NA,True,ITF_FOC,,,,,,,,60.0,1.0,60.0,20.0,0.0,80.0,80.0
212851000,DUBAI VENTURE,False,1,hormuz_crisis_mar2026,3,genuine_cluster_member;trajectory_deviation_high,0,0,0,3,3.0,hormuz_crisis_mar2026,True,CYP,gfw_identity,CARGO,gfw_identity,False,CARGO,CARGO,True,ITF_FOC,,,,PACIFIC RUNNER SHIPPING,CYP,9202259,,45.0,1.0,45.0,20.0,0.0,65.0,65.0
229478000,KIRAN ANATOLIA,False,1,hormuz_control_jan2026,3,genuine_cluster_member;trajectory_deviation_high,0,0,3,0,3.0,hormuz_control_jan2026,True,MLT,gfw_identity,CARGO,gfw_identity,False,CARGO,CARGO,True,ITF_FOC,,,,BORDER SHIPPING,MLT,9650171,,45.0,1.0,45.0,20.0,0.0,65.0,65.0
351551000,GEM NO.5,False,1,hormuz_control_jan2026,3,trajectory_deviation_high,0,0,3,0,3.0,hormuz_control_jan2026,True,DEU,gfw_identity,CARGO,gfw_identity,False,CARGO,CARGO,True,ITF_FOC,,,,ORIENT EXPRESS LINES,ARE,9128192,,45.0,1.0,45.0,20.0,0.0,65.0,65.0
352003690,HAKKAISAN,False,1,hormuz_control_jan2026,3,genuine_cluster_member;trajectory_deviation_high,0,0,3,0,3.0,hormuz_control_jan2026,True,PAN,gfw_identity,OTHER,gfw_identity,False,OTHER,OTHER,True,ITF_FOC,,,,,,,,45.0,1.0,45.0,20.0,0.0,65.0,65.0
355400000,SAN FRANCISCO BRIDGE,False,1,hormuz_control_jan2026,3,trajectory_deviation_high,0,0,3,0,3.0,hormuz_control_jan2026,True,PAN,gfw_identity,CARGO,gfw_identity,False,CARGO,CARGO,True,ITF_FOC,,,,PRIMAVERA MONTANA,PAN,9560364,,45.0,1.0,45.0,20.0,0.0,65.0,65.0
374228000,KHALEJIA ANA 3,False,1,hormuz_crisis_mar2026,3,genuine_cluster_member,0,0,0,3,3.0,hormuz_crisis_mar2026,True,PAN,gfw_identity,CARGO,gfw_identity,False,CARGO,CARGO,True,ITF_FOC,,,,MARE WORLDWIDE,PAN,9164627,,45.0,1.0,45.0,20.0,0.0,65.0,65.0
538010037,CF ATHENA,False,1,hormuz_control_jan2026,3,trajectory_deviation_high,0,0,3,0,3.0,hormuz_control_jan2026,True,MHL,gfw_identity,CARGO,gfw_identity,False,CARGO,CARGO,True,ITF_FOC,,,,,,9239886,,45.0,1.0,45.0,20.0,0.0,65.0,65.0
538011816,KIRA OCEAN,False,1,hormuz_control_jan2026,3,genuine_cluster_member;trajectory_deviation_high,0,0,3,0,3.0,hormuz_control_jan2026,True,MHL,gfw_identity,CARGO,gfw_identity,False,CARGO,CARGO,True,ITF_FOC,,,,,,9441398,,45.0,1.0,45.0,20.0,0.0,65.0,65.0
620999314,SAMIA -1,False,1,hormuz_control_jan2026,3,genuine_cluster_member;trajectory_deviation_high,0,0,3,0,3.0,hormuz_control_jan2026,True,COM,gfw_identity,CARGO,gfw_identity,False,CARGO,CARGO,True,ITF_FOC,,,,,,9910715,,45.0,1.0,45.0,20.0,0.0,65.0,65.0
620999392,ELIA,False,1,hormuz_control_jan2026,3,genuine_cluster_member;trajectory_deviation_high,0,0,3,0,3.0,hormuz_control_jan2026,True,COM,gfw_identity,CARGO,gfw_identity,False,CARGO,CARGO,True,ITF_FOC,,,,,,,,45.0,1.0,45.0,20.0,0.0,65.0,65.0
620999680,SEA MIKAEEL,False,1,hormuz_control_jan2026,3,genuine_cluster_member;trajectory_deviation_high,0,0,3,0,3.0,hormuz_control_jan2026,True,COM,gfw_identity,CARGO,gfw_identity,False,CARGO,CARGO,True,ITF_FOC,,,,,,1040485,,45.0,1.0,45.0,20.0,0.0,65.0,65.0
9126842,BU HAROO)N,False,1,hormuz_control_jan2026,6,genuine_cluster_member;trajectory_deviation_high,0,0,6,0,6.0,hormuz_control_jan2026,True,,unknown,GEAR,gfw_identity,False,GEAR,GEAR,False,,,,,,,,,60.0,1.0,60.0,0.0,0.0,60.0,60.0
9123002,HMR FISHING BOAT,False,1,hormuz_control_jan2026,4,genuine_cluster_member;trajectory_deviation_high,0,0,4,0,4.0,hormuz_control_jan2026,True,,unknown,GEAR,gfw_identity,False,GEAR,GEAR,False,,,,,,,,,60.0,1.0,60.0,0.0,0.0,60.0,60.0
219216000,MAERSK BOSTON,False,1,hormuz_control_jan2026,4,trajectory_deviation_high,0,0,4,0,4.0,hormuz_control_jan2026,True,DNK,gfw_identity,CARGO,gfw_identity,False,CARGO,CARGO,False,,,,,MAERSK LINE,DNK,9313905,,60.0,1.0,60.0,0.0,0.0,60.0,60.0
234611922,ARMIN-1-99%,False,1,hormuz_control_jan2026,4,genuine_cluster_member;trajectory_deviation_high,0,0,4,0,4.0,hormuz_control_jan2026,True,GBR,gfw_identity,GEAR,gfw_identity,False,GEAR,GEAR,False,,,,,,,,,60.0,1.0,60.0,0.0,0.0,60.0,60.0
422030131,NET-ZOLJENAKH-80%,False,1,hormuz_control_jan2026,4,genuine_cluster_member;trajectory_deviation_high,0,0,4,0,4.0,hormuz_control_jan2026,True,IRN,gfw_identity,GEAR,gfw_identity,False,GEAR,GEAR,False,,,,,,,,,60.0,1.0,60.0,0.0,0.0,60.0,60.0
422604900,ASLAN,False,1,hormuz_control_jan2026,4,genuine_cluster_member,0,0,4,0,4.0,hormuz_control_jan2026,True,IRN,gfw_identity,FISHING,gfw_identity,False,FISHING,FISHING,False,,,,,,,,,60.0,1.0,60.0,0.0,0.0,60.0,60.0
422811293,ASHKAN_FISHNET-68%,False,1,hormuz_control_jan2026,4,genuine_cluster_member;sar_ais_likely_spoofed,0,0,4,0,4.0,hormuz_control_jan2026,True,IRN,gfw_identity,GEAR,gfw_identity,False,GEAR,GEAR,False,,,,,,,,,60.0,1.0,60.0,0.0,0.0,60.0,60.0
566446000,GFS GENESIS,False,1,hormuz_control_jan2026,4,genuine_cluster_member;trajectory_deviation_high,0,0,4,0,4.0,hormuz_control_jan2026,True,SGP,gfw_identity,CARGO,gfw_identity,False,CARGO,NON_FISHING,False,,,,,OFFSHORE SUPPORT VESSELS 20,NLD,9606106,,60.0,1.0,60.0,0.0,0.0,60.0,60.0
620999638,POLARIS,False,2,hormuz_control_jan2026;hormuz_crisis_mar2026,4,genuine_cluster_member;trajectory_deviation_high,0,0,4,0,2.0,hormuz_control_jan2026,True,COM,gfw_identity,OTHER,gfw_identity,False,OTHER,OTHER,True,ITF_FOC,,,,,,9885271,,30.0,1.0,30.0,20.0,0.0,50.0,50.0
215143000,KEREM,False,1,hormuz_control_jan2026,2,genuine_cluster_member;trajectory_deviation_high,0,0,2,0,2.0,hormuz_control_jan2026,True,MLT,gfw_identity,CARGO,gfw_identity,False,CARGO,CARGO,True,ITF_FOC,,,,,,,,30.0,1.0,30.0,20.0,0.0,50.0,50.0
228423700,EAGLE VALENCE,False,1,hormuz_control_jan2026,2,trajectory_deviation_high,0,0,2,0,2.0,hormuz_control_jan2026,True,FRA,gfw_identity,OTHER,gfw_identity,False,OTHER,OTHER,True,ITF_FOC,,,,,,9910234,,30.0,1.0,30.0,20.0,0.0,50.0,50.0
228463700,MESAIEED,False,1,hormuz_control_jan2026,2,trajectory_deviation_high,0,0,2,0,2.0,hormuz_control_jan2026,True,FRA,gfw_identity,OTHER,gfw_identity,False,OTHER,OTHER,True,ITF_FOC,,,,,,9975519,,30.0,1.0,30.0,20.0,0.0,50.0,50.0
229134000,HOUSTON,False,1,hormuz_control_jan2026,2,trajectory_deviation_high,0,0,2,0,2.0,hormuz_control_jan2026,True,MLT,gfw_identity,TANKER,gfw_identity,False,OTHER,TANKER,True,ITF_FOC,,,,ORIENT NAVIGATION,MLT,9596947,,30.0,1.0,30.0,20.0,0.0,50.0,50.0
305907000,PABUR,False,1,hormuz_control_jan2026,2,genuine_cluster_member;trajectory_deviation_high,0,0,2,0,2.0,hormuz_control_jan2026,True,ATG,gfw_identity,CARGO,gfw_identity,False,CARGO,CARGO,True,ITF_FOC,,,,,,,,30.0,1.0,30.0,20.0,0.0,50.0,50.0
310696000,GASLOG SARATOGA,False,1,hormuz_control_jan2026,2,genuine_cluster_member;trajectory_deviation_high,0,0,2,0,2.0,hormuz_control_jan2026,True,BMU,gfw_identity,TANKER,gfw_identity,False,OTHER,TANKER,True,ITF_FOC,,,,GAS NINE,BMU,9638903,,30.0,1.0,30.0,20.0,0.0,50.0,50.0
314001077,URSUS,False,1,hormuz_control_jan2026,2,trajectory_deviation_high,0,0,2,0,2.0,hormuz_control_jan2026,True,BRB,gfw_identity,OTHER,gfw_identity,False,OTHER,OTHER,True,ITF_FOC,,,,,,9289532,,30.0,1.0,30.0,20.0,0.0,50.0,50.0
314001120,AN LI,False,1,hormuz_crisis_mar2026,2,sar_ais_likely_spoofed;trajectory_deviation_high,0,0,0,2,2.0,hormuz_crisis_mar2026,True,BRB,gfw_identity,CARGO,gfw_identity,False,CARGO,CARGO,True,ITF_FOC,,,,,,,,30.0,1.0,30.0,20.0,0.0,50.0,50.0
314109000,NORTH STAR,False,1,hormuz_crisis_mar2026,2,genuine_cluster_member;trajectory_deviation_high,0,0,0,2,2.0,hormuz_crisis_mar2026,True,BRB,gfw_identity,OTHER,gfw_identity,False,OTHER,OTHER,True,ITF_FOC,,,,,,9299563,,30.0,1.0,30.0,20.0,0.0,50.0,50.0
341848001,YE DA 68,False,1,hormuz_control_jan2026,2,genuine_cluster_member;trajectory_deviation_high,0,0,2,0,2.0,hormuz_control_jan2026,True,KNA,gfw_identity,CARGO,gfw_identity,False,CARGO,CARGO,True,ITF_FOC,,,,,,1080980,,30.0,1.0,30.0,20.0,0.0,50.0,50.0
351840000,MAYMEI,False,1,hormuz_control_jan2026,2,genuine_cluster_member;trajectory_deviation_high,0,0,2,0,2.0,hormuz_control_jan2026,True,PAN,gfw_identity,CARGO,gfw_identity,False,CARGO,CARGO,True,ITF_FOC,,,,,,,,30.0,1.0,30.0,20.0,0.0,50.0,50.0
352001324,MYRA GAS,False,1,hormuz_control_jan2026,2,trajectory_deviation_high,0,0,2,0,2.0,hormuz_control_jan2026,True,PAN,gfw_identity,OTHER,gfw_identity,False,OTHER,OTHER,True,ITF_FOC,,,,,,,,30.0,1.0,30.0,20.0,0.0,50.0,50.0
352002500,MACKEREL,False,1,hormuz_control_jan2026,2,trajectory_deviation_high,0,0,2,0,2.0,hormuz_control_jan2026,True,PAN,gfw_identity,OTHER,gfw_identity,False,OTHER,OTHER,True,ITF_FOC,,,,,,9234628,,30.0,1.0,30.0,20.0,0.0,50.0,50.0
352003734,VST LYRA,False,1,hormuz_control_jan2026,2,trajectory_deviation_high,0,0,2,0,2.0,hormuz_control_jan2026,True,PAN,gfw_identity,OTHER,gfw_identity,False,OTHER,OTHER,True,ITF_FOC,,,,,,,,30.0,1.0,30.0,20.0,0.0,50.0,50.0
352004791,CSTAR VOYAGER,False,1,hormuz_control_jan2026,2,trajectory_deviation_high,0,0,2,0,2.0,hormuz_control_jan2026,True,PAN,gfw_identity,OTHER,gfw_identity,False,OTHER,OTHER,True,ITF_FOC,,,,,,9231133,,30.0,1.0,30.0,20.0,0.0,50.0,50.0
352004875,TING JIANG,False,1,hormuz_control_jan2026,2,genuine_cluster_member;trajectory_deviation_high,0,0,2,0,2.0,hormuz_control_jan2026,True,PAN,gfw_identity,CARGO,gfw_identity,False,CARGO,CARGO,True,ITF_FOC,,,,,,9220718,,30.0,1.0,30.0,20.0,0.0,50.0,50.0
352005325,JOVIAN,False,1,hormuz_control_jan2026,2,genuine_cluster_member;trajectory_deviation_high,0,0,2,0,2.0,hormuz_control_jan2026,True,PAN,gfw_identity,OTHER,gfw_identity,False,OTHER,OTHER,True,ITF_FOC,,,,,,9236054,,30.0,1.0,30.0,20.0,0.0,50.0,50.0
352006187,HMM NARU,False,1,hormuz_control_jan2026,2,trajectory_deviation_high,0,0,2,0,2.0,hormuz_control_jan2026,True,PAN,gfw_identity,OTHER,gfw_identity,False,OTHER,OTHER,True,ITF_FOC,,,,,,1039280,,30.0,1.0,30.0,20.0,0.0,50.0,50.0
353162000,MSC BEATRICE,False,1,hormuz_control_jan2026,2,trajectory_deviation_high,0,0,2,0,2.0,hormuz_control_jan2026,True,PAN,gfw_identity,CARGO,gfw_identity,False,CARGO,CARGO,True,ITF_FOC,,,,BEATRICE NAVIERA,PAN,9399014,,30.0,1.0,30.0,20.0,0.0,50.0,50.0
353576000,MERSINI,False,1,hormuz_control_jan2026,2,trajectory_deviation_high,0,0,2,0,2.0,hormuz_control_jan2026,True,PAN,gfw_identity,TANKER,gfw_identity,False,OTHER,TANKER,True,ITF_FOC,,,,MERSINI SHIPPING,LBR,9405899,,30.0,1.0,30.0,20.0,0.0,50.0,50.0
354021000,LOA PEACE,False,1,hormuz_control_jan2026,2,genuine_cluster_member;trajectory_deviation_high,0,0,2,0,2.0,hormuz_control_jan2026,True,PAN,gfw_identity,CARGO,gfw_identity,False,CARGO,CARGO,True,ITF_FOC,,,,ERSHIP INTERNACIONAL,PAN,9501215,,30.0,1.0,30.0,20.0,0.0,50.0,50.0
370497000,CHEMROAD POLARIS,False,1,hormuz_control_jan2026,2,trajectory_deviation_high,0,0,2,0,2.0,hormuz_control_jan2026,True,PAN,gfw_identity,CARGO,gfw_identity,False,CARGO,CARGO,True,ITF_FOC,,,,SPRING VALEN SHIPPING,HKG,9505950,,30.0,1.0,30.0,20.0,0.0,50.0,50.0
371798000,GRAND ORION,False,1,hormuz_control_jan2026,2,trajectory_deviation_high,0,0,2,0,2.0,hormuz_control_jan2026,True,PAN,gfw_identity,CARGO,gfw_identity,False,CARGO,CARGO,True,ITF_FOC,,,,,,,,30.0,1.0,30.0,20.0,0.0,50.0,50.0
374542000,ENEOS EARTH,False,1,hormuz_control_jan2026,2,trajectory_deviation_high,0,0,2,0,2.0,hormuz_control_jan2026,True,PAN,gfw_identity,OTHER,gfw_identity,False,OTHER,OTHER,True,ITF_FOC,,,,,,9814131,,30.0,1.0,30.0,20.0,0.0,50.0,50.0
376268000,FALCON,False,1,hormuz_control_jan2026,2,genuine_cluster_member,0,0,2,0,2.0,hormuz_control_jan2026,True,VCT,gfw_identity,OTHER,gfw_identity,False,OTHER,OTHER,True,ITF_FOC,,,,,,9862566,,30.0,1.0,30.0,20.0,0.0,50.0,50.0
377352000,ZAKHER PRINCE,False,1,hormuz_control_jan2026,2,genuine_cluster_member,0,0,2,0,2.0,hormuz_control_jan2026,True,VCT,gfw_identity,NA,gfw_identity,False,NA,NA,True,ITF_FOC,,,,,,,,30.0,1.0,30.0,20.0,0.0,50.0,50.0
511100824,NJ EARTH,False,1,hormuz_control_jan2026,2,trajectory_deviation_high,0,0,2,0,2.0,hormuz_control_jan2026,True,PLW,gfw_identity,CARGO,gfw_identity,False,CARGO,CARGO,True,shadow_fleet,,,,,,,,30.0,1.0,30.0,20.0,0.0,50.0,50.0
518101006,P K A,False,1,hormuz_control_jan2026,2,trajectory_deviation_high,0,0,2,0,2.0,hormuz_control_jan2026,True,COK,gfw_identity,OTHER,gfw_identity,False,OTHER,OTHER,True,shadow_fleet,,,,,,9169770,,30.0,1.0,30.0,20.0,0.0,50.0,50.0
538004415,HYUNDAI DUBAI,False,1,hormuz_control_jan2026,2,trajectory_deviation_high,0,0,2,0,2.0,hormuz_control_jan2026,True,MHL,gfw_identity,CARGO,gfw_identity,False,CARGO,CARGO,True,ITF_FOC,,,,,,9469900,,30.0,1.0,30.0,20.0,0.0,50.0,50.0
538005170,DEVBULK SALIHA,False,1,hormuz_control_jan2026,2,trajectory_deviation_high,0,0,2,0,2.0,hormuz_control_jan2026,True,MHL,gfw_identity,CARGO,gfw_identity,False,CARGO,CARGO,True,ITF_FOC,,,,LADY SALIHA SHIPPING,MHL,9449871,,30.0,1.0,30.0,20.0,0.0,50.0,50.0
538005255,AL WUKIR,False,1,hormuz_control_jan2026,2,trajectory_deviation_high,0,0,2,0,2.0,hormuz_control_jan2026,True,MHL,gfw_identity,TANKER,gfw_identity,False,OTHER,TANKER,True,ITF_FOC,,,,AL WUKIR LPG SHIPPING CO,QAT,9359466,,30.0,1.0,30.0,20.0,0.0,50.0,50.0
538005642,STI SELATAR,False,1,hormuz_control_jan2026,2,trajectory_deviation_high,0,0,2,0,2.0,hormuz_control_jan2026,True,MHL,gfw_identity,TANKER,gfw_identity,False,OTHER,TANKER,True,ITF_FOC,,,,STI SELATAR SHIPPING,MHL,9729245,,30.0,1.0,30.0,20.0,0.0,50.0,50.0
538007512,OLYMPIC FRIENDSHIP,False,1,hormuz_control_jan2026,2,genuine_cluster_member;trajectory_deviation_high,0,0,2,0,2.0,hormuz_control_jan2026,True,MHL,gfw_identity,OTHER,gfw_identity,False,OTHER,OTHER,True,ITF_FOC,,,,,,,,30.0,1.0,30.0,20.0,0.0,50.0,50.0
538008833,COSMIC GLORY,False,1,hormuz_control_jan2026,2,trajectory_deviation_high,0,0,2,0,2.0,hormuz_control_jan2026,True,MHL,gfw_identity,TANKER,gfw_identity,False,OTHER,TANKER,True,ITF_FOC,,,,,,9877822,,30.0,1.0,30.0,20.0,0.0,50.0,50.0
538009373,TS SYDNEY,False,1,hormuz_control_jan2026,2,trajectory_deviation_high,0,0,2,0,2.0,hormuz_control_jan2026,True,DEU,gfw_identity,CARGO,gfw_identity,False,CARGO,CARGO,True,ITF_FOC,,,,SONGA TOSCANA,NOR,9477385,,30.0,1.0,30.0,20.0,0.0,50.0,50.0
538010888,FRONT OTRA,False,1,hormuz_control_jan2026,2,trajectory_deviation_high,0,0,2,0,2.0,hormuz_control_jan2026,True,MHL,gfw_identity,OTHER,gfw_identity,False,OTHER,OTHER,True,ITF_FOC,,,,,,9732541,,30.0,1.0,30.0,20.0,0.0,50.0,50.0
538011148,SFL TUCANA,False,1,hormuz_control_jan2026,2,trajectory_deviation_high,0,0,2,0,2.0,hormuz_control_jan2026,True,MHL,gfw_identity,NA,gfw_identity,False,NA,NA,True,ITF_FOC,,,,,,,,30.0,1.0,30.0,20.0,0.0,50.0,50.0
538011295,MANTA URAZ,False,1,hormuz_control_jan2026,2,trajectory_deviation_high,0,0,2,0,2.0,hormuz_control_jan2026,True,MHL,gfw_identity,CARGO,gfw_identity,False,CARGO,CARGO,True,ITF_FOC,,,,,,9749996,,30.0,1.0,30.0,20.0,0.0,50.0,50.0
563153600,HAFNIA EXECUTIVE,False,1,hormuz_control_jan2026,2,trajectory_deviation_high,0,0,2,0,2.0,hormuz_control_jan2026,True,MHL,gfw_identity,TANKER,gfw_identity,False,OTHER,TANKER,True,ITF_FOC,,,,STI EXECUTIVE SHIPPING,MHL,9735622,,30.0,1.0,30.0,20.0,0.0,50.0,50.0
620999319,YEKTA 7,False,1,hormuz_control_jan2026,2,genuine_cluster_member;trajectory_deviation_high,0,0,2,0,2.0,hormuz_control_jan2026,True,COM,gfw_identity,CARGO,gfw_identity,False,CARGO,CARGO,True,ITF_FOC,,,,,,8961834,,30.0,1.0,30.0,20.0,0.0,50.0,50.0
620999334,PSL EAGLE,False,1,hormuz_control_jan2026,2,trajectory_deviation_high,0,0,2,0,2.0,hormuz_control_jan2026,True,COM,gfw_identity,OTHER,gfw_identity,False,OTHER,OTHER,True,ITF_FOC,,,,,,9212515,,30.0,1.0,30.0,20.0,0.0,50.0,50.0
620999340,EMPIRE1,False,1,hormuz_control_jan2026,2,genuine_cluster_member;trajectory_deviation_high,0,0,2,0,2.0,hormuz_control_jan2026,True,COM,gfw_identity,OTHER,gfw_identity,False,OTHER,OTHER,True,ITF_FOC,,,,,,8974685,,30.0,1.0,30.0,20.0,0.0,50.0,50.0
620999574,DENIZ 5,False,1,hormuz_control_jan2026,2,genuine_cluster_member,0,0,2,0,2.0,hormuz_control_jan2026,True,COM,gfw_identity,FISHING,gfw_identity,False,FISHING,FISHING,True,ITF_FOC,,,,,,9129639,,30.0,1.0,30.0,20.0,0.0,50.0,50.0
620999586,ARSHIA,False,1,hormuz_control_jan2026,2,genuine_cluster_member,0,0,2,0,2.0,hormuz_control_jan2026,True,COM,gfw_identity,OTHER,gfw_identity,False,OTHER,OTHER,True,ITF_FOC,,,,,,,,30.0,1.0,30.0,20.0,0.0,50.0,50.0
636016978,MSC TAVVISHI VI,False,1,hormuz_control_jan2026,2,genuine_cluster_member;trajectory_deviation_high,0,0,2,0,2.0,hormuz_control_jan2026,True,LBR,gfw_identity,CARGO,gfw_identity,False,CARGO,CARGO,True,ITF_FOC,,,,KOREA TONNAGE NO 26 SHIPPING,LBR,9189366,,30.0,1.0,30.0,20.0,0.0,50.0,50.0
636019577,SOUTHERN WOLF,False,1,hormuz_control_jan2026,2,trajectory_deviation_high,0,0,2,0,2.0,hormuz_control_jan2026,True,LBR,gfw_identity,NA,gfw_identity,False,NA,NA,True,ITF_FOC,,,,,,,,30.0,1.0,30.0,20.0,0.0,50.0,50.0
636020275,AL KARAMA,False,1,hormuz_control_jan2026,2,trajectory_deviation_high,0,0,2,0,2.0,hormuz_control_jan2026,True,LBR,gfw_identity,CARGO,gfw_identity,False,CARGO,CARGO,True,ITF_FOC,,,,,,9801732,,30.0,1.0,30.0,20.0,0.0,50.0,50.0
636020734,MONJASA SHAKER,False,1,hormuz_control_jan2026,2,genuine_cluster_member;trajectory_deviation_high,0,0,2,0,2.0,hormuz_control_jan2026,True,LBR,gfw_identity,NA,gfw_identity,False,NA,NA,True,ITF_FOC,,,,,,,,30.0,1.0,30.0,20.0,0.0,50.0,50.0
636020891,AL BATEEN,False,1,hormuz_control_jan2026,2,sar_ais_likely_spoofed;trajectory_deviation_high,0,0,2,0,2.0,hormuz_control_jan2026,True,LBR,gfw_identity,OTHER,gfw_identity,False,OTHER,OTHER,True,ITF_FOC,,,,,,9828376,,30.0,1.0,30.0,20.0,0.0,50.0,50.0
636021861,SEA MAJESTY,False,1,hormuz_control_jan2026,2,trajectory_deviation_high,0,0,2,0,2.0,hormuz_control_jan2026,True,LBR,gfw_identity,OTHER,gfw_identity,False,OTHER,OTHER,True,ITF_FOC,,,,,,9783344,,30.0,1.0,30.0,20.0,0.0,50.0,50.0
636021985,PUFFIN TWO,False,1,hormuz_control_jan2026,2,trajectory_deviation_high,0,0,2,0,2.0,hormuz_control_jan2026,True,LBR,gfw_identity,OTHER,gfw_identity,False,OTHER,OTHER,True,ITF_FOC,,,,,,9438274,,30.0,1.0,30.0,20.0,0.0,50.0,50.0
636022749,ROYAL CHEMIST,False,1,hormuz_control_jan2026,2,trajectory_deviation_high,0,0,2,0,2.0,hormuz_control_jan2026,True,LBR,gfw_identity,OTHER,gfw_identity,False,OTHER,OTHER,True,ITF_FOC,,,,,,9859234,,30.0,1.0,30.0,20.0,0.0,50.0,50.0
636023881,AL SAILIYA,False,1,hormuz_control_jan2026,2,trajectory_deviation_high,0,0,2,0,2.0,hormuz_control_jan2026,True,LBR,gfw_identity,OTHER,gfw_identity,False,OTHER,OTHER,True,ITF_FOC,,,,,,9977270,,30.0,1.0,30.0,20.0,0.0,50.0,50.0
636025160,OCEAN OPAL,False,1,hormuz_control_jan2026,2,genuine_cluster_member,0,0,2,0,2.0,hormuz_control_jan2026,True,LBR,gfw_identity,OTHER,gfw_identity,False,OTHER,OTHER,True,ITF_FOC,,,,,,9500338,,30.0,1.0,30.0,20.0,0.0,50.0,50.0
636093023,CLIVIA OLDENDORFF,False,1,hormuz_control_jan2026,2,trajectory_deviation_high,0,0,2,0,2.0,hormuz_control_jan2026,True,LBR,gfw_identity,CARGO,gfw_identity,False,CARGO,CARGO,True,ITF_FOC,,,,,,9599195,,30.0,1.0,30.0,20.0,0.0,50.0,50.0
671329100,KG 1,False,1,hormuz_control_jan2026,2,genuine_cluster_member,0,0,2,0,2.0,hormuz_control_jan2026,True,TGO,gfw_identity,OTHER,gfw_identity,False,OTHER,OTHER,True,shadow_fleet,,,,,,,,30.0,1.0,30.0,20.0,0.0,50.0,50.0
420001111,ARMIN-2-99%,False,1,hormuz_control_jan2026,3,genuine_cluster_member;trajectory_deviation_high,0,0,3,0,3.0,hormuz_control_jan2026,True,,unknown,GEAR,gfw_identity,False,GEAR,GEAR,False,,,,,,,,,45.0,1.0,45.0,0.0,0.0,45.0,45.0
422026900,GOLBON,False,1,hormuz_control_jan2026,3,genuine_cluster_member;trajectory_deviation_high,0,0,3,0,3.0,hormuz_control_jan2026,True,IRN,gfw_identity,CARGO,gfw_identity,False,CARGO,CARGO,False,,,,,,,,,45.0,1.0,45.0,0.0,0.0,45.0,45.0
422038100,HANI 30,False,1,hormuz_control_jan2026,3,genuine_cluster_member;trajectory_deviation_high,0,0,3,0,3.0,hormuz_control_jan2026,True,IRN,gfw_identity,NA,gfw_identity,False,NA,NA,False,,,,,,,9616890,,45.0,1.0,45.0,0.0,0.0,45.0,45.0
422058300,SOLTAN ARVAND,False,1,hormuz_control_jan2026,3,genuine_cluster_member;trajectory_deviation_high,0,0,3,0,3.0,hormuz_control_jan2026,True,IRN,gfw_identity,NA,gfw_identity,False,NA,NA,False,,,,,,,,,45.0,1.0,45.0,0.0,0.0,45.0,45.0
422349912,ASHKAN,False,1,hormuz_control_jan2026,3,genuine_cluster_member,0,0,3,0,3.0,hormuz_control_jan2026,True,IRN,gfw_identity,FISHING,gfw_identity,False,FISHING,FISHING,False,,,,,,,,,45.0,1.0,45.0,0.0,0.0,45.0,45.0
422540000,HAKIM KHAMIR,False,1,hormuz_control_jan2026,3,genuine_cluster_member;trajectory_deviation_high,0,0,3,0,3.0,hormuz_control_jan2026,True,IRN,gfw_identity,CARGO,gfw_identity,False,CARGO,NON_FISHING,False,,,,,SINA STAR COMMERCIAL BROKERS,ARE,9365099,,45.0,1.0,45.0,0.0,0.0,45.0,45.0
422544600,13022,False,1,hormuz_control_jan2026,3,genuine_cluster_member;trajectory_deviation_high,0,0,3,0,3.0,hormuz_control_jan2026,True,IRN,gfw_identity,FISHING,gfw_identity,False,FISHING,FISHING,False,,,,,,,,,45.0,1.0,45.0,0.0,0.0,45.0,45.0
422674000,OMIDAN 5,False,1,hormuz_control_jan2026,3,trajectory_deviation_high,0,0,3,0,3.0,hormuz_control_jan2026,True,IRN,gfw_identity,CARGO,gfw_identity,False,CARGO,NON_FISHING,False,,,,,BANK MELLAT,IRN,9636292,,45.0,1.0,45.0,0.0,0.0,45.0,45.0
461000151,HORMUZ,False,1,hormuz_control_jan2026,3,trajectory_deviation_high,0,0,3,0,3.0,hormuz_control_jan2026,True,OMN,gfw_identity,PASSENGER,gfw_identity,False,PASSENGER,PASSENGER,False,,,,,,,,,45.0,1.0,45.0,0.0,0.0,45.0,45.0
720017000,MIDAS 7,False,1,hormuz_control_jan2026,3,genuine_cluster_member;trajectory_deviation_high,0,0,3,0,3.0,hormuz_control_jan2026,True,BOL,gfw_identity,OTHER,gfw_identity,False,OTHER,OTHER,False,,,,,,,1134420,,45.0,1.0,45.0,0.0,0.0,45.0,45.0
720213000,MV-RT 10,False,1,hormuz_control_jan2026,3,trajectory_deviation_high,0,0,3,0,3.0,hormuz_control_jan2026,True,BOL,gfw_identity,OTHER,gfw_identity,False,OTHER,OTHER,False,,,,,,,9119933,,45.0,1.0,45.0,0.0,0.0,45.0,45.0
341036002,PORTLAND IV,False,2,hormuz_control_jan2026;hormuz_crisis_mar2026,2,genuine_cluster_member,0,0,0,2,1.0,hormuz_crisis_mar2026,True,KNA,gfw_identity,CARGO,gfw_identity,False,CARGO,CARGO,True,ITF_FOC,,,,,,9184938,,15.0,1.0,15.0,20.0,0.0,35.0,35.0
352002023,PANICKER,False,2,hormuz_control_jan2026;hormuz_crisis_mar2026,2,trajectory_deviation_high,0,0,2,0,1.0,hormuz_control_jan2026,True,PAN,gfw_identity,OTHER,gfw_identity,False,OTHER,OTHER,True,ITF_FOC,,,,,,9981489,,15.0,1.0,15.0,20.0,0.0,35.0,35.0
352004177,BAOYING GLORY,False,2,hormuz_control_jan2026;hormuz_crisis_mar2026,2,genuine_cluster_member,0,0,1,1,1.0,hormuz_crisis_mar2026,True,PAN,gfw_identity,CARGO,pipeline_csv,False,OTHER,OTHER,True,ITF_FOC,,,,,,,,15.0,1.0,15.0,20.0,0.0,35.0,35.0
356359000,MOSHTARAKA 1,False,2,hormuz_control_jan2026;hormuz_crisis_mar2026,2,trajectory_deviation_high,0,0,2,0,1.0,hormuz_control_jan2026,True,PAN,gfw_identity,CARGO,gfw_identity,False,CARGO,CARGO,True,ITF_FOC,,,,COMBINED GROUP ROCKS CO KSCC,KWT,9132739,,15.0,1.0,15.0,20.0,0.0,35.0,35.0
538010229,P.ALIKI,False,2,hormuz_control_jan2026;hormuz_crisis_mar2026,2,genuine_cluster_member;trajectory_deviation_high,0,0,2,0,1.0,hormuz_control_jan2026,True,MHL,gfw_identity,OTHER,gfw_identity,False,OTHER,OTHER,True,ITF_FOC,,,,,,9460136,,15.0,1.0,15.0,20.0,0.0,35.0,35.0
677033800,MOHAMMAD,False,2,hormuz_control_jan2026;hormuz_crisis_mar2026,2,genuine_cluster_member;trajectory_deviation_high,0,0,2,0,1.0,hormuz_control_jan2026,True,TZA,gfw_identity,CARGO,gfw_identity,False,CARGO,CARGO,True,shadow_fleet,,,,,,,,15.0,1.0,15.0,20.0,0.0,35.0,35.0
209716000,MSC AQUARIUS VII,False,1,hormuz_control_jan2026,1,trajectory_deviation_high,0,0,1,0,1.0,hormuz_control_jan2026,True,CYP,gfw_identity,CARGO,gfw_identity,False,CARGO,CARGO,True,ITF_FOC,,,,NESSEA,NOR,8713653,,15.0,1.0,15.0,20.0,0.0,35.0,35.0
209997000,GAIL BHUWAN,False,1,hormuz_control_jan2026,1,trajectory_deviation_high,0,0,1,0,1.0,hormuz_control_jan2026,True,CYP,gfw_identity,OTHER,gfw_identity,False,OTHER,OTHER,True,ITF_FOC,,,,,,9877145,,15.0,1.0,15.0,20.0,0.0,35.0,35.0
210604000,MSC INIYA V,False,1,hormuz_control_jan2026,1,trajectory_deviation_high,0,0,1,0,1.0,hormuz_control_jan2026,True,CYP,gfw_identity,CARGO,gfw_identity,False,CARGO,CARGO,True,ITF_FOC,,,,UNISTAR SHIPPING,CYP,9017434,,15.0,1.0,15.0,20.0,0.0,35.0,35.0
210623000,MSC ARCHIMIDIS VIII,False,1,hormuz_control_jan2026,1,trajectory_deviation_high,0,0,1,0,1.0,hormuz_control_jan2026,True,CYP,gfw_identity,CARGO,gfw_identity,False,CARGO,CARGO,True,ITF_FOC,,,,,,9134634,,15.0,1.0,15.0,20.0,0.0,35.0,35.0
215533000,DISHA,False,1,hormuz_control_jan2026,1,trajectory_deviation_high,0,0,1,0,1.0,hormuz_control_jan2026,True,MLT,gfw_identity,TANKER,gfw_identity,False,OTHER,TANKER,True,ITF_FOC,,,,INDIA LNG TRANSPORT CO NO 1,MLT,9250713,,15.0,1.0,15.0,20.0,0.0,35.0,35.0
215718000,RAAHI,False,1,hormuz_control_jan2026,1,trajectory_deviation_high,0,0,1,0,1.0,hormuz_control_jan2026,True,MLT,gfw_identity,TANKER,gfw_identity,False,OTHER,TANKER,True,ITF_FOC,,,,INDIA LNG TRANSPORT CO NO 2,MLT,9253703,,15.0,1.0,15.0,20.0,0.0,35.0,35.0
228409800,CMA CGM PATAGONIA,False,1,hormuz_control_jan2026,1,trajectory_deviation_high,0,0,1,0,1.0,hormuz_control_jan2026,True,FRA,gfw_identity,CARGO,gfw_identity,False,CARGO,CARGO,True,ITF_FOC,,,,,,,,15.0,1.0,15.0,20.0,0.0,35.0,35.0
229238000,STRESA,False,1,hormuz_control_jan2026,1,trajectory_deviation_high,0,0,1,0,1.0,hormuz_control_jan2026,True,MLT,gfw_identity,CARGO,gfw_identity,False,CARGO,CARGO,True,ITF_FOC,,,,AMANDA MBH,DEU,9217565,,15.0,1.0,15.0,20.0,0.0,35.0,35.0
229678000,MEIN SCHIFF 4,False,1,hormuz_control_jan2026,1,trajectory_deviation_high,0,0,1,0,1.0,hormuz_control_jan2026,True,DEU,gfw_identity,PASSENGER,gfw_identity,False,PASSENGER,PASSENGER,True,ITF_FOC,,,,TUI CRUISES,DEU,9678408,,15.0,1.0,15.0,20.0,0.0,35.0,35.0
229706000,RAHAF 1,False,1,hormuz_control_jan2026,1,trajectory_deviation_high,0,0,1,0,1.0,hormuz_control_jan2026,True,MLT,gfw_identity,CARGO,gfw_identity,False,CARGO,CARGO,True,ITF_FOC,,,,,,,,15.0,1.0,15.0,20.0,0.0,35.0,35.0
229831000,CMA CGM CEBU,False,1,hormuz_control_jan2026,1,trajectory_deviation_high,0,0,1,0,1.0,hormuz_control_jan2026,True,MLT,gfw_identity,TANKER,gfw_identity,False,OTHER,TANKER,True,ITF_FOC,,,,CRYSTAL NORDIC SHIPOWNING K S,DNK,9403906,,15.0,1.0,15.0,20.0,0.0,35.0,35.0
229865000,CMA CGM DAVAO,False,1,hormuz_control_jan2026,1,trajectory_deviation_high,0,0,1,0,1.0,hormuz_control_jan2026,True,MLT,gfw_identity,CARGO,gfw_identity,False,CARGO,CARGO,True,ITF_FOC,,,,,,9347293,,15.0,1.0,15.0,20.0,0.0,35.0,35.0
248416000,NAMRATA,False,1,hormuz_control_jan2026,1,trajectory_deviation_high,0,0,1,0,1.0,hormuz_control_jan2026,True,MLT,gfw_identity,TANKER,gfw_identity,False,OTHER,TANKER,True,ITF_FOC,,,,GIZMO SHIPPING,MLT,9401154,,15.0,1.0,15.0,20.0,0.0,35.0,35.0
249009000,SEADANCER,False,1,hormuz_control_jan2026,1,trajectory_deviation_high,0,0,1,0,1.0,hormuz_control_jan2026,True,MLT,gfw_identity,CARGO,gfw_identity,False,CARGO,CARGO,True,ITF_FOC,,,,,,9997971,,15.0,1.0,15.0,20.0,0.0,35.0,35.0
249075000,CMA CGM TITUS,False,1,hormuz_control_jan2026,1,trajectory_deviation_high,0,0,1,0,1.0,hormuz_control_jan2026,True,MLT,gfw_identity,CARGO,gfw_identity,False,CARGO,CARGO,True,ITF_FOC,,,,,,9450636,,15.0,1.0,15.0,20.0,0.0,35.0,35.0
249618000,STELLINA,False,1,hormuz_control_jan2026,1,trajectory_deviation_high,0,0,1,0,1.0,hormuz_control_jan2026,True,MLT,gfw_identity,CARGO,gfw_identity,False,CARGO,CARGO,True,ITF_FOC,,,,,,,,15.0,1.0,15.0,20.0,0.0,35.0,35.0
249724000,V ALDO,False,1,hormuz_control_jan2026,1,trajectory_deviation_high,0,0,1,0,1.0,hormuz_control_jan2026,True,MLT,gfw_identity,CARGO,gfw_identity,False,CARGO,CARGO,True,ITF_FOC,,,,,,1086817,,15.0,1.0,15.0,20.0,0.0,35.0,35.0
249780000,ASEEM,False,1,hormuz_control_jan2026,1,trajectory_deviation_high,0,0,1,0,1.0,hormuz_control_jan2026,True,MLT,gfw_identity,OTHER,gfw_identity,False,OTHER,OTHER,True,ITF_FOC,,,,,,,,15.0,1.0,15.0,20.0,0.0,35.0,35.0
249799000,ELENI M II,False,1,hormuz_control_jan2026,1,trajectory_deviation_high,0,0,1,0,1.0,hormuz_control_jan2026,True,MLT,gfw_identity,CARGO,gfw_identity,False,CARGO,NA,True,ITF_FOC,,,,,,,,15.0,1.0,15.0,20.0,0.0,35.0,35.0
256647000,ENERGY ATLANTIC,False,1,hormuz_control_jan2026,1,trajectory_deviation_high,0,0,1,0,1.0,hormuz_control_jan2026,True,MLT,gfw_identity,TANKER,gfw_identity,False,OTHER,TANKER,True,ITF_FOC,,,,SPECTACLE SHIPPING TRADING,LBR,9649328,,15.0,1.0,15.0,20.0,0.0,35.0,35.0
256814000,METRO BOSPHORUS,False,1,hormuz_control_jan2026,1,trajectory_deviation_high,0,0,1,0,1.0,hormuz_control_jan2026,True,MLT,gfw_identity,OTHER,gfw_identity,False,OTHER,OTHER,True,ITF_FOC,,,,,,9979292,,15.0,1.0,15.0,20.0,0.0,35.0,35.0
256845000,GREENFIELD,False,1,hormuz_control_jan2026,1,trajectory_deviation_high,0,0,1,0,1.0,hormuz_control_jan2026,True,MLT,gfw_identity,CARGO,gfw_identity,False,CARGO,NA,True,ITF_FOC,,,,,,,,15.0,1.0,15.0,20.0,0.0,35.0,35.0
305684000,NORDIA,False,1,hormuz_control_jan2026,1,trajectory_deviation_high,0,0,1,0,1.0,hormuz_control_jan2026,True,DEU,gfw_identity,CARGO,gfw_identity,False,CARGO,CARGO,True,ITF_FOC,,,,COPENHAGEN LAUTERJUNG,DEU,9457115,,15.0,1.0,15.0,20.0,0.0,35.0,35.0
305822000,BBC NORFOLK,False,1,hormuz_control_jan2026,1,genuine_cluster_member,0,0,1,0,1.0,hormuz_control_jan2026,True,ATG,gfw_identity,CARGO,gfw_identity,False,CARGO,CARGO,True,ITF_FOC,,,,,,,,15.0,1.0,15.0,20.0,0.0,35.0,35.0
306288000,SAVONA,False,1,hormuz_control_jan2026,1,genuine_cluster_member,0,0,1,0,1.0,hormuz_control_jan2026,True,BES,gfw_identity,OTHER,gfw_identity,False,OTHER,OTHER,True,shadow_fleet,,,,,,8524387,,15.0,1.0,15.0,20.0,0.0,35.0,35.0
306531000,LENORE,False,1,hormuz_crisis_mar2026,1,trajectory_deviation_high,0,0,0,1,1.0,hormuz_crisis_mar2026,True,BES,gfw_identity,OTHER,gfw_identity,False,OTHER,OTHER,True,shadow_fleet,,,,,,9259367,,15.0,1.0,15.0,20.0,0.0,35.0,35.0
309975000,AL THAKHIRA,False,1,hormuz_control_jan2026,1,trajectory_deviation_high,0,0,1,0,1.0,hormuz_control_jan2026,True,BHS,gfw_identity,TANKER,gfw_identity,False,OTHER,TANKER,True,ITF_FOC,,,,PENINSULA LNG TRANSPORT NO 2,BHS,9298399,,15.0,1.0,15.0,20.0,0.0,35.0,35.0
311000140,AL KHUWAIR,False,1,hormuz_control_jan2026,1,trajectory_deviation_high,0,0,1,0,1.0,hormuz_control_jan2026,True,BHS,gfw_identity,TANKER,gfw_identity,False,OTHER,TANKER,True,ITF_FOC,,,,,,9360908,,15.0,1.0,15.0,20.0,0.0,35.0,35.0
311001788,LISBON,False,1,hormuz_control_jan2026,1,trajectory_deviation_high,0,0,1,0,1.0,hormuz_control_jan2026,True,BHS,gfw_identity,OTHER,gfw_identity,False,OTHER,OTHER,True,ITF_FOC,,,,,,,,15.0,1.0,15.0,20.0,0.0,35.0,35.0
311628000,LUSAIL,False,1,hormuz_control_jan2026,1,genuine_cluster_member,0,0,1,0,1.0,hormuz_control_jan2026,True,BHS,gfw_identity,TANKER,gfw_identity,False,OTHER,TANKER,True,ITF_FOC,,,,PENINSULA LNG TRANSPORT NO 1,BHS,9285952,,15.0,1.0,15.0,20.0,0.0,35.0,35.0
314132000,GAS CONCEPT,False,1,hormuz_control_jan2026,1,trajectory_deviation_high,0,0,1,0,1.0,hormuz_control_jan2026,True,BRB,gfw_identity,OTHER,gfw_identity,False,OTHER,OTHER,True,ITF_FOC,,,,,,9386299,,15.0,1.0,15.0,20.0,0.0,35.0,35.0
314658000,BRAVE,False,1,hormuz_control_jan2026,1,genuine_cluster_member,0,0,1,0,1.0,hormuz_control_jan2026,True,BRB,gfw_identity,OTHER,gfw_identity,False,OTHER,OTHER,True,ITF_FOC,,,,,,9242730,,15.0,1.0,15.0,20.0,0.0,35.0,35.0
314763000,M GARNET,False,1,hormuz_control_jan2026,1,trajectory_deviation_high,0,0,1,0,1.0,hormuz_control_jan2026,True,BRB,gfw_identity,CARGO,gfw_identity,False,CARGO,CARGO,True,ITF_FOC,,,,,,9330082,,15.0,1.0,15.0,20.0,0.0,35.0,35.0
341104000,MM MADRID,False,1,hormuz_control_jan2026,1,trajectory_deviation_high,0,0,1,0,1.0,hormuz_control_jan2026,True,KNA,gfw_identity,CARRIER,gfw_identity,False,CARRIER,SPECIALIZED_REEFER,True,ITF_FOC,,,,,,9175274,,15.0,1.0,15.0,20.0,0.0,35.0,35.0
341127001,ZETAE TRIUAMT,False,1,hormuz_control_jan2026,1,trajectory_deviation_high,0,0,1,0,1.0,hormuz_control_jan2026,True,KNA,gfw_identity,OTHER,gfw_identity,False,OTHER,OTHER,True,ITF_FOC,,,,,,8774889,,15.0,1.0,15.0,20.0,0.0,35.0,35.0
341439000,ANGELINA,False,1,hormuz_control_jan2026,1,trajectory_deviation_high,0,0,1,0,1.0,hormuz_control_jan2026,True,KNA,gfw_identity,OTHER,gfw_identity,False,OTHER,OTHER,True,ITF_FOC,,,,,,,,15.0,1.0,15.0,20.0,0.0,35.0,35.0
341481002,ZOYA,False,1,hormuz_crisis_mar2026,1,genuine_cluster_member,0,0,0,1,1.0,hormuz_crisis_mar2026,True,KNA,gfw_identity,OTHER,gfw_identity,False,OTHER,OTHER,True,ITF_FOC,,,,,,,,15.0,1.0,15.0,20.0,0.0,35.0,35.0
341493002,AL MAHA,False,1,hormuz_control_jan2026,1,trajectory_deviation_high,0,0,1,0,1.0,hormuz_control_jan2026,True,KNA,gfw_identity,OTHER,gfw_identity,False,OTHER,OTHER,True,ITF_FOC,,,,,,,,15.0,1.0,15.0,20.0,0.0,35.0,35.0
341502002,ALI 25,False,1,hormuz_control_jan2026,1,trajectory_deviation_high,0,0,1,0,1.0,hormuz_control_jan2026,True,KNA,gfw_identity,CARGO,gfw_identity,False,CARGO,CARGO,True,ITF_FOC,,,,,,,,15.0,1.0,15.0,20.0,0.0,35.0,35.0
341550001,AMIR GAS,False,1,hormuz_control_jan2026,1,genuine_cluster_member,0,0,1,0,1.0,hormuz_control_jan2026,True,KNA,gfw_identity,OTHER,gfw_identity,False,OTHER,OTHER,True,ITF_FOC,,,,,,,,15.0,1.0,15.0,20.0,0.0,35.0,35.0
341849001,BENITA,False,1,hormuz_control_jan2026,1,trajectory_deviation_high,0,0,1,0,1.0,hormuz_control_jan2026,True,KNA,gfw_identity,OTHER,gfw_identity,False,OTHER,OTHER,True,ITF_FOC,,,,,,,,15.0,1.0,15.0,20.0,0.0,35.0,35.0
351577000,FUTURE,False,1,hormuz_control_jan2026,1,trajectory_deviation_high,0,0,1,0,1.0,hormuz_control_jan2026,True,PAN,gfw_identity,CARGO,gfw_identity,False,CARGO,CARGO,True,ITF_FOC,,,,,,,,15.0,1.0,15.0,20.0,0.0,35.0,35.0
351915000,TEDORIGAWA,False,1,hormuz_control_jan2026,1,trajectory_deviation_high,0,0,1,0,1.0,hormuz_control_jan2026,True,PAN,gfw_identity,CARGO,gfw_identity,False,CARGO,NON_FISHING,True,ITF_FOC,,,,MIDNIGHT MARINE HOLDINGS,VGB,8115722,,15.0,1.0,15.0,20.0,0.0,35.0,35.0
352001518,OMEGA TRADER,False,1,hormuz_control_jan2026,1,trajectory_deviation_high,0,0,1,0,1.0,hormuz_control_jan2026,True,PAN,gfw_identity,OTHER,gfw_identity,False,OTHER,OTHER,True,ITF_FOC,,,,,,9567659,,15.0,1.0,15.0,20.0,0.0,35.0,35.0
352002220,PINAR GAS,False,1,hormuz_control_jan2026,1,trajectory_deviation_high,0,0,1,0,1.0,hormuz_control_jan2026,True,PAN,gfw_identity,OTHER,gfw_identity,False,OTHER,OTHER,True,ITF_FOC,,,,,,9354612,,15.0,1.0,15.0,20.0,0.0,35.0,35.0
352002350,D QUEENS,False,1,hormuz_control_jan2026,1,trajectory_deviation_high,0,0,1,0,1.0,hormuz_control_jan2026,True,PAN,gfw_identity,CARGO,gfw_identity,False,CARGO,CARGO,True,ITF_FOC,,,,,,,,15.0,1.0,15.0,20.0,0.0,35.0,35.0
352002403,BOGAZICI,False,1,hormuz_control_jan2026,1,trajectory_deviation_high,0,0,1,0,1.0,hormuz_control_jan2026,True,PAN,gfw_identity,OTHER,gfw_identity,False,OTHER,OTHER,True,ITF_FOC,,,,,,9237747,,15.0,1.0,15.0,20.0,0.0,35.0,35.0
352002578,SAMIR,False,1,hormuz_control_jan2026,1,genuine_cluster_member,0,0,1,0,1.0,hormuz_control_jan2026,True,PAN,gfw_identity,CARGO,gfw_identity,False,CARGO,CARGO,True,ITF_FOC,,,,,,9235854,,15.0,1.0,15.0,20.0,0.0,35.0,35.0
352002619,GLANZ CORAL,False,1,hormuz_control_jan2026,1,trajectory_deviation_high,0,0,1,0,1.0,hormuz_control_jan2026,True,PAN,gfw_identity,CARGO,gfw_identity,False,CARGO,CARGO,True,ITF_FOC,,,,,,9966271,,15.0,1.0,15.0,20.0,0.0,35.0,35.0
352002793,NASHWAN 2,False,1,hormuz_control_jan2026,1,genuine_cluster_member,0,0,1,0,1.0,hormuz_control_jan2026,True,PAN,gfw_identity,OTHER,gfw_identity,False,OTHER,OTHER,True,ITF_FOC,,,,,,9277515,,15.0,1.0,15.0,20.0,0.0,35.0,35.0
352002949,OCEAN BLUE,False,1,hormuz_control_jan2026,1,trajectory_deviation_high,0,0,1,0,1.0,hormuz_control_jan2026,True,PAN,gfw_identity,OTHER,gfw_identity,False,OTHER,OTHER,True,ITF_FOC,,,,,,9955997,,15.0,1.0,15.0,20.0,0.0,35.0,35.0
352003012,EAST KING,False,1,hormuz_control_jan2026,1,trajectory_deviation_high,0,0,1,0,1.0,hormuz_control_jan2026,True,PAN,gfw_identity,CARGO,gfw_identity,False,CARGO,CARGO,True,ITF_FOC,,,,,,9204685,,15.0,1.0,15.0,20.0,0.0,35.0,35.0
352003258,GRAND MARINER,False,1,hormuz_control_jan2026,1,sar_ais_likely_spoofed,0,0,1,0,1.0,hormuz_control_jan2026,True,PAN,gfw_identity,CARGO,pipeline_csv,False,OTHER,OTHER,True,ITF_FOC,,,,,,9133331,,15.0,1.0,15.0,20.0,0.0,35.0,35.0
352003787,GERHILD,False,1,hormuz_control_jan2026,1,genuine_cluster_member,0,0,1,0,1.0,hormuz_control_jan2026,True,PAN,gfw_identity,OTHER,gfw_identity,False,OTHER,OTHER,True,ITF_FOC,,,,,,9317779,,15.0,1.0,15.0,20.0,0.0,35.0,35.0
352004287,RED FOREST,False,1,hormuz_control_jan2026,1,trajectory_deviation_high,0,0,1,0,1.0,hormuz_control_jan2026,True,PAN,gfw_identity,CARGO,gfw_identity,False,CARGO,CARGO,True,ITF_FOC,,,,,,1068059,,15.0,1.0,15.0,20.0,0.0,35.0,35.0
352004496,VOYAGER HAVEN,False,1,hormuz_control_jan2026,1,genuine_cluster_member,0,0,1,0,1.0,hormuz_control_jan2026,True,PAN,gfw_identity,OTHER,gfw_identity,False,OTHER,OTHER,True,ITF_FOC,,,,,,9271896,,15.0,1.0,15.0,20.0,0.0,35.0,35.0
352004557,ASTRUM APUS,False,1,hormuz_control_jan2026,1,trajectory_deviation_high,0,0,1,0,1.0,hormuz_control_jan2026,True,PAN,gfw_identity,CARGO,gfw_identity,False,CARGO,CARGO,True,ITF_FOC,,,,,,9467146,,15.0,1.0,15.0,20.0,0.0,35.0,35.0
352004910,KNK ADIRAA,False,1,hormuz_control_jan2026,1,trajectory_deviation_high,0,0,1,0,1.0,hormuz_control_jan2026,True,PAN,gfw_identity,OTHER,gfw_identity,False,OTHER,OTHER,True,ITF_FOC,,,,,,1050698,,15.0,1.0,15.0,20.0,0.0,35.0,35.0
352005176,V GEM,False,1,hormuz_control_jan2026,1,trajectory_deviation_high,0,0,1,0,1.0,hormuz_control_jan2026,True,PAN,gfw_identity,OTHER,gfw_identity,False,OTHER,OTHER,True,ITF_FOC,,,,,,,,15.0,1.0,15.0,20.0,0.0,35.0,35.0
352005548,ATN GLORY,False,1,hormuz_control_jan2026,1,trajectory_deviation_high,0,0,1,0,1.0,hormuz_control_jan2026,True,PAN,gfw_identity,CARGO,gfw_identity,False,CARGO,CARGO,True,ITF_FOC,,,,,,9424091,,15.0,1.0,15.0,20.0,0.0,35.0,35.0
352005570,ROSETTA,False,1,hormuz_control_jan2026,1,genuine_cluster_member,0,0,1,0,1.0,hormuz_control_jan2026,True,PAN,gfw_identity,OTHER,gfw_identity,False,OTHER,OTHER,True,ITF_FOC,,,,,,9353888,,15.0,1.0,15.0,20.0,0.0,35.0,35.0
352005947,RATGA,False,1,hormuz_control_jan2026,1,trajectory_deviation_high,0,0,1,0,1.0,hormuz_control_jan2026,True,PAN,gfw_identity,CARGO,gfw_identity,False,CARGO,CARGO,True,ITF_FOC,,,,,,9295127,,15.0,1.0,15.0,20.0,0.0,35.0,35.0
352006043,UNITY ISLAND,False,1,hormuz_control_jan2026,1,trajectory_deviation_high,0,0,1,0,1.0,hormuz_control_jan2026,True,PAN,gfw_identity,CARGO,gfw_identity,False,CARGO,CARGO,True,ITF_FOC,,,,,,1047110,,15.0,1.0,15.0,20.0,0.0,35.0,35.0
352006145,SHARQ OR 1,False,1,hormuz_control_jan2026,1,trajectory_deviation_high,0,0,1,0,1.0,hormuz_control_jan2026,True,PAN,gfw_identity,PASSENGER,gfw_identity,False,PASSENGER,PASSENGER,True,ITF_FOC,,,,,,1096006,,15.0,1.0,15.0,20.0,0.0,35.0,35.0
352006181,FEI HONG DA 66,False,1,hormuz_control_jan2026,1,trajectory_deviation_high,0,0,1,0,1.0,hormuz_control_jan2026,True,PAN,gfw_identity,OTHER,gfw_identity,False,OTHER,OTHER,True,ITF_FOC,,,,,,1134236,,15.0,1.0,15.0,20.0,0.0,35.0,35.0
352006255,NORSE TESHIMA,False,1,hormuz_control_jan2026,1,trajectory_deviation_high,0,0,1,0,1.0,hormuz_control_jan2026,True,PAN,gfw_identity,OTHER,gfw_identity,False,OTHER,OTHER,True,ITF_FOC,,,,,,9986271,,15.0,1.0,15.0,20.0,0.0,35.0,35.0
352732000,CALIFORNIA HIGHWAY,False,1,hormuz_control_jan2026,1,trajectory_deviation_high,0,0,1,0,1.0,hormuz_control_jan2026,True,PAN,gfw_identity,CARGO,gfw_identity,False,CARGO,CARGO,True,ITF_FOC,,,,NABOB SHIPPING,PAN,9574078,,15.0,1.0,15.0,20.0,0.0,35.0,35.0
352753000,FRANBO PROGRESS,False,1,hormuz_crisis_mar2026,1,trajectory_deviation_high,0,0,0,1,1.0,hormuz_crisis_mar2026,True,PAN,gfw_identity,CARGO,gfw_identity,False,CARGO,CARGO,True,ITF_FOC,,,,,,,,15.0,1.0,15.0,20.0,0.0,35.0,35.0
352824000,POSITIVE PIONEER,False,1,hormuz_control_jan2026,1,trajectory_deviation_high,0,0,1,0,1.0,hormuz_control_jan2026,True,PAN,gfw_identity,CARGO,gfw_identity,False,CARGO,CARGO,True,ITF_FOC,,,,,,,,15.0,1.0,15.0,20.0,0.0,35.0,35.0
352835000,ALINEAT,False,1,hormuz_control_jan2026,1,trajectory_deviation_high,0,0,1,0,1.0,hormuz_control_jan2026,True,PAN,gfw_identity,CARGO,gfw_identity,False,CARGO,CARGO,True,ITF_FOC,,,,,,,,15.0,1.0,15.0,20.0,0.0,35.0,35.0
353370000,C.FREEDOM,False,1,hormuz_control_jan2026,1,trajectory_deviation_high,0,0,1,0,1.0,hormuz_control_jan2026,True,PAN,gfw_identity,OTHER,gfw_identity,False,OTHER,OTHER,True,ITF_FOC,,,,,,,,15.0,1.0,15.0,20.0,0.0,35.0,35.0
353534000,LISBOA,False,1,hormuz_control_jan2026,1,trajectory_deviation_high,0,0,1,0,1.0,hormuz_control_jan2026,True,PAN,gfw_identity,BUNKER,gfw_identity,False,BUNKER,BUNKER,True,ITF_FOC,,,,,,9257711,,15.0,1.0,15.0,20.0,0.0,35.0,35.0
353943000,TRANQUIL ACE,False,1,hormuz_control_jan2026,1,trajectory_deviation_high,0,0,1,0,1.0,hormuz_control_jan2026,True,PAN,gfw_identity,CARGO,gfw_identity,False,CARGO,CARGO,True,ITF_FOC,,,,,,9561253,,15.0,1.0,15.0,20.0,0.0,35.0,35.0
353956000,YUN SHENG,False,1,hormuz_control_jan2026,1,genuine_cluster_member,0,0,1,0,1.0,hormuz_control_jan2026,True,PAN,gfw_identity,TANKER,gfw_identity,False,OTHER,TANKER,True,ITF_FOC,,,,NAFTSEA SHIPPING TRADING,PAN,8001763,,15.0,1.0,15.0,20.0,0.0,35.0,35.0
354115000,DM JADE,False,1,hormuz_control_jan2026,1,genuine_cluster_member,0,0,1,0,1.0,hormuz_control_jan2026,True,PAN,gfw_identity,TANKER,gfw_identity,False,OTHER,TANKER,True,ITF_FOC,,,,YAOKI SHIPPING,PAN,9565613,,15.0,1.0,15.0,20.0,0.0,35.0,35.0
354204000,KUROBE,False,1,hormuz_control_jan2026,1,trajectory_deviation_high,0,0,1,0,1.0,hormuz_control_jan2026,True,PAN,gfw_identity,CARGO,gfw_identity,False,CARGO,CARGO,True,ITF_FOC,,,,,,,,15.0,1.0,15.0,20.0,0.0,35.0,35.0
354433000,COSGRACE LAKE,False,1,hormuz_control_jan2026,1,trajectory_deviation_high,0,0,1,0,1.0,hormuz_control_jan2026,True,PAN,gfw_identity,TANKER,gfw_identity,False,OTHER,TANKER,True,ITF_FOC,,,,COSGRACE LAKE MARITIME,PAN,9294587,,15.0,1.0,15.0,20.0,0.0,35.0,35.0
354600000,BRIGHT PIONEER,False,1,hormuz_control_jan2026,1,trajectory_deviation_high,0,0,1,0,1.0,hormuz_control_jan2026,True,PAN,gfw_identity,OTHER,gfw_identity,False,OTHER,OTHER,True,ITF_FOC,,,,,,,,15.0,1.0,15.0,20.0,0.0,35.0,35.0
356162000,TSS AMBER,False,1,hormuz_control_jan2026,1,trajectory_deviation_high,0,0,1,0,1.0,hormuz_control_jan2026,True,PAN,gfw_identity,CARGO,gfw_identity,False,CARGO,CARGO,True,ITF_FOC,,,,WEALTH LINE,PAN,9354090,,15.0,1.0,15.0,20.0,0.0,35.0,35.0
356356000,FUTURE ENERGY,False,1,hormuz_control_jan2026,1,genuine_cluster_member,0,0,1,0,1.0,hormuz_control_jan2026,True,PAN,gfw_identity,OTHER,gfw_identity,False,OTHER,OTHER,True,ITF_FOC,,,,,,9867102,,15.0,1.0,15.0,20.0,0.0,35.0,35.0
357131000,MYD NINGBO,False,1,hormuz_control_jan2026,1,trajectory_deviation_high,0,0,1,0,1.0,hormuz_control_jan2026,True,PAN,gfw_identity,CARGO,gfw_identity,False,CARGO,CARGO,True,ITF_FOC,,,,GAINING ENTERPRISE,PAN,9202156,,15.0,1.0,15.0,20.0,0.0,35.0,35.0
357186000,SOHAR LNG,False,1,hormuz_control_jan2026,1,trajectory_deviation_high,0,0,1,0,1.0,hormuz_control_jan2026,True,PAN,gfw_identity,TANKER,gfw_identity,False,OTHER,TANKER,True,ITF_FOC,,,,ENERGY SPRING LNG CARRIER,PAN,9210816,,15.0,1.0,15.0,20.0,0.0,35.0,35.0
357245000,C.MIGHTY,False,1,hormuz_control_jan2026,1,trajectory_deviation_high,0,0,1,0,1.0,hormuz_control_jan2026,True,PAN,gfw_identity,TANKER,gfw_identity,False,OTHER,TANKER,True,ITF_FOC,,,,APOLLO SHIPHOLDING,PAN,9422158,,15.0,1.0,15.0,20.0,0.0,35.0,35.0
357711000,ATLANTIC PIONEER,False,1,hormuz_control_jan2026,1,trajectory_deviation_high,0,0,1,0,1.0,hormuz_control_jan2026,True,PAN,gfw_identity,CARGO,gfw_identity,False,CARGO,CARGO,True,ITF_FOC,,,,AMBITIOUS LINE,PAN,9557056,,15.0,1.0,15.0,20.0,0.0,35.0,35.0
370092000,ONE CHALLENGE,False,1,hormuz_control_jan2026,1,trajectory_deviation_high,0,0,1,0,1.0,hormuz_control_jan2026,True,PAN,gfw_identity,OTHER,gfw_identity,False,OTHER,OTHER,True,ITF_FOC,,,,,,9241504,,15.0,1.0,15.0,20.0,0.0,35.0,35.0
370758000,C.GLORY,False,1,hormuz_control_jan2026,1,trajectory_deviation_high,0,0,1,0,1.0,hormuz_control_jan2026,True,PAN,gfw_identity,TANKER,gfw_identity,False,OTHER,TANKER,True,ITF_FOC,,,,UNIVERSE SHIPHOLDING,PAN,9419620,,15.0,1.0,15.0,20.0,0.0,35.0,35.0
372495000,TENKI,False,1,hormuz_control_jan2026,1,trajectory_deviation_high,0,0,1,0,1.0,hormuz_control_jan2026,True,PAN,gfw_identity,TANKER,gfw_identity,False,OTHER,TANKER,True,ITF_FOC,,,,COLNAGO MARITIMA,PAN,9321299,,15.0,1.0,15.0,20.0,0.0,35.0,35.0
372516000,GRAND SAPPHIRE,False,1,hormuz_control_jan2026,1,trajectory_deviation_high,0,0,1,0,1.0,hormuz_control_jan2026,True,PAN,gfw_identity,CARGO,gfw_identity,False,CARGO,CARGO,True,ITF_FOC,,,,DYNAMIC ATTRACTIVE SHIPPING,PAN,9325233,,15.0,1.0,15.0,20.0,0.0,35.0,35.0
372989000,KHALEJIA ANA 5,False,1,hormuz_control_jan2026,1,trajectory_deviation_high,0,0,1,0,1.0,hormuz_control_jan2026,True,PAN,gfw_identity,CARGO,gfw_identity,False,CARGO,CARGO,True,ITF_FOC,,,,,,9221437,,15.0,1.0,15.0,20.0,0.0,35.0,35.0
373343000,SULPHUR GUARDIAN,False,1,hormuz_control_jan2026,1,trajectory_deviation_high,0,0,1,0,1.0,hormuz_control_jan2026,True,PAN,gfw_identity,TANKER,gfw_identity,False,OTHER,TANKER,True,ITF_FOC,,,,PALM,PAN,9606986,,15.0,1.0,15.0,20.0,0.0,35.0,35.0
373565000,V BRAVO,False,1,hormuz_control_jan2026,1,trajectory_deviation_high,0,0,1,0,1.0,hormuz_control_jan2026,True,PAN,gfw_identity,CARGO,gfw_identity,False,CARGO,CARGO,True,ITF_FOC,,,,,,,,15.0,1.0,15.0,20.0,0.0,35.0,35.0
374176000,SWIFT FALCON,False,1,hormuz_control_jan2026,1,trajectory_deviation_high,0,0,1,0,1.0,hormuz_control_jan2026,True,PAN,gfw_identity,CARGO,gfw_identity,False,CARGO,CARGO,True,ITF_FOC,,,,KOVF PR 6,PAN,9060326,,15.0,1.0,15.0,20.0,0.0,35.0,35.0
376908000,INTER SYDNEY,False,1,hormuz_control_jan2026,1,trajectory_deviation_high,0,0,1,0,1.0,hormuz_control_jan2026,True,VCT,gfw_identity,CARGO,gfw_identity,False,CARGO,CARGO,True,ITF_FOC,,,,NORTHERN SHIPPING,VCT,9169500,,15.0,1.0,15.0,20.0,0.0,35.0,35.0
377028000,CATRO IX,False,1,hormuz_control_jan2026,1,genuine_cluster_member,0,0,1,0,1.0,hormuz_control_jan2026,True,VCT,gfw_identity,NON_FISHING,gfw_identity,False,NA,NON_FISHING,True,ITF_FOC,,,,VAN OORD OVERIG MATERIEEL IV,NLD,9784441,,15.0,1.0,15.0,20.0,0.0,35.0,35.0
413556780,ZHUCHENGXINZHOU,False,1,hormuz_control_jan2026,1,trajectory_deviation_high,0,0,1,0,1.0,hormuz_control_jan2026,True,DEU,gfw_identity,CARGO,gfw_identity,False,CARGO,CARGO,True,ITF_FOC,,,,ANHUI XINZHOU SHIPPING,CHN,9252993,,15.0,1.0,15.0,20.0,0.0,35.0,35.0
417551521,AL HANA,False,1,hormuz_control_jan2026,1,genuine_cluster_member,0,0,1,0,1.0,hormuz_control_jan2026,True,LKA,gfw_identity,OTHER,gfw_identity,False,OTHER,OTHER,True,ITF_FOC,,,,,,,,15.0,1.0,15.0,20.0,0.0,35.0,35.0
441205000,C. INNOVATOR,False,1,hormuz_control_jan2026,1,trajectory_deviation_high,0,0,1,0,1.0,hormuz_control_jan2026,True,PAN,gfw_identity,TANKER,gfw_identity,False,OTHER,TANKER,True,ITF_FOC,,,,PEFC SHIPHOLDING,PAN,9595618,,15.0,1.0,15.0,20.0,0.0,35.0,35.0
511100185,AMAL II,False,1,hormuz_crisis_mar2026,1,trajectory_deviation_high,0,0,0,1,1.0,hormuz_crisis_mar2026,True,PLW,gfw_identity,OTHER,gfw_identity,False,OTHER,OTHER,True,shadow_fleet,,,,,,9043134,,15.0,1.0,15.0,20.0,0.0,35.0,35.0
511100268,ARIHANT,False,1,hormuz_crisis_mar2026,1,trajectory_deviation_high,0,0,0,1,1.0,hormuz_crisis_mar2026,True,PLW,gfw_identity,OTHER,gfw_identity,False,OTHER,OTHER,True,shadow_fleet,,,,,,9464156,,15.0,1.0,15.0,20.0,0.0,35.0,35.0
511101407,PONTUS,False,1,hormuz_control_jan2026,1,genuine_cluster_member,0,0,1,0,1.0,hormuz_control_jan2026,True,PLW,gfw_identity,OTHER,gfw_identity,False,OTHER,OTHER,True,shadow_fleet,,,,,,,,15.0,1.0,15.0,20.0,0.0,35.0,35.0
518100907,NOBLE ONE,False,1,hormuz_control_jan2026,1,trajectory_deviation_high,0,0,1,0,1.0,hormuz_control_jan2026,True,COK,gfw_identity,OTHER,gfw_identity,False,OTHER,OTHER,True,shadow_fleet,,,,,,,,15.0,1.0,15.0,20.0,0.0,35.0,35.0
518998204,BITUMEN STAR,False,1,hormuz_control_jan2026,1,trajectory_deviation_high,0,0,1,0,1.0,hormuz_control_jan2026,True,COK,gfw_identity,OTHER,gfw_identity,False,OTHER,OTHER,True,shadow_fleet,,,,,,,,15.0,1.0,15.0,20.0,0.0,35.0,35.0
538002227,STAR KAMILA,False,1,hormuz_crisis_mar2026,1,trajectory_deviation_high,0,0,0,1,1.0,hormuz_crisis_mar2026,True,MHL,gfw_identity,CARGO,gfw_identity,False,CARGO,CARGO,True,ITF_FOC,,,,,,,,15.0,1.0,15.0,20.0,0.0,35.0,35.0
538002295,SEAWAYS RAFFLES,False,1,hormuz_control_jan2026,1,trajectory_deviation_high,0,0,1,0,1.0,hormuz_control_jan2026,True,MHL,gfw_identity,TANKER,gfw_identity,False,OTHER,TANKER,True,ITF_FOC,,,,KATSURA TANKER,MHL,9411032,,15.0,1.0,15.0,20.0,0.0,35.0,35.0
538002632,STAR MARIELLA,False,1,hormuz_control_jan2026,1,trajectory_deviation_high,0,0,1,0,1.0,hormuz_control_jan2026,True,MHL,gfw_identity,CARGO,gfw_identity,False,CARGO,CARGO,True,ITF_FOC,,,,STAR TRIDENT XVI,MHL,9354868,,15.0,1.0,15.0,20.0,0.0,35.0,35.0
538002636,STAR RENEE,False,1,hormuz_control_jan2026,1,trajectory_deviation_high,0,0,1,0,1.0,hormuz_control_jan2026,True,MHL,gfw_identity,CARGO,gfw_identity,False,CARGO,CARGO,True,ITF_FOC,,,,STAR TRIDENT X,MHL,9328948,,15.0,1.0,15.0,20.0,0.0,35.0,35.0
538002917,AL GATTARA,False,1,hormuz_control_jan2026,1,trajectory_deviation_high,0,0,1,0,1.0,hormuz_control_jan2026,True,MHL,gfw_identity,TANKER,gfw_identity,False,OTHER,TANKER,True,ITF_FOC,,,,OVERSEAS LNG H1,MHL,9337705,,15.0,1.0,15.0,20.0,0.0,35.0,35.0
538003018,AL THUMAMA,False,1,hormuz_control_jan2026,1,trajectory_deviation_high,0,0,1,0,1.0,hormuz_control_jan2026,True,MHL,gfw_identity,TANKER,gfw_identity,False,OTHER,TANKER,True,ITF_FOC,,,,J5 NAKLIAT NO 2,MHL,9360843,,15.0,1.0,15.0,20.0,0.0,35.0,35.0
538003114,MIRACLE,False,1,hormuz_control_jan2026,1,trajectory_deviation_high,0,0,1,0,1.0,hormuz_control_jan2026,True,MHL,gfw_identity,TANKER,gfw_identity,False,OTHER,TANKER,True,ITF_FOC,,,,FLORENCE SHIPHOLDING,MHL,9387059,,15.0,1.0,15.0,20.0,0.0,35.0,35.0
538003347,AL REKAYYAT,False,1,hormuz_control_jan2026,1,trajectory_deviation_high,0,0,1,0,1.0,hormuz_control_jan2026,True,MHL,gfw_identity,OTHER,gfw_identity,False,OTHER,OTHER,True,ITF_FOC,,,,,,,,15.0,1.0,15.0,20.0,0.0,35.0,35.0
538003352,AL KHARAITIYAT,False,1,hormuz_control_jan2026,1,trajectory_deviation_high,0,0,1,0,1.0,hormuz_control_jan2026,True,MHL,gfw_identity,TANKER,gfw_identity,False,OTHER,TANKER,True,ITF_FOC,,,,NAKILAT HHI 1909,MHL,9397327,,15.0,1.0,15.0,20.0,0.0,35.0,35.0
538004051,LIBRA TRADER,False,1,hormuz_control_jan2026,1,trajectory_deviation_high,0,0,1,0,1.0,hormuz_control_jan2026,True,MHL,gfw_identity,OTHER,gfw_identity,False,OTHER,OTHER,True,ITF_FOC,,,,,,,,15.0,1.0,15.0,20.0,0.0,35.0,35.0
538004343,IOLCOS GENESIS,False,1,hormuz_control_jan2026,1,trajectory_deviation_high,0,0,1,0,1.0,hormuz_control_jan2026,True,MHL,gfw_identity,CARGO,gfw_identity,False,CARGO,CARGO,True,ITF_FOC,,,,NORTH ANTHEM SHIPPING,MHL,9503782,,15.0,1.0,15.0,20.0,0.0,35.0,35.0
538004534,VESTA,False,1,hormuz_control_jan2026,1,trajectory_deviation_high,0,0,1,0,1.0,hormuz_control_jan2026,True,MHL,gfw_identity,OTHER,gfw_identity,False,OTHER,OTHER,True,ITF_FOC,,,,,,,,15.0,1.0,15.0,20.0,0.0,35.0,35.0
538004682,ZAO GALAXY,False,1,hormuz_control_jan2026,1,trajectory_deviation_high,0,0,1,0,1.0,hormuz_control_jan2026,True,MHL,gfw_identity,OTHER,gfw_identity,False,OTHER,OTHER,True,ITF_FOC,,,,,,,,15.0,1.0,15.0,20.0,0.0,35.0,35.0
538004759,VALIANT ACE,False,1,hormuz_control_jan2026,1,trajectory_deviation_high,0,0,1,0,1.0,hormuz_control_jan2026,True,MHL,gfw_identity,CARGO,gfw_identity,False,CARGO,CARGO,True,ITF_FOC,,,,VALIANT SHIPHOLDING,MHL,9610420,,15.0,1.0,15.0,20.0,0.0,35.0,35.0
538005335,TOPAZ SOPHIE,False,1,qatar_control_sep2025,1,sar_ais_likely_spoofed,1,0,0,0,1.0,qatar_control_sep2025,True,MHL,gfw_identity,NON_FISHING,gfw_identity,False,NA,NON_FISHING,True,ITF_FOC,,,,,,9680657,,15.0,1.0,15.0,20.0,0.0,35.0,35.0
538005355,NO.5 OCEAN PIONEER,False,1,hormuz_control_jan2026,1,trajectory_deviation_high,0,0,1,0,1.0,hormuz_control_jan2026,True,MHL,gfw_identity,OTHER,gfw_identity,False,OTHER,OTHER,True,ITF_FOC,,,,,,,,15.0,1.0,15.0,20.0,0.0,35.0,35.0
538005391,STI CONNAUGHT,False,1,hormuz_control_jan2026,1,trajectory_deviation_high,0,0,1,0,1.0,hormuz_control_jan2026,True,MHL,gfw_identity,NA,gfw_identity,False,NA,NA,True,ITF_FOC,,,,,,,,15.0,1.0,15.0,20.0,0.0,35.0,35.0
538005632,SARV SHAKTI,False,1,hormuz_control_jan2026,1,trajectory_deviation_high,0,0,1,0,1.0,hormuz_control_jan2026,True,MHL,gfw_identity,TANKER,gfw_identity,False,OTHER,TANKER,True,ITF_FOC,,,,AVANCE PROVIDENCE,MHL,9350599,,15.0,1.0,15.0,20.0,0.0,35.0,35.0
538005820,STI GALLANTRY,False,1,hormuz_control_jan2026,1,trajectory_deviation_high,0,0,1,0,1.0,hormuz_control_jan2026,True,MHL,gfw_identity,NA,gfw_identity,False,NA,NA,True,ITF_FOC,,,,,,,,15.0,1.0,15.0,20.0,0.0,35.0,35.0
538005871,OLYMPIC LION,False,1,hormuz_control_jan2026,1,trajectory_deviation_high,0,0,1,0,1.0,hormuz_control_jan2026,True,MHL,gfw_identity,TANKER,gfw_identity,False,OTHER,TANKER,True,ITF_FOC,,,,ADVENTIS SHIPPING,MHL,9445459,,15.0,1.0,15.0,20.0,0.0,35.0,35.0
538006179,ZIRCON,False,1,hormuz_control_jan2026,1,trajectory_deviation_high,0,0,1,0,1.0,hormuz_control_jan2026,True,MHL,gfw_identity,TANKER,gfw_identity,False,OTHER,TANKER,True,ITF_FOC,,,,MARINA ZIRCON SHIPPING,MHL,9746205,,15.0,1.0,15.0,20.0,0.0,35.0,35.0
538006270,SFL TIGER,False,1,hormuz_control_jan2026,1,trajectory_deviation_high,0,0,1,0,1.0,hormuz_control_jan2026,True,MHL,gfw_identity,TANKER,gfw_identity,False,OTHER,TANKER,True,ITF_FOC,,,,SEA HULL L0046,LBR,9664809,,15.0,1.0,15.0,20.0,0.0,35.0,35.0
538006769,FRONT LYNX,False,1,hormuz_control_jan2026,1,trajectory_deviation_high,0,0,1,0,1.0,hormuz_control_jan2026,True,MHL,gfw_identity,TANKER,gfw_identity,False,OTHER,TANKER,True,ITF_FOC,,,,FRONT ATHENA,LBR,9726592,,15.0,1.0,15.0,20.0,0.0,35.0,35.0
538007153,ELANDRA EAGLE,False,1,hormuz_control_jan2026,1,trajectory_deviation_high,0,0,1,0,1.0,hormuz_control_jan2026,True,MHL,gfw_identity,TANKER,gfw_identity,False,OTHER,TANKER,True,ITF_FOC,,,,ELANDRA EAGLE SHIPPING,BMU,9792474,,15.0,1.0,15.0,20.0,0.0,35.0,35.0
538007362,PACIFIC JULIA,False,1,hormuz_control_jan2026,1,trajectory_deviation_high,0,0,1,0,1.0,hormuz_control_jan2026,True,MHL,gfw_identity,TANKER,gfw_identity,False,OTHER,TANKER,True,ITF_FOC,,,,SILVER NO 38,MHL,9772046,,15.0,1.0,15.0,20.0,0.0,35.0,35.0
538007453,YAN DANG SHAN,False,1,hormuz_crisis_mar2026,1,genuine_cluster_member,0,0,0,1,1.0,hormuz_crisis_mar2026,True,MHL,gfw_identity,CARGO,gfw_identity,False,CARGO,NA,True,ITF_FOC,,,,,,,,15.0,1.0,15.0,20.0,0.0,35.0,35.0
538007654,SEA GARNET,False,1,hormuz_control_jan2026,1,trajectory_deviation_high,0,0,1,0,1.0,hormuz_control_jan2026,True,MHL,gfw_identity,TANKER,gfw_identity,False,OTHER,TANKER,True,ITF_FOC,,,,URANUS MARINE,LBR,9772943,,15.0,1.0,15.0,20.0,0.0,35.0,35.0
538007683,CONSTANTINOS P II,False,1,hormuz_control_jan2026,1,genuine_cluster_member,0,0,1,0,1.0,hormuz_control_jan2026,True,DEU,gfw_identity,CARGO,gfw_identity,False,CARGO,CARGO,True,ITF_FOC,,,,CONSTANTINOS P MARITIME,MHL,9461623,,15.0,1.0,15.0,20.0,0.0,35.0,35.0
538007684,ELENI T,False,1,hormuz_control_jan2026,1,trajectory_deviation_high,0,0,1,0,1.0,hormuz_control_jan2026,True,DEU,gfw_identity,CARGO,gfw_identity,False,CARGO,CARGO,True,ITF_FOC,,,,ELENI I MARITIME,MHL,9397585,,15.0,1.0,15.0,20.0,0.0,35.0,35.0
538008327,ALEXIA,False,1,hormuz_control_jan2026,1,trajectory_deviation_high,0,0,1,0,1.0,hormuz_control_jan2026,True,MHL,gfw_identity,OTHER,gfw_identity,False,OTHER,OTHER,True,ITF_FOC,,,,,,9389966,,15.0,1.0,15.0,20.0,0.0,35.0,35.0
538009427,ECO OCEANO CA,False,1,hormuz_control_jan2026,1,trajectory_deviation_high,0,0,1,0,1.0,hormuz_control_jan2026,True,MHL,gfw_identity,OTHER,gfw_identity,False,OTHER,OTHER,True,ITF_FOC,,,,,,9794020,,15.0,1.0,15.0,20.0,0.0,35.0,35.0
538009501,FRONT FAVOUR,False,1,hormuz_control_jan2026,1,trajectory_deviation_high,0,0,1,0,1.0,hormuz_control_jan2026,True,MHL,gfw_identity,OTHER,gfw_identity,False,OTHER,OTHER,True,ITF_FOC,,,,,,9903968,,15.0,1.0,15.0,20.0,0.0,35.0,35.0
538009780,BOW FLORA,False,1,hormuz_control_jan2026,1,trajectory_deviation_high,0,0,1,0,1.0,hormuz_control_jan2026,True,MHL,gfw_identity,OTHER,gfw_identity,False,OTHER,OTHER,True,ITF_FOC,,,,,,9143207,,15.0,1.0,15.0,20.0,0.0,35.0,35.0
538009925,ECO ORACLE,False,1,hormuz_control_jan2026,1,trajectory_deviation_high,0,0,1,0,1.0,hormuz_control_jan2026,True,MHL,gfw_identity,NA,gfw_identity,False,NA,NA,True,ITF_FOC,,,,,,,,15.0,1.0,15.0,20.0,0.0,35.0,35.0
538010153,SAFEEN POWER,False,1,hormuz_control_jan2026,1,trajectory_deviation_high,0,0,1,0,1.0,hormuz_control_jan2026,True,MHL,gfw_identity,CARGO,gfw_identity,False,CARGO,CARGO,True,ITF_FOC,,,,,,9539482,,15.0,1.0,15.0,20.0,0.0,35.0,35.0
538010238,FRONT TYNE,False,1,hormuz_control_jan2026,1,trajectory_deviation_high,0,0,1,0,1.0,hormuz_control_jan2026,True,MHL,gfw_identity,OTHER,gfw_identity,False,OTHER,OTHER,True,ITF_FOC,,,,,,9933676,,15.0,1.0,15.0,20.0,0.0,35.0,35.0
538010241,DANAE,False,1,hormuz_control_jan2026,1,trajectory_deviation_high,0,0,1,0,1.0,hormuz_control_jan2026,True,MHL,gfw_identity,CARGO,gfw_identity,False,CARGO,CARGO,True,ITF_FOC,,,,,,9719587,,15.0,1.0,15.0,20.0,0.0,35.0,35.0
538010477,SONGA NEPTUNE,False,1,hormuz_control_jan2026,1,trajectory_deviation_high,0,0,1,0,1.0,hormuz_control_jan2026,True,MHL,gfw_identity,OTHER,gfw_identity,False,OTHER,OTHER,True,ITF_FOC,,,,,,9565766,,15.0,1.0,15.0,20.0,0.0,35.0,35.0
538010565,GOOD CARRY,False,1,hormuz_control_jan2026,1,trajectory_deviation_high,0,0,1,0,1.0,hormuz_control_jan2026,True,MHL,gfw_identity,CARGO,gfw_identity,False,CARGO,CARGO,True,ITF_FOC,,,,,,9775141,,15.0,1.0,15.0,20.0,0.0,35.0,35.0
538010586,LIU JIANG KOU,False,1,hormuz_control_jan2026,1,trajectory_deviation_high,0,0,1,0,1.0,hormuz_control_jan2026,True,MHL,gfw_identity,OTHER,gfw_identity,False,OTHER,OTHER,True,ITF_FOC,,,,,,9991795,,15.0,1.0,15.0,20.0,0.0,35.0,35.0
538010649,ADVANTAGE PADOVA,False,1,hormuz_control_jan2026,1,trajectory_deviation_high,0,0,1,0,1.0,hormuz_control_jan2026,True,MHL,gfw_identity,OTHER,gfw_identity,False,OTHER,OTHER,True,ITF_FOC,,,,,,9794848,,15.0,1.0,15.0,20.0,0.0,35.0,35.0
538010725,MICHALIS JR,False,1,hormuz_control_jan2026,1,trajectory_deviation_high,0,0,1,0,1.0,hormuz_control_jan2026,True,MHL,gfw_identity,CARGO,gfw_identity,False,CARGO,CARGO,True,ITF_FOC,,,,,,9410155,,15.0,1.0,15.0,20.0,0.0,35.0,35.0
538010770,GULF BARAKAH,False,1,hormuz_control_jan2026,1,trajectory_deviation_high,0,0,1,0,1.0,hormuz_control_jan2026,True,MHL,gfw_identity,CARGO,gfw_identity,False,CARGO,CARGO,True,ITF_FOC,,,,,,9464314,,15.0,1.0,15.0,20.0,0.0,35.0,35.0
538011093,OPTIMUS,False,1,hormuz_control_jan2026,1,trajectory_deviation_high,0,0,1,0,1.0,hormuz_control_jan2026,True,MHL,gfw_identity,OTHER,gfw_identity,False,OTHER,OTHER,True,ITF_FOC,,,,,,9835044,,15.0,1.0,15.0,20.0,0.0,35.0,35.0
538011218,LUCKY MAY,False,1,hormuz_control_jan2026,1,trajectory_deviation_high,0,0,1,0,1.0,hormuz_control_jan2026,True,MHL,gfw_identity,OTHER,gfw_identity,False,OTHER,OTHER,True,ITF_FOC,,,,,,9344136,,15.0,1.0,15.0,20.0,0.0,35.0,35.0
538011321,STAVANGER STAR,False,1,hormuz_control_jan2026,1,trajectory_deviation_high,0,0,1,0,1.0,hormuz_control_jan2026,True,MHL,gfw_identity,OTHER,gfw_identity,False,OTHER,OTHER,True,ITF_FOC,,,,,,9984871,,15.0,1.0,15.0,20.0,0.0,35.0,35.0
538011391,MARIGOLD LNG,False,1,hormuz_control_jan2026,1,trajectory_deviation_high,0,0,1,0,1.0,hormuz_control_jan2026,True,MHL,gfw_identity,OTHER,gfw_identity,False,OTHER,OTHER,True,ITF_FOC,,,,,,9230062,,15.0,1.0,15.0,20.0,0.0,35.0,35.0
538011460,BOHWA AMOY,False,1,hormuz_control_jan2026,1,trajectory_deviation_high,0,0,1,0,1.0,hormuz_control_jan2026,True,MHL,gfw_identity,CARGO,gfw_identity,False,CARGO,CARGO,True,ITF_FOC,,,,,,9300958,,15.0,1.0,15.0,20.0,0.0,35.0,35.0
538011569,SHAN DONG XIN XIANG,False,1,hormuz_control_jan2026,1,trajectory_deviation_high,0,0,1,0,1.0,hormuz_control_jan2026,True,MHL,gfw_identity,CARGO,gfw_identity,False,CARGO,CARGO,True,ITF_FOC,,,,,,1026568,,15.0,1.0,15.0,20.0,0.0,35.0,35.0
538011663,GENEVA STAR,False,1,hormuz_control_jan2026,1,trajectory_deviation_high,0,0,1,0,1.0,hormuz_control_jan2026,True,MHL,gfw_identity,OTHER,gfw_identity,False,OTHER,OTHER,True,ITF_FOC,,,,,,1028528,,15.0,1.0,15.0,20.0,0.0,35.0,35.0
538011855,EDOR,False,1,hormuz_control_jan2026,1,trajectory_deviation_high,0,0,1,0,1.0,hormuz_control_jan2026,True,MHL,gfw_identity,OTHER,gfw_identity,False,OTHER,OTHER,True,ITF_FOC,,,,,,9259317,,15.0,1.0,15.0,20.0,0.0,35.0,35.0
538011968,UGR BARCELONA,False,1,hormuz_control_jan2026,1,trajectory_deviation_high,0,0,1,0,1.0,hormuz_control_jan2026,True,MHL,gfw_identity,CARGO,gfw_identity,False,CARGO,CARGO,True,ITF_FOC,,,,,,9431836,,15.0,1.0,15.0,20.0,0.0,35.0,35.0
538011989,FIDELITY,False,1,hormuz_control_jan2026,1,trajectory_deviation_high,0,0,1,0,1.0,hormuz_control_jan2026,True,MHL,gfw_identity,OTHER,gfw_identity,False,OTHER,OTHER,True,ITF_FOC,,,,,,1024596,,15.0,1.0,15.0,20.0,0.0,35.0,35.0
538012228,ARCTURUS I,False,1,hormuz_control_jan2026,1,trajectory_deviation_high,0,0,1,0,1.0,hormuz_control_jan2026,True,MHL,gfw_identity,CARGO,gfw_identity,False,CARGO,CARGO,True,ITF_FOC,,,,,,9221334,,15.0,1.0,15.0,20.0,0.0,35.0,35.0
563264400,GREAT THITA,False,1,hormuz_control_jan2026,1,trajectory_deviation_high,0,0,1,0,1.0,hormuz_control_jan2026,True,MHL,gfw_identity,TANKER,gfw_identity,False,OTHER,TANKER,True,ITF_FOC,,,,,,9873670,,15.0,1.0,15.0,20.0,0.0,35.0,35.0
616350000,ANDIYA 1,False,1,hormuz_crisis_mar2026,1,trajectory_deviation_high,0,0,0,1,1.0,hormuz_crisis_mar2026,True,COM,gfw_identity,OTHER,gfw_identity,False,OTHER,OTHER,True,ITF_FOC,,,,,,,,15.0,1.0,15.0,20.0,0.0,35.0,35.0
620800211,PARITOSH,False,1,hormuz_control_jan2026,1,trajectory_deviation_high,0,0,1,0,1.0,hormuz_control_jan2026,True,COM,gfw_identity,OTHER,gfw_identity,False,OTHER,OTHER,True,ITF_FOC,,,,,,9383352,,15.0,1.0,15.0,20.0,0.0,35.0,35.0
620800212,VIYANA,False,1,hormuz_control_jan2026,1,genuine_cluster_member,0,0,1,0,1.0,hormuz_control_jan2026,True,COM,gfw_identity,OTHER,gfw_identity,False,OTHER,OTHER,True,ITF_FOC,,,,,,,,15.0,1.0,15.0,20.0,0.0,35.0,35.0
620800259,AVON,False,1,hormuz_control_jan2026,1,trajectory_deviation_high,0,0,1,0,1.0,hormuz_control_jan2026,True,COM,gfw_identity,OTHER,gfw_identity,False,OTHER,OTHER,True,ITF_FOC,,,,,,9034705,,15.0,1.0,15.0,20.0,0.0,35.0,35.0
620800294,REYFA,False,1,hormuz_control_jan2026,1,trajectory_deviation_high,0,0,1,0,1.0,hormuz_control_jan2026,True,DEU,gfw_identity,CARGO,gfw_identity,False,CARGO,CARGO,True,ITF_FOC,,,,KRETA AYER PTE,SGP,9152909,,15.0,1.0,15.0,20.0,0.0,35.0,35.0
620980000,CHIOS,False,1,hormuz_control_jan2026,1,genuine_cluster_member,0,0,1,0,1.0,hormuz_control_jan2026,True,COM,gfw_identity,OTHER,gfw_identity,False,OTHER,OTHER,True,ITF_FOC,,,,,,7113375,,15.0,1.0,15.0,20.0,0.0,35.0,35.0
620999342,OCEAN LION,False,1,hormuz_control_jan2026,1,trajectory_deviation_high,0,0,1,0,1.0,hormuz_control_jan2026,True,COM,gfw_identity,OTHER,gfw_identity,False,OTHER,OTHER,True,ITF_FOC,,,,,,9117600,,15.0,1.0,15.0,20.0,0.0,35.0,35.0
620999616,SHAHIN 3,False,1,hormuz_control_jan2026,1,genuine_cluster_member,0,0,1,0,1.0,hormuz_control_jan2026,True,COM,gfw_identity,OTHER,gfw_identity,False,OTHER,OTHER,True,ITF_FOC,,,,,,,,15.0,1.0,15.0,20.0,0.0,35.0,35.0
620999710,HAMOON,False,1,hormuz_control_jan2026,1,trajectory_deviation_high,0,0,1,0,1.0,hormuz_control_jan2026,True,COM,gfw_identity,CARGO,gfw_identity,False,CARGO,CARGO,True,ITF_FOC,,,,,,8984903,,15.0,1.0,15.0,20.0,0.0,35.0,35.0
620999730,LCT. POLARIS 1,False,1,hormuz_control_jan2026,1,genuine_cluster_member,0,0,1,0,1.0,hormuz_control_jan2026,True,COM,gfw_identity,OTHER,gfw_identity,False,OTHER,OTHER,True,ITF_FOC,,,,,,1074412,,15.0,1.0,15.0,20.0,0.0,35.0,35.0
620999746,AL-UZAIR,False,1,hormuz_control_jan2026,1,genuine_cluster_member,0,0,1,0,1.0,hormuz_control_jan2026,True,COM,gfw_identity,FISHING,gfw_identity,False,FISHING,FISHING,True,ITF_FOC,,,,,,,,15.0,1.0,15.0,20.0,0.0,35.0,35.0
636013372,ELIZA,False,1,hormuz_control_jan2026,1,trajectory_deviation_high,0,0,1,0,1.0,hormuz_control_jan2026,True,LBR,gfw_identity,TANKER,gfw_identity,False,OTHER,TANKER,True,ITF_FOC,,,,LENFERT,LBR,9387578,,15.0,1.0,15.0,20.0,0.0,35.0,35.0
636014089,VIRGO,False,1,hormuz_control_jan2026,1,genuine_cluster_member,0,0,1,0,1.0,hormuz_control_jan2026,True,LBR,gfw_identity,OTHER,gfw_identity,False,OTHER,OTHER,True,ITF_FOC,,,,,,,,15.0,1.0,15.0,20.0,0.0,35.0,35.0
636014394,UNITED VENTURE,False,1,hormuz_control_jan2026,1,trajectory_deviation_high,0,0,1,0,1.0,hormuz_control_jan2026,True,LBR,gfw_identity,NA,gfw_identity,False,NA,NA,True,ITF_FOC,,,,,,,,15.0,1.0,15.0,20.0,0.0,35.0,35.0
636014485,NEW RESOURCE,False,1,hormuz_control_jan2026,1,trajectory_deviation_high,0,0,1,0,1.0,hormuz_control_jan2026,True,LBR,gfw_identity,TANKER,gfw_identity,False,OTHER,TANKER,True,ITF_FOC,,,,NEW RESOURCE SHIPPING,LBR,9434620,,15.0,1.0,15.0,20.0,0.0,35.0,35.0
636015248,FPMC 27,False,1,hormuz_control_jan2026,1,trajectory_deviation_high,0,0,1,0,1.0,hormuz_control_jan2026,True,LBR,gfw_identity,TANKER,gfw_identity,False,OTHER,TANKER,True,ITF_FOC,,,,FPMC CENTURY MARINE,LBR,9528366,,15.0,1.0,15.0,20.0,0.0,35.0,35.0
636015252,FPMC P HERO,False,1,hormuz_control_jan2026,1,trajectory_deviation_high,0,0,1,0,1.0,hormuz_control_jan2026,True,LBR,gfw_identity,TANKER,gfw_identity,False,OTHER,TANKER,True,ITF_FOC,,,,FPMC HERO MARINE,LBR,9457610,,15.0,1.0,15.0,20.0,0.0,35.0,35.0
636015502,NAVE ESTELLA,False,1,hormuz_control_jan2026,1,trajectory_deviation_high,0,0,1,0,1.0,hormuz_control_jan2026,True,LBR,gfw_identity,TANKER,gfw_identity,False,OTHER,TANKER,True,ITF_FOC,,,,SERIFOS SHIPPING,MHL,9580417,,15.0,1.0,15.0,20.0,0.0,35.0,35.0
636016971,ARAGONA,False,1,hormuz_control_jan2026,1,trajectory_deviation_high,0,0,1,0,1.0,hormuz_control_jan2026,True,LBR,gfw_identity,CARGO,gfw_identity,False,CARGO,CARGO,True,ITF_FOC,,,,ARNICA MARITIME,LBR,9729556,,15.0,1.0,15.0,20.0,0.0,35.0,35.0
636017084,GUYANA PR0SPERITY,False,1,hormuz_control_jan2026,1,trajectory_deviation_high,0,0,1,0,1.0,hormuz_control_jan2026,True,LBR,gfw_identity,TANKER,gfw_identity,False,OTHER,TANKER,True,ITF_FOC,,,,GENER8 NAUTILUS,MHL,9728693,,15.0,1.0,15.0,20.0,0.0,35.0,35.0
636017314,LACON,False,1,hormuz_control_jan2026,1,trajectory_deviation_high,0,0,1,0,1.0,hormuz_control_jan2026,True,LBR,gfw_identity,CARGO,gfw_identity,False,CARGO,CARGO,True,ITF_FOC,,,,ASTIR HOLDINGS,LBR,9277565,,15.0,1.0,15.0,20.0,0.0,35.0,35.0
636017577,MSC REEF,False,1,hormuz_control_jan2026,1,trajectory_deviation_high,0,0,1,0,1.0,hormuz_control_jan2026,True,LBR,gfw_identity,CARGO,gfw_identity,False,CARGO,CARGO,True,ITF_FOC,,,,,,,,15.0,1.0,15.0,20.0,0.0,35.0,35.0
636017816,AL JIMI,False,1,hormuz_control_jan2026,1,trajectory_deviation_high,0,0,1,0,1.0,hormuz_control_jan2026,True,LBR,gfw_identity,CARGO,gfw_identity,False,CARGO,CARGO,True,ITF_FOC,,,,TAKANAWA LINE TOYO KAIUN,JPN,9806354,,15.0,1.0,15.0,20.0,0.0,35.0,35.0
636018001,CONTSHIP UNO,False,1,hormuz_control_jan2026,1,genuine_cluster_member,0,0,1,0,1.0,hormuz_control_jan2026,True,LBR,gfw_identity,CARGO,gfw_identity,False,CARGO,CARGO,True,ITF_FOC,,,,SCHLESWIG NAVIGATION,LBR,9379026,,15.0,1.0,15.0,20.0,0.0,35.0,35.0
636018071,MSC ADITI,False,1,hormuz_control_jan2026,1,trajectory_deviation_high,0,0,1,0,1.0,hormuz_control_jan2026,True,LBR,gfw_identity,CARGO,gfw_identity,False,CARGO,CARGO,True,ITF_FOC,,,,SOLOMON SEAWAYS,LBR,9235581,,15.0,1.0,15.0,20.0,0.0,35.0,35.0
636018276,MSC GAYANE,False,1,hormuz_control_jan2026,1,trajectory_deviation_high,0,0,1,0,1.0,hormuz_control_jan2026,True,LBR,gfw_identity,CARGO,gfw_identity,False,CARGO,CARGO,True,ITF_FOC,,,,SINOCEANIC XVIII,BMU,9770763,,15.0,1.0,15.0,20.0,0.0,35.0,35.0
636018333,SOUTHERN SHARK,False,1,hormuz_control_jan2026,1,trajectory_deviation_high,0,0,1,0,1.0,hormuz_control_jan2026,True,LBR,gfw_identity,NA,gfw_identity,False,NA,NA,True,ITF_FOC,,,,,,,,15.0,1.0,15.0,20.0,0.0,35.0,35.0
636018401,VALOR,False,1,hormuz_control_jan2026,1,trajectory_deviation_high,0,0,1,0,1.0,hormuz_control_jan2026,True,LBR,gfw_identity,NA,gfw_identity,False,NA,NA,True,ITF_FOC,,,,,,,,15.0,1.0,15.0,20.0,0.0,35.0,35.0
636018890,KENYA B,False,1,hormuz_control_jan2026,1,trajectory_deviation_high,0,0,1,0,1.0,hormuz_control_jan2026,True,LBR,gfw_identity,OTHER,gfw_identity,False,OTHER,OTHER,True,ITF_FOC,,,,,,9723069,,15.0,1.0,15.0,20.0,0.0,35.0,35.0
636018945,PLATA SINGAPORE,False,1,hormuz_control_jan2026,1,trajectory_deviation_high,0,0,1,0,1.0,hormuz_control_jan2026,True,LBR,gfw_identity,OTHER,gfw_identity,False,OTHER,OTHER,True,ITF_FOC,,,,,,9323936,,15.0,1.0,15.0,20.0,0.0,35.0,35.0
636019069,BAY SPIRIT,False,1,hormuz_control_jan2026,1,trajectory_deviation_high,0,0,1,0,1.0,hormuz_control_jan2026,True,LBR,gfw_identity,OTHER,gfw_identity,False,OTHER,OTHER,True,ITF_FOC,,,,,,9852286,,15.0,1.0,15.0,20.0,0.0,35.0,35.0
636019411,CL YANGZHOU,False,1,hormuz_control_jan2026,1,trajectory_deviation_high,0,0,1,0,1.0,hormuz_control_jan2026,True,LBR,gfw_identity,CARGO,gfw_identity,False,CARGO,CARGO,True,ITF_FOC,,,,,,9703265,,15.0,1.0,15.0,20.0,0.0,35.0,35.0
636019893,YM CONTINENT,False,1,hormuz_control_jan2026,1,trajectory_deviation_high,0,0,1,0,1.0,hormuz_control_jan2026,True,LBR,gfw_identity,CARGO,gfw_identity,False,CARGO,CARGO,True,ITF_FOC,,,,,,9864514,,15.0,1.0,15.0,20.0,0.0,35.0,35.0
636019991,SOLAR RUBA,False,1,hormuz_control_jan2026,1,trajectory_deviation_high,0,0,1,0,1.0,hormuz_control_jan2026,True,LBR,gfw_identity,OTHER,gfw_identity,False,OTHER,OTHER,True,ITF_FOC,,,,,,9907768,,15.0,1.0,15.0,20.0,0.0,35.0,35.0
636020393,YOHO,False,1,hormuz_control_jan2026,1,trajectory_deviation_high,0,0,1,0,1.0,hormuz_control_jan2026,True,LBR,gfw_identity,OTHER,gfw_identity,False,OTHER,OTHER,True,ITF_FOC,,,,,,9878644,,15.0,1.0,15.0,20.0,0.0,35.0,35.0
636020498,MSC YOKOHAMA,False,1,hormuz_control_jan2026,1,trajectory_deviation_high,0,0,1,0,1.0,hormuz_control_jan2026,True,LBR,gfw_identity,CARGO,gfw_identity,False,CARGO,CARGO,True,ITF_FOC,,,,,,9285665,,15.0,1.0,15.0,20.0,0.0,35.0,35.0
636020939,SOURCE BLESSING,False,1,hormuz_control_jan2026,1,genuine_cluster_member,0,0,1,0,1.0,hormuz_control_jan2026,True,LBR,gfw_identity,CARGO,gfw_identity,False,CARGO,CARGO,True,ITF_FOC,,,,,,9243198,,15.0,1.0,15.0,20.0,0.0,35.0,35.0
636020965,GEOSAND,False,1,hormuz_control_jan2026,1,trajectory_deviation_high,0,0,1,0,1.0,hormuz_control_jan2026,True,LBR,gfw_identity,CARGO,gfw_identity,False,CARGO,CARGO,True,ITF_FOC,,,,,,9482201,,15.0,1.0,15.0,20.0,0.0,35.0,35.0
636021032,KITSOS,False,1,hormuz_control_jan2026,1,trajectory_deviation_high,0,0,1,0,1.0,hormuz_control_jan2026,True,LBR,gfw_identity,OTHER,gfw_identity,False,OTHER,OTHER,True,ITF_FOC,,,,,,9568809,,15.0,1.0,15.0,20.0,0.0,35.0,35.0
636021181,BENEFACTOR,False,1,hormuz_control_jan2026,1,trajectory_deviation_high,0,0,1,0,1.0,hormuz_control_jan2026,True,LBR,gfw_identity,CARGO,gfw_identity,False,CARGO,CARGO,True,ITF_FOC,,,,,,9935466,,15.0,1.0,15.0,20.0,0.0,35.0,35.0
636021460,SOUTHERN ANOA,False,1,hormuz_control_jan2026,1,trajectory_deviation_high,0,0,1,0,1.0,hormuz_control_jan2026,True,LBR,gfw_identity,OTHER,gfw_identity,False,OTHER,OTHER,True,ITF_FOC,,,,,,9914254,,15.0,1.0,15.0,20.0,0.0,35.0,35.0
636021470,MSC MARA,False,1,hormuz_control_jan2026,1,trajectory_deviation_high,0,0,1,0,1.0,hormuz_control_jan2026,True,LBR,gfw_identity,CARGO,gfw_identity,False,CARGO,CARGO,True,ITF_FOC,,,,,,9932892,,15.0,1.0,15.0,20.0,0.0,35.0,35.0
636022139,VALSAMITIS,False,1,hormuz_control_jan2026,1,trajectory_deviation_high,0,0,1,0,1.0,hormuz_control_jan2026,True,LBR,gfw_identity,CARGO,gfw_identity,False,NA,CARGO,True,ITF_FOC,,,,,,,,15.0,1.0,15.0,20.0,0.0,35.0,35.0
636022179,KINYRAS,False,1,hormuz_control_jan2026,1,trajectory_deviation_high,0,0,1,0,1.0,hormuz_control_jan2026,True,LBR,gfw_identity,OTHER,gfw_identity,False,OTHER,OTHER,True,ITF_FOC,,,,,,9320714,,15.0,1.0,15.0,20.0,0.0,35.0,35.0
636022827,UNIVERSAL INNOVATOR,False,1,hormuz_control_jan2026,1,trajectory_deviation_high,0,0,1,0,1.0,hormuz_control_jan2026,True,LBR,gfw_identity,NA,gfw_identity,False,NA,NA,True,ITF_FOC,,,,,,,,15.0,1.0,15.0,20.0,0.0,35.0,35.0
636022828,UNIVERSAL FRONTIER,False,1,hormuz_control_jan2026,1,trajectory_deviation_high,0,0,1,0,1.0,hormuz_control_jan2026,True,LBR,gfw_identity,OTHER,gfw_identity,False,OTHER,OTHER,True,ITF_FOC,,,,,,9829382,,15.0,1.0,15.0,20.0,0.0,35.0,35.0
636023755,HANYU FREESIA,False,1,hormuz_control_jan2026,1,trajectory_deviation_high,0,0,1,0,1.0,hormuz_control_jan2026,True,LBR,gfw_identity,OTHER,gfw_identity,False,OTHER,OTHER,True,ITF_FOC,,,,,,9965007,,15.0,1.0,15.0,20.0,0.0,35.0,35.0
636024217,HMM SAPPHIRE,False,1,hormuz_control_jan2026,1,trajectory_deviation_high,0,0,1,0,1.0,hormuz_control_jan2026,True,LBR,gfw_identity,CARGO,gfw_identity,False,CARGO,CARGO,True,ITF_FOC,,,,,,9955260,,15.0,1.0,15.0,20.0,0.0,35.0,35.0
636024286,STAR SINGAPORE,False,1,hormuz_control_jan2026,1,trajectory_deviation_high,0,0,1,0,1.0,hormuz_control_jan2026,True,LBR,gfw_identity,CARGO,gfw_identity,False,CARGO,CARGO,True,ITF_FOC,,,,,,9788100,,15.0,1.0,15.0,20.0,0.0,35.0,35.0
636024648,SG AQUAMARINE,False,1,hormuz_control_jan2026,1,trajectory_deviation_high,0,0,1,0,1.0,hormuz_control_jan2026,True,LBR,gfw_identity,CARGO,gfw_identity,False,CARGO,CARGO,True,ITF_FOC,,,,,,1032268,,15.0,1.0,15.0,20.0,0.0,35.0,35.0
636024966,NORTHERN GUARD,False,1,hormuz_control_jan2026,1,trajectory_deviation_high,0,0,1,0,1.0,hormuz_control_jan2026,True,DEU,gfw_identity,CARGO,gfw_identity,False,CARGO,CARGO,True,ITF_FOC,,,,ACHTZEHNTE NORDDEUTSCHE,DEU,9348455,,15.0,1.0,15.0,20.0,0.0,35.0,35.0
636024997,JIAOLONG,False,1,hormuz_control_jan2026,1,genuine_cluster_member,0,0,1,0,1.0,hormuz_control_jan2026,True,LBR,gfw_identity,NA,gfw_identity,False,NA,NA,True,ITF_FOC,,,,,,,,15.0,1.0,15.0,20.0,0.0,35.0,35.0
636025158,OCEAN ENERGY,False,1,hormuz_control_jan2026,1,genuine_cluster_member,0,0,1,0,1.0,hormuz_control_jan2026,True,LBR,gfw_identity,OTHER,gfw_identity,False,OTHER,OTHER,True,ITF_FOC,,,,,,9225304,,15.0,1.0,15.0,20.0,0.0,35.0,35.0
636025228,ATOKOS,False,1,hormuz_control_jan2026,1,trajectory_deviation_high,0,0,1,0,1.0,hormuz_control_jan2026,True,LBR,gfw_identity,OTHER,gfw_identity,False,OTHER,OTHER,True,ITF_FOC,,,,,,1037048,,15.0,1.0,15.0,20.0,0.0,35.0,35.0
636025241,SPM VAYU,False,1,hormuz_control_jan2026,1,trajectory_deviation_high,0,0,1,0,1.0,hormuz_control_jan2026,True,LBR,gfw_identity,NA,gfw_identity,False,NA,NA,True,ITF_FOC,,,,,,,,15.0,1.0,15.0,20.0,0.0,35.0,35.0
636025556,CELERINA,False,1,hormuz_control_jan2026,1,trajectory_deviation_high,0,0,1,0,1.0,hormuz_control_jan2026,True,LBR,gfw_identity,CARGO,gfw_identity,False,CARGO,CARGO,True,ITF_FOC,,,,,,9790866,,15.0,1.0,15.0,20.0,0.0,35.0,35.0
636025644,AL SENE`,False,1,hormuz_control_jan2026,1,trajectory_deviation_high,0,0,1,0,1.0,hormuz_control_jan2026,True,LBR,gfw_identity,OTHER,gfw_identity,False,OTHER,OTHER,True,ITF_FOC,,,,,,9986099,,15.0,1.0,15.0,20.0,0.0,35.0,35.0
636092852,PATRICIA OLDENDORFF,False,1,hormuz_control_jan2026,1,trajectory_deviation_high,0,0,1,0,1.0,hormuz_control_jan2026,True,LBR,gfw_identity,CARGO,gfw_identity,False,CARGO,CARGO,True,ITF_FOC,,,,,,,,15.0,1.0,15.0,20.0,0.0,35.0,35.0
636093065,LIMA STRAIT,False,1,hormuz_control_jan2026,1,trajectory_deviation_high,0,0,1,0,1.0,hormuz_control_jan2026,True,LBR,gfw_identity,CARGO,gfw_identity,False,CARGO,CARGO,True,ITF_FOC,,,,,,9626364,,15.0,1.0,15.0,20.0,0.0,35.0,35.0
636093259,USG ZURICH,False,1,hormuz_control_jan2026,1,trajectory_deviation_high,0,0,1,0,1.0,hormuz_control_jan2026,True,LBR,gfw_identity,CARGO,gfw_identity,False,CARGO,CARGO,True,ITF_FOC,,,,,,9458444,,15.0,1.0,15.0,20.0,0.0,35.0,35.0
667022351,FESCO ASKOLD,False,1,hormuz_control_jan2026,1,trajectory_deviation_high,0,0,1,0,1.0,hormuz_control_jan2026,True,LBR,gfw_identity,CARGO,gfw_identity,False,CARGO,CARGO,True,ITF_FOC,,,,ASTRO MOON SHIPPING,CYP,9324942,,15.0,1.0,15.0,20.0,0.0,35.0,35.0
671332000,HAMDANYAQOOB,False,1,hormuz_control_jan2026,1,trajectory_deviation_high,0,0,1,0,1.0,hormuz_control_jan2026,True,TGO,gfw_identity,CARGO,gfw_identity,False,CARGO,CARGO,True,shadow_fleet,,,,,,,,15.0,1.0,15.0,20.0,0.0,35.0,35.0
671555100,BAYAZE D,False,1,hormuz_control_jan2026,1,trajectory_deviation_high,0,0,1,0,1.0,hormuz_control_jan2026,True,TGO,gfw_identity,CARGO,gfw_identity,False,CARGO,CARGO,True,shadow_fleet,,,,,,9385233,,15.0,1.0,15.0,20.0,0.0,35.0,35.0
677042400,EMPIRE 1,False,1,hormuz_control_jan2026,1,trajectory_deviation_high,0,0,1,0,1.0,hormuz_control_jan2026,True,TZA,gfw_identity,CARGO,gfw_identity,False,CARGO,CARGO,True,shadow_fleet,,,,AMAL NEPTUNE,MHL,8116843,,15.0,1.0,15.0,20.0,0.0,35.0,35.0
677068700,MV AL MEERA,False,1,hormuz_control_jan2026,1,genuine_cluster_member,0,0,1,0,1.0,hormuz_control_jan2026,True,TZA,gfw_identity,OTHER,gfw_identity,False,OTHER,OTHER,True,shadow_fleet,,,,,,,,15.0,1.0,15.0,20.0,0.0,35.0,35.0
750348000,REBI,False,1,hormuz_control_jan2026,1,genuine_cluster_member,0,0,1,0,1.0,hormuz_control_jan2026,True,GUY,gfw_identity,OTHER,gfw_identity,False,OTHER,OTHER,True,shadow_fleet,,,,,,9248473,,15.0,1.0,15.0,20.0,0.0,35.0,35.0
750351000,CAMELIA,False,1,hormuz_control_jan2026,1,trajectory_deviation_high,0,0,1,0,1.0,hormuz_control_jan2026,True,GUY,gfw_identity,OTHER,gfw_identity,False,OTHER,OTHER,True,shadow_fleet,,,,,,9070072,,15.0,1.0,15.0,20.0,0.0,35.0,35.0
750400000,DFT  LONG,False,1,hormuz_control_jan2026,1,genuine_cluster_member,0,0,1,0,1.0,hormuz_control_jan2026,True,GUY,gfw_identity,OTHER,gfw_identity,False,OTHER,OTHER,True,shadow_fleet,,,,,,9030759,,15.0,1.0,15.0,20.0,0.0,35.0,35.0
750788000,AQUALIS,False,1,hormuz_control_jan2026,1,genuine_cluster_member,0,0,1,0,1.0,hormuz_control_jan2026,True,GUY,gfw_identity,OTHER,gfw_identity,False,OTHER,OTHER,True,shadow_fleet,,,,,,9314167,,15.0,1.0,15.0,20.0,0.0,35.0,35.0
750917000,PLAN,False,1,hormuz_crisis_mar2026,1,sar_ais_likely_spoofed,0,0,0,1,1.0,hormuz_crisis_mar2026,True,GUY,gfw_identity,OTHER,gfw_identity,False,OTHER,OTHER,True,shadow_fleet,,,,,,9307023,,15.0,1.0,15.0,20.0,0.0,35.0,35.0
419956031,MSV AL SAHARA 1371,False,2,hormuz_control_jan2026;hormuz_crisis_mar2026,4,genuine_cluster_member;trajectory_deviation_high,0,0,1,3,2.0,hormuz_crisis_mar2026,True,IND,gfw_identity,OTHER,gfw_identity,False,OTHER,OTHER,False,,,,,,,,,30.0,1.0,30.0,0.0,0.0,30.0,30.0
422519000,EHSANDARYA,False,2,hormuz_control_jan2026;hormuz_crisis_mar2026,4,trajectory_deviation_high,0,0,4,0,2.0,hormuz_control_jan2026,True,IRN,gfw_identity,CARGO,gfw_identity,False,CARGO,CARGO,False,,,,,,,,,30.0,1.0,30.0,0.0,0.0,30.0,30.0
422658000,LCT  AMIR ABBAS 1,False,2,hormuz_control_jan2026;hormuz_crisis_mar2026,4,trajectory_deviation_high,0,0,4,0,2.0,hormuz_control_jan2026,True,IRN,gfw_identity,CARGO,gfw_identity,False,CARGO,CARGO,False,,,,,,,,,30.0,1.0,30.0,0.0,0.0,30.0,30.0
219028420,TORM CORRIDO,False,1,hormuz_control_jan2026,2,trajectory_deviation_high,0,0,2,0,2.0,hormuz_control_jan2026,True,DNK,gfw_identity,OTHER,gfw_identity,False,OTHER,OTHER,False,,,,,,,,,30.0,1.0,30.0,0.0,0.0,30.0,30.0
219029326,TORM HERDIS,False,1,hormuz_control_jan2026,2,trajectory_deviation_high,0,0,2,0,2.0,hormuz_control_jan2026,True,DNK,gfw_identity,OTHER,gfw_identity,False,OTHER,OTHER,False,,,,,,,9797981,,30.0,1.0,30.0,0.0,0.0,30.0,30.0
219029621,TORM HELENE,False,1,hormuz_control_jan2026,2,trajectory_deviation_high,0,0,2,0,2.0,hormuz_control_jan2026,True,DNK,gfw_identity,OTHER,gfw_identity,False,OTHER,OTHER,False,,,,,,,,,30.0,1.0,30.0,0.0,0.0,30.0,30.0
232201423,BU HAROON BUOY 1-96%,False,1,hormuz_control_jan2026,2,genuine_cluster_member,0,0,2,0,2.0,hormuz_control_jan2026,True,GBR,gfw_identity,GEAR,gfw_identity,False,GEAR,GEAR,False,,,,,,,,,30.0,1.0,30.0,0.0,0.0,30.0,30.0
241959000,METRO MISTRAL,False,1,hormuz_control_jan2026,2,trajectory_deviation_high,0,0,2,0,2.0,hormuz_control_jan2026,True,GRC,gfw_identity,OTHER,gfw_identity,False,OTHER,OTHER,False,,,,,,,1017048,,30.0,1.0,30.0,0.0,0.0,30.0,30.0
242418238,PROFESSOR 2,False,1,hormuz_control_jan2026,2,genuine_cluster_member;trajectory_deviation_high,0,0,2,0,2.0,hormuz_control_jan2026,True,MAR,gfw_identity,OTHER,gfw_identity,False,OTHER,OTHER,False,,,,,,,,,30.0,1.0,30.0,0.0,0.0,30.0,30.0
243700978,BU HAROON BUOY2-99%,False,1,hormuz_control_jan2026,2,genuine_cluster_member,0,0,2,0,2.0,hormuz_control_jan2026,True,HUN,gfw_identity,GEAR,gfw_identity,False,GEAR,GEAR,False,,,,,,,,,30.0,1.0,30.0,0.0,0.0,30.0,30.0
255805776,ESL BUSAN,False,1,hormuz_control_jan2026,2,genuine_cluster_member;trajectory_deviation_high,0,0,2,0,2.0,hormuz_control_jan2026,True,PRT,gfw_identity,CARGO,gfw_identity,False,CARGO,CARGO,False,,,,,MINERVA SCHIFFAHRTS,DEU,9395525,,30.0,1.0,30.0,0.0,0.0,30.0,30.0
403098000,AL MAHFOZA,False,1,hormuz_control_jan2026,2,trajectory_deviation_high,0,0,2,0,2.0,hormuz_control_jan2026,True,SAU,gfw_identity,TANKER,gfw_identity,False,OTHER,TANKER,False,,,,,AL ANDALUS INTERNATIONAL NAV,SAU,9271365,,30.0,1.0,30.0,0.0,0.0,30.0,30.0
403518001,NCC NAJEM,False,1,hormuz_control_jan2026,2,trajectory_deviation_high,0,0,2,0,2.0,hormuz_control_jan2026,True,SAU,gfw_identity,CARGO,gfw_identity,False,CARGO,TANKER,False,,,,,NATIONAL CHEMICAL CARRIERS,SAU,9459022,,30.0,1.0,30.0,0.0,0.0,30.0,30.0
403520001,BAHRI ABHA,False,1,hormuz_control_jan2026,2,genuine_cluster_member;trajectory_deviation_high,0,0,2,0,2.0,hormuz_control_jan2026,True,SAU,gfw_identity,CARGO,gfw_identity,False,CARGO,CARGO,False,,,,,BAHRI,SAU,9620944,,30.0,1.0,30.0,0.0,0.0,30.0,30.0
412180909,HG,False,1,hormuz_control_jan2026,2,genuine_cluster_member;trajectory_deviation_high,0,0,2,0,2.0,hormuz_control_jan2026,True,CHN,gfw_identity,FISHING,gfw_identity,False,FISHING,POLE_AND_LINE,False,,,,,,,,,30.0,1.0,30.0,0.0,0.0,30.0,30.0
413384960,BAO FENG HUA 1,False,1,hormuz_control_jan2026,2,trajectory_deviation_high,0,0,2,0,2.0,hormuz_control_jan2026,True,CHN,gfw_identity,OTHER,gfw_identity,False,OTHER,OTHER,False,,,,,,,9948059,,30.0,1.0,30.0,0.0,0.0,30.0,30.0
419001387,JAG VASANT,False,1,hormuz_crisis_mar2026,2,trajectory_deviation_high,0,0,0,2,2.0,hormuz_crisis_mar2026,True,IND,gfw_identity,OTHER,gfw_identity,False,OTHER,OTHER,False,,,,,,,9307750,,30.0,1.0,30.0,0.0,0.0,30.0,30.0
419002026,GREEN SHAKTI,False,1,hormuz_control_jan2026,2,trajectory_deviation_high,0,0,2,0,2.0,hormuz_control_jan2026,True,HKG,gfw_identity,TANKER,gfw_identity,False,OTHER,TANKER,False,,,,,HEROIC PYXIS,LBR,9415703,,30.0,1.0,30.0,0.0,0.0,30.0,30.0
419531000,DESH VAIBHAV,False,1,hormuz_crisis_mar2026,2,trajectory_deviation_high,0,0,0,2,2.0,hormuz_crisis_mar2026,True,IND,gfw_identity,OTHER,gfw_identity,False,OTHER,OTHER,False,,,,,,,,,30.0,1.0,30.0,0.0,0.0,30.0,30.0
419794000,DESH GARIMA,False,1,hormuz_control_jan2026,2,trajectory_deviation_high,0,0,2,0,2.0,hormuz_control_jan2026,True,IND,gfw_identity,TANKER,gfw_identity,False,OTHER,TANKER,False,,,,,SCI,IND,9467756,,30.0,1.0,30.0,0.0,0.0,30.0,30.0
419797000,DESH MAHIMA,False,1,hormuz_control_jan2026,2,trajectory_deviation_high,0,0,2,0,2.0,hormuz_control_jan2026,True,IND,gfw_identity,TANKER,gfw_identity,False,OTHER,TANKER,False,,,,,SCI,IND,9467744,,30.0,1.0,30.0,0.0,0.0,30.0,30.0
419956545,MSV AL HAJI KASIM,False,1,hormuz_crisis_mar2026,2,genuine_cluster_member;trajectory_deviation_high,0,0,0,2,2.0,hormuz_crisis_mar2026,True,IND,gfw_identity,OTHER,gfw_identity,False,OTHER,OTHER,False,,,,,,,,,30.0,1.0,30.0,0.0,0.0,30.0,30.0
419956607,MSV NOORE DASTGIR,False,1,hormuz_control_jan2026,2,genuine_cluster_member;trajectory_deviation_high,0,0,2,0,2.0,hormuz_control_jan2026,True,IND,gfw_identity,OTHER,gfw_identity,False,OTHER,OTHER,False,,,,,,,,,30.0,1.0,30.0,0.0,0.0,30.0,30.0
422000122,ABOBAKR-52%,False,1,hormuz_control_jan2026,2,genuine_cluster_member;trajectory_deviation_high,0,0,2,0,2.0,hormuz_control_jan2026,True,IRN,gfw_identity,GEAR,gfw_identity,False,GEAR,GEAR,False,,,,,,,,,30.0,1.0,30.0,0.0,0.0,30.0,30.0
422035800,NESHAT,False,1,hormuz_control_jan2026,2,trajectory_deviation_high,0,0,2,0,2.0,hormuz_control_jan2026,True,IRN,gfw_identity,CARGO,gfw_identity,False,CARGO,CARGO,False,,,,,,,,,30.0,1.0,30.0,0.0,0.0,30.0,30.0
422039100,ARTABAZ,False,1,hormuz_control_jan2026,2,genuine_cluster_member;trajectory_deviation_high,0,0,2,0,2.0,hormuz_control_jan2026,True,IRN,gfw_identity,CARGO,gfw_identity,False,CARGO,CARGO,False,,,,,,,,,30.0,1.0,30.0,0.0,0.0,30.0,30.0
422043500,RAHNAVARDAN1,False,1,hormuz_control_jan2026,2,genuine_cluster_member,0,0,2,0,2.0,hormuz_control_jan2026,True,IRN,gfw_identity,OTHER,gfw_identity,False,OTHER,OTHER,False,,,,,,,,,30.0,1.0,30.0,0.0,0.0,30.0,30.0
422085700,NEZAMI GANJAVI 5,False,1,hormuz_control_jan2026,2,genuine_cluster_member;trajectory_deviation_high,0,0,2,0,2.0,hormuz_control_jan2026,True,IRN,gfw_identity,CARGO,gfw_identity,False,CARGO,NON_FISHING,False,,,,,EISA ESLAMI RAMCHAHI HPS,IRN,9795036,,30.0,1.0,30.0,0.0,0.0,30.0,30.0
422170358,ARMIN,False,1,hormuz_control_jan2026,2,genuine_cluster_member;trajectory_deviation_high,0,0,2,0,2.0,hormuz_control_jan2026,True,IRN,gfw_identity,FISHING,gfw_identity,False,FISHING,DRIFTING_LONGLINES,False,,,,,,,,,30.0,1.0,30.0,0.0,0.0,30.0,30.0
422200103,MOZAMEL99%,False,1,hormuz_control_jan2026,2,genuine_cluster_member,0,0,2,0,2.0,hormuz_control_jan2026,True,IRN,gfw_identity,GEAR,gfw_identity,False,GEAR,GEAR,False,,,,,,,,,30.0,1.0,30.0,0.0,0.0,30.0,30.0
422211100,RASHIDI99%,False,1,hormuz_control_jan2026,2,genuine_cluster_member,0,0,2,0,2.0,hormuz_control_jan2026,True,IRN,gfw_identity,FISHING,gfw_identity,False,FISHING,FISHING,False,,,,,,,,,30.0,1.0,30.0,0.0,0.0,30.0,30.0
422226500,OZIR-25327,False,1,hormuz_control_jan2026,2,genuine_cluster_member;trajectory_deviation_high,0,0,2,0,2.0,hormuz_control_jan2026,True,IRN,gfw_identity,NA,gfw_identity,False,NA,NA,False,,,,,,,,,30.0,1.0,30.0,0.0,0.0,30.0,30.0
422230153,SAAD,False,1,hormuz_control_jan2026,2,genuine_cluster_member;trajectory_deviation_high,0,0,2,0,2.0,hormuz_control_jan2026,True,IRN,gfw_identity,FISHING,gfw_identity,False,FISHING,SET_LONGLINES,False,,,,,,,,,30.0,1.0,30.0,0.0,0.0,30.0,30.0
422234577,HEDARY-NET-84%,False,1,hormuz_control_jan2026,2,genuine_cluster_member,0,0,2,0,2.0,hormuz_control_jan2026,True,IRN,gfw_identity,FISHING,gfw_identity,False,FISHING,SET_LONGLINES,False,,,,,,,,,30.0,1.0,30.0,0.0,0.0,30.0,30.0
422311594,3-11594MAROUF,False,1,hormuz_control_jan2026,2,genuine_cluster_member,0,0,2,0,2.0,hormuz_control_jan2026,True,IRN,gfw_identity,GEAR,gfw_identity,False,GEAR,GEAR,False,,,,,,,,,30.0,1.0,30.0,0.0,0.0,30.0,30.0
422426500,MOSHTARI 10,False,1,hormuz_control_jan2026,2,genuine_cluster_member;trajectory_deviation_high,0,0,2,0,2.0,hormuz_control_jan2026,True,IRN,gfw_identity,OTHER,gfw_identity,False,OTHER,OTHER,False,,,,,,,9931587,,30.0,1.0,30.0,0.0,0.0,30.0,30.0
422445566,ESLAMI-2-29%,False,1,hormuz_control_jan2026,2,genuine_cluster_member,0,0,2,0,2.0,hormuz_control_jan2026,True,IRN,gfw_identity,GEAR,gfw_identity,False,GEAR,GEAR,False,,,,,,,,,30.0,1.0,30.0,0.0,0.0,30.0,30.0
422466900,HEDARY >: ABDOL,False,1,hormuz_control_jan2026,2,genuine_cluster_member,0,0,2,0,2.0,hormuz_control_jan2026,True,IRN,gfw_identity,FISHING,gfw_identity,False,FISHING,DRIFTING_LONGLINES,False,,,,,,,,,30.0,1.0,30.0,0.0,0.0,30.0,30.0
422553200,BARKAT,False,1,hormuz_crisis_mar2026,2,genuine_cluster_member;trajectory_deviation_high,0,0,0,2,2.0,hormuz_crisis_mar2026,True,IRN,gfw_identity,OTHER,gfw_identity,False,OTHER,OTHER,False,,,,,,,,,30.0,1.0,30.0,0.0,0.0,30.0,30.0
422616000,KAMAL2,False,1,hormuz_control_jan2026,2,genuine_cluster_member,0,0,2,0,2.0,hormuz_control_jan2026,True,IRN,gfw_identity,NA,gfw_identity,False,NA,NA,False,,,,,,,,,30.0,1.0,30.0,0.0,0.0,30.0,30.0
422657000,GOHAR DARYA 1,False,1,hormuz_control_jan2026,2,trajectory_deviation_high,0,0,2,0,2.0,hormuz_control_jan2026,True,IRN,gfw_identity,CARGO,gfw_identity,False,CARGO,CARGO,False,,,,,,,,,30.0,1.0,30.0,0.0,0.0,30.0,30.0
422733500,13448,False,1,hormuz_control_jan2026,2,genuine_cluster_member;trajectory_deviation_high,0,0,2,0,2.0,hormuz_control_jan2026,True,IRN,gfw_identity,FISHING,gfw_identity,False,FISHING,FISHING,False,,,,,,,,,30.0,1.0,30.0,0.0,0.0,30.0,30.0
422795900,3/11510,False,1,hormuz_control_jan2026,2,genuine_cluster_member;trajectory_deviation_high,0,0,2,0,2.0,hormuz_control_jan2026,True,IRN,gfw_identity,GEAR,gfw_identity,False,GEAR,GEAR,False,,,,,,,,,30.0,1.0,30.0,0.0,0.0,30.0,30.0
422907400,13613,False,1,hormuz_control_jan2026,2,genuine_cluster_member;trajectory_deviation_high,0,0,2,0,2.0,hormuz_control_jan2026,True,IRN,gfw_identity,FISHING,gfw_identity,False,FISHING,SET_LONGLINES,False,,,,,,,,,30.0,1.0,30.0,0.0,0.0,30.0,30.0
422910268,HAMID3_1776-91%,False,1,hormuz_control_jan2026,2,genuine_cluster_member;trajectory_deviation_high,0,0,2,0,2.0,hormuz_control_jan2026,True,IRN,gfw_identity,GEAR,gfw_identity,False,GEAR,GEAR,False,,,,,,,,,30.0,1.0,30.0,0.0,0.0,30.0,30.0
431262000,HAMBURG HIGHWAY,False,1,hormuz_control_jan2026,2,sar_ais_likely_spoofed;trajectory_deviation_high,0,0,2,0,2.0,hormuz_control_jan2026,True,JPN,gfw_identity,CARGO,gfw_identity,False,CARGO,CARGO,False,,,,,AYAME MARINE,JPN,9712644,,30.0,1.0,30.0,0.0,0.0,30.0,30.0
463075101,MARDAN,False,1,hormuz_control_jan2026,2,trajectory_deviation_high,0,0,2,0,2.0,hormuz_control_jan2026,True,PAK,gfw_identity,OTHER,gfw_identity,False,OTHER,OTHER,False,,,,,,,9360453,,30.0,1.0,30.0,0.0,0.0,30.0,30.0
470024403,SHOMOOKH 3 FBUOY,False,1,hormuz_control_jan2026,2,genuine_cluster_member,0,0,2,0,2.0,hormuz_control_jan2026,True,ARE,gfw_identity,GEAR,gfw_identity,False,GEAR,GEAR,False,,,,,,,,,30.0,1.0,30.0,0.0,0.0,30.0,30.0
470040601,ALSHEHHI-01,False,1,hormuz_control_jan2026,2,genuine_cluster_member,0,0,2,0,2.0,hormuz_control_jan2026,True,ARE,gfw_identity,GEAR,gfw_identity,False,GEAR,GEAR,False,,,,,,,,,30.0,1.0,30.0,0.0,0.0,30.0,30.0
470040602,ALSHEHHI-02,False,1,hormuz_control_jan2026,2,genuine_cluster_member,0,0,2,0,2.0,hormuz_control_jan2026,True,ARE,gfw_identity,GEAR,gfw_identity,False,GEAR,GEAR,False,,,,,,,,,30.0,1.0,30.0,0.0,0.0,30.0,30.0
470070580,ALSHAWAF,False,1,hormuz_control_jan2026,2,genuine_cluster_member;trajectory_deviation_high,0,0,2,0,2.0,hormuz_control_jan2026,True,ARE,gfw_identity,FISHING,gfw_identity,False,FISHING,SET_GILLNETS,False,,,,,,,,,30.0,1.0,30.0,0.0,0.0,30.0,30.0
470079902,SA7SHII- FISHNET 2,False,1,hormuz_control_jan2026,2,genuine_cluster_member;trajectory_deviation_high,0,0,2,0,2.0,hormuz_control_jan2026,True,ARE,gfw_identity,GEAR,gfw_identity,False,GEAR,GEAR,False,,,,,,,,,30.0,1.0,30.0,0.0,0.0,30.0,30.0
477035300,SEAENVOY,False,1,hormuz_control_jan2026,2,trajectory_deviation_high,0,0,2,0,2.0,hormuz_control_jan2026,True,HKG,gfw_identity,TANKER,gfw_identity,False,OTHER,TANKER,False,,,,,OCEANLANE CARRIERS,MHL,9740421,,30.0,1.0,30.0,0.0,0.0,30.0,30.0
477237200,MYRI JOY,False,1,hormuz_control_jan2026,2,trajectory_deviation_high,0,0,2,0,2.0,hormuz_control_jan2026,True,HKG,gfw_identity,OTHER,gfw_identity,False,OTHER,OTHER,False,,,,,,,9215098,,30.0,1.0,30.0,0.0,0.0,30.0,30.0
477462300,NEW VIGOROUS,False,1,hormuz_control_jan2026,2,trajectory_deviation_high,0,0,2,0,2.0,hormuz_control_jan2026,True,HKG,gfw_identity,OTHER,gfw_identity,False,OTHER,OTHER,False,,,,,,,,,30.0,1.0,30.0,0.0,0.0,30.0,30.0
477790300,PACIFIC HARMONY,False,1,hormuz_control_jan2026,2,trajectory_deviation_high,0,0,2,0,2.0,hormuz_control_jan2026,True,HKG,gfw_identity,CARGO,gfw_identity,False,CARGO,CARGO,False,,,,,CLOUD JET,HKG,9701451,,30.0,1.0,30.0,0.0,0.0,30.0,30.0
563136300,GCL TAPI,False,1,hormuz_control_jan2026,2,genuine_cluster_member;trajectory_deviation_high,0,0,2,0,2.0,hormuz_control_jan2026,True,SGP,gfw_identity,CARGO,gfw_identity,False,CARGO,CARGO,False,,,,,,,9481659,,30.0,1.0,30.0,0.0,0.0,30.0,30.0
563168200,X-PRESS ALTAIR,False,1,hormuz_control_jan2026,2,trajectory_deviation_high,0,0,2,0,2.0,hormuz_control_jan2026,True,SGP,gfw_identity,CARGO,gfw_identity,False,CARGO,CARGO,False,,,,,,,9875379,,30.0,1.0,30.0,0.0,0.0,30.0,30.0
563266000,APL CAIRO,False,1,hormuz_control_jan2026,2,trajectory_deviation_high,0,0,2,0,2.0,hormuz_control_jan2026,True,SGP,gfw_identity,CARGO,gfw_identity,False,CARGO,CARGO,False,,,,,NOL LINER PTE,SGP,9234109,,30.0,1.0,30.0,0.0,0.0,30.0,30.0
352001905,FATIMA 2,False,3,qatar_control_sep2025;hormuz_control_jan2026;hormuz_crisis_mar2026,2,genuine_cluster_member;trajectory_deviation_high,0,0,1,1,0.667,hormuz_crisis_mar2026,True,PAN,gfw_identity,CARGO,pipeline_csv,False,OTHER,OTHER,True,ITF_FOC,,,,,,,,10.0,1.0,10.0,20.0,0.0,30.0,30.0
228463800,WADI AL SAIL,False,2,qatar_control_sep2025;hormuz_control_jan2026,1,trajectory_deviation_high,0,0,1,0,0.5,hormuz_control_jan2026,True,FRA,gfw_identity,OTHER,gfw_identity,False,OTHER,OTHER,True,ITF_FOC,,,,,,9981374,,7.5,1.0,7.5,20.0,0.0,27.5,27.5
309201000,EJNAN,False,2,qatar_control_sep2025;hormuz_control_jan2026,1,trajectory_deviation_high,0,0,1,0,0.5,hormuz_control_jan2026,True,BHS,gfw_identity,OTHER,gfw_identity,False,OTHER,OTHER,True,ITF_FOC,,,,,,,,7.5,1.0,7.5,20.0,0.0,27.5,27.5
309255000,AL HUWAILA,False,2,qatar_control_sep2025;hormuz_control_jan2026,1,genuine_cluster_member,0,0,1,0,0.5,hormuz_control_jan2026,True,BHS,gfw_identity,TANKER,gfw_identity,False,OTHER,TANKER,True,ITF_FOC,,,,AL HUWAILA,MHL,9360879,,7.5,1.0,7.5,20.0,0.0,27.5,27.5
311000638,LICHTENSTEIN,False,2,qatar_control_sep2025;qatar_spoofing_oct2025,1,sar_ais_likely_spoofed,1,0,0,0,0.5,qatar_control_sep2025,True,BHS,gfw_identity,DIVE_VESSEL,gfw_identity,False,OTHER,DIVE_VESSEL,True,ITF_FOC,,,,WELL TARGET ONE O ONE,VGB,9758296,,7.5,1.0,7.5,20.0,0.0,27.5,27.5
314001097,NEW VENTURE,False,2,hormuz_control_jan2026;hormuz_crisis_mar2026,1,trajectory_deviation_high,0,0,0,1,0.5,hormuz_crisis_mar2026,True,BRB,gfw_identity,OTHER,gfw_identity,False,OTHER,OTHER,True,ITF_FOC,,,,,,9281580,,7.5,1.0,7.5,20.0,0.0,27.5,27.5
341348002,MEHRAN 1,False,2,hormuz_control_jan2026;hormuz_crisis_mar2026,1,trajectory_deviation_high,0,0,0,1,0.5,hormuz_crisis_mar2026,True,KNA,gfw_identity,CARGO,gfw_identity,False,CARGO,CARGO,True,ITF_FOC,,,,,,1111117,,7.5,1.0,7.5,20.0,0.0,27.5,27.5
352004672,EXPRESS 80,False,2,qatar_control_sep2025;qatar_spoofing_oct2025,1,sar_ais_likely_spoofed,1,0,0,0,0.5,qatar_control_sep2025,True,PAN,gfw_identity,OTHER,gfw_identity,False,OTHER,OTHER,True,ITF_FOC,,,,,,,,7.5,1.0,7.5,20.0,0.0,27.5,27.5
352004860,NEWVOYAGER,False,2,hormuz_control_jan2026;hormuz_crisis_mar2026,1,trajectory_deviation_high,0,0,1,0,0.5,hormuz_control_jan2026,True,PAN,gfw_identity,CARGO,gfw_identity,False,CARGO,CARGO,True,ITF_FOC,,,,,,1088396,,7.5,1.0,7.5,20.0,0.0,27.5,27.5
355100000,AQUA LIFT II,False,2,hormuz_control_jan2026;hormuz_crisis_mar2026,1,genuine_cluster_member,0,0,1,0,0.5,hormuz_control_jan2026,True,PAN,gfw_identity,CARGO,gfw_identity,False,CARGO,CARGO,True,ITF_FOC,,,,PELAYARAN BAHTERA ADHIGUNA,IDN,9362243,,7.5,1.0,7.5,20.0,0.0,27.5,27.5
370526000,MT TENJUN,False,2,qatar_spoofing_oct2025;hormuz_control_jan2026,1,trajectory_deviation_high,0,0,1,0,0.5,hormuz_control_jan2026,True,PAN,gfw_identity,OTHER,gfw_identity,False,OTHER,OTHER,True,ITF_FOC,,,,,,,,7.5,1.0,7.5,20.0,0.0,27.5,27.5
511100970,LADY VALERY,False,2,hormuz_control_jan2026;hormuz_crisis_mar2026,1,genuine_cluster_member,0,0,0,1,0.5,hormuz_crisis_mar2026,True,PLW,gfw_identity,OTHER,gfw_identity,False,OTHER,OTHER,True,shadow_fleet,,,,,,,,7.5,1.0,7.5,20.0,0.0,27.5,27.5
511101408,HEMERA,False,2,hormuz_control_jan2026;hormuz_crisis_mar2026,1,sar_ais_likely_spoofed,0,0,0,1,0.5,hormuz_crisis_mar2026,True,PLW,gfw_identity,OTHER,gfw_identity,False,OTHER,OTHER,True,shadow_fleet,,,,,,,,7.5,1.0,7.5,20.0,0.0,27.5,27.5
538009755,BROOG,False,2,qatar_control_sep2025;hormuz_control_jan2026,1,trajectory_deviation_high,0,0,1,0,0.5,hormuz_control_jan2026,True,MHL,gfw_identity,OTHER,gfw_identity,False,OTHER,OTHER,True,ITF_FOC,,,,,,9085651,,7.5,1.0,7.5,20.0,0.0,27.5,27.5
636020364,SOLAR ROMA,False,2,qatar_spoofing_oct2025;hormuz_control_jan2026,1,trajectory_deviation_high,0,0,1,0,0.5,hormuz_control_jan2026,True,LBR,gfw_identity,OTHER,gfw_identity,False,OTHER,OTHER,True,ITF_FOC,,,,,,9887372,,7.5,1.0,7.5,20.0,0.0,27.5,27.5
636023764,STEADY EAGLE,False,2,qatar_control_sep2025;qatar_spoofing_oct2025,1,sar_ais_likely_spoofed,1,0,0,0,0.5,qatar_control_sep2025,True,LBR,gfw_identity,OTHER,gfw_identity,False,OTHER,OTHER,True,ITF_FOC,,,,,,9720873,,7.5,1.0,7.5,20.0,0.0,27.5,27.5
249525000,KAVOMALEAS,False,1,hormuz_control_jan2026,1,trajectory_deviation_high,0,0,1,0,1.0,hormuz_control_jan2026,True,MLT,gfw_identity,TUG,gfw_identity,True,OTHER,TUG,True,ITF_FOC,,,,SMIT HUDSON,MLT,9402421,,15.0,0.25,3.8,20.0,0.0,35.0,23.8
577231000,BOURBON SUMATRA,False,1,qatar_control_sep2025,1,sar_ais_likely_spoofed,1,0,0,0,1.0,qatar_control_sep2025,True,VUT,gfw_identity,SUPPLY_VESSEL,gfw_identity,True,OTHER,SUPPLY_VESSEL,True,ITF_FOC,,,,BPS,FRA,9719824,,15.0,0.25,3.8,20.0,0.0,35.0,23.8
422011300,SAHEL.SADAF,False,2,hormuz_control_jan2026;hormuz_crisis_mar2026,3,trajectory_deviation_high,0,0,3,0,1.5,hormuz_control_jan2026,True,IRN,gfw_identity,CARGO,gfw_identity,False,CARGO,CARGO,False,,,,,,,,,22.5,1.0,22.5,0.0,0.0,22.5,22.5
470731000,FLOUNDER BAY,False,2,hormuz_control_jan2026;hormuz_crisis_mar2026,3,genuine_cluster_member;trajectory_deviation_high,0,0,0,3,1.5,hormuz_crisis_mar2026,True,ARE,gfw_identity,OTHER,gfw_identity,False,OTHER,OTHER,False,,,,,,,,,22.5,1.0,22.5,0.0,0.0,22.5,22.5
471208000,AL BAHAR 6,False,2,hormuz_control_jan2026;hormuz_crisis_mar2026,3,genuine_cluster_member;trajectory_deviation_high,0,0,1,2,1.5,hormuz_crisis_mar2026,True,,unknown,OTHER,gfw_identity,False,OTHER,OTHER,False,,,,,,,8873221,,22.5,1.0,22.5,0.0,0.0,22.5,22.5
377378000,STANFORD TIGRIS,False,2,qatar_control_sep2025;qatar_spoofing_oct2025,1,sar_ais_likely_spoofed,1,0,0,0,0.5,qatar_control_sep2025,True,VCT,gfw_identity,SUPPLY_VESSEL,gfw_identity,True,OTHER,SUPPLY_VESSEL,True,ITF_FOC,,,,STANFORD CHARTER,ARE,9549695,,7.5,0.25,1.9,20.0,0.0,27.5,21.9
215219000,CMA CGM VON HUMBOLD,False,1,qatar_control_sep2025,0,,0,0,0,0,0.0,,False,MLT,pipeline_csv,CARGO,pipeline_csv,False,,,True,ITF_FOC,,,,,,,,0.0,1.0,0.0,20.0,0.0,20.0,20.0
229129000,MILAHA QATAR,False,2,qatar_control_sep2025;qatar_spoofing_oct2025,0,,0,0,0,0,0.0,,False,MLT,pipeline_csv,OTHER_NON_FISHING,pipeline_csv,False,,,True,ITF_FOC,,,,,,,,0.0,1.0,0.0,20.0,0.0,20.0,20.0
305627000,SVEND,False,1,hormuz_control_jan2026,0,,0,0,0,0,0.0,,False,ATG,pipeline_csv,CARGO,pipeline_csv,False,,,True,ITF_FOC,,,,,,,,0.0,1.0,0.0,20.0,0.0,20.0,20.0
306401000,EGS,False,1,hormuz_control_jan2026,0,,0,0,0,0,0.0,,False,BES,pipeline_csv,OTHER_NON_FISHING,pipeline_csv,False,,,True,shadow_fleet,,,,,,,,0.0,1.0,0.0,20.0,0.0,20.0,20.0
306669000,SELENA,False,1,hormuz_control_jan2026,0,,0,0,0,0,0.0,,False,BES,pipeline_csv,OTHER_NON_FISHING,pipeline_csv,False,,,True,shadow_fleet,,,,,,,,0.0,1.0,0.0,20.0,0.0,20.0,20.0
308171000,AL SAFLIYA,False,1,qatar_control_sep2025,0,,0,0,0,0,0.0,,False,BHS,pipeline_csv,OTHER_NON_FISHING,pipeline_csv,False,,,True,ITF_FOC,,,,,,,,0.0,1.0,0.0,20.0,0.0,20.0,20.0
311468000,AL MARROUNA,False,2,qatar_control_sep2025;qatar_spoofing_oct2025,0,,0,0,0,0,0.0,,False,BHS,pipeline_csv,OTHER_NON_FISHING,pipeline_csv,False,,,True,ITF_FOC,,,,,,,,0.0,1.0,0.0,20.0,0.0,20.0,20.0
311605000,FUWAIRIT,False,1,qatar_control_sep2025,0,,0,0,0,0,0.0,,False,BHS,pipeline_csv,OTHER_NON_FISHING,pipeline_csv,False,,,True,ITF_FOC,,,,,,,,0.0,1.0,0.0,20.0,0.0,20.0,20.0
312317000,ATCO BARAKA III,False,2,qatar_control_sep2025;qatar_spoofing_oct2025,0,,0,0,0,0,0.0,,False,BLZ,pipeline_csv,OTHER_NON_FISHING,pipeline_csv,False,,,True,ITF_FOC,,,,,,,,0.0,1.0,0.0,20.0,0.0,20.0,20.0
314001022,NEW LIBERTY,False,1,hormuz_crisis_mar2026,0,,0,0,0,0,0.0,,False,BRB,pipeline_csv,CARGO,pipeline_csv,False,,,True,ITF_FOC,,,,,,,,0.0,1.0,0.0,20.0,0.0,20.0,20.0
341470000,AQUA III,False,1,qatar_control_sep2025,0,,0,0,0,0,0.0,,False,KNA,pipeline_csv,OTHER_NON_FISHING,pipeline_csv,False,,,True,ITF_FOC,,,,,,,,0.0,1.0,0.0,20.0,0.0,20.0,20.0
351241000,AN SHUN,False,2,qatar_control_sep2025;hormuz_control_jan2026,0,,0,0,0,0,0.0,,False,PAN,pipeline_csv,CARGO,pipeline_csv,False,,,True,ITF_FOC,,,,,,,,0.0,1.0,0.0,20.0,0.0,20.0,20.0
351841000,SPRINTER,False,1,qatar_control_sep2025,0,,0,0,0,0,0.0,,False,PAN,pipeline_csv,CARGO,pipeline_csv,False,,,True,ITF_FOC,,,,,,,,0.0,1.0,0.0,20.0,0.0,20.0,20.0
352001415,GAS IVORY,False,1,qatar_control_sep2025,0,,0,0,0,0,0.0,,False,PAN,pipeline_csv,OTHER_NON_FISHING,pipeline_csv,False,,,True,ITF_FOC,,,,,,,,0.0,1.0,0.0,20.0,0.0,20.0,20.0
352001559,BGP INNOVATOR,False,2,qatar_control_sep2025;qatar_spoofing_oct2025,0,,0,0,0,0,0.0,,False,PAN,pipeline_csv,OTHER_NON_FISHING,pipeline_csv,False,,,True,ITF_FOC,,,,,,,,0.0,1.0,0.0,20.0,0.0,20.0,20.0
352002810,CHANG LIN,False,1,hormuz_crisis_mar2026,0,,0,0,0,0,0.0,,False,PAN,pipeline_csv,CARGO,pipeline_csv,False,,,True,ITF_FOC,,,,,,,,0.0,1.0,0.0,20.0,0.0,20.0,20.0
352002816,BUNUN VICTORY,False,1,hormuz_control_jan2026,0,,0,0,0,0,0.0,,False,PAN,pipeline_csv,CARGO,pipeline_csv,False,,,True,ITF_FOC,,,,,,,,0.0,1.0,0.0,20.0,0.0,20.0,20.0
352003200,INTERSTELLAR,False,1,hormuz_crisis_mar2026,0,,0,0,0,0,0.0,,False,PAN,pipeline_csv,OTHER_NON_FISHING,pipeline_csv,False,,,True,ITF_FOC,,,,,,,,0.0,1.0,0.0,20.0,0.0,20.0,20.0
352003778,KHALEJIA ANA 7,False,1,qatar_control_sep2025,0,,0,0,0,0,0.0,,False,PAN,pipeline_csv,CARGO,pipeline_csv,False,,,True,ITF_FOC,,,,,,,,0.0,1.0,0.0,20.0,0.0,20.0,20.0
352003874,AOS GLORY,False,2,qatar_control_sep2025;qatar_spoofing_oct2025,0,,0,0,0,0,0.0,,False,PAN,pipeline_csv,CARGO,pipeline_csv,False,,,True,ITF_FOC,,,,,,,,0.0,1.0,0.0,20.0,0.0,20.0,20.0
352004152,GLORY LIGHT 19,False,2,hormuz_control_jan2026;hormuz_crisis_mar2026,0,,0,0,0,0,0.0,,False,PAN,pipeline_csv,CARGO,pipeline_csv,False,,,True,ITF_FOC,,,,,,,,0.0,1.0,0.0,20.0,0.0,20.0,20.0
352004673,EXPRESS 81,False,2,qatar_control_sep2025;qatar_spoofing_oct2025,0,,0,0,0,0,0.0,,False,PAN,pipeline_csv,OTHER_NON_FISHING,pipeline_csv,False,,,True,ITF_FOC,,,,,,,,0.0,1.0,0.0,20.0,0.0,20.0,20.0
352005774,SHENG TAI,False,1,hormuz_crisis_mar2026,0,,0,0,0,0,0.0,,False,PAN,pipeline_csv,CARGO,pipeline_csv,False,,,True,ITF_FOC,,,,,,,,0.0,1.0,0.0,20.0,0.0,20.0,20.0
352262000,BLENDA,False,1,qatar_control_sep2025,0,,0,0,0,0,0.0,,False,PAN,pipeline_csv,OTHER_NON_FISHING,pipeline_csv,False,,,True,ITF_FOC,,,,,,,,0.0,1.0,0.0,20.0,0.0,20.0,20.0
352575000,AL AMEER,False,2,hormuz_control_jan2026;hormuz_crisis_mar2026,0,,0,0,0,0,0.0,,False,PAN,pipeline_csv,OTHER_NON_FISHING,pipeline_csv,False,,,True,ITF_FOC,,,,,,,,0.0,1.0,0.0,20.0,0.0,20.0,20.0
353120000,HEILAN JOURNEY,False,1,hormuz_crisis_mar2026,0,,0,0,0,0,0.0,,False,PAN,pipeline_csv,CARGO,pipeline_csv,False,,,True,ITF_FOC,,,,,,,,0.0,1.0,0.0,20.0,0.0,20.0,20.0
353776000,MCDERMOTT DB50,False,2,qatar_control_sep2025;qatar_spoofing_oct2025,0,,0,0,0,0,0.0,,False,PAN,pipeline_csv,OTHER_NON_FISHING,pipeline_csv,False,,,True,ITF_FOC,,,,,,,,0.0,1.0,0.0,20.0,0.0,20.0,20.0
354991000,MMPL MERLIN,False,2,qatar_control_sep2025;qatar_spoofing_oct2025,0,,0,0,0,0,0.0,,False,PAN,pipeline_csv,OTHER_NON_FISHING,pipeline_csv,False,,,True,ITF_FOC,,,,,,,,0.0,1.0,0.0,20.0,0.0,20.0,20.0
355027000,WILMOT,False,1,hormuz_control_jan2026,0,,0,0,0,0,0.0,,False,PAN,pipeline_csv,CARGO,pipeline_csv,False,,,True,ITF_FOC,,,,,,,,0.0,1.0,0.0,20.0,0.0,20.0,20.0
355784000,,False,1,hormuz_crisis_mar2026,0,,0,0,0,0,0.0,,False,PAN,pipeline_csv,CARGO,pipeline_csv,False,,,True,ITF_FOC,,,,,,,,0.0,1.0,0.0,20.0,0.0,20.0,20.0
357037000,MARZHAN,False,2,qatar_control_sep2025;qatar_spoofing_oct2025,0,,0,0,0,0,0.0,,False,PAN,pipeline_csv,CARGO,pipeline_csv,False,,,True,ITF_FOC,,,,,,,,0.0,1.0,0.0,20.0,0.0,20.0,20.0
357220000,MIMMI,False,2,qatar_control_sep2025;qatar_spoofing_oct2025,0,,0,0,0,0,0.0,,False,PAN,pipeline_csv,OTHER_NON_FISHING,pipeline_csv,False,,,True,ITF_FOC,,,,,,,,0.0,1.0,0.0,20.0,0.0,20.0,20.0
370909000,SOCOTRA 3,False,1,hormuz_control_jan2026,0,,0,0,0,0,0.0,,False,PAN,pipeline_csv,CARGO,pipeline_csv,False,,,True,ITF_FOC,,,,,,,,0.0,1.0,0.0,20.0,0.0,20.0,20.0
371550000,DIMITRA 1,False,2,qatar_control_sep2025;qatar_spoofing_oct2025,0,,0,0,0,0,0.0,,False,PAN,pipeline_csv,OTHER_NON_FISHING,pipeline_csv,False,,,True,ITF_FOC,,,,,,,,0.0,1.0,0.0,20.0,0.0,20.0,20.0
372567000,BLUE AKIHABARA,False,1,qatar_control_sep2025,0,,0,0,0,0,0.0,,False,PAN,pipeline_csv,CARGO,pipeline_csv,False,,,True,ITF_FOC,,,,,,,,0.0,1.0,0.0,20.0,0.0,20.0,20.0
372830000,HEILAN BROTHER,False,1,hormuz_crisis_mar2026,0,,0,0,0,0,0.0,,False,PAN,pipeline_csv,CARGO,pipeline_csv,False,,,True,ITF_FOC,,,,,,,,0.0,1.0,0.0,20.0,0.0,20.0,20.0
375358000,BOURBON LIBERTY 164,False,2,qatar_control_sep2025;qatar_spoofing_oct2025,0,,0,0,0,0,0.0,,False,VCT,pipeline_csv,OTHER_NON_FISHING,pipeline_csv,False,,,True,ITF_FOC,,,,,,,,0.0,1.0,0.0,20.0,0.0,20.0,20.0
376046000,TRITON P,False,2,qatar_control_sep2025;qatar_spoofing_oct2025,0,,0,0,0,0,0.0,,False,VCT,pipeline_csv,OTHER_NON_FISHING,pipeline_csv,False,,,True,ITF_FOC,,,,,,,,0.0,1.0,0.0,20.0,0.0,20.0,20.0
376065000,SWISSCO SEARCHER,False,1,qatar_control_sep2025,0,,0,0,0,0,0.0,,False,VCT,pipeline_csv,OTHER_NON_FISHING,pipeline_csv,False,,,True,ITF_FOC,,,,,,,,0.0,1.0,0.0,20.0,0.0,20.0,20.0
376416000,BOURBON HAMELIN,False,1,qatar_control_sep2025,0,,0,0,0,0,0.0,,False,VCT,pipeline_csv,OTHER_NON_FISHING,pipeline_csv,False,,,True,ITF_FOC,,,,,,,,0.0,1.0,0.0,20.0,0.0,20.0,20.0
376435000,QMS CARDINAL,False,2,qatar_control_sep2025;qatar_spoofing_oct2025,0,,0,0,0,0,0.0,,False,VCT,pipeline_csv,OTHER_NON_FISHING,pipeline_csv,False,,,True,ITF_FOC,,,,,,,,0.0,1.0,0.0,20.0,0.0,20.0,20.0
376512000,STANFORD NILE,False,2,qatar_control_sep2025;qatar_spoofing_oct2025,0,,0,0,0,0,0.0,,False,VCT,pipeline_csv,OTHER_NON_FISHING,pipeline_csv,False,,,True,ITF_FOC,,,,,,,,0.0,1.0,0.0,20.0,0.0,20.0,20.0
376955000,STANFORD HAWK,False,2,qatar_control_sep2025;qatar_spoofing_oct2025,0,,0,0,0,0,0.0,,False,VCT,pipeline_csv,OTHER_NON_FISHING,pipeline_csv,False,,,True,ITF_FOC,,,,,,,,0.0,1.0,0.0,20.0,0.0,20.0,20.0
377206000,STANFORD TYNE,False,2,qatar_control_sep2025;qatar_spoofing_oct2025,0,,0,0,0,0,0.0,,False,VCT,pipeline_csv,OTHER_NON_FISHING,pipeline_csv,False,,,True,ITF_FOC,,,,,,,,0.0,1.0,0.0,20.0,0.0,20.0,20.0
377246000,STANFORD CHALLENGER,False,1,qatar_control_sep2025,0,,0,0,0,0,0.0,,False,VCT,pipeline_csv,OTHER_NON_FISHING,pipeline_csv,False,,,True,ITF_FOC,,,,,,,,0.0,1.0,0.0,20.0,0.0,20.0,20.0
377252000,QMS MARIMBA,False,1,qatar_control_sep2025,0,,0,0,0,0,0.0,,False,VCT,pipeline_csv,OTHER_NON_FISHING,pipeline_csv,False,,,True,ITF_FOC,,,,,,,,0.0,1.0,0.0,20.0,0.0,20.0,20.0
377538000,SWISSCO SERVER,False,2,qatar_control_sep2025;qatar_spoofing_oct2025,0,,0,0,0,0,0.0,,False,VCT,pipeline_csv,OTHER_NON_FISHING,pipeline_csv,False,,,True,ITF_FOC,,,,,,,,0.0,1.0,0.0,20.0,0.0,20.0,20.0
377628000,STANFORD OSPREY,False,1,qatar_control_sep2025,0,,0,0,0,0,0.0,,False,VCT,pipeline_csv,OTHER_NON_FISHING,pipeline_csv,False,,,True,ITF_FOC,,,,,,,,0.0,1.0,0.0,20.0,0.0,20.0,20.0
511100231,ALLIANZ FORCE,False,1,qatar_control_sep2025,0,,0,0,0,0,0.0,,False,PLW,pipeline_csv,OTHER_NON_FISHING,pipeline_csv,False,,,True,shadow_fleet,,,,,,,,0.0,1.0,0.0,20.0,0.0,20.0,20.0
511101182,EASTERN HERO,False,1,hormuz_control_jan2026,0,,0,0,0,0,0.0,,False,PLW,pipeline_csv,OTHER_NON_FISHING,pipeline_csv,False,,,True,shadow_fleet,,,,,,,,0.0,1.0,0.0,20.0,0.0,20.0,20.0
518100962,S M A,False,1,hormuz_control_jan2026,0,,0,0,0,0,0.0,,False,COK,pipeline_csv,OTHER_NON_FISHING,pipeline_csv,False,,,True,shadow_fleet,,,,,,,,0.0,1.0,0.0,20.0,0.0,20.0,20.0
518998202,J M A,False,1,hormuz_control_jan2026,0,,0,0,0,0,0.0,,False,COK,pipeline_csv,OTHER_NON_FISHING,pipeline_csv,False,,,True,shadow_fleet,,,,,,,,0.0,1.0,0.0,20.0,0.0,20.0,20.0
518998516,M K A,False,1,hormuz_control_jan2026,0,,0,0,0,0,0.0,,False,COK,pipeline_csv,OTHER_NON_FISHING,pipeline_csv,False,,,True,shadow_fleet,,,,,,,,0.0,1.0,0.0,20.0,0.0,20.0,20.0
538003101,FRAIHA,False,2,qatar_control_sep2025;qatar_spoofing_oct2025,0,,0,0,0,0,0.0,,False,MHL,pipeline_csv,OTHER_NON_FISHING,pipeline_csv,False,,,True,ITF_FOC,,,,,,,,0.0,1.0,0.0,20.0,0.0,20.0,20.0
538003212,MOZAH,False,1,qatar_control_sep2025,0,,0,0,0,0,0.0,,False,MHL,pipeline_csv,OTHER_NON_FISHING,pipeline_csv,False,,,True,ITF_FOC,,,,,,,,0.0,1.0,0.0,20.0,0.0,20.0,20.0
538003300,UMM SLAL,False,1,qatar_control_sep2025,0,,0,0,0,0,0.0,,False,MHL,pipeline_csv,OTHER_NON_FISHING,pipeline_csv,False,,,True,ITF_FOC,,,,,,,,0.0,1.0,0.0,20.0,0.0,20.0,20.0
538003346,ZARGA,False,1,qatar_control_sep2025,0,,0,0,0,0,0.0,,False,MHL,pipeline_csv,OTHER_NON_FISHING,pipeline_csv,False,,,True,ITF_FOC,,,,,,,,0.0,1.0,0.0,20.0,0.0,20.0,20.0
538003357,AL MAFYAR,False,1,qatar_control_sep2025,0,,0,0,0,0,0.0,,False,MHL,pipeline_csv,OTHER_NON_FISHING,pipeline_csv,False,,,True,ITF_FOC,,,,,,,,0.0,1.0,0.0,20.0,0.0,20.0,20.0
538003363,ONAIZA,False,1,qatar_control_sep2025,0,,0,0,0,0,0.0,,False,MHL,pipeline_csv,OTHER_NON_FISHING,pipeline_csv,False,,,True,ITF_FOC,,,,,,,,0.0,1.0,0.0,20.0,0.0,20.0,20.0
538003910,GAS GROUPER,False,1,qatar_control_sep2025,0,,0,0,0,0,0.0,,False,MHL,pipeline_csv,OTHER_NON_FISHING,pipeline_csv,False,,,True,ITF_FOC,,,,,,,,0.0,1.0,0.0,20.0,0.0,20.0,20.0
538003966,ALPINE MARINA,False,1,qatar_control_sep2025,0,,0,0,0,0,0.0,,False,MHL,pipeline_csv,OTHER_NON_FISHING,pipeline_csv,False,,,True,ITF_FOC,,,,,,,,0.0,1.0,0.0,20.0,0.0,20.0,20.0
538004758,CLASSIC TSINGTAO,False,1,qatar_control_sep2025,0,,0,0,0,0,0.0,,False,MHL,pipeline_csv,CARGO,pipeline_csv,False,,,True,ITF_FOC,,,,,,,,0.0,1.0,0.0,20.0,0.0,20.0,20.0
538005883,TOPAZ MEGAN,False,1,qatar_control_sep2025,0,,0,0,0,0,0.0,,False,MHL,pipeline_csv,OTHER_NON_FISHING,pipeline_csv,False,,,True,ITF_FOC,,,,,,,,0.0,1.0,0.0,20.0,0.0,20.0,20.0
538005940,TOPAZ ISRA,False,1,qatar_control_sep2025,0,,0,0,0,0,0.0,,False,MHL,pipeline_csv,OTHER_NON_FISHING,pipeline_csv,False,,,True,ITF_FOC,,,,,,,,0.0,1.0,0.0,20.0,0.0,20.0,20.0
538006499,RUSTAQ SILVER,False,2,qatar_control_sep2025;qatar_spoofing_oct2025,0,,0,0,0,0,0.0,,False,MHL,pipeline_csv,OTHER_NON_FISHING,pipeline_csv,False,,,True,ITF_FOC,,,,,,,,0.0,1.0,0.0,20.0,0.0,20.0,20.0
538006788,TOPAZ MAMLAKA,False,1,qatar_control_sep2025,0,,0,0,0,0,0.0,,False,MHL,pipeline_csv,OTHER_NON_FISHING,pipeline_csv,False,,,True,ITF_FOC,,,,,,,,0.0,1.0,0.0,20.0,0.0,20.0,20.0
538007638,AEGIR SELMER,False,1,qatar_control_sep2025,0,,0,0,0,0,0.0,,False,MHL,pipeline_csv,CARGO,pipeline_csv,False,,,True,ITF_FOC,,,,,,,,0.0,1.0,0.0,20.0,0.0,20.0,20.0
538007647,ALEXANDER S MCCALL,False,1,qatar_control_sep2025,0,,0,0,0,0,0.0,,False,MHL,pipeline_csv,OTHER_NON_FISHING,pipeline_csv,False,,,True,ITF_FOC,,,,,,,,0.0,1.0,0.0,20.0,0.0,20.0,20.0
538008003,XI HU,False,1,qatar_control_sep2025,0,,0,0,0,0,0.0,,False,MHL,pipeline_csv,CARGO,pipeline_csv,False,,,True,ITF_FOC,,,,,,,,0.0,1.0,0.0,20.0,0.0,20.0,20.0
538008668,KSL QINGYANG,False,1,hormuz_crisis_mar2026,0,,0,0,0,0,0.0,,False,MHL,pipeline_csv,CARGO,pipeline_csv,False,,,True,ITF_FOC,,,,,,,,0.0,1.0,0.0,20.0,0.0,20.0,20.0
538009767,AL ZUBARAH,False,2,qatar_control_sep2025;qatar_spoofing_oct2025,0,,0,0,0,0,0.0,,False,MHL,pipeline_csv,OTHER_NON_FISHING,pipeline_csv,False,,,True,ITF_FOC,,,,,,,,0.0,1.0,0.0,20.0,0.0,20.0,20.0
538009769,AL WAJBAH,False,1,qatar_control_sep2025,0,,0,0,0,0,0.0,,False,MHL,pipeline_csv,OTHER_NON_FISHING,pipeline_csv,False,,,True,ITF_FOC,,,,,,,,0.0,1.0,0.0,20.0,0.0,20.0,20.0
538009771,ZEKREET,False,1,qatar_control_sep2025,0,,0,0,0,0,0.0,,False,MHL,pipeline_csv,OTHER_NON_FISHING,pipeline_csv,False,,,True,ITF_FOC,,,,,,,,0.0,1.0,0.0,20.0,0.0,20.0,20.0
538009772,AL BIDDA,False,2,qatar_control_sep2025;qatar_spoofing_oct2025,0,,0,0,0,0,0.0,,False,MHL,pipeline_csv,OTHER_NON_FISHING,pipeline_csv,False,,,True,ITF_FOC,,,,,,,,0.0,1.0,0.0,20.0,0.0,20.0,20.0
538010150,,False,1,hormuz_control_jan2026,0,,0,0,0,0,0.0,,False,MHL,pipeline_csv,CARGO,pipeline_csv,False,,,True,ITF_FOC,,,,,,,,0.0,1.0,0.0,20.0,0.0,20.0,20.0
538010240,,False,1,hormuz_control_jan2026,0,,0,0,0,0,0.0,,False,MHL,pipeline_csv,CARGO,pipeline_csv,False,,,True,ITF_FOC,,,,,,,,0.0,1.0,0.0,20.0,0.0,20.0,20.0
538011529,MCDERMOTT DB32,False,1,qatar_control_sep2025,0,,0,0,0,0,0.0,,False,MHL,pipeline_csv,OTHER_NON_FISHING,pipeline_csv,False,,,True,ITF_FOC,,,,,,,,0.0,1.0,0.0,20.0,0.0,20.0,20.0
577044000,CARR TIDE,False,2,qatar_control_sep2025;qatar_spoofing_oct2025,0,,0,0,0,0,0.0,,False,VUT,pipeline_csv,OTHER_NON_FISHING,pipeline_csv,False,,,True,ITF_FOC,,,,,,,,0.0,1.0,0.0,20.0,0.0,20.0,20.0
620999588,AGT1,False,1,hormuz_control_jan2026,0,,0,0,0,0,0.0,,False,COM,pipeline_csv,OTHER_NON_FISHING,pipeline_csv,False,,,True,ITF_FOC,,,,,,,,0.0,1.0,0.0,20.0,0.0,20.0,20.0
636014592,FPMC C JADE,False,1,qatar_control_sep2025,0,,0,0,0,0,0.0,,False,LBR,pipeline_csv,OTHER_NON_FISHING,pipeline_csv,False,,,True,ITF_FOC,,,,,,,,0.0,1.0,0.0,20.0,0.0,20.0,20.0
636017116,MSC JANIS  3,False,1,qatar_control_sep2025,0,,0,0,0,0,0.0,,False,LBR,pipeline_csv,CARGO,pipeline_csv,False,,,True,ITF_FOC,,,,,,,,0.0,1.0,0.0,20.0,0.0,20.0,20.0
636018175,STANFORD STAR,False,1,qatar_control_sep2025,0,,0,0,0,0,0.0,,False,LBR,pipeline_csv,OTHER_NON_FISHING,pipeline_csv,False,,,True,ITF_FOC,,,,,,,,0.0,1.0,0.0,20.0,0.0,20.0,20.0
636019161,NEW OPTIMA,False,1,qatar_control_sep2025,0,,0,0,0,0,0.0,,False,LBR,pipeline_csv,CARGO,pipeline_csv,False,,,True,ITF_FOC,,,,,,,,0.0,1.0,0.0,20.0,0.0,20.0,20.0
636020609,YOGI,False,1,hormuz_control_jan2026,0,,0,0,0,0,0.0,,False,LBR,pipeline_csv,CARGO,pipeline_csv,False,,,True,ITF_FOC,,,,,,,,0.0,1.0,0.0,20.0,0.0,20.0,20.0
636021101,RANTANPLAN,False,1,hormuz_control_jan2026,0,,0,0,0,0,0.0,,False,LBR,pipeline_csv,CARGO,pipeline_csv,False,,,True,ITF_FOC,,,,,,,,0.0,1.0,0.0,20.0,0.0,20.0,20.0
636022108,FOG 15,False,1,qatar_control_sep2025,0,,0,0,0,0,0.0,,False,LBR,pipeline_csv,OTHER_NON_FISHING,pipeline_csv,False,,,True,ITF_FOC,,,,,,,,0.0,1.0,0.0,20.0,0.0,20.0,20.0
636022262,IRIS,False,1,qatar_control_sep2025,0,,0,0,0,0,0.0,,False,LBR,pipeline_csv,OTHER_NON_FISHING,pipeline_csv,False,,,True,ITF_FOC,,,,,,,,0.0,1.0,0.0,20.0,0.0,20.0,20.0
636022264,GMS MANA,False,1,qatar_control_sep2025,0,,0,0,0,0,0.0,,False,LBR,pipeline_csv,OTHER_NON_FISHING,pipeline_csv,False,,,True,ITF_FOC,,,,,,,,0.0,1.0,0.0,20.0,0.0,20.0,20.0
636022266,GMS ATRIA,False,1,qatar_control_sep2025,0,,0,0,0,0,0.0,,False,LBR,pipeline_csv,OTHER_NON_FISHING,pipeline_csv,False,,,True,ITF_FOC,,,,,,,,0.0,1.0,0.0,20.0,0.0,20.0,20.0
636022708,MSC PRELUDE V,False,1,qatar_control_sep2025,0,,0,0,0,0,0.0,,False,LBR,pipeline_csv,CARGO,pipeline_csv,False,,,True,ITF_FOC,,,,,,,,0.0,1.0,0.0,20.0,0.0,20.0,20.0
636022732,GMS RAPIDITY,False,1,qatar_control_sep2025,0,,0,0,0,0,0.0,,False,LBR,pipeline_csv,OTHER_NON_FISHING,pipeline_csv,False,,,True,ITF_FOC,,,,,,,,0.0,1.0,0.0,20.0,0.0,20.0,20.0
636022755,HARBOUR STAR 4,False,1,qatar_control_sep2025,0,,0,0,0,0,0.0,,False,LBR,pipeline_csv,OTHER_NON_FISHING,pipeline_csv,False,,,True,ITF_FOC,,,,,,,,0.0,1.0,0.0,20.0,0.0,20.0,20.0
636022907,GMS APOLLO,False,2,qatar_control_sep2025;qatar_spoofing_oct2025,0,,0,0,0,0,0.0,,False,LBR,pipeline_csv,OTHER_NON_FISHING,pipeline_csv,False,,,True,ITF_FOC,,,,,,,,0.0,1.0,0.0,20.0,0.0,20.0,20.0
636024017,VORTEX VENTURE,False,2,qatar_control_sep2025;qatar_spoofing_oct2025,0,,0,0,0,0,0.0,,False,LBR,pipeline_csv,OTHER_NON_FISHING,pipeline_csv,False,,,True,ITF_FOC,,,,,,,,0.0,1.0,0.0,20.0,0.0,20.0,20.0
636024422,SAFA SEARCHER,False,1,qatar_control_sep2025,0,,0,0,0,0,0.0,,False,LBR,pipeline_csv,SEISMIC_VESSEL,pipeline_csv,False,,,True,ITF_FOC,,,,,,,,0.0,1.0,0.0,20.0,0.0,20.0,20.0
636024941,ULIVIA,False,1,hormuz_crisis_mar2026,0,,0,0,0,0,0.0,,False,LBR,pipeline_csv,CARGO,pipeline_csv,False,,,True,ITF_FOC,,,,,,,,0.0,1.0,0.0,20.0,0.0,20.0,20.0
636024957,SPM INDRA,False,1,qatar_control_sep2025,0,,0,0,0,0,0.0,,False,LBR,pipeline_csv,OTHER_NON_FISHING,pipeline_csv,False,,,True,ITF_FOC,,,,,,,,0.0,1.0,0.0,20.0,0.0,20.0,20.0
636025033,GMS SWAN,False,1,qatar_control_sep2025,0,,0,0,0,0,0.0,,False,LBR,pipeline_csv,OTHER_NON_FISHING,pipeline_csv,False,,,True,ITF_FOC,,,,,,,,0.0,1.0,0.0,20.0,0.0,20.0,20.0
636025236,AL SLAIMI,False,1,qatar_control_sep2025,0,,0,0,0,0,0.0,,False,LBR,pipeline_csv,OTHER_NON_FISHING,pipeline_csv,False,,,True,ITF_FOC,,,,,,,,0.0,1.0,0.0,20.0,0.0,20.0,20.0
636093266,HONG KUN MEI GUI,False,2,qatar_control_sep2025;qatar_spoofing_oct2025,0,,0,0,0,0,0.0,,False,LBR,pipeline_csv,OTHER_NON_FISHING,pipeline_csv,False,,,True,ITF_FOC,,,,,,,,0.0,1.0,0.0,20.0,0.0,20.0,20.0
671407100,SATURN,False,1,hormuz_control_jan2026,0,,0,0,0,0,0.0,,False,TGO,pipeline_csv,CARGO,pipeline_csv,False,,,True,shadow_fleet,,,,,,,,0.0,1.0,0.0,20.0,0.0,20.0,20.0
244811000,COASTAL VICTORY,False,2,hormuz_control_jan2026;hormuz_crisis_mar2026,2,genuine_cluster_member;trajectory_deviation_high,0,0,0,2,1.0,hormuz_crisis_mar2026,True,NLD,gfw_identity,OTHER,gfw_identity,False,OTHER,OTHER,False,,,,,,,,,15.0,1.0,15.0,0.0,0.0,15.0,15.0
408883000,BAK 10,False,2,hormuz_control_jan2026;hormuz_crisis_mar2026,2,genuine_cluster_member,0,0,1,1,1.0,hormuz_crisis_mar2026,True,BHR,gfw_identity,OTHER,gfw_identity,False,OTHER,OTHER,False,,,,,,,9147629,,15.0,1.0,15.0,0.0,0.0,15.0,15.0
422035300,ARDAVAN,False,2,hormuz_control_jan2026;hormuz_crisis_mar2026,2,trajectory_deviation_high,0,0,1,1,1.0,hormuz_crisis_mar2026,True,IRN,gfw_identity,CARGO,gfw_identity,False,CARGO,CARGO,False,,,,,OGHIAANOUS KHOROUSHAN SHIPPING,IRN,9465863,,15.0,1.0,15.0,0.0,0.0,15.0,15.0
422231100,DELICE,False,2,hormuz_control_jan2026;hormuz_crisis_mar2026,2,genuine_cluster_member;sar_ais_likely_spoofed,0,0,0,2,1.0,hormuz_crisis_mar2026,True,IRN,gfw_identity,OTHER,gfw_identity,False,OTHER,OTHER,False,,,,,,,9125138,,15.0,1.0,15.0,0.0,0.0,15.0,15.0
470021000,DURRAH,False,2,hormuz_control_jan2026;hormuz_crisis_mar2026,2,genuine_cluster_member,0,0,1,1,1.0,hormuz_crisis_mar2026,True,ARE,gfw_identity,OTHER,gfw_identity,False,OTHER,OTHER,False,,,,,,,,,15.0,1.0,15.0,0.0,0.0,15.0,15.0
470590000,MASAFI,False,2,hormuz_control_jan2026;hormuz_crisis_mar2026,2,genuine_cluster_member,0,0,1,1,1.0,hormuz_crisis_mar2026,True,ARE,gfw_identity,OTHER,gfw_identity,False,OTHER,OTHER,False,,,,,,,,,15.0,1.0,15.0,0.0,0.0,15.0,15.0
470771000,STEVIN PISCES,False,2,hormuz_control_jan2026;hormuz_crisis_mar2026,2,genuine_cluster_member;trajectory_deviation_high,0,0,2,0,1.0,hormuz_control_jan2026,True,ARE,gfw_identity,CARGO,pipeline_csv,False,NA,NA,False,,,,,,,,,15.0,1.0,15.0,0.0,0.0,15.0,15.0
470891047,STEVIN ORION,False,2,hormuz_control_jan2026;hormuz_crisis_mar2026,2,genuine_cluster_member;trajectory_deviation_high,0,0,1,1,1.0,hormuz_crisis_mar2026,True,IDN,gfw_identity,CARGO,gfw_identity,False,CARGO,CARGO,False,,,,,SINARMAS LDA MARITIME,IDN,9682693,,15.0,1.0,15.0,0.0,0.0,15.0,15.0
647553044,NOOR 91,False,2,hormuz_control_jan2026;hormuz_crisis_mar2026,2,genuine_cluster_member;trajectory_deviation_high,0,0,2,0,1.0,hormuz_control_jan2026,True,MDG,gfw_identity,OTHER,gfw_identity,False,OTHER,OTHER,False,,,,,,,1135747,,15.0,1.0,15.0,0.0,0.0,15.0,15.0
9127153,AAA FISHING BOAT,False,1,hormuz_control_jan2026,1,genuine_cluster_member,0,0,1,0,1.0,hormuz_control_jan2026,True,,unknown,GEAR,gfw_identity,False,GEAR,GEAR,False,,,,,,,,,15.0,1.0,15.0,0.0,0.0,15.0,15.0
42211222,AZAAM ALLAH-99%,False,1,hormuz_control_jan2026,1,genuine_cluster_member,0,0,1,0,1.0,hormuz_control_jan2026,True,,unknown,GEAR,gfw_identity,False,GEAR,GEAR,False,,,,,,,,,15.0,1.0,15.0,0.0,0.0,15.0,15.0
205655000,WAASMUNSTER,False,1,hormuz_control_jan2026,1,trajectory_deviation_high,0,0,1,0,1.0,hormuz_control_jan2026,True,BEL,gfw_identity,TANKER,gfw_identity,False,OTHER,TANKER,False,,,,,EXMAR SHIPPING BVBA,BEL,9659103,,15.0,1.0,15.0,0.0,0.0,15.0,15.0
219196000,MAERSK BALTIMORE,False,1,hormuz_control_jan2026,1,trajectory_deviation_high,0,0,1,0,1.0,hormuz_control_jan2026,True,DNK,gfw_identity,CARGO,gfw_identity,False,CARGO,CARGO,False,,,,,MAERSK LINE,DNK,9313917,,15.0,1.0,15.0,0.0,0.0,15.0,15.0
219759000,TORM DOVER,False,1,hormuz_control_jan2026,1,trajectory_deviation_high,0,0,1,0,1.0,hormuz_control_jan2026,True,DNK,gfw_identity,OTHER,gfw_identity,False,OTHER,OTHER,False,,,,,,,9688362,,15.0,1.0,15.0,0.0,0.0,15.0,15.0
222302401,SAAD NET-121%,False,1,hormuz_control_jan2026,1,genuine_cluster_member,0,0,1,0,1.0,hormuz_control_jan2026,True,,unknown,GEAR,gfw_identity,False,GEAR,GEAR,False,,,,,,,,,15.0,1.0,15.0,0.0,0.0,15.0,15.0
232032457,CUMBRIA,False,1,hormuz_control_jan2026,1,trajectory_deviation_high,0,0,1,0,1.0,hormuz_control_jan2026,True,GBR,gfw_identity,CARGO,gfw_identity,False,CARGO,CARGO,False,,,,,,,9713480,,15.0,1.0,15.0,0.0,0.0,15.0,15.0
232056058,MYRA BAY,False,1,hormuz_control_jan2026,1,genuine_cluster_member,0,0,1,0,1.0,hormuz_control_jan2026,True,GBR,gfw_identity,CARGO,gfw_identity,False,CARGO,CARGO,False,,,,,,,9626986,,15.0,1.0,15.0,0.0,0.0,15.0,15.0
240386000,MARAN GAS ASCLEPIUS,False,1,hormuz_control_jan2026,1,trajectory_deviation_high,0,0,1,0,1.0,hormuz_control_jan2026,True,GRC,gfw_identity,TANKER,gfw_identity,False,OTHER,TANKER,False,,,,,SEA SATIN,LBR,9302499,,15.0,1.0,15.0,0.0,0.0,15.0,15.0
241400099,DAIZEL BUOY2-76%,False,1,hormuz_control_jan2026,1,genuine_cluster_member,0,0,1,0,1.0,hormuz_control_jan2026,True,GRC,gfw_identity,GEAR,gfw_identity,False,GEAR,GEAR,False,,,,,,,,,15.0,1.0,15.0,0.0,0.0,15.0,15.0
241400334,HMR FISHING BUOY 2,False,1,hormuz_control_jan2026,1,genuine_cluster_member,0,0,1,0,1.0,hormuz_control_jan2026,True,GRC,gfw_identity,GEAR,gfw_identity,False,GEAR,GEAR,False,,,,,,,,,15.0,1.0,15.0,0.0,0.0,15.0,15.0
241436000,SOPHIA,False,1,hormuz_control_jan2026,1,trajectory_deviation_high,0,0,1,0,1.0,hormuz_control_jan2026,True,GRC,gfw_identity,TANKER,gfw_identity,False,OTHER,TANKER,False,,,,,ELVA,LBR,9776559,,15.0,1.0,15.0,0.0,0.0,15.0,15.0
241876000,BREST,False,1,hormuz_control_jan2026,1,trajectory_deviation_high,0,0,1,0,1.0,hormuz_control_jan2026,True,GRC,gfw_identity,OTHER,gfw_identity,False,OTHER,OTHER,False,,,,,,,9941867,,15.0,1.0,15.0,0.0,0.0,15.0,15.0
241879000,MINERVA ZOE,False,1,hormuz_control_jan2026,1,trajectory_deviation_high,0,0,1,0,1.0,hormuz_control_jan2026,True,GRC,gfw_identity,OTHER,gfw_identity,False,OTHER,OTHER,False,,,,,,,9800568,,15.0,1.0,15.0,0.0,0.0,15.0,15.0
241905000,SKOPELOS,False,1,hormuz_control_jan2026,1,trajectory_deviation_high,0,0,1,0,1.0,hormuz_control_jan2026,True,GRC,gfw_identity,OTHER,gfw_identity,False,OTHER,OTHER,False,,,,,,,9381720,,15.0,1.0,15.0,0.0,0.0,15.0,15.0
243700737,ALBASTE NET BUOY-77%,False,1,hormuz_control_jan2026,1,genuine_cluster_member,0,0,1,0,1.0,hormuz_control_jan2026,True,HUN,gfw_identity,GEAR,gfw_identity,False,GEAR,GEAR,False,,,,,,,,,15.0,1.0,15.0,0.0,0.0,15.0,15.0
244824000,COASTAL ROAMER,False,1,hormuz_control_jan2026,1,genuine_cluster_member,0,0,1,0,1.0,hormuz_control_jan2026,True,NLD,gfw_identity,NA,gfw_identity,False,NA,NA,False,,,,,,,,,15.0,1.0,15.0,0.0,0.0,15.0,15.0
247012900,ITAL UNIVERSO,False,1,hormuz_control_jan2026,1,trajectory_deviation_high,0,0,1,0,1.0,hormuz_control_jan2026,True,ITA,gfw_identity,CARGO,gfw_identity,False,CARGO,CARGO,False,,,,,ITALIA MARITTIMA,ITA,9196993,,15.0,1.0,15.0,0.0,0.0,15.0,15.0
253101835,BU HAROON BOUY 4-99%,False,1,hormuz_control_jan2026,1,genuine_cluster_member,0,0,1,0,1.0,hormuz_control_jan2026,True,LUX,gfw_identity,GEAR,gfw_identity,False,GEAR,GEAR,False,,,,,,,,,15.0,1.0,15.0,0.0,0.0,15.0,15.0
255805651,ALICE OLDENDORFF,False,1,hormuz_control_jan2026,1,trajectory_deviation_high,0,0,1,0,1.0,hormuz_control_jan2026,True,PRT,gfw_identity,CARGO,gfw_identity,False,CARGO,CARGO,False,,,,,OLDENDORFF DRYBULK,DEU,9183776,,15.0,1.0,15.0,0.0,0.0,15.0,15.0
255915694,ESL SANA,False,1,hormuz_control_jan2026,1,trajectory_deviation_high,0,0,1,0,1.0,hormuz_control_jan2026,True,PRT,gfw_identity,CARGO,gfw_identity,False,CARGO,CARGO,False,,,,,,,9306184,,15.0,1.0,15.0,0.0,0.0,15.0,15.0
255915927,SEA GLORY,False,1,hormuz_control_jan2026,1,trajectory_deviation_high,0,0,1,0,1.0,hormuz_control_jan2026,True,PRT,gfw_identity,CARGO,gfw_identity,False,CARGO,CARGO,False,,,,,,,9784362,,15.0,1.0,15.0,0.0,0.0,15.0,15.0
257112270,BOW EXCELLENCE,False,1,hormuz_control_jan2026,1,trajectory_deviation_high,0,0,1,0,1.0,hormuz_control_jan2026,True,NOR,gfw_identity,OTHER,gfw_identity,False,OTHER,OTHER,False,,,,,,,9828223,,15.0,1.0,15.0,0.0,0.0,15.0,15.0
257288000,BOW PLATINUM,False,1,hormuz_control_jan2026,1,trajectory_deviation_high,0,0,1,0,1.0,hormuz_control_jan2026,True,NOR,gfw_identity,SEISMIC_VESSEL,gfw_identity,False,SEISMIC_VESSEL,SEISMIC_VESSEL,False,,,,,NORFIELD SHIPPING,NOR,6415051,,15.0,1.0,15.0,0.0,0.0,15.0,15.0
257359000,MELDERSKIN,False,1,hormuz_control_jan2026,1,trajectory_deviation_high,0,0,1,0,1.0,hormuz_control_jan2026,True,NOR,gfw_identity,CARGO,gfw_identity,False,CARGO,CARGO,False,,,,,,,,,15.0,1.0,15.0,0.0,0.0,15.0,15.0
257407000,JORITA,False,1,hormuz_control_jan2026,1,trajectory_deviation_high,0,0,1,0,1.0,hormuz_control_jan2026,True,NOR,gfw_identity,CARGO,gfw_identity,False,CARGO,CARGO,False,,,,,,,9852731,,15.0,1.0,15.0,0.0,0.0,15.0,15.0
258121000,FLOYEN,False,1,hormuz_control_jan2026,1,trajectory_deviation_high,0,0,1,0,1.0,hormuz_control_jan2026,True,NOR,gfw_identity,FISHING,gfw_identity,False,FISHING,TRAWLERS,False,,,,,,,,,15.0,1.0,15.0,0.0,0.0,15.0,15.0
265069000,TURANDOT,False,1,hormuz_control_jan2026,1,trajectory_deviation_high,0,0,1,0,1.0,hormuz_control_jan2026,True,SWE,gfw_identity,CARGO,gfw_identity,False,CARGO,CARGO,False,,,,,WWL SHIPOWNING SINGAPORE,SGP,9070450,,15.0,1.0,15.0,0.0,0.0,15.0,15.0
265076590,DON JUAN,False,1,hormuz_control_jan2026,1,trajectory_deviation_high,0,0,1,0,1.0,hormuz_control_jan2026,True,SWE,gfw_identity,CARGO,gfw_identity,False,CARGO,CARGO,False,,,,,,,9082934,,15.0,1.0,15.0,0.0,0.0,15.0,15.0
273610820,NORD,False,1,hormuz_control_jan2026,1,trajectory_deviation_high,0,0,1,0,1.0,hormuz_control_jan2026,True,RUS,gfw_identity,OTHER,gfw_identity,False,OTHER,OTHER,False,,,,,,,,,15.0,1.0,15.0,0.0,0.0,15.0,15.0
307111000,BLOOMING DALE,False,1,hormuz_control_jan2026,1,genuine_cluster_member,0,0,1,0,1.0,hormuz_control_jan2026,True,ABW,gfw_identity,OTHER,gfw_identity,False,OTHER,OTHER,False,,,,,,,,,15.0,1.0,15.0,0.0,0.0,15.0,15.0
307232000,ASPHALT STAR,False,1,hormuz_control_jan2026,1,genuine_cluster_member,0,0,1,0,1.0,hormuz_control_jan2026,True,ABW,gfw_identity,OTHER,gfw_identity,False,OTHER,OTHER,False,,,,,,,9463528,,15.0,1.0,15.0,0.0,0.0,15.0,15.0
338408000,MAERSK CHICAGO,False,1,hormuz_control_jan2026,1,trajectory_deviation_high,0,0,1,0,1.0,hormuz_control_jan2026,True,USA,gfw_identity,CARGO,gfw_identity,False,CARGO,CARGO,False,,,,,MAERSK LINE LTD USA,USA,9332975,,15.0,1.0,15.0,0.0,0.0,15.0,15.0
375172000,LEO,False,1,hormuz_control_jan2026,1,trajectory_deviation_high,0,0,1,0,1.0,hormuz_control_jan2026,True,NOR,gfw_identity,BUNKER,gfw_identity,False,BUNKER,BUNKER,False,,,,,BERGEN TANKERS,NOR,9331098,,15.0,1.0,15.0,0.0,0.0,15.0,15.0
403004000,AL SHAFFIAH,False,1,hormuz_control_jan2026,1,trajectory_deviation_high,0,0,1,0,1.0,hormuz_control_jan2026,True,SAU,gfw_identity,CARGO,gfw_identity,False,OTHER,CARGO,False,,,,,SAUDI ARABIA SHIPPING,SAU,7923548,,15.0,1.0,15.0,0.0,0.0,15.0,15.0
403290000,FOLK DAMMAM,False,1,hormuz_control_jan2026,1,trajectory_deviation_high,0,0,1,0,1.0,hormuz_control_jan2026,True,SAU,gfw_identity,CARGO,gfw_identity,False,CARGO,CARGO,False,,,,,,,9939876,,15.0,1.0,15.0,0.0,0.0,15.0,15.0
403557000,MAJRA,False,1,hormuz_control_jan2026,1,trajectory_deviation_high,0,0,1,0,1.0,hormuz_control_jan2026,True,SAU,gfw_identity,TANKER,gfw_identity,False,OTHER,TANKER,False,,,,,BETHKE TRADING,PAN,9247065,,15.0,1.0,15.0,0.0,0.0,15.0,15.0
403580000,DALIL,False,1,hormuz_control_jan2026,1,genuine_cluster_member,0,0,1,0,1.0,hormuz_control_jan2026,True,SAU,gfw_identity,OTHER,gfw_identity,False,OTHER,OTHER,False,,,,,,,9733806,,15.0,1.0,15.0,0.0,0.0,15.0,15.0
403590001,HABARI,False,1,hormuz_control_jan2026,1,trajectory_deviation_high,0,0,1,0,1.0,hormuz_control_jan2026,True,SAU,gfw_identity,OTHER,gfw_identity,False,OTHER,OTHER,False,,,,,,,9386940,,15.0,1.0,15.0,0.0,0.0,15.0,15.0
403711810,BAHRI ARASCO,False,1,hormuz_control_jan2026,1,trajectory_deviation_high,0,0,1,0,1.0,hormuz_control_jan2026,True,SAU,gfw_identity,CARGO,gfw_identity,False,CARGO,NA,False,,,,,,,,,15.0,1.0,15.0,0.0,0.0,15.0,15.0
412311000,HE RONG HAI,False,1,hormuz_control_jan2026,1,trajectory_deviation_high,0,0,1,0,1.0,hormuz_control_jan2026,True,CHN,gfw_identity,OTHER,gfw_identity,False,OTHER,OTHER,False,,,,,,,,,15.0,1.0,15.0,0.0,0.0,15.0,15.0
412343000,KANG SHUN,False,1,hormuz_control_jan2026,1,genuine_cluster_member,0,0,1,0,1.0,hormuz_control_jan2026,True,CHN,gfw_identity,CARGO,gfw_identity,False,CARGO,CARGO,False,,,,,,,,,15.0,1.0,15.0,0.0,0.0,15.0,15.0
413347110,SHI JIANG,False,1,hormuz_control_jan2026,1,trajectory_deviation_high,0,0,1,0,1.0,hormuz_control_jan2026,True,CHN,gfw_identity,CARGO,gfw_identity,False,CARGO,CARGO,False,,,,,,,9757620,,15.0,1.0,15.0,0.0,0.0,15.0,15.0
413383620,YI BAO CAI HONG,False,1,hormuz_control_jan2026,1,genuine_cluster_member,0,0,1,0,1.0,hormuz_control_jan2026,True,CHN,gfw_identity,OTHER,gfw_identity,False,OTHER,OTHER,False,,,,,,,9344851,,15.0,1.0,15.0,0.0,0.0,15.0,15.0
413572220,HUA CHUANG 66,False,1,hormuz_control_jan2026,1,trajectory_deviation_high,0,0,1,0,1.0,hormuz_control_jan2026,True,CHN,gfw_identity,CARGO,gfw_identity,False,CARGO,CARGO,False,,,,,,,1033602,,15.0,1.0,15.0,0.0,0.0,15.0,15.0
414474000,YUAN GUI YANG,False,1,hormuz_control_jan2026,1,trajectory_deviation_high,0,0,1,0,1.0,hormuz_control_jan2026,True,CHN,gfw_identity,OTHER,gfw_identity,False,OTHER,OTHER,False,,,,,,,9843302,,15.0,1.0,15.0,0.0,0.0,15.0,15.0
414626000,HENG HUI 5,False,1,hormuz_control_jan2026,1,trajectory_deviation_high,0,0,1,0,1.0,hormuz_control_jan2026,True,CHN,gfw_identity,CARGO,gfw_identity,False,CARGO,CARGO,False,,,,,SHISHI HENGTONG SHIPPING,CHN,9323015,,15.0,1.0,15.0,0.0,0.0,15.0,15.0
414849000,ZHONG GU CHONG QING,False,1,hormuz_control_jan2026,1,trajectory_deviation_high,0,0,1,0,1.0,hormuz_control_jan2026,True,CHN,gfw_identity,CARGO,gfw_identity,False,CARGO,CARGO,False,,,,,,,9933834,,15.0,1.0,15.0,0.0,0.0,15.0,15.0
414850000,ZHONG GU GUI YANG,False,1,hormuz_control_jan2026,1,trajectory_deviation_high,0,0,1,0,1.0,hormuz_control_jan2026,True,CHN,gfw_identity,CARGO,gfw_identity,False,CARGO,CARGO,False,,,,,,,9933872,,15.0,1.0,15.0,0.0,0.0,15.0,15.0
419001245,JAG LEENA,False,1,hormuz_control_jan2026,1,trajectory_deviation_high,0,0,1,0,1.0,hormuz_control_jan2026,True,IND,gfw_identity,TANKER,gfw_identity,False,OTHER,TANKER,False,,,,,GREAT EASTERN SHIPPING,IND,9516105,,15.0,1.0,15.0,0.0,0.0,15.0,15.0
419001637,BW PINE,False,1,hormuz_control_jan2026,1,trajectory_deviation_high,0,0,1,0,1.0,hormuz_control_jan2026,True,IND,gfw_identity,OTHER,gfw_identity,False,OTHER,OTHER,False,,,,,,,9479929,,15.0,1.0,15.0,0.0,0.0,15.0,15.0
419001755,SANMAR SAROD,False,1,hormuz_control_jan2026,1,trajectory_deviation_high,0,0,1,0,1.0,hormuz_control_jan2026,True,IND,gfw_identity,OTHER,gfw_identity,False,OTHER,OTHER,False,,,,,,,9321184,,15.0,1.0,15.0,0.0,0.0,15.0,15.0
419001809,SSL GODAVARI,False,1,hormuz_control_jan2026,1,trajectory_deviation_high,0,0,1,0,1.0,hormuz_control_jan2026,True,IND,gfw_identity,CARGO,gfw_identity,False,CARGO,CARGO,False,,,,,,,9399791,,15.0,1.0,15.0,0.0,0.0,15.0,15.0
419002041,BW CHINOOK,False,1,hormuz_control_jan2026,1,trajectory_deviation_high,0,0,1,0,1.0,hormuz_control_jan2026,True,IND,gfw_identity,OTHER,gfw_identity,False,OTHER,OTHER,False,,,,,,,9689536,,15.0,1.0,15.0,0.0,0.0,15.0,15.0
419002048,CMA CGM DIAMOND,False,1,hormuz_control_jan2026,1,trajectory_deviation_high,0,0,1,0,1.0,hormuz_control_jan2026,True,IND,gfw_identity,CARGO,gfw_identity,False,CARGO,NA,False,,,,,,,,,15.0,1.0,15.0,0.0,0.0,15.0,15.0
419002059,COMPASS,False,1,hormuz_control_jan2026,1,trajectory_deviation_high,0,0,1,0,1.0,hormuz_control_jan2026,True,IND,gfw_identity,OTHER,gfw_identity,False,OTHER,OTHER,False,,,,,,,9422366,,15.0,1.0,15.0,0.0,0.0,15.0,15.0
419036900,MSV AL AMIR,False,1,hormuz_control_jan2026,1,genuine_cluster_member,0,0,1,0,1.0,hormuz_control_jan2026,True,IND,gfw_identity,OTHER,gfw_identity,False,OTHER,OTHER,False,,,,,,,,,15.0,1.0,15.0,0.0,0.0,15.0,15.0
419740000,DESH VIRAAT,False,1,hormuz_control_jan2026,1,trajectory_deviation_high,0,0,1,0,1.0,hormuz_control_jan2026,True,IND,gfw_identity,OTHER,gfw_identity,False,OTHER,OTHER,False,,,,,,,,,15.0,1.0,15.0,0.0,0.0,15.0,15.0
419956221,MSV SAFINA AL ZAHRA,False,1,hormuz_crisis_mar2026,1,sar_ais_likely_spoofed,0,0,0,1,1.0,hormuz_crisis_mar2026,True,IND,gfw_identity,NA,gfw_identity,False,NA,NA,False,,,,,,,,,15.0,1.0,15.0,0.0,0.0,15.0,15.0
419956884,MSV HAJI ALI,False,1,hormuz_control_jan2026,1,trajectory_deviation_high,0,0,1,0,1.0,hormuz_control_jan2026,True,IND,gfw_identity,OTHER,gfw_identity,False,OTHER,OTHER,False,,,,,,,,,15.0,1.0,15.0,0.0,0.0,15.0,15.0
419958514,MSV AL NOORE HABIBI1,False,1,hormuz_control_jan2026,1,trajectory_deviation_high,0,0,1,0,1.0,hormuz_control_jan2026,True,IND,gfw_identity,CARGO,pipeline_csv,False,OTHER,OTHER,False,,,,,,,,,15.0,1.0,15.0,0.0,0.0,15.0,15.0
420003309,PARIS-180%,False,1,hormuz_control_jan2026,1,genuine_cluster_member,0,0,1,0,1.0,hormuz_control_jan2026,True,,unknown,GEAR,gfw_identity,False,GEAR,GEAR,False,,,,,,,,,15.0,1.0,15.0,0.0,0.0,15.0,15.0
422000222,PIROOZI=102-70%,False,1,hormuz_control_jan2026,1,genuine_cluster_member,0,0,1,0,1.0,hormuz_control_jan2026,True,IRN,gfw_identity,GEAR,gfw_identity,False,GEAR,GEAR,False,,,,,,,,,15.0,1.0,15.0,0.0,0.0,15.0,15.0
422003201,HAFEZ-NET-BOY99%,False,1,hormuz_control_jan2026,1,genuine_cluster_member,0,0,1,0,1.0,hormuz_control_jan2026,True,IRN,gfw_identity,GEAR,gfw_identity,False,GEAR,GEAR,False,,,,,,,,,15.0,1.0,15.0,0.0,0.0,15.0,15.0
422008804,PARIS-240%,False,1,hormuz_control_jan2026,1,genuine_cluster_member,0,0,1,0,1.0,hormuz_control_jan2026,True,IRN,gfw_identity,GEAR,gfw_identity,False,GEAR,GEAR,False,,,,,,,,,15.0,1.0,15.0,0.0,0.0,15.0,15.0
422010428,MAHDI_BOYA,False,1,hormuz_control_jan2026,1,genuine_cluster_member,0,0,1,0,1.0,hormuz_control_jan2026,True,IRN,gfw_identity,GEAR,gfw_identity,False,GEAR,GEAR,False,,,,,,,,,15.0,1.0,15.0,0.0,0.0,15.0,15.0
422012700,,False,1,hormuz_control_jan2026,1,genuine_cluster_member,0,0,1,0,1.0,hormuz_control_jan2026,True,IRN,gfw_identity,PASSENGER,gfw_identity,False,NA,PASSENGER,False,,,,,,,,,15.0,1.0,15.0,0.0,0.0,15.0,15.0
422019000,KASHANI4,False,1,hormuz_control_jan2026,1,trajectory_deviation_high,0,0,1,0,1.0,hormuz_control_jan2026,True,IRN,gfw_identity,CARGO,gfw_identity,False,CARGO,NA,False,,,,,,,,,15.0,1.0,15.0,0.0,0.0,15.0,15.0
422019400,SHABAHANG,False,1,hormuz_control_jan2026,1,genuine_cluster_member,0,0,1,0,1.0,hormuz_control_jan2026,True,IRN,gfw_identity,OTHER,gfw_identity,False,OTHER,OTHER,False,,,,,,,,,15.0,1.0,15.0,0.0,0.0,15.0,15.0
422027100,MEHDI 10,False,1,hormuz_control_jan2026,1,genuine_cluster_member,0,0,1,0,1.0,hormuz_control_jan2026,True,IRN,gfw_identity,OTHER,gfw_identity,False,OTHER,OTHER,False,,,,,,,,,15.0,1.0,15.0,0.0,0.0,15.0,15.0
422032700,BASHT,False,1,hormuz_control_jan2026,1,trajectory_deviation_high,0,0,1,0,1.0,hormuz_control_jan2026,True,IRN,gfw_identity,PASSENGER,gfw_identity,False,PASSENGER,CARGO,False,,,,,MOSAKHAR DARYA SHIPPING,IRN,9346536,,15.0,1.0,15.0,0.0,0.0,15.0,15.0
422034900,OURA,False,1,hormuz_crisis_mar2026,1,trajectory_deviation_high,0,0,0,1,1.0,hormuz_crisis_mar2026,True,IRN,gfw_identity,CARGO,gfw_identity,False,CARGO,CARGO,False,,,,,OGHIAANOUS KHOROUSHAN SHIPPING,IRN,9387815,,15.0,1.0,15.0,0.0,0.0,15.0,15.0
422035200,ARTIN,False,1,hormuz_control_jan2026,1,sar_ais_likely_spoofed,0,0,1,0,1.0,hormuz_control_jan2026,True,IRN,gfw_identity,CARGO,gfw_identity,False,CARGO,CARGO,False,,,,,MOSAKHAR DARYA SHIPPING,IRN,9305221,,15.0,1.0,15.0,0.0,0.0,15.0,15.0
422036600,MAHNAM,False,1,hormuz_control_jan2026,1,trajectory_deviation_high,0,0,1,0,1.0,hormuz_control_jan2026,True,IRN,gfw_identity,CARGO,gfw_identity,False,CARGO,CARGO,False,,,,,,,,,15.0,1.0,15.0,0.0,0.0,15.0,15.0
422040300,WARTA,False,1,hormuz_control_jan2026,1,trajectory_deviation_high,0,0,1,0,1.0,hormuz_control_jan2026,True,IRN,gfw_identity,CARGO,gfw_identity,False,CARGO,CARGO,False,,,,,OGHIAANOUS KHOROUSHAN SHIPPING,IRN,9465849,,15.0,1.0,15.0,0.0,0.0,15.0,15.0
422042200,ARTMAN,False,1,hormuz_crisis_mar2026,1,trajectory_deviation_high,0,0,0,1,1.0,hormuz_crisis_mar2026,True,IRN,gfw_identity,CARGO,gfw_identity,False,CARGO,CARGO,False,,,,,OGHIAANOUS KHOROUSHAN SHIPPING,IRN,9405930,,15.0,1.0,15.0,0.0,0.0,15.0,15.0
422049300,HALIL,False,1,hormuz_control_jan2026,1,trajectory_deviation_high,0,0,1,0,1.0,hormuz_control_jan2026,True,IRN,gfw_identity,OTHER,gfw_identity,False,OTHER,OTHER,False,,,,,,,,,15.0,1.0,15.0,0.0,0.0,15.0,15.0
422051100,JYANE,False,1,hormuz_control_jan2026,1,trajectory_deviation_high,0,0,1,0,1.0,hormuz_control_jan2026,True,IRN,gfw_identity,CARGO,gfw_identity,False,CARGO,CARGO,False,,,,,,,,,15.0,1.0,15.0,0.0,0.0,15.0,15.0
422056100,,False,1,hormuz_control_jan2026,1,genuine_cluster_member,0,0,1,0,1.0,hormuz_control_jan2026,True,IRN,gfw_identity,PASSENGER,gfw_identity,False,PASSENGER,PASSENGER,False,,,,,,,,,15.0,1.0,15.0,0.0,0.0,15.0,15.0
422089500,SHABAHANG14,False,1,hormuz_control_jan2026,1,genuine_cluster_member,0,0,1,0,1.0,hormuz_control_jan2026,True,IRN,gfw_identity,OTHER,gfw_identity,False,OTHER,OTHER,False,,,,,,,,,15.0,1.0,15.0,0.0,0.0,15.0,15.0
422089800,12360AHMDI1,False,1,hormuz_control_jan2026,1,genuine_cluster_member,0,0,1,0,1.0,hormuz_control_jan2026,True,IRN,gfw_identity,OTHER,gfw_identity,False,OTHER,OTHER,False,,,,,,,,,15.0,1.0,15.0,0.0,0.0,15.0,15.0
422090200,11629(SHAFIE-1),False,1,hormuz_control_jan2026,1,genuine_cluster_member,0,0,1,0,1.0,hormuz_control_jan2026,True,IRN,gfw_identity,FISHING,gfw_identity,False,FISHING,FISHING,False,,,,,,,,,15.0,1.0,15.0,0.0,0.0,15.0,15.0
422099800,AL AMER12471,False,1,hormuz_control_jan2026,1,trajectory_deviation_high,0,0,1,0,1.0,hormuz_control_jan2026,True,IRN,gfw_identity,PASSENGER,gfw_identity,False,PASSENGER,PASSENGER,False,,,,,,,,,15.0,1.0,15.0,0.0,0.0,15.0,15.0
422112222,AZAAM  ALLAH-2-99%,False,1,hormuz_control_jan2026,1,genuine_cluster_member,0,0,1,0,1.0,hormuz_control_jan2026,True,IRN,gfw_identity,GEAR,gfw_identity,False,GEAR,GEAR,False,,,,,,,,,15.0,1.0,15.0,0.0,0.0,15.0,15.0
422123456,37             AFEZ,False,1,hormuz_control_jan2026,1,trajectory_deviation_high,0,0,1,0,1.0,hormuz_control_jan2026,True,IRN,gfw_identity,OTHER,gfw_identity,False,OTHER,OTHER,False,,,,,,,,,15.0,1.0,15.0,0.0,0.0,15.0,15.0
422154200,HAMOUNA,False,1,hormuz_control_jan2026,1,trajectory_deviation_high,0,0,1,0,1.0,hormuz_control_jan2026,True,IRN,gfw_identity,OTHER,gfw_identity,False,OTHER,OTHER,False,,,,,,,,,15.0,1.0,15.0,0.0,0.0,15.0,15.0
422166700,BARI25120,False,1,hormuz_control_jan2026,1,genuine_cluster_member,0,0,1,0,1.0,hormuz_control_jan2026,True,IRN,gfw_identity,OTHER,gfw_identity,False,OTHER,OTHER,False,,,,,,,,,15.0,1.0,15.0,0.0,0.0,15.0,15.0
422175300,,False,1,hormuz_control_jan2026,1,genuine_cluster_member,0,0,1,0,1.0,hormuz_control_jan2026,True,IRN,gfw_identity,OTHER,gfw_identity,False,OTHER,OTHER,False,,,,,,,,,15.0,1.0,15.0,0.0,0.0,15.0,15.0
422198000,RAMAZAN,False,1,hormuz_control_jan2026,1,trajectory_deviation_high,0,0,1,0,1.0,hormuz_control_jan2026,True,IRN,gfw_identity,OTHER,gfw_identity,False,OTHER,OTHER,False,,,,,,,,,15.0,1.0,15.0,0.0,0.0,15.0,15.0
422230101,MAHDI:JAVED,False,1,hormuz_control_jan2026,1,genuine_cluster_member,0,0,1,0,1.0,hormuz_control_jan2026,True,IRN,gfw_identity,FISHING,gfw_identity,False,FISHING,DRIFTING_LONGLINES,False,,,,,,,,,15.0,1.0,15.0,0.0,0.0,15.0,15.0
422232300,NIKI,False,1,hormuz_control_jan2026,1,genuine_cluster_member,0,0,1,0,1.0,hormuz_control_jan2026,True,IRN,gfw_identity,OTHER,gfw_identity,False,OTHER,OTHER,False,,,,,,,9820312,,15.0,1.0,15.0,0.0,0.0,15.0,15.0
422239200,MOHAMMAD REZA,False,1,hormuz_control_jan2026,1,genuine_cluster_member,0,0,1,0,1.0,hormuz_control_jan2026,True,IRN,gfw_identity,OTHER,gfw_identity,False,OTHER,OTHER,False,,,,,,,,,15.0,1.0,15.0,0.0,0.0,15.0,15.0
422277400,HAROON 10,False,1,hormuz_control_jan2026,1,trajectory_deviation_high,0,0,1,0,1.0,hormuz_control_jan2026,True,IRN,gfw_identity,OTHER,gfw_identity,False,OTHER,OTHER,False,,,,,,,,,15.0,1.0,15.0,0.0,0.0,15.0,15.0
422314500,BARI 11931,False,1,hormuz_control_jan2026,1,trajectory_deviation_high,0,0,1,0,1.0,hormuz_control_jan2026,True,IRN,gfw_identity,CARGO,gfw_identity,False,CARGO,CARGO,False,,,,,,,,,15.0,1.0,15.0,0.0,0.0,15.0,15.0
422341738,KADMKHER   WAHED,False,1,hormuz_control_jan2026,1,genuine_cluster_member,0,0,1,0,1.0,hormuz_control_jan2026,True,IRN,gfw_identity,GEAR,gfw_identity,False,GEAR,GEAR,False,,,,,,,,,15.0,1.0,15.0,0.0,0.0,15.0,15.0
422341752,,False,1,hormuz_crisis_mar2026,1,genuine_cluster_member,0,0,0,1,1.0,hormuz_crisis_mar2026,True,IRN,gfw_identity,FISHING,gfw_identity,False,FISHING,POLE_AND_LINE,False,,,,,,,,,15.0,1.0,15.0,0.0,0.0,15.0,15.0
422364600,ARAD 25307,False,1,hormuz_control_jan2026,1,trajectory_deviation_high,0,0,1,0,1.0,hormuz_control_jan2026,True,IRN,gfw_identity,FISHING,gfw_identity,False,FISHING,OTHER_PURSE_SEINES,False,,,,,,,,,15.0,1.0,15.0,0.0,0.0,15.0,15.0
422467000,MOSHTAGH 1,False,1,hormuz_control_jan2026,1,genuine_cluster_member,0,0,1,0,1.0,hormuz_control_jan2026,True,IRN,gfw_identity,OTHER,gfw_identity,False,OTHER,OTHER,False,,,,,,,3541902,,15.0,1.0,15.0,0.0,0.0,15.0,15.0
422490200,LANJ 4/4554,False,1,hormuz_control_jan2026,1,genuine_cluster_member,0,0,1,0,1.0,hormuz_control_jan2026,True,IRN,gfw_identity,GEAR,gfw_identity,False,GEAR,GEAR,False,,,,,,,,,15.0,1.0,15.0,0.0,0.0,15.0,15.0
422493000,BARDIA,False,1,hormuz_control_jan2026,1,genuine_cluster_member,0,0,1,0,1.0,hormuz_control_jan2026,True,IRN,gfw_identity,OTHER,gfw_identity,False,OTHER,OTHER,False,,,,,,,8101513,,15.0,1.0,15.0,0.0,0.0,15.0,15.0
422535700,12979,False,1,hormuz_control_jan2026,1,genuine_cluster_member,0,0,1,0,1.0,hormuz_control_jan2026,True,IRN,gfw_identity,FISHING,gfw_identity,False,FISHING,POLE_AND_LINE,False,,,,,,,,,15.0,1.0,15.0,0.0,0.0,15.0,15.0
422539800,SOKAN HORMOZ,False,1,hormuz_control_jan2026,1,genuine_cluster_member,0,0,1,0,1.0,hormuz_control_jan2026,True,IRN,gfw_identity,OTHER,gfw_identity,False,OTHER,OTHER,False,,,,,,,9508249,,15.0,1.0,15.0,0.0,0.0,15.0,15.0
422562600,BARKAT13104,False,1,hormuz_control_jan2026,1,trajectory_deviation_high,0,0,1,0,1.0,hormuz_control_jan2026,True,IRN,gfw_identity,FISHING,gfw_identity,False,FISHING,FISHING,False,,,,,,,,,15.0,1.0,15.0,0.0,0.0,15.0,15.0
422564000,,False,1,hormuz_control_jan2026,1,trajectory_deviation_high,0,0,1,0,1.0,hormuz_control_jan2026,True,IRN,gfw_identity,OTHER,gfw_identity,False,OTHER,OTHER,False,,,,,,,,,15.0,1.0,15.0,0.0,0.0,15.0,15.0
422583300,313512,False,1,hormuz_control_jan2026,1,genuine_cluster_member,0,0,1,0,1.0,hormuz_control_jan2026,True,IRN,gfw_identity,FISHING,gfw_identity,False,FISHING,FISHING,False,,,,,,,,,15.0,1.0,15.0,0.0,0.0,15.0,15.0
422610000,,False,1,hormuz_control_jan2026,1,genuine_cluster_member,0,0,1,0,1.0,hormuz_control_jan2026,True,IRN,gfw_identity,CARGO,gfw_identity,False,CARGO,NON_FISHING,False,,,,,SALAMEH QESHM,IRN,9092434,,15.0,1.0,15.0,0.0,0.0,15.0,15.0
422654320,AZAMALAH,False,1,hormuz_control_jan2026,1,genuine_cluster_member,0,0,1,0,1.0,hormuz_control_jan2026,True,IRN,gfw_identity,FISHING,gfw_identity,False,FISHING,FISHING,False,,,,,,,,,15.0,1.0,15.0,0.0,0.0,15.0,15.0
422673900,TOOFIQ,False,1,hormuz_control_jan2026,1,genuine_cluster_member,0,0,1,0,1.0,hormuz_control_jan2026,True,IRN,gfw_identity,GEAR,gfw_identity,False,GEAR,GEAR,False,,,,,,,,,15.0,1.0,15.0,0.0,0.0,15.0,15.0
422681000,,False,1,hormuz_control_jan2026,1,genuine_cluster_member,0,0,1,0,1.0,hormuz_control_jan2026,True,IRN,gfw_identity,NON_FISHING,gfw_identity,False,OTHER,NON_FISHING,False,,,,,BABOO M,IRN,9024839,,15.0,1.0,15.0,0.0,0.0,15.0,15.0
422688900,TALSH,False,1,hormuz_control_jan2026,1,genuine_cluster_member,0,0,1,0,1.0,hormuz_control_jan2026,True,IRN,gfw_identity,OTHER,gfw_identity,False,OTHER,OTHER,False,,,,,,,,,15.0,1.0,15.0,0.0,0.0,15.0,15.0
422710000,SOHEYL3@@@@@@@@@@@B1,False,1,hormuz_control_jan2026,1,genuine_cluster_member,0,0,1,0,1.0,hormuz_control_jan2026,True,IRN,gfw_identity,NON_FISHING,gfw_identity,False,OTHER,NON_FISHING,False,,,,,HORMOUZ SEA SAFE,IRN,9452282,,15.0,1.0,15.0,0.0,0.0,15.0,15.0
422762000,PARS 101,False,1,hormuz_control_jan2026,1,genuine_cluster_member,0,0,1,0,1.0,hormuz_control_jan2026,True,IRN,gfw_identity,NON_FISHING,gfw_identity,False,OTHER,NON_FISHING,False,,,,,BANK MELLAT,IRN,9442847,,15.0,1.0,15.0,0.0,0.0,15.0,15.0
422812000,ABTIN 1,False,1,hormuz_control_jan2026,1,trajectory_deviation_high,0,0,1,0,1.0,hormuz_control_jan2026,True,IRN,gfw_identity,CARGO,gfw_identity,False,CARGO,CARGO,False,,,,,TEU FEEDER,MLT,9379636,,15.0,1.0,15.0,0.0,0.0,15.0,15.0
422814000,TABAN1,False,1,hormuz_control_jan2026,1,trajectory_deviation_high,0,0,1,0,1.0,hormuz_control_jan2026,True,IRN,gfw_identity,CARGO,gfw_identity,False,CARGO,CARGO,False,,,,,,,,,15.0,1.0,15.0,0.0,0.0,15.0,15.0
422836500,SHOEYB13524,False,1,hormuz_control_jan2026,1,trajectory_deviation_high,0,0,1,0,1.0,hormuz_control_jan2026,True,IRN,gfw_identity,CARGO,gfw_identity,False,CARGO,CARGO,False,,,,,,,,,15.0,1.0,15.0,0.0,0.0,15.0,15.0
422874700,PARTAKEN,False,1,hormuz_control_jan2026,1,genuine_cluster_member,0,0,1,0,1.0,hormuz_control_jan2026,True,IRN,gfw_identity,OTHER,gfw_identity,False,OTHER,OTHER,False,,,,,,,,,15.0,1.0,15.0,0.0,0.0,15.0,15.0
422889900,RASHIDI-1-99%,False,1,hormuz_control_jan2026,1,genuine_cluster_member,0,0,1,0,1.0,hormuz_control_jan2026,True,IRN,gfw_identity,GEAR,gfw_identity,False,GEAR,GEAR,False,,,,,,,,,15.0,1.0,15.0,0.0,0.0,15.0,15.0
422900600,NEZAMIGANJAVI6,False,1,hormuz_control_jan2026,1,trajectory_deviation_high,0,0,1,0,1.0,hormuz_control_jan2026,True,IRN,gfw_identity,OTHER,gfw_identity,False,OTHER,OTHER,False,,,,,,,,,15.0,1.0,15.0,0.0,0.0,15.0,15.0
422912200,FAKHRAI 13617,False,1,hormuz_control_jan2026,1,trajectory_deviation_high,0,0,1,0,1.0,hormuz_control_jan2026,True,IRN,gfw_identity,OTHER,gfw_identity,False,OTHER,OTHER,False,,,,,,,,,15.0,1.0,15.0,0.0,0.0,15.0,15.0
431114000,KISOGAWA,False,1,hormuz_control_jan2026,1,trajectory_deviation_high,0,0,1,0,1.0,hormuz_control_jan2026,True,JPN,gfw_identity,OTHER,gfw_identity,False,OTHER,OTHER,False,,,,,,,9805087,,15.0,1.0,15.0,0.0,0.0,15.0,15.0
431224000,SELENE LEADER,False,1,hormuz_control_jan2026,1,trajectory_deviation_high,0,0,1,0,1.0,hormuz_control_jan2026,True,JPN,gfw_identity,CARGO,gfw_identity,False,CARGO,CARGO,False,,,,,GRANVILLE SHIPHOLDING,PAN,9498597,,15.0,1.0,15.0,0.0,0.0,15.0,15.0
431648000,MAPLE GAS,False,1,hormuz_control_jan2026,1,trajectory_deviation_high,0,0,1,0,1.0,hormuz_control_jan2026,True,JPN,gfw_identity,OTHER,gfw_identity,False,OTHER,OTHER,False,,,,,,,9800491,,15.0,1.0,15.0,0.0,0.0,15.0,15.0
431660000,FUJISAN MARU,False,1,hormuz_control_jan2026,1,trajectory_deviation_high,0,0,1,0,1.0,hormuz_control_jan2026,True,JPN,gfw_identity,OTHER,gfw_identity,False,OTHER,OTHER,False,,,,,,,9827360,,15.0,1.0,15.0,0.0,0.0,15.0,15.0
431877000,GEN-EI,False,1,hormuz_control_jan2026,1,genuine_cluster_member,0,0,1,0,1.0,hormuz_control_jan2026,True,JPN,gfw_identity,TANKER,gfw_identity,False,OTHER,TANKER,False,,,,,NIPPON YUSEN KYOEI TANKER,JPN,9814117,,15.0,1.0,15.0,0.0,0.0,15.0,15.0
432722000,DIONYSOS LEADER,False,1,hormuz_control_jan2026,1,trajectory_deviation_high,0,0,1,0,1.0,hormuz_control_jan2026,True,JPN,gfw_identity,CARGO,gfw_identity,False,CARGO,CARGO,False,,,,,,,,,15.0,1.0,15.0,0.0,0.0,15.0,15.0
436000070,RAIYMBEK BATYR,False,1,hormuz_control_jan2026,1,genuine_cluster_member,0,0,1,0,1.0,hormuz_control_jan2026,True,KAZ,gfw_identity,NA,gfw_identity,False,NA,NA,False,,,,,,,9841067,,15.0,1.0,15.0,0.0,0.0,15.0,15.0
441504000,BUM SHIN,False,1,hormuz_control_jan2026,1,genuine_cluster_member,0,0,1,0,1.0,hormuz_control_jan2026,True,KOR,gfw_identity,TANKER,gfw_identity,False,OTHER,TANKER,False,,,,,POS MARITIME NB,MHL,9263095,,15.0,1.0,15.0,0.0,0.0,15.0,15.0
447180000,BURGAN,False,1,hormuz_control_jan2026,1,trajectory_deviation_high,0,0,1,0,1.0,hormuz_control_jan2026,True,KWT,gfw_identity,TANKER,gfw_identity,False,OTHER,TANKER,False,,,,,KUWAIT OIL TANKER CO SAK,KWT,9656022,,15.0,1.0,15.0,0.0,0.0,15.0,15.0
463092101,KARACHI,False,1,hormuz_control_jan2026,1,trajectory_deviation_high,0,0,1,0,1.0,hormuz_control_jan2026,True,PAK,gfw_identity,OTHER,gfw_identity,False,OTHER,OTHER,False,,,,,,,9903413,,15.0,1.0,15.0,0.0,0.0,15.0,15.0
463141990,AAMIR,False,1,hormuz_control_jan2026,1,genuine_cluster_member,0,0,1,0,1.0,hormuz_control_jan2026,True,PAK,gfw_identity,OTHER,gfw_identity,False,OTHER,OTHER,False,,,,,,,,,15.0,1.0,15.0,0.0,0.0,15.0,15.0
466573960,UMM AL ROUS,False,1,qatar_spoofing_oct2025,1,sar_ais_likely_spoofed,0,1,0,0,1.0,qatar_spoofing_oct2025,True,QAT,gfw_identity,NON_FISHING,gfw_identity,False,NA,NON_FISHING,False,,,,,NAKILAT SVITZERWIJSMULLER WLL,QAT,8732477,,15.0,1.0,15.0,0.0,0.0,15.0,15.0
470021401,AHMED DAS 1,False,1,hormuz_control_jan2026,1,genuine_cluster_member,0,0,1,0,1.0,hormuz_control_jan2026,True,ARE,gfw_identity,GEAR,gfw_identity,False,GEAR,GEAR,False,,,,,,,,,15.0,1.0,15.0,0.0,0.0,15.0,15.0
470031602,BIN AFREEN 2 FBUOY,False,1,hormuz_control_jan2026,1,genuine_cluster_member,0,0,1,0,1.0,hormuz_control_jan2026,True,ARE,gfw_identity,GEAR,gfw_identity,False,GEAR,GEAR,False,,,,,,,,,15.0,1.0,15.0,0.0,0.0,15.0,15.0
470043501,ALJEER 1 FBUOY,False,1,hormuz_control_jan2026,1,genuine_cluster_member,0,0,1,0,1.0,hormuz_control_jan2026,True,ARE,gfw_identity,GEAR,gfw_identity,False,GEAR,GEAR,False,,,,,,,,,15.0,1.0,15.0,0.0,0.0,15.0,15.0
470043502,ALJEER 2 FBUOY,False,1,hormuz_control_jan2026,1,genuine_cluster_member,0,0,1,0,1.0,hormuz_control_jan2026,True,ARE,gfw_identity,GEAR,gfw_identity,False,GEAR,GEAR,False,,,,,,,,,15.0,1.0,15.0,0.0,0.0,15.0,15.0
470047301,SA7SHII- FISHNET 1,False,1,hormuz_control_jan2026,1,genuine_cluster_member,0,0,1,0,1.0,hormuz_control_jan2026,True,ARE,gfw_identity,GEAR,gfw_identity,False,GEAR,GEAR,False,,,,,,,,,15.0,1.0,15.0,0.0,0.0,15.0,15.0
470093401,SHOMOOKH 1 FBUOY,False,1,hormuz_control_jan2026,1,genuine_cluster_member,0,0,1,0,1.0,hormuz_control_jan2026,True,ARE,gfw_identity,GEAR,gfw_identity,False,GEAR,GEAR,False,,,,,,,,,15.0,1.0,15.0,0.0,0.0,15.0,15.0
470097804,THE STRANGE FBUOY 4,False,1,hormuz_control_jan2026,1,genuine_cluster_member,0,0,1,0,1.0,hormuz_control_jan2026,True,ARE,gfw_identity,GEAR,gfw_identity,False,GEAR,GEAR,False,,,,,,,,,15.0,1.0,15.0,0.0,0.0,15.0,15.0
470097805,THE STRANGE FBUOY 5,False,1,hormuz_control_jan2026,1,genuine_cluster_member,0,0,1,0,1.0,hormuz_control_jan2026,True,ARE,gfw_identity,GEAR,gfw_identity,False,GEAR,GEAR,False,,,,,,,,,15.0,1.0,15.0,0.0,0.0,15.0,15.0
470100641,HAMIDI_NET_1-99%,False,1,hormuz_control_jan2026,1,genuine_cluster_member,0,0,1,0,1.0,hormuz_control_jan2026,True,ARE,gfw_identity,GEAR,gfw_identity,False,GEAR,GEAR,False,,,,,,,,,15.0,1.0,15.0,0.0,0.0,15.0,15.0
470104901,HMK 1-58%,False,1,hormuz_control_jan2026,1,genuine_cluster_member,0,0,1,0,1.0,hormuz_control_jan2026,True,ARE,gfw_identity,GEAR,gfw_identity,False,GEAR,GEAR,False,,,,,,,,,15.0,1.0,15.0,0.0,0.0,15.0,15.0
470104902,HMK 2-58%,False,1,hormuz_control_jan2026,1,genuine_cluster_member,0,0,1,0,1.0,hormuz_control_jan2026,True,ARE,gfw_identity,GEAR,gfw_identity,False,GEAR,GEAR,False,,,,,,,,,15.0,1.0,15.0,0.0,0.0,15.0,15.0
470144000,MAKASIB,False,1,hormuz_crisis_mar2026,1,genuine_cluster_member,0,0,0,1,1.0,hormuz_crisis_mar2026,True,ARE,gfw_identity,OTHER,gfw_identity,False,OTHER,OTHER,False,,,,,,,,,15.0,1.0,15.0,0.0,0.0,15.0,15.0
470200084,HAMIDI_NET_2-99%,False,1,hormuz_control_jan2026,1,genuine_cluster_member,0,0,1,0,1.0,hormuz_control_jan2026,True,ARE,gfw_identity,GEAR,gfw_identity,False,GEAR,GEAR,False,,,,,,,,,15.0,1.0,15.0,0.0,0.0,15.0,15.0
470456000,JABAL MASAFI,False,1,hormuz_control_jan2026,1,genuine_cluster_member,0,0,1,0,1.0,hormuz_control_jan2026,True,ARE,gfw_identity,OTHER,gfw_identity,False,OTHER,OTHER,False,,,,,,,,,15.0,1.0,15.0,0.0,0.0,15.0,15.0
470700601,ALKASER 1,False,1,hormuz_control_jan2026,1,genuine_cluster_member,0,0,1,0,1.0,hormuz_control_jan2026,True,ARE,gfw_identity,GEAR,gfw_identity,False,GEAR,GEAR,False,,,,,,,,,15.0,1.0,15.0,0.0,0.0,15.0,15.0
470700602,ALKASER 2,False,1,hormuz_control_jan2026,1,genuine_cluster_member,0,0,1,0,1.0,hormuz_control_jan2026,True,ARE,gfw_identity,GEAR,gfw_identity,False,GEAR,GEAR,False,,,,,,,,,15.0,1.0,15.0,0.0,0.0,15.0,15.0
470742702,FREEDOM FBUOY 2,False,1,hormuz_control_jan2026,1,genuine_cluster_member,0,0,1,0,1.0,hormuz_control_jan2026,True,ARE,gfw_identity,GEAR,gfw_identity,False,GEAR,GEAR,False,,,,,,,,,15.0,1.0,15.0,0.0,0.0,15.0,15.0
470838000,INCHCAPE 21,False,1,hormuz_crisis_mar2026,1,genuine_cluster_member,0,0,0,1,1.0,hormuz_crisis_mar2026,True,ARE,gfw_identity,OTHER,gfw_identity,False,OTHER,OTHER,False,,,,,,,,,15.0,1.0,15.0,0.0,0.0,15.0,15.0
470891052,AL RAFIQ,False,1,hormuz_control_jan2026,1,genuine_cluster_member,0,0,1,0,1.0,hormuz_control_jan2026,True,ARE,gfw_identity,OTHER,gfw_identity,False,OTHER,OTHER,False,,,,,,,,,15.0,1.0,15.0,0.0,0.0,15.0,15.0
470901393,AL SADIQ 10,False,1,hormuz_control_jan2026,1,trajectory_deviation_high,0,0,1,0,1.0,hormuz_control_jan2026,True,ARE,gfw_identity,OTHER,gfw_identity,False,OTHER,OTHER,False,,,,,,,,,15.0,1.0,15.0,0.0,0.0,15.0,15.0
471200000,RAMHAN,False,1,hormuz_control_jan2026,1,genuine_cluster_member,0,0,1,0,1.0,hormuz_control_jan2026,True,,unknown,NA,gfw_identity,False,NA,NA,False,,,,,,,,,15.0,1.0,15.0,0.0,0.0,15.0,15.0
471259000,STEVIN PEARL,False,1,hormuz_control_jan2026,1,genuine_cluster_member,0,0,1,0,1.0,hormuz_control_jan2026,True,IDN,gfw_identity,CARGO,gfw_identity,False,OTHER,CARGO,False,,,,,SINARMAS LDA MARITIME,IDN,9682708,,15.0,1.0,15.0,0.0,0.0,15.0,15.0
471627000,OCEAN VOYAGER,False,1,hormuz_control_jan2026,1,genuine_cluster_member,0,0,1,0,1.0,hormuz_control_jan2026,True,,unknown,OTHER,gfw_identity,False,OTHER,OTHER,False,,,,,,,9375355,,15.0,1.0,15.0,0.0,0.0,15.0,15.0
477002400,NEW MERIT,False,1,hormuz_control_jan2026,1,trajectory_deviation_high,0,0,1,0,1.0,hormuz_control_jan2026,True,HKG,gfw_identity,TANKER,gfw_identity,False,OTHER,TANKER,False,,,,,NEW MERIT SHIPPING,HKG,9706396,,15.0,1.0,15.0,0.0,0.0,15.0,15.0
477105300,SEASPAN JAKARTA,False,1,hormuz_control_jan2026,1,trajectory_deviation_high,0,0,1,0,1.0,hormuz_control_jan2026,True,HKG,gfw_identity,CARGO,gfw_identity,False,CARGO,CARGO,False,,,,,SEASPAN,MHL,9301794,,15.0,1.0,15.0,0.0,0.0,15.0,15.0
477123200,PETREL,False,1,hormuz_control_jan2026,1,trajectory_deviation_high,0,0,1,0,1.0,hormuz_control_jan2026,True,HKG,gfw_identity,OTHER,gfw_identity,False,OTHER,OTHER,False,,,,,,,9278624,,15.0,1.0,15.0,0.0,0.0,15.0,15.0
477127100,NEW FRONTIER,False,1,hormuz_control_jan2026,1,trajectory_deviation_high,0,0,1,0,1.0,hormuz_control_jan2026,True,HKG,gfw_identity,TANKER,gfw_identity,False,OTHER,TANKER,False,,,,,NEW FRONTIER SHIPPING,HKG,9379727,,15.0,1.0,15.0,0.0,0.0,15.0,15.0
477188500,ANSAC PRIDE,False,1,hormuz_control_jan2026,1,trajectory_deviation_high,0,0,1,0,1.0,hormuz_control_jan2026,True,HKG,gfw_identity,CARGO,gfw_identity,False,CARGO,CARGO,False,,,,,JADE BULKSHIP,PAN,9619737,,15.0,1.0,15.0,0.0,0.0,15.0,15.0
477191800,NEW CHAMPION,False,1,hormuz_control_jan2026,1,trajectory_deviation_high,0,0,1,0,1.0,hormuz_control_jan2026,True,HKG,gfw_identity,OTHER,gfw_identity,False,OTHER,OTHER,False,,,,,,,9799147,,15.0,1.0,15.0,0.0,0.0,15.0,15.0
477206200,NEW EXPLORER,False,1,hormuz_control_jan2026,1,trajectory_deviation_high,0,0,1,0,1.0,hormuz_control_jan2026,True,HKG,gfw_identity,OTHER,gfw_identity,False,OTHER,OTHER,False,,,,,,,1090777,,15.0,1.0,15.0,0.0,0.0,15.0,15.0
477308100,COSCO AQUARIUS,False,1,hormuz_control_jan2026,1,trajectory_deviation_high,0,0,1,0,1.0,hormuz_control_jan2026,True,HKG,gfw_identity,CARGO,gfw_identity,False,CARGO,CARGO,False,,,,,,,9789623,,15.0,1.0,15.0,0.0,0.0,15.0,15.0
477534200,EFFY N,False,1,hormuz_control_jan2026,1,trajectory_deviation_high,0,0,1,0,1.0,hormuz_control_jan2026,True,HKG,gfw_identity,CARGO,gfw_identity,False,CARGO,CARGO,False,,,,,AQUARIUS BULK CARRIERS,MHL,9509516,,15.0,1.0,15.0,0.0,0.0,15.0,15.0
477598400,CSCL NEPTUNE,False,1,hormuz_control_jan2026,1,trajectory_deviation_high,0,0,1,0,1.0,hormuz_control_jan2026,True,HKG,gfw_identity,CARGO,gfw_identity,False,CARGO,CARGO,False,,,,,CSCL NEPTUNE SHIPPING,HKG,9467316,,15.0,1.0,15.0,0.0,0.0,15.0,15.0
477625100,GLORIA,False,1,hormuz_control_jan2026,1,genuine_cluster_member,0,0,1,0,1.0,hormuz_control_jan2026,True,HKG,gfw_identity,OTHER,gfw_identity,False,OTHER,OTHER,False,,,,,,,9247077,,15.0,1.0,15.0,0.0,0.0,15.0,15.0
477637400,KSL CHAOYANG,False,1,hormuz_control_jan2026,1,trajectory_deviation_high,0,0,1,0,1.0,hormuz_control_jan2026,True,HKG,gfw_identity,CARGO,gfw_identity,False,CARGO,CARGO,False,,,,,SILVER LIGHT SHIPPING,HKG,9696888,,15.0,1.0,15.0,0.0,0.0,15.0,15.0
477723600,XIN GUANG HUA,False,1,hormuz_control_jan2026,1,trajectory_deviation_high,0,0,1,0,1.0,hormuz_control_jan2026,True,HKG,gfw_identity,CARGO,gfw_identity,False,CARGO,CARGO,False,,,,,,,9751573,,15.0,1.0,15.0,0.0,0.0,15.0,15.0
477765600,J CHEN,False,1,hormuz_control_jan2026,1,trajectory_deviation_high,0,0,1,0,1.0,hormuz_control_jan2026,True,HKG,gfw_identity,CARGO,gfw_identity,False,CARGO,CARGO,False,,,,,HAN XIN HEAVYLIFT SHIPPING HKG,HKG,9125889,,15.0,1.0,15.0,0.0,0.0,15.0,15.0
477795900,AMOY PROGRESS,False,1,hormuz_control_jan2026,1,genuine_cluster_member,0,0,1,0,1.0,hormuz_control_jan2026,True,HKG,gfw_identity,CARGO,gfw_identity,False,CARGO,CARGO,False,,,,,PROGRESS MARITIME,HKG,9583641,,15.0,1.0,15.0,0.0,0.0,15.0,15.0
538011484,SEAWAYS GRACE,False,1,hormuz_control_jan2026,1,trajectory_deviation_high,0,0,1,0,1.0,hormuz_control_jan2026,True,HKG,gfw_identity,FISHING,gfw_identity,False,FISHING,TANKER,False,,,,,HEROIC HERA,LBR,9337511,,15.0,1.0,15.0,0.0,0.0,15.0,15.0
563071300,X-PRESS KABRU,False,1,hormuz_control_jan2026,1,trajectory_deviation_high,0,0,1,0,1.0,hormuz_control_jan2026,True,SGP,gfw_identity,CARGO,gfw_identity,False,CARGO,CARGO,False,,,,,,,9793727,,15.0,1.0,15.0,0.0,0.0,15.0,15.0
563078200,MAERSK HUACHO,False,1,hormuz_control_jan2026,1,trajectory_deviation_high,0,0,1,0,1.0,hormuz_control_jan2026,True,SGP,gfw_identity,CARGO,gfw_identity,False,CARGO,CARGO,False,,,,,,,9848948,,15.0,1.0,15.0,0.0,0.0,15.0,15.0
563097600,RED RUM,False,1,hormuz_control_jan2026,1,trajectory_deviation_high,0,0,1,0,1.0,hormuz_control_jan2026,True,SGP,gfw_identity,OTHER,gfw_identity,False,OTHER,OTHER,False,,,,,,,9832793,,15.0,1.0,15.0,0.0,0.0,15.0,15.0
563116200,EASTERN HAWK,False,1,hormuz_control_jan2026,1,trajectory_deviation_high,0,0,1,0,1.0,hormuz_control_jan2026,True,SGP,gfw_identity,CARGO,gfw_identity,False,CARGO,CARGO,False,,,,,,,9888869,,15.0,1.0,15.0,0.0,0.0,15.0,15.0
563137200,RU YI II,False,1,hormuz_control_jan2026,1,trajectory_deviation_high,0,0,1,0,1.0,hormuz_control_jan2026,True,SGP,gfw_identity,CARGO,gfw_identity,False,CARGO,CARGO,False,,,,,,,9359947,,15.0,1.0,15.0,0.0,0.0,15.0,15.0
563140100,HENRIETTA KOSAN,False,1,hormuz_control_jan2026,1,trajectory_deviation_high,0,0,1,0,1.0,hormuz_control_jan2026,True,SGP,gfw_identity,OTHER,gfw_identity,False,OTHER,OTHER,False,,,,,,,9342425,,15.0,1.0,15.0,0.0,0.0,15.0,15.0
563155900,VICTORIA KOSAN,False,1,hormuz_control_jan2026,1,trajectory_deviation_high,0,0,1,0,1.0,hormuz_control_jan2026,True,SGP,gfw_identity,OTHER,gfw_identity,False,OTHER,OTHER,False,,,,,,,9390965,,15.0,1.0,15.0,0.0,0.0,15.0,15.0
563194100,SSF DYNAMIC,False,1,hormuz_control_jan2026,1,trajectory_deviation_high,0,0,1,0,1.0,hormuz_control_jan2026,True,SGP,gfw_identity,CARGO,gfw_identity,False,CARGO,CARGO,False,,,,,,,9329631,,15.0,1.0,15.0,0.0,0.0,15.0,15.0
563276600,PRABHU MIHIKAA,False,1,hormuz_control_jan2026,1,trajectory_deviation_high,0,0,1,0,1.0,hormuz_control_jan2026,True,SGP,gfw_identity,OTHER,gfw_identity,False,OTHER,OTHER,False,,,,,,,9674775,,15.0,1.0,15.0,0.0,0.0,15.0,15.0
563279100,SEASPAN AMAZON,False,1,hormuz_control_jan2026,1,trajectory_deviation_high,0,0,1,0,1.0,hormuz_control_jan2026,True,SGP,gfw_identity,CARGO,gfw_identity,False,CARGO,CARGO,False,,,,,,,9630391,,15.0,1.0,15.0,0.0,0.0,15.0,15.0
563281200,PORT EVERGLADES EXPR,False,1,hormuz_control_jan2026,1,trajectory_deviation_high,0,0,1,0,1.0,hormuz_control_jan2026,True,SGP,gfw_identity,CARGO,gfw_identity,False,CARGO,CARGO,False,,,,,,,9301835,,15.0,1.0,15.0,0.0,0.0,15.0,15.0
563299300,SOUL OF KOLKATA,False,1,hormuz_control_jan2026,1,trajectory_deviation_high,0,0,1,0,1.0,hormuz_control_jan2026,True,SGP,gfw_identity,OTHER,gfw_identity,False,OTHER,OTHER,False,,,,,,,9813838,,15.0,1.0,15.0,0.0,0.0,15.0,15.0
563637000,PIS PARAGON,False,1,hormuz_control_jan2026,1,trajectory_deviation_high,0,0,1,0,1.0,hormuz_control_jan2026,True,SGP,gfw_identity,TANKER,gfw_identity,False,OTHER,TANKER,False,,,,,NYK BULKSHIP ASIA PTE,SGP,9403310,,15.0,1.0,15.0,0.0,0.0,15.0,15.0
565155000,THOR FRIENDSHIP,False,1,hormuz_control_jan2026,1,trajectory_deviation_high,0,0,1,0,1.0,hormuz_control_jan2026,True,SGP,gfw_identity,CARGO,gfw_identity,False,CARGO,CARGO,False,,,,,THOR FRIENDSHIP SHIPPING,SGP,9424601,,15.0,1.0,15.0,0.0,0.0,15.0,15.0
565404000,SILVIO,False,1,hormuz_control_jan2026,1,trajectory_deviation_high,0,0,1,0,1.0,hormuz_control_jan2026,True,SGP,gfw_identity,TANKER,gfw_identity,False,OTHER,TANKER,False,,,,,TEAM TANKERS CITY CLASS,BMU,9337834,,15.0,1.0,15.0,0.0,0.0,15.0,15.0
565425000,WAN HAI 316,False,1,hormuz_control_jan2026,1,trajectory_deviation_high,0,0,1,0,1.0,hormuz_control_jan2026,True,SGP,gfw_identity,CARGO,gfw_identity,False,CARGO,CARGO,False,,,,,WAN HAI LINES SINGAPORE,SGP,9342700,,15.0,1.0,15.0,0.0,0.0,15.0,15.0
565680000,POSH ENDEAVOUR,False,1,qatar_control_sep2025,1,sar_ais_likely_spoofed,1,0,0,0,1.0,qatar_control_sep2025,True,SGP,gfw_identity,NA,gfw_identity,False,NA,NA,False,,,,,,,,,15.0,1.0,15.0,0.0,0.0,15.0,15.0
565880000,MARINE XENA,False,1,hormuz_control_jan2026,1,genuine_cluster_member,0,0,1,0,1.0,hormuz_control_jan2026,True,SGP,gfw_identity,TANKER,gfw_identity,False,OTHER,TANKER,False,,,,,AN JU SHIPPING PTE,SGP,9438195,,15.0,1.0,15.0,0.0,0.0,15.0,15.0
566492000,MAERSK COLOMBO,False,1,hormuz_control_jan2026,1,trajectory_deviation_high,0,0,1,0,1.0,hormuz_control_jan2026,True,SGP,gfw_identity,CARGO,gfw_identity,False,CARGO,CARGO,False,,,,,MOLLER SINGAPORE,SGP,9525390,,15.0,1.0,15.0,0.0,0.0,15.0,15.0
566523000,INCE ILGAZ,False,1,hormuz_control_jan2026,1,trajectory_deviation_high,0,0,1,0,1.0,hormuz_control_jan2026,True,SGP,gfw_identity,CARGO,gfw_identity,False,CARGO,NON_FISHING,False,,,,,OFFSHORE SUPPORT VESSELS 20,NLD,9609756,,15.0,1.0,15.0,0.0,0.0,15.0,15.0
567619000,SF CHALISA,False,1,hormuz_control_jan2026,1,trajectory_deviation_high,0,0,1,0,1.0,hormuz_control_jan2026,True,THA,gfw_identity,CARGO,gfw_identity,False,CARGO,CARGO,False,,,,,,,,,15.0,1.0,15.0,0.0,0.0,15.0,15.0
574002760,HTK LOTUS,False,1,hormuz_control_jan2026,1,trajectory_deviation_high,0,0,1,0,1.0,hormuz_control_jan2026,True,VNM,gfw_identity,CARGO,gfw_identity,False,CARGO,CARGO,False,,,,,,,,,15.0,1.0,15.0,0.0,0.0,15.0,15.0
611000226,PISSARO,False,1,hormuz_control_jan2026,1,genuine_cluster_member,0,0,1,0,1.0,hormuz_control_jan2026,True,BWA,gfw_identity,OTHER,gfw_identity,False,OTHER,OTHER,False,,,,,,,,,15.0,1.0,15.0,0.0,0.0,15.0,15.0
629009364,YOUNES,False,1,hormuz_crisis_mar2026,1,trajectory_deviation_high,0,0,0,1,1.0,hormuz_crisis_mar2026,True,GMB,gfw_identity,OTHER,gfw_identity,False,OTHER,OTHER,False,,,,,,,9162538,,15.0,1.0,15.0,0.0,0.0,15.0,15.0
629009458,SALAKH 22,False,1,hormuz_control_jan2026,1,trajectory_deviation_high,0,0,1,0,1.0,hormuz_control_jan2026,True,GMB,gfw_identity,CARGO,gfw_identity,False,CARGO,CARGO,False,,,,,,,1108122,,15.0,1.0,15.0,0.0,0.0,15.0,15.0
629009692,OXIS,False,1,hormuz_control_jan2026,1,trajectory_deviation_high,0,0,1,0,1.0,hormuz_control_jan2026,True,GMB,gfw_identity,OTHER,gfw_identity,False,OTHER,OTHER,False,,,,,,,9224805,,15.0,1.0,15.0,0.0,0.0,15.0,15.0
636024903,MINERVA SYMPHONY,False,1,hormuz_control_jan2026,1,trajectory_deviation_high,0,0,1,0,1.0,hormuz_control_jan2026,True,GRC,gfw_identity,TANKER,gfw_identity,False,OTHER,TANKER,False,,,,,SYMPHONY M ENE,GRC,9304605,,15.0,1.0,15.0,0.0,0.0,15.0,15.0
647553027,ALBA,False,1,hormuz_control_jan2026,1,trajectory_deviation_high,0,0,1,0,1.0,hormuz_control_jan2026,True,MDG,gfw_identity,OTHER,gfw_identity,False,OTHER,OTHER,False,,,,,,,9268112,,15.0,1.0,15.0,0.0,0.0,15.0,15.0
941210098,FISHNET_BOUY2_ 12.0V,False,1,hormuz_control_jan2026,1,genuine_cluster_member,0,0,1,0,1.0,hormuz_control_jan2026,True,,unknown,GEAR,gfw_identity,False,GEAR,GEAR,False,,,,,,,,,15.0,1.0,15.0,0.0,0.0,15.0,15.0
941212669,AAA FISHINGNIT 2,False,1,hormuz_control_jan2026,1,genuine_cluster_member,0,0,1,0,1.0,hormuz_control_jan2026,True,,unknown,GEAR,gfw_identity,False,GEAR,GEAR,False,,,,,,,,,15.0,1.0,15.0,0.0,0.0,15.0,15.0
941212673,AAA FISHINGNIT 1,False,1,hormuz_control_jan2026,1,genuine_cluster_member,0,0,1,0,1.0,hormuz_control_jan2026,True,,unknown,GEAR,gfw_identity,False,GEAR,GEAR,False,,,,,,,,,15.0,1.0,15.0,0.0,0.0,15.0,15.0
422565000,HADI 3,False,2,hormuz_control_jan2026;hormuz_crisis_mar2026,6,genuine_cluster_member;sar_ais_likely_spoofed;trajectory_deviation_high,0,0,5,1,3.0,hormuz_crisis_mar2026,True,IRN,gfw_identity,pilot_vessel,confirmed_external_lookup,True,OTHER,OTHER,False,,,,,,,,,45.0,0.25,11.2,0.0,0.0,45.0,11.2
422405300,AMIR BANDAR,False,2,hormuz_control_jan2026;hormuz_crisis_mar2026,5,genuine_cluster_member;trajectory_deviation_high,0,0,4,1,2.5,hormuz_crisis_mar2026,True,IRN,gfw_identity,landing_craft,confirmed_external_lookup,True,CARGO,CARGO,False,,,,,,,9506370,,37.5,0.25,9.4,0.0,0.0,37.5,9.4
408687000,BAK-20,False,2,hormuz_control_jan2026;hormuz_crisis_mar2026,4,genuine_cluster_member;trajectory_deviation_high,0,0,1,3,2.0,hormuz_crisis_mar2026,True,BHR,gfw_identity,TUG,gfw_identity,True,OTHER,TUG,False,,,,,KAIKSON MODERN TRADING,BHR,9249063,,30.0,0.25,7.5,0.0,0.0,30.0,7.5
422719000,SOUMAR,False,1,hormuz_control_jan2026,2,genuine_cluster_member,0,0,2,0,2.0,hormuz_control_jan2026,True,IRN,gfw_identity,DREDGE_NON_FISHING,gfw_identity,True,OTHER,DREDGE_NON_FISHING,False,,,,,,,7808592,,30.0,0.25,7.5,0.0,0.0,30.0,7.5
240615000,AL JASSASIYA,False,2,qatar_spoofing_oct2025;hormuz_control_jan2026,1,trajectory_deviation_high,0,0,1,0,0.5,hormuz_control_jan2026,True,GRC,gfw_identity,TANKER,gfw_identity,False,OTHER,TANKER,False,,,,,VENICE MARITIME,LBR,9324435,,7.5,1.0,7.5,0.0,0.0,7.5,7.5
307102000,OCEANA KAI,False,2,hormuz_control_jan2026;hormuz_crisis_mar2026,1,trajectory_deviation_high,0,0,1,0,0.5,hormuz_control_jan2026,True,ABW,gfw_identity,OTHER,gfw_identity,False,OTHER,OTHER,False,,,,,,,9221267,,7.5,1.0,7.5,0.0,0.0,7.5,7.5
419001655,PINE GAS,False,2,qatar_control_sep2025;hormuz_crisis_mar2026,1,trajectory_deviation_high,0,0,0,1,0.5,hormuz_crisis_mar2026,True,IND,gfw_identity,OTHER,gfw_identity,False,OTHER,OTHER,False,,,,,,,9315680,,7.5,1.0,7.5,0.0,0.0,7.5,7.5
419001795,GREEN ASHA,False,2,qatar_control_sep2025;hormuz_control_jan2026,1,trajectory_deviation_high,0,0,1,0,0.5,hormuz_control_jan2026,True,IND,gfw_identity,OTHER,gfw_identity,False,OTHER,OTHER,False,,,,,,,9326598,,7.5,1.0,7.5,0.0,0.0,7.5,7.5
419956078,MSV ASHMA MNV2063,False,2,hormuz_control_jan2026;hormuz_crisis_mar2026,1,trajectory_deviation_high,0,0,0,1,0.5,hormuz_crisis_mar2026,True,IND,gfw_identity,OTHER,gfw_identity,False,OTHER,OTHER,False,,,,,,,,,7.5,1.0,7.5,0.0,0.0,7.5,7.5
422051900,ARK SAHEL,False,2,hormuz_control_jan2026;hormuz_crisis_mar2026,1,genuine_cluster_member,0,0,0,1,0.5,hormuz_crisis_mar2026,True,IRN,gfw_identity,CARGO,gfw_identity,False,CARGO,CARGO,False,,,,,,,,,7.5,1.0,7.5,0.0,0.0,7.5,7.5
422065400,ARJ,False,2,hormuz_control_jan2026;hormuz_crisis_mar2026,1,genuine_cluster_member,0,0,1,0,0.5,hormuz_control_jan2026,True,IRN,gfw_identity,CARGO,gfw_identity,False,CARGO,CARGO,False,,,,,,,,,7.5,1.0,7.5,0.0,0.0,7.5,7.5
422086200,SHAMS-113,False,2,hormuz_control_jan2026;hormuz_crisis_mar2026,1,trajectory_deviation_high,0,0,1,0,0.5,hormuz_control_jan2026,True,IRN,gfw_identity,OTHER,gfw_identity,False,OTHER,OTHER,False,,,,,,,,,7.5,1.0,7.5,0.0,0.0,7.5,7.5
422337200,KAREN8,False,2,hormuz_control_jan2026;hormuz_crisis_mar2026,1,trajectory_deviation_high,0,0,0,1,0.5,hormuz_crisis_mar2026,True,IRN,gfw_identity,OTHER,gfw_identity,False,OTHER,OTHER,False,,,,,,,9859480,,7.5,1.0,7.5,0.0,0.0,7.5,7.5
422661000,MATIN,False,2,hormuz_control_jan2026;hormuz_crisis_mar2026,1,genuine_cluster_member,0,0,1,0,0.5,hormuz_control_jan2026,True,IRN,gfw_identity,NON_FISHING,gfw_identity,False,NA,NON_FISHING,False,,,,,BANK MELLAT,IRN,9446415,,7.5,1.0,7.5,0.0,0.0,7.5,7.5
422910000,NIKA SHAKARAMI,False,2,hormuz_control_jan2026;hormuz_crisis_mar2026,1,genuine_cluster_member,0,0,1,0,0.5,hormuz_control_jan2026,True,IRN,gfw_identity,PASSENGER,gfw_identity,False,PASSENGER,PASSENGER,False,,,,,MALAEI S,IRN,8314263,,7.5,1.0,7.5,0.0,0.0,7.5,7.5
461000088,DANA 4,False,2,hormuz_control_jan2026;hormuz_crisis_mar2026,1,sar_ais_likely_spoofed,0,0,0,1,0.5,hormuz_crisis_mar2026,True,OMN,gfw_identity,OTHER,gfw_identity,False,OTHER,OTHER,False,,,,,,,,,7.5,1.0,7.5,0.0,0.0,7.5,7.5
461000175,BIG MAC,False,2,hormuz_control_jan2026;hormuz_crisis_mar2026,1,trajectory_deviation_high,0,0,1,0,0.5,hormuz_control_jan2026,True,OMN,gfw_identity,OTHER,gfw_identity,False,OTHER,OTHER,False,,,,,,,9795799,,7.5,1.0,7.5,0.0,0.0,7.5,7.5
466086000,FOG 11,False,2,qatar_control_sep2025;qatar_spoofing_oct2025,1,sar_ais_likely_spoofed,1,0,0,0,0.5,qatar_control_sep2025,True,QAT,gfw_identity,NON_FISHING,gfw_identity,False,NA,NON_FISHING,False,,,,,MIDGULF OFFSHORE,LBR,9743708,,7.5,1.0,7.5,0.0,0.0,7.5,7.5
470134000,SNAPPER BAY,False,2,hormuz_control_jan2026;hormuz_crisis_mar2026,1,genuine_cluster_member,0,0,0,1,0.5,hormuz_crisis_mar2026,True,ARE,gfw_identity,PASSENGER,gfw_identity,False,PASSENGER,PASSENGER,False,,,,,,,,,7.5,1.0,7.5,0.0,0.0,7.5,7.5
470256000,EAGLE,False,2,hormuz_control_jan2026;hormuz_crisis_mar2026,1,genuine_cluster_member,0,0,0,1,0.5,hormuz_crisis_mar2026,True,ARE,gfw_identity,NA,gfw_identity,False,NA,NA,False,,,,,,,,,7.5,1.0,7.5,0.0,0.0,7.5,7.5
470735000,KESTREL,False,2,hormuz_control_jan2026;hormuz_crisis_mar2026,1,genuine_cluster_member,0,0,1,0,0.5,hormuz_control_jan2026,True,ARE,gfw_identity,OTHER,gfw_identity,False,OTHER,OTHER,False,,,,,,,,,7.5,1.0,7.5,0.0,0.0,7.5,7.5
564164000,,False,2,qatar_spoofing_oct2025;hormuz_control_jan2026,2,trajectory_deviation_high,0,0,2,0,1.0,hormuz_control_jan2026,True,SGP,gfw_identity,TUG,gfw_identity,True,OTHER,TUG,False,,,,,BRITOIL OFFSHORE SERVICES,SGP,9352444,,15.0,0.25,3.8,0.0,0.0,15.0,3.8
245450000,ROTTERDAM,False,1,hormuz_control_jan2026,1,trajectory_deviation_high,0,0,1,0,1.0,hormuz_control_jan2026,True,NLD,gfw_identity,DREDGE_NON_FISHING,gfw_identity,True,OTHER,DREDGE_NON_FISHING,False,,,,,VAN OORD DREDGING MARINE,NLD,9229582,,15.0,0.25,3.8,0.0,0.0,15.0,3.8
408327000,ALMOAYYED 24,False,1,hormuz_control_jan2026,1,genuine_cluster_member,0,0,1,0,1.0,hormuz_control_jan2026,True,BHR,gfw_identity,TUG,gfw_identity,True,OTHER,TUG,False,,,,,ALMOAYYED MARINE SERVICES,BHR,9507829,,15.0,0.25,3.8,0.0,0.0,15.0,3.8
470937000,DUMA,False,1,hormuz_crisis_mar2026,1,genuine_cluster_member,0,0,0,1,1.0,hormuz_crisis_mar2026,True,ARE,gfw_identity,TUG,gfw_identity,True,OTHER,TUG,False,,,,,MIDDLE EAST MARINE DMCCO,ARE,8317605,,15.0,0.25,3.8,0.0,0.0,15.0,3.8
471164000,AL JAMOH,False,1,hormuz_control_jan2026,1,genuine_cluster_member,0,0,1,0,1.0,hormuz_control_jan2026,True,ARE,gfw_identity,TUG,gfw_identity,True,OTHER,TUG,False,,,,,NATIONAL MARINE DREDGING,ARE,9506605,,15.0,0.25,3.8,0.0,0.0,15.0,3.8
470589000,HULAYLAH,False,2,hormuz_control_jan2026;hormuz_crisis_mar2026,1,genuine_cluster_member,0,0,0,1,0.5,hormuz_crisis_mar2026,True,ARE,gfw_identity,TUG,gfw_identity,True,OTHER,TUG,False,,,,,MINA SAQR PORT AUTHORITY,ARE,9080792,,7.5,0.25,1.9,0.0,0.0,7.5,1.9
564931000,LANPAN 18,False,2,qatar_control_sep2025;qatar_spoofing_oct2025,1,sar_ais_likely_spoofed,1,0,0,0,0.5,qatar_control_sep2025,True,SGP,gfw_identity,TUG,gfw_identity,True,OTHER,TUG,False,,,,,LANPAN PTE,SGP,9537070,,7.5,0.25,1.9,0.0,0.0,7.5,1.9
25255,HMR FISHINGNET 11.5V,False,1,hormuz_control_jan2026,0,,0,0,0,0,0.0,,False,,unknown,,unknown,False,,,False,,,,,,,,,0.0,1.0,0.0,0.0,0.0,0.0,0.0
9127169,,False,1,hormuz_control_jan2026,0,,0,0,0,0,0.0,,False,,unknown,GEAR,pipeline_csv,False,,,False,,,,,,,,,0.0,1.0,0.0,0.0,0.0,0.0,0.0
42211111,ARSALAN BOYA NET-1,False,1,hormuz_control_jan2026,0,,0,0,0,0,0.0,,False,,unknown,,unknown,False,,,False,,,,,,,,,0.0,1.0,0.0,0.0,0.0,0.0,0.0
104000002,DIAZLE BOUY-95%,False,1,hormuz_control_jan2026,0,,0,0,0,0,0.0,,False,,unknown,,unknown,False,,,False,,,,,,,,,0.0,1.0,0.0,0.0,0.0,0.0,0.0
109011255,,False,1,hormuz_control_jan2026,0,,0,0,0,0,0.0,,False,,unknown,,unknown,False,,,False,,,,,,,,,0.0,1.0,0.0,0.0,0.0,0.0,0.0
111000027,RAK121 FISHINGNET BO,False,1,hormuz_control_jan2026,0,,0,0,0,0,0.0,,False,,unknown,,unknown,False,,,False,,,,,,,,,0.0,1.0,0.0,0.0,0.0,0.0,0.0
207836770,MARIE-JOSEPH,False,1,hormuz_control_jan2026,0,,0,0,0,0,0.0,,False,,unknown,,unknown,False,,,False,,,,,,,,,0.0,1.0,0.0,0.0,0.0,0.0,0.0
209258000,DUBAI FORTUNE,False,1,hormuz_control_jan2026,0,,0,0,0,0,0.0,,False,,unknown,,unknown,False,,,False,,,,,,,,,0.0,1.0,0.0,0.0,0.0,0.0,0.0
209305000,AQUAMARINE,False,2,hormuz_control_jan2026;hormuz_crisis_mar2026,0,,0,0,0,0,0.0,,False,,unknown,,unknown,False,,,False,,,,,,,,,0.0,1.0,0.0,0.0,0.0,0.0,0.0
209735000,KRIOS,False,2,hormuz_control_jan2026;hormuz_crisis_mar2026,0,,0,0,0,0,0.0,,False,,unknown,,unknown,False,,,False,,,,,,,,,0.0,1.0,0.0,0.0,0.0,0.0,0.0
212492000,BKM 103,False,1,hormuz_control_jan2026,0,,0,0,0,0,0.0,,False,,unknown,,unknown,False,,,False,,,,,,,,,0.0,1.0,0.0,0.0,0.0,0.0,0.0
212524000,,False,1,hormuz_crisis_mar2026,0,,0,0,0,0,0.0,,False,,unknown,,unknown,False,,,False,,,,,,,,,0.0,1.0,0.0,0.0,0.0,0.0,0.0
212685000,BKM 104,False,2,hormuz_control_jan2026;hormuz_crisis_mar2026,0,,0,0,0,0,0.0,,False,,unknown,,unknown,False,,,False,,,,,,,,,0.0,1.0,0.0,0.0,0.0,0.0,0.0
212761000,COASTWAY,False,1,hormuz_crisis_mar2026,0,,0,0,0,0,0.0,,False,,unknown,,unknown,False,,,False,,,,,,,,,0.0,1.0,0.0,0.0,0.0,0.0,0.0
215334000,CC FORT ST GEORGES,False,1,hormuz_control_jan2026,0,,0,0,0,0,0.0,,False,,unknown,,unknown,False,,,False,,,,,,,,,0.0,1.0,0.0,0.0,0.0,0.0,0.0
219270000,TORM ELISE,False,1,hormuz_control_jan2026,0,,0,0,0,0,0.0,,False,,unknown,,unknown,False,,,False,,,,,,,,,0.0,1.0,0.0,0.0,0.0,0.0,0.0
222220850,ALBARESTANMAJIDI,False,1,hormuz_control_jan2026,0,,0,0,0,0,0.0,,False,,unknown,,unknown,False,,,False,,,,,,,,,0.0,1.0,0.0,0.0,0.0,0.0,0.0
228323800,BOURBON HELENE,False,2,hormuz_control_jan2026;hormuz_crisis_mar2026,0,,0,0,0,0,0.0,,False,,unknown,,unknown,False,,,False,,,,,,,,,0.0,1.0,0.0,0.0,0.0,0.0,0.0
229130000,MILAHA RAS LAFFAN,False,1,qatar_spoofing_oct2025,0,,0,0,0,0,0.0,,False,,unknown,,unknown,False,,,False,,,,,,,,,0.0,1.0,0.0,0.0,0.0,0.0,0.0
232059019,LADY FAYALIA,False,1,hormuz_control_jan2026,0,,0,0,0,0,0.0,,False,,unknown,,unknown,False,,,False,,,,,,,,,0.0,1.0,0.0,0.0,0.0,0.0,0.0
232064026,55U13,False,1,hormuz_crisis_mar2026,0,,0,0,0,0,0.0,,False,,unknown,,unknown,False,,,False,,,,,,,,,0.0,1.0,0.0,0.0,0.0,0.0,0.0
234567800,+1  99%,False,1,hormuz_control_jan2026,0,,0,0,0,0,0.0,,False,,unknown,,unknown,False,,,False,,,,,,,,,0.0,1.0,0.0,0.0,0.0,0.0,0.0
235067942,MCS LENIE,False,1,hormuz_control_jan2026,0,,0,0,0,0,0.0,,False,,unknown,,unknown,False,,,False,,,,,,,,,0.0,1.0,0.0,0.0,0.0,0.0,0.0
235085563,MCS GEMMA,False,1,hormuz_control_jan2026,0,,0,0,0,0,0.0,,False,,unknown,,unknown,False,,,False,,,,,,,,,0.0,1.0,0.0,0.0,0.0,0.0,0.0
235106283,AFON MENAI,False,1,hormuz_control_jan2026,0,,0,0,0,0,0.0,,False,,unknown,,unknown,False,,,False,,,,,,,,,0.0,1.0,0.0,0.0,0.0,0.0,0.0
236111612,TELFORD 34,False,1,hormuz_control_jan2026,0,,0,0,0,0,0.0,,False,,unknown,,unknown,False,,,False,,,,,,,,,0.0,1.0,0.0,0.0,0.0,0.0,0.0
240486000,SIMAISMA,False,1,qatar_spoofing_oct2025,0,,0,0,0,0,0.0,,False,,unknown,,unknown,False,,,False,,,,,,,,,0.0,1.0,0.0,0.0,0.0,0.0,0.0
240653000,MINERVA DOXA,False,2,qatar_control_sep2025;qatar_spoofing_oct2025,0,,0,0,0,0,0.0,,False,GRC,pipeline_csv,OTHER_NON_FISHING,pipeline_csv,False,,,False,,,,,,,,,0.0,1.0,0.0,0.0,0.0,0.0,0.0
240848000,ANAFI,False,1,hormuz_control_jan2026,0,,0,0,0,0,0.0,,False,,unknown,,unknown,False,,,False,,,,,,,,,0.0,1.0,0.0,0.0,0.0,0.0,0.0
240849000,NISYROS,False,1,hormuz_control_jan2026,0,,0,0,0,0,0.0,,False,,unknown,,unknown,False,,,False,,,,,,,,,0.0,1.0,0.0,0.0,0.0,0.0,0.0
241836000,SIENA,False,1,qatar_control_sep2025,0,,0,0,0,0,0.0,,False,GRC,pipeline_csv,OTHER_NON_FISHING,pipeline_csv,False,,,False,,,,,,,,,0.0,1.0,0.0,0.0,0.0,0.0,0.0
241870000,IRAKLIS,False,1,hormuz_control_jan2026,0,,0,0,0,0,0.0,,False,,unknown,,unknown,False,,,False,,,,,,,,,0.0,1.0,0.0,0.0,0.0,0.0,0.0
242470005,,False,1,hormuz_control_jan2026,0,,0,0,0,0,0.0,,False,,unknown,,unknown,False,,,False,,,,,,,,,0.0,1.0,0.0,0.0,0.0,0.0,0.0
242470007,,False,1,hormuz_control_jan2026,0,,0,0,0,0,0.0,,False,,unknown,,unknown,False,,,False,,,,,,,,,0.0,1.0,0.0,0.0,0.0,0.0,0.0
243410006,MOLLAE3/11403-71%,False,1,hormuz_control_jan2026,0,,0,0,0,0,0.0,,False,,unknown,,unknown,False,,,False,,,,,,,,,0.0,1.0,0.0,0.0,0.0,0.0,0.0
244500116,HMR FISHING BUOY 3,False,1,hormuz_control_jan2026,0,,0,0,0,0,0.0,,False,,unknown,,unknown,False,,,False,,,,,,,,,0.0,1.0,0.0,0.0,0.0,0.0,0.0
244500275,DIAZEL BUOY 3-67%,False,1,hormuz_control_jan2026,0,,0,0,0,0,0.0,,False,,unknown,,unknown,False,,,False,,,,,,,,,0.0,1.0,0.0,0.0,0.0,0.0,0.0
245810000,ATHENA,False,2,hormuz_control_jan2026;hormuz_crisis_mar2026,0,,0,0,0,0,0.0,,False,,unknown,,unknown,False,,,False,,,,,,,,,0.0,1.0,0.0,0.0,0.0,0.0,0.0
246163000,K10030,False,1,hormuz_control_jan2026,0,,0,0,0,0,0.0,,False,,unknown,,unknown,False,,,False,,,,,,,,,0.0,1.0,0.0,0.0,0.0,0.0,0.0
246862000,CRONUS,False,2,hormuz_control_jan2026;hormuz_crisis_mar2026,0,,0,0,0,0,0.0,,False,,unknown,,unknown,False,,,False,,,,,,,,,0.0,1.0,0.0,0.0,0.0,0.0,0.0
248565000,DENSA TIGER,False,1,hormuz_control_jan2026,0,,0,0,0,0,0.0,,False,,unknown,,unknown,False,,,False,,,,,,,,,0.0,1.0,0.0,0.0,0.0,0.0,0.0
249672000,GUNES K,False,1,hormuz_control_jan2026,0,,0,0,0,0,0.0,,False,,unknown,,unknown,False,,,False,,,,,,,,,0.0,1.0,0.0,0.0,0.0,0.0,0.0
253329000,BOURBON LIBERTY 306,False,1,qatar_control_sep2025,0,,0,0,0,0,0.0,,False,LUX,pipeline_csv,OTHER_NON_FISHING,pipeline_csv,False,,,False,,,,,,,,,0.0,1.0,0.0,0.0,0.0,0.0,0.0
255915974,GEORGIA S,False,1,hormuz_control_jan2026,0,,0,0,0,0,0.0,,False,,unknown,,unknown,False,,,False,,,,,,,,,0.0,1.0,0.0,0.0,0.0,0.0,0.0
256903000,ABLIANI,False,1,qatar_spoofing_oct2025,0,,0,0,0,0,0.0,,False,,unknown,,unknown,False,,,False,,,,,,,,,0.0,1.0,0.0,0.0,0.0,0.0,0.0
257933000,BELRAY,True,1,hormuz_crisis_mar2026,0,,0,0,0,0,0.0,,False,NOR,pipeline_csv,CARGO,pipeline_csv,False,,,False,,,,,,,,,0.0,1.0,0.0,0.0,0.0,0.0,0.0
268241402,SEA SHORE,False,1,hormuz_crisis_mar2026,0,,0,0,0,0,0.0,,False,,unknown,,unknown,False,,,False,,,,,,,,,0.0,1.0,0.0,0.0,0.0,0.0,0.0
268248902,MT KURT MAS,False,1,hormuz_control_jan2026,0,,0,0,0,0,0.0,,False,,unknown,,unknown,False,,,False,,,,,,,,,0.0,1.0,0.0,0.0,0.0,0.0,0.0
268254201,CRYSTAL,False,1,hormuz_control_jan2026,0,,0,0,0,0,0.0,,False,SMR,pipeline_csv,OTHER_NON_FISHING,pipeline_csv,False,,,False,,,,,,,,,0.0,1.0,0.0,0.0,0.0,0.0,0.0
271000419,SAFFET BEY,False,1,hormuz_control_jan2026,0,,0,0,0,0,0.0,,False,,unknown,,unknown,False,,,False,,,,,,,,,0.0,1.0,0.0,0.0,0.0,0.0,0.0
306108000,BLACK MAYA,False,1,hormuz_control_jan2026,0,,0,0,0,0,0.0,,False,,unknown,,unknown,False,,,False,,,,,,,,,0.0,1.0,0.0,0.0,0.0,0.0,0.0
306213000,LOUIZA,False,2,hormuz_control_jan2026;hormuz_crisis_mar2026,0,,0,0,0,0,0.0,,False,,unknown,,unknown,False,,,False,,,,,,,,,0.0,1.0,0.0,0.0,0.0,0.0,0.0
306689000,ANIKA,False,1,hormuz_control_jan2026,0,,0,0,0,0,0.0,,False,,unknown,,unknown,False,,,False,,,,,,,,,0.0,1.0,0.0,0.0,0.0,0.0,0.0
306830000,SHEN ZHOU,False,1,hormuz_control_jan2026,0,,0,0,0,0,0.0,,False,,unknown,,unknown,False,,,False,,,,,,,,,0.0,1.0,0.0,0.0,0.0,0.0,0.0
306880000,JI XIANG,False,1,hormuz_control_jan2026,0,,0,0,0,0,0.0,,False,,unknown,,unknown,False,,,False,,,,,,,,,0.0,1.0,0.0,0.0,0.0,0.0,0.0
306885000,OLGA,False,1,hormuz_control_jan2026,0,,0,0,0,0,0.0,,False,,unknown,,unknown,False,,,False,,,,,,,,,0.0,1.0,0.0,0.0,0.0,0.0,0.0
307080000,XI WANG MU,False,1,hormuz_control_jan2026,0,,0,0,0,0,0.0,,False,,unknown,,unknown,False,,,False,,,,,,,,,0.0,1.0,0.0,0.0,0.0,0.0,0.0
307112000,TRIDENT II,False,1,hormuz_crisis_mar2026,0,,0,0,0,0,0.0,,False,,unknown,,unknown,False,,,False,,,,,,,,,0.0,1.0,0.0,0.0,0.0,0.0,0.0
307131000,SIMBA V,False,1,hormuz_crisis_mar2026,0,,0,0,0,0,0.0,,False,,unknown,,unknown,False,,,False,,,,,,,,,0.0,1.0,0.0,0.0,0.0,0.0,0.0
307170000,EVERDINE,False,1,hormuz_control_jan2026,0,,0,0,0,0,0.0,,False,,unknown,,unknown,False,,,False,,,,,,,,,0.0,1.0,0.0,0.0,0.0,0.0,0.0
307203000,CORAL WAVE,False,1,hormuz_control_jan2026,0,,0,0,0,0,0.0,,False,,unknown,,unknown,False,,,False,,,,,,,,,0.0,1.0,0.0,0.0,0.0,0.0,0.0
307210000,ELIAH,False,2,hormuz_control_jan2026;hormuz_crisis_mar2026,0,,0,0,0,0,0.0,,False,,unknown,,unknown,False,,,False,,,,,,,,,0.0,1.0,0.0,0.0,0.0,0.0,0.0
309072000,SONANGOL NAMIBE,False,1,hormuz_control_jan2026,0,,0,0,0,0,0.0,,False,,unknown,,unknown,False,,,False,,,,,,,,,0.0,1.0,0.0,0.0,0.0,0.0,0.0
312787000,STINGRAY,False,1,hormuz_control_jan2026,0,,0,0,0,0,0.0,,False,,unknown,,unknown,False,,,False,,,,,,,,,0.0,1.0,0.0,0.0,0.0,0.0,0.0
314001076,RAMYA,False,1,hormuz_control_jan2026,0,,0,0,0,0,0.0,,False,,unknown,,unknown,False,,,False,,,,,,,,,0.0,1.0,0.0,0.0,0.0,0.0,0.0
314090000,ALFONSO,False,1,hormuz_control_jan2026,0,,0,0,0,0,0.0,,False,,unknown,,unknown,False,,,False,,,,,,,,,0.0,1.0,0.0,0.0,0.0,0.0,0.0
314097000,MADI,False,1,hormuz_control_jan2026,0,,0,0,0,0,0.0,,False,,unknown,,unknown,False,,,False,,,,,,,,,0.0,1.0,0.0,0.0,0.0,0.0,0.0
325998000,ALLIANZ INTERSPRAY,False,2,qatar_control_sep2025;qatar_spoofing_oct2025,0,,0,0,0,0,0.0,,False,DMA,pipeline_csv,OTHER_NON_FISHING,pipeline_csv,False,,,False,,,,,,,,,0.0,1.0,0.0,0.0,0.0,0.0,0.0
334931000,ATHE NOVA,False,1,hormuz_control_jan2026,0,,0,0,0,0,0.0,,False,,unknown,,unknown,False,,,False,,,,,,,,,0.0,1.0,0.0,0.0,0.0,0.0,0.0
338124736,MONALISA,False,1,hormuz_control_jan2026,0,,0,0,0,0,0.0,,False,,unknown,,unknown,False,,,False,,,,,,,,,0.0,1.0,0.0,0.0,0.0,0.0,0.0
339000161,DIANA,False,1,hormuz_control_jan2026,0,,0,0,0,0,0.0,,False,,unknown,,unknown,False,,,False,,,,,,,,,0.0,1.0,0.0,0.0,0.0,0.0,0.0
341004002,SAFEENAT 07,False,1,hormuz_control_jan2026,0,,0,0,0,0,0.0,,False,,unknown,,unknown,False,,,False,,,,,,,,,0.0,1.0,0.0,0.0,0.0,0.0,0.0
341107001,SAMANTA,False,1,hormuz_control_jan2026,0,,0,0,0,0,0.0,,False,,unknown,,unknown,False,,,False,,,,,,,,,0.0,1.0,0.0,0.0,0.0,0.0,0.0
341188002,FRONTIER,False,1,hormuz_control_jan2026,0,,0,0,0,0,0.0,,False,,unknown,,unknown,False,,,False,,,,,,,,,0.0,1.0,0.0,0.0,0.0,0.0,0.0
341395002,NADA-B,False,1,hormuz_crisis_mar2026,0,,0,0,0,0,0.0,,False,,unknown,,unknown,False,,,False,,,,,,,,,0.0,1.0,0.0,0.0,0.0,0.0,0.0
341408002,BSL NORDIC,False,1,hormuz_control_jan2026,0,,0,0,0,0,0.0,,False,,unknown,,unknown,False,,,False,,,,,,,,,0.0,1.0,0.0,0.0,0.0,0.0,0.0
341472001,FOREVER HAPPY,False,1,hormuz_control_jan2026,0,,0,0,0,0,0.0,,False,,unknown,,unknown,False,,,False,,,,,,,,,0.0,1.0,0.0,0.0,0.0,0.0,0.0
341508001,KAWAKAWA,False,1,hormuz_control_jan2026,0,,0,0,0,0,0.0,,False,,unknown,,unknown,False,,,False,,,,,,,,,0.0,1.0,0.0,0.0,0.0,0.0,0.0
341630000,HUDA,False,1,hormuz_crisis_mar2026,0,,0,0,0,0,0.0,,False,,unknown,,unknown,False,,,False,,,,,,,,,0.0,1.0,0.0,0.0,0.0,0.0,0.0
341782001,MIRA,False,2,hormuz_control_jan2026;hormuz_crisis_mar2026,0,,0,0,0,0,0.0,,False,,unknown,,unknown,False,,,False,,,,,,,,,0.0,1.0,0.0,0.0,0.0,0.0,0.0
341815001,AYAT,False,1,hormuz_control_jan2026,0,,0,0,0,0,0.0,,False,,unknown,,unknown,False,,,False,,,,,,,,,0.0,1.0,0.0,0.0,0.0,0.0,0.0
341854001,CARA,False,1,hormuz_control_jan2026,0,,0,0,0,0,0.0,,False,,unknown,,unknown,False,,,False,,,,,,,,,0.0,1.0,0.0,0.0,0.0,0.0,0.0
341879000,LOANNA,False,1,hormuz_control_jan2026,0,,0,0,0,0,0.0,,False,,unknown,,unknown,False,,,False,,,,,,,,,0.0,1.0,0.0,0.0,0.0,0.0,0.0
341884000,LUCIA,False,1,hormuz_control_jan2026,0,,0,0,0,0,0.0,,False,,unknown,,unknown,False,,,False,,,,,,,,,0.0,1.0,0.0,0.0,0.0,0.0,0.0
350653000,SIYA,False,2,hormuz_control_jan2026;hormuz_crisis_mar2026,0,,0,0,0,0,0.0,,False,,unknown,,unknown,False,,,False,,,,,,,,,0.0,1.0,0.0,0.0,0.0,0.0,0.0
352001664,SERENITY IX,False,2,hormuz_control_jan2026;hormuz_crisis_mar2026,0,,0,0,0,0,0.0,,False,,unknown,,unknown,False,,,False,,,,,,,,,0.0,1.0,0.0,0.0,0.0,0.0,0.0
352002154,TARA GAS,False,1,hormuz_control_jan2026,0,,0,0,0,0,0.0,,False,,unknown,,unknown,False,,,False,,,,,,,,,0.0,1.0,0.0,0.0,0.0,0.0,0.0
352002260,BITUMAX,False,1,hormuz_control_jan2026,0,,0,0,0,0,0.0,,False,,unknown,,unknown,False,,,False,,,,,,,,,0.0,1.0,0.0,0.0,0.0,0.0,0.0
352002468,SEA TREK,False,1,hormuz_control_jan2026,0,,0,0,0,0,0.0,,False,,unknown,,unknown,False,,,False,,,,,,,,,0.0,1.0,0.0,0.0,0.0,0.0,0.0
352002749,BEOL,False,1,hormuz_control_jan2026,0,,0,0,0,0,0.0,,False,,unknown,,unknown,False,,,False,,,,,,,,,0.0,1.0,0.0,0.0,0.0,0.0,0.0
352003183,UNION RICH,False,1,hormuz_crisis_mar2026,0,,0,0,0,0,0.0,,False,,unknown,,unknown,False,,,False,,,,,,,,,0.0,1.0,0.0,0.0,0.0,0.0,0.0
352003351,OCEAN ENERGY,False,2,hormuz_control_jan2026;hormuz_crisis_mar2026,0,,0,0,0,0,0.0,,False,,unknown,,unknown,False,,,False,,,,,,,,,0.0,1.0,0.0,0.0,0.0,0.0,0.0
352003534,SULTAN DARYA1,False,1,hormuz_crisis_mar2026,0,,0,0,0,0,0.0,,False,,unknown,,unknown,False,,,False,,,,,,,,,0.0,1.0,0.0,0.0,0.0,0.0,0.0
352004062,NOMIKI,False,1,hormuz_control_jan2026,0,,0,0,0,0,0.0,,False,,unknown,,unknown,False,,,False,,,,,,,,,0.0,1.0,0.0,0.0,0.0,0.0,0.0
352004136,FORTUNE,False,1,hormuz_control_jan2026,0,,0,0,0,0,0.0,,False,,unknown,,unknown,False,,,False,,,,,,,,,0.0,1.0,0.0,0.0,0.0,0.0,0.0
352004149,NORSE OSHIMA,False,1,hormuz_control_jan2026,0,,0,0,0,0,0.0,,False,,unknown,,unknown,False,,,False,,,,,,,,,0.0,1.0,0.0,0.0,0.0,0.0,0.0
352004266,NOVA 1,False,1,hormuz_crisis_mar2026,0,,0,0,0,0,0.0,,False,,unknown,,unknown,False,,,False,,,,,,,,,0.0,1.0,0.0,0.0,0.0,0.0,0.0
352004353,SUNNY 72,False,1,hormuz_control_jan2026,0,,0,0,0,0,0.0,,False,,unknown,,unknown,False,,,False,,,,,,,,,0.0,1.0,0.0,0.0,0.0,0.0,0.0
352004585,KATE,False,1,hormuz_crisis_mar2026,0,,0,0,0,0,0.0,,False,,unknown,,unknown,False,,,False,,,,,,,,,0.0,1.0,0.0,0.0,0.0,0.0,0.0
352005035,RAFFLES PROSPERITY,False,1,hormuz_control_jan2026,0,,0,0,0,0,0.0,,False,,unknown,,unknown,False,,,False,,,,,,,,,0.0,1.0,0.0,0.0,0.0,0.0,0.0
352005184,ANNABEL,False,1,hormuz_control_jan2026,0,,0,0,0,0,0.0,,False,,unknown,,unknown,False,,,False,,,,,,,,,0.0,1.0,0.0,0.0,0.0,0.0,0.0
352005243,RED SNAPPER 2,False,1,hormuz_control_jan2026,0,,0,0,0,0,0.0,,False,,unknown,,unknown,False,,,False,,,,,,,,,0.0,1.0,0.0,0.0,0.0,0.0,0.0
352005527,TIAN YI HUIHUANG,False,1,hormuz_crisis_mar2026,0,,0,0,0,0,0.0,,False,,unknown,,unknown,False,,,False,,,,,,,,,0.0,1.0,0.0,0.0,0.0,0.0,0.0
352005614,RICHSING LOTUS,False,1,hormuz_control_jan2026,0,,0,0,0,0,0.0,,False,,unknown,,unknown,False,,,False,,,,,,,,,0.0,1.0,0.0,0.0,0.0,0.0,0.0
352372000,,False,1,qatar_spoofing_oct2025,0,,0,0,0,0,0.0,,False,,unknown,,unknown,False,,,False,,,,,,,,,0.0,1.0,0.0,0.0,0.0,0.0,0.0
352898801,,False,1,hormuz_crisis_mar2026,0,,0,0,0,0,0.0,,False,,unknown,,unknown,False,,,False,,,,,,,,,0.0,1.0,0.0,0.0,0.0,0.0,0.0
353131000,DALIA,False,1,hormuz_control_jan2026,0,,0,0,0,0,0.0,,False,,unknown,,unknown,False,,,False,,,,,,,,,0.0,1.0,0.0,0.0,0.0,0.0,0.0
353708000,TIAN LI,False,1,hormuz_control_jan2026,0,,0,0,0,0,0.0,,False,,unknown,,unknown,False,,,False,,,,,,,,,0.0,1.0,0.0,0.0,0.0,0.0,0.0
354203000,MEDITERRANEANHIGHWAY,False,1,hormuz_control_jan2026,0,,0,0,0,0,0.0,,False,,unknown,,unknown,False,,,False,,,,,,,,,0.0,1.0,0.0,0.0,0.0,0.0,0.0
355635000,CMT302,False,1,hormuz_control_jan2026,0,,0,0,0,0,0.0,,False,,unknown,,unknown,False,,,False,,,,,,,,,0.0,1.0,0.0,0.0,0.0,0.0,0.0
356747000,HAI BAO WU HAO,False,1,hormuz_control_jan2026,0,,0,0,0,0,0.0,,False,,unknown,,unknown,False,,,False,,,,,,,,,0.0,1.0,0.0,0.0,0.0,0.0,0.0
356762000,SIMRAN,False,2,hormuz_control_jan2026;hormuz_crisis_mar2026,0,,0,0,0,0,0.0,,False,,unknown,,unknown,False,,,False,,,,,,,,,0.0,1.0,0.0,0.0,0.0,0.0,0.0
356773000,EPIK,False,1,hormuz_crisis_mar2026,0,,0,0,0,0,0.0,,False,,unknown,,unknown,False,,,False,,,,,,,,,0.0,1.0,0.0,0.0,0.0,0.0,0.0
356887000,HAI BAO 4,False,1,hormuz_control_jan2026,0,,0,0,0,0,0.0,,False,,unknown,,unknown,False,,,False,,,,,,,,,0.0,1.0,0.0,0.0,0.0,0.0,0.0
357219000,ANN SOFIE,False,1,qatar_spoofing_oct2025,0,,0,0,0,0,0.0,,False,,unknown,,unknown,False,,,False,,,,,,,,,0.0,1.0,0.0,0.0,0.0,0.0,0.0
357983000,GRAND RACE,False,1,qatar_spoofing_oct2025,0,,0,0,0,0,0.0,,False,,unknown,,unknown,False,,,False,,,,,,,,,0.0,1.0,0.0,0.0,0.0,0.0,0.0
369558000,APL EAGLE,False,1,qatar_control_sep2025,0,,0,0,0,0,0.0,,False,USA,pipeline_csv,CARGO,pipeline_csv,False,,,False,,,,,,,,,0.0,1.0,0.0,0.0,0.0,0.0,0.0
370023000,KRISTIINA,False,1,qatar_spoofing_oct2025,0,,0,0,0,0,0.0,,False,,unknown,,unknown,False,,,False,,,,,,,,,0.0,1.0,0.0,0.0,0.0,0.0,0.0
371578000,WISH WAY,False,1,qatar_spoofing_oct2025,0,,0,0,0,0,0.0,,False,,unknown,,unknown,False,,,False,,,,,,,,,0.0,1.0,0.0,0.0,0.0,0.0,0.0
372122000,HAI BAO 2,False,1,hormuz_crisis_mar2026,0,,0,0,0,0,0.0,,False,,unknown,,unknown,False,,,False,,,,,,,,,0.0,1.0,0.0,0.0,0.0,0.0,0.0
372468000,LIAO FAN,False,1,hormuz_crisis_mar2026,0,,0,0,0,0,0.0,,False,,unknown,,unknown,False,,,False,,,,,,,,,0.0,1.0,0.0,0.0,0.0,0.0,0.0
373163000,MCS COROMELL,False,2,hormuz_control_jan2026;hormuz_crisis_mar2026,0,,0,0,0,0,0.0,,False,,unknown,,unknown,False,,,False,,,,,,,,,0.0,1.0,0.0,0.0,0.0,0.0,0.0
373502000,GLOBAL VIVIAN,False,1,hormuz_control_jan2026,0,,0,0,0,0,0.0,,False,,unknown,,unknown,False,,,False,,,,,,,,,0.0,1.0,0.0,0.0,0.0,0.0,0.0
373544000,MELODIE V,False,1,hormuz_crisis_mar2026,0,,0,0,0,0,0.0,,False,,unknown,,unknown,False,,,False,,,,,,,,,0.0,1.0,0.0,0.0,0.0,0.0,0.0
374234000,CY INDIAN,False,2,hormuz_control_jan2026;hormuz_crisis_mar2026,0,,0,0,0,0,0.0,,False,,unknown,,unknown,False,,,False,,,,,,,,,0.0,1.0,0.0,0.0,0.0,0.0,0.0
374560000,KING M,False,1,hormuz_control_jan2026,0,,0,0,0,0,0.0,,False,,unknown,,unknown,False,,,False,,,,,,,,,0.0,1.0,0.0,0.0,0.0,0.0,0.0
374670000,BRIGHT GOLD,False,1,hormuz_crisis_mar2026,0,,0,0,0,0,0.0,,False,,unknown,,unknown,False,,,False,,,,,,,,,0.0,1.0,0.0,0.0,0.0,0.0,0.0
374685000,ROYAL MIDORI,False,1,hormuz_control_jan2026,0,,0,0,0,0,0.0,,False,,unknown,,unknown,False,,,False,,,,,,,,,0.0,1.0,0.0,0.0,0.0,0.0,0.0
375588000,STANFORD KITE,False,1,qatar_spoofing_oct2025,0,,0,0,0,0,0.0,,False,,unknown,,unknown,False,,,False,,,,,,,,,0.0,1.0,0.0,0.0,0.0,0.0,0.0
375751000,GFS JUNO,False,1,hormuz_control_jan2026,0,,0,0,0,0,0.0,,False,,unknown,,unknown,False,,,False,,,,,,,,,0.0,1.0,0.0,0.0,0.0,0.0,0.0
375762000,STANFORD CARACARA,False,1,qatar_spoofing_oct2025,0,,0,0,0,0,0.0,,False,,unknown,,unknown,False,,,False,,,,,,,,,0.0,1.0,0.0,0.0,0.0,0.0,0.0
376983000,BOURBON LIBERTY 318,False,1,hormuz_control_jan2026,0,,0,0,0,0,0.0,,False,,unknown,,unknown,False,,,False,,,,,,,,,0.0,1.0,0.0,0.0,0.0,0.0,0.0
377165000,ASTRO PISCES,False,1,hormuz_control_jan2026,0,,0,0,0,0,0.0,,False,,unknown,,unknown,False,,,False,,,,,,,,,0.0,1.0,0.0,0.0,0.0,0.0,0.0
377235000,P&O OCEANIA,False,1,hormuz_control_jan2026,0,,0,0,0,0,0.0,,False,,unknown,,unknown,False,,,False,,,,,,,,,0.0,1.0,0.0,0.0,0.0,0.0,0.0
377684000,ASTRO POLLUX,False,1,qatar_spoofing_oct2025,0,,0,0,0,0,0.0,,False,,unknown,,unknown,False,,,False,,,,,,,,,0.0,1.0,0.0,0.0,0.0,0.0,0.0
403653000,SALAM,False,1,hormuz_control_jan2026,0,,0,0,0,0,0.0,,False,SAU,pipeline_csv,OTHER_NON_FISHING,pipeline_csv,False,,,False,,,,,,,,,0.0,1.0,0.0,0.0,0.0,0.0,0.0
403728280,RAWABI 56,False,1,hormuz_control_jan2026,0,,0,0,0,0,0.0,,False,,unknown,,unknown,False,,,False,,,,,,,,,0.0,1.0,0.0,0.0,0.0,0.0,0.0
405000429,GUL BANO,False,1,hormuz_control_jan2026,0,,0,0,0,0,0.0,,False,,unknown,,unknown,False,,,False,,,,,,,,,0.0,1.0,0.0,0.0,0.0,0.0,0.0
408201087,WCD SALMANIYA,False,1,qatar_spoofing_oct2025,0,,0,0,0,0,0.0,,False,,unknown,,unknown,False,,,False,,,,,,,,,0.0,1.0,0.0,0.0,0.0,0.0,0.0
408201106,SURFACE,False,1,qatar_control_sep2025,0,,0,0,0,0,0.0,,False,BHR,pipeline_csv,OTHER_NON_FISHING,pipeline_csv,False,,,False,,,,,,,,,0.0,1.0,0.0,0.0,0.0,0.0,0.0
408345000,UCO 26,False,1,hormuz_control_jan2026,0,,0,0,0,0,0.0,,False,,unknown,,unknown,False,,,False,,,,,,,,,0.0,1.0,0.0,0.0,0.0,0.0,0.0
408346000,UCO 28,False,2,hormuz_control_jan2026;hormuz_crisis_mar2026,0,,0,0,0,0,0.0,,False,,unknown,,unknown,False,,,False,,,,,,,,,0.0,1.0,0.0,0.0,0.0,0.0,0.0
408821000,ALMOAYYED 32,False,1,hormuz_crisis_mar2026,0,,0,0,0,0,0.0,,False,,unknown,,unknown,False,,,False,,,,,,,,,0.0,1.0,0.0,0.0,0.0,0.0,0.0
408833000,BBT-105,False,1,hormuz_control_jan2026,0,,0,0,0,0,0.0,,False,,unknown,,unknown,False,,,False,,,,,,,,,0.0,1.0,0.0,0.0,0.0,0.0,0.0
408901094,ATLAS,False,1,qatar_spoofing_oct2025,0,,0,0,0,0,0.0,,False,,unknown,,unknown,False,,,False,,,,,,,,,0.0,1.0,0.0,0.0,0.0,0.0,0.0
408968000,ALMOAYYED 34,False,2,hormuz_control_jan2026;hormuz_crisis_mar2026,0,,0,0,0,0,0.0,,False,,unknown,,unknown,False,,,False,,,,,,,,,0.0,1.0,0.0,0.0,0.0,0.0,0.0
413021180,DE BO,False,1,qatar_control_sep2025,0,,0,0,0,0,0.0,,False,CHN,pipeline_csv,OTHER_NON_FISHING,pipeline_csv,False,,,False,,,,,,,,,0.0,1.0,0.0,0.0,0.0,0.0,0.0
413021340,DE  BO 2,False,2,qatar_control_sep2025;qatar_spoofing_oct2025,0,,0,0,0,0,0.0,,False,CHN,pipeline_csv,OTHER_NON_FISHING,pipeline_csv,False,,,False,,,,,,,,,0.0,1.0,0.0,0.0,0.0,0.0,0.0
413046070,WEI LI,False,2,qatar_control_sep2025;qatar_spoofing_oct2025,0,,0,0,0,0,0.0,,False,CHN,pipeline_csv,OTHER_NON_FISHING,pipeline_csv,False,,,False,,,,,,,,,0.0,1.0,0.0,0.0,0.0,0.0,0.0
413181000,SHAN HU ZUO,False,1,hormuz_control_jan2026,0,,0,0,0,0,0.0,,False,,unknown,,unknown,False,,,False,,,,,,,,,0.0,1.0,0.0,0.0,0.0,0.0,0.0
413368050,XIN SI LU,False,1,qatar_control_sep2025,0,,0,0,0,0,0.0,,False,CHN,pipeline_csv,CARGO,pipeline_csv,False,,,False,,,,,,,,,0.0,1.0,0.0,0.0,0.0,0.0,0.0
413375860,BO RUN XIAN FENG,False,1,qatar_control_sep2025,0,,0,0,0,0,0.0,,False,CHN,pipeline_csv,CARGO,pipeline_csv,False,,,False,,,,,,,,,0.0,1.0,0.0,0.0,0.0,0.0,0.0
413397170,ZHONG QUAN 7,False,2,qatar_control_sep2025;qatar_spoofing_oct2025,0,,0,0,0,0,0.0,,False,CHN,pipeline_csv,CARGO,pipeline_csv,False,,,False,,,,,,,,,0.0,1.0,0.0,0.0,0.0,0.0,0.0
413615970,ZHONG QUAN 9,False,2,qatar_control_sep2025;qatar_spoofing_oct2025,0,,0,0,0,0,0.0,,False,CHN,pipeline_csv,CARGO,pipeline_csv,False,,,False,,,,,,,,,0.0,1.0,0.0,0.0,0.0,0.0,0.0
413697680,,False,1,hormuz_crisis_mar2026,0,,0,0,0,0,0.0,,False,,unknown,,unknown,False,,,False,,,,,,,,,0.0,1.0,0.0,0.0,0.0,0.0,0.0
417099990,BARI,False,1,hormuz_crisis_mar2026,0,,0,0,0,0,0.0,,False,,unknown,,unknown,False,,,False,,,,,,,,,0.0,1.0,0.0,0.0,0.0,0.0,0.0
417195571,AL KARIM,False,1,hormuz_crisis_mar2026,0,,0,0,0,0,0.0,,False,,unknown,,unknown,False,,,False,,,,,,,,,0.0,1.0,0.0,0.0,0.0,0.0,0.0
419000174,VISHVA PRERNA,False,1,hormuz_control_jan2026,0,,0,0,0,0,0.0,,False,,unknown,,unknown,False,,,False,,,,,,,,,0.0,1.0,0.0,0.0,0.0,0.0,0.0
419000303,VISHVA CHETNA,False,1,hormuz_control_jan2026,0,,0,0,0,0,0.0,,False,,unknown,,unknown,False,,,False,,,,,,,,,0.0,1.0,0.0,0.0,0.0,0.0,0.0
419000479,DESH VIBHOR,False,1,hormuz_crisis_mar2026,0,,0,0,0,0,0.0,,False,,unknown,,unknown,False,,,False,,,,,,,,,0.0,1.0,0.0,0.0,0.0,0.0,0.0
419039400,MSV AL YASIN,False,1,hormuz_control_jan2026,0,,0,0,0,0,0.0,,False,,unknown,,unknown,False,,,False,,,,,,,,,0.0,1.0,0.0,0.0,0.0,0.0,0.0
419795000,DESH SURAKSHA,False,1,hormuz_crisis_mar2026,0,,0,0,0,0,0.0,,False,,unknown,,unknown,False,,,False,,,,,,,,,0.0,1.0,0.0,0.0,0.0,0.0,0.0
419950211,MSV ROTUS,False,1,hormuz_control_jan2026,0,,0,0,0,0,0.0,,False,,unknown,,unknown,False,,,False,,,,,,,,,0.0,1.0,0.0,0.0,0.0,0.0,0.0
419956008,MSV GULSHANE F.KADRI,False,1,hormuz_crisis_mar2026,0,,0,0,0,0,0.0,,False,,unknown,,unknown,False,,,False,,,,,,,,,0.0,1.0,0.0,0.0,0.0,0.0,0.0
419956012,SAFINA AL GAYATRI,False,1,hormuz_control_jan2026,0,,0,0,0,0,0.0,,False,,unknown,,unknown,False,,,False,,,,,,,,,0.0,1.0,0.0,0.0,0.0,0.0,0.0
419956049,AL MUNIR,False,1,hormuz_crisis_mar2026,0,,0,0,0,0,0.0,,False,IND,pipeline_csv,OTHER_NON_FISHING,pipeline_csv,False,,,False,,,,,,,,,0.0,1.0,0.0,0.0,0.0,0.0,0.0
419956089,M.S.V. AL-NAZIR,False,1,hormuz_control_jan2026,0,,0,0,0,0,0.0,,False,,unknown,,unknown,False,,,False,,,,,,,,,0.0,1.0,0.0,0.0,0.0,0.0,0.0
419956093,AL FAIZUL BARKAT1967,False,1,hormuz_control_jan2026,0,,0,0,0,0,0.0,,False,,unknown,,unknown,False,,,False,,,,,,,,,0.0,1.0,0.0,0.0,0.0,0.0,0.0
419956105,MSV NOORE HAJIHUSEIN,False,1,hormuz_crisis_mar2026,0,,0,0,0,0,0.0,,False,,unknown,,unknown,False,,,False,,,,,,,,,0.0,1.0,0.0,0.0,0.0,0.0,0.0
419956191,MSV ALIHAIDER 1391,False,1,hormuz_crisis_mar2026,0,,0,0,0,0,0.0,,False,,unknown,,unknown,False,,,False,,,,,,,,,0.0,1.0,0.0,0.0,0.0,0.0,0.0
419956206,MSV HARSH SAGAR,False,1,hormuz_control_jan2026,0,,0,0,0,0,0.0,,False,,unknown,,unknown,False,,,False,,,,,,,,,0.0,1.0,0.0,0.0,0.0,0.0,0.0
419956324,AL-YUSUF,False,1,hormuz_crisis_mar2026,0,,0,0,0,0,0.0,,False,,unknown,,unknown,False,,,False,,,,,,,,,0.0,1.0,0.0,0.0,0.0,0.0,0.0
419956344,MSV AL AQSA,False,1,hormuz_crisis_mar2026,0,,0,0,0,0,0.0,,False,,unknown,,unknown,False,,,False,,,,,,,,,0.0,1.0,0.0,0.0,0.0,0.0,0.0
419956455,MSV NOORE AL AHEMAD,False,1,hormuz_control_jan2026,0,,0,0,0,0,0.0,,False,,unknown,,unknown,False,,,False,,,,,,,,,0.0,1.0,0.0,0.0,0.0,0.0,0.0
419956492,MSV CT201 2177,False,1,hormuz_control_jan2026,0,,0,0,0,0,0.0,,False,,unknown,,unknown,False,,,False,,,,,,,,,0.0,1.0,0.0,0.0,0.0,0.0,0.0
419956864,MSV NABUWAT E ISHA,False,1,hormuz_crisis_mar2026,0,,0,0,0,0,0.0,,False,,unknown,,unknown,False,,,False,,,,,,,,,0.0,1.0,0.0,0.0,0.0,0.0,0.0
419957029,MSV AL GOUSE SAMDANI,False,1,hormuz_control_jan2026,0,,0,0,0,0,0.0,,False,,unknown,,unknown,False,,,False,,,,,,,,,0.0,1.0,0.0,0.0,0.0,0.0,0.0
419958519,MSV ALHAMDULILLAH,False,1,hormuz_control_jan2026,0,,0,0,0,0,0.0,,False,,unknown,,unknown,False,,,False,,,,,,,,,0.0,1.0,0.0,0.0,0.0,0.0,0.0
422000111,AL MOHAMMDI-92%,False,1,hormuz_control_jan2026,0,,0,0,0,0,0.0,,False,,unknown,,unknown,False,,,False,,,,,,,,,0.0,1.0,0.0,0.0,0.0,0.0,0.0
422001700,AMIR2,False,1,hormuz_control_jan2026,0,,0,0,0,0,0.0,,False,,unknown,,unknown,False,,,False,,,,,,,,,0.0,1.0,0.0,0.0,0.0,0.0,0.0
422011700,,False,1,hormuz_control_jan2026,0,,0,0,0,0,0.0,,False,,unknown,,unknown,False,,,False,,,,,,,,,0.0,1.0,0.0,0.0,0.0,0.0,0.0
422011900,AZARKHSH 908,False,1,hormuz_control_jan2026,0,,0,0,0,0,0.0,,False,,unknown,,unknown,False,,,False,,,,,,,,,0.0,1.0,0.0,0.0,0.0,0.0,0.0
422012400,ABAR KAVAN,False,2,hormuz_control_jan2026;hormuz_crisis_mar2026,0,,0,0,0,0,0.0,,False,,unknown,,unknown,False,,,False,,,,,,,,,0.0,1.0,0.0,0.0,0.0,0.0,0.0
422015896,SARFAZ 3I11361,False,1,hormuz_control_jan2026,0,,0,0,0,0,0.0,,False,,unknown,,unknown,False,,,False,,,,,,,,,0.0,1.0,0.0,0.0,0.0,0.0,0.0
422020300,TUG MAHA,False,1,hormuz_control_jan2026,0,,0,0,0,0,0.0,,False,,unknown,,unknown,False,,,False,,,,,,,,,0.0,1.0,0.0,0.0,0.0,0.0,0.0
422020700,ALIREZA10,False,1,hormuz_control_jan2026,0,,0,0,0,0,0.0,,False,,unknown,,unknown,False,,,False,,,,,,,,,0.0,1.0,0.0,0.0,0.0,0.0,0.0
422023900,LCT SEDAR,False,1,hormuz_control_jan2026,0,,0,0,0,0,0.0,,False,,unknown,,unknown,False,,,False,,,,,,,,,0.0,1.0,0.0,0.0,0.0,0.0,0.0
422026100,PARMIDA3,False,1,hormuz_control_jan2026,0,,0,0,0,0,0.0,,False,,unknown,,unknown,False,,,False,,,,,,,,,0.0,1.0,0.0,0.0,0.0,0.0,0.0
422028500,MERYAN3,False,1,hormuz_control_jan2026,0,,0,0,0,0,0.0,,False,,unknown,,unknown,False,,,False,,,,,,,,,0.0,1.0,0.0,0.0,0.0,0.0,0.0
422031500,FLORA,False,1,hormuz_crisis_mar2026,0,,0,0,0,0,0.0,,False,IRN,pipeline_csv,CARGO,pipeline_csv,False,,,False,,,,,,,,,0.0,1.0,0.0,0.0,0.0,0.0,0.0
422031600,ABYAN,False,1,hormuz_control_jan2026,0,,0,0,0,0,0.0,,False,IRN,pipeline_csv,CARGO,pipeline_csv,False,,,False,,,,,,,,,0.0,1.0,0.0,0.0,0.0,0.0,0.0
422032200,BEHNAVAZ,False,1,hormuz_crisis_mar2026,0,,0,0,0,0,0.0,,False,,unknown,,unknown,False,,,False,,,,,,,,,0.0,1.0,0.0,0.0,0.0,0.0,0.0
422034300,ARVIN,False,1,hormuz_crisis_mar2026,0,,0,0,0,0,0.0,,False,,unknown,,unknown,False,,,False,,,,,,,,,0.0,1.0,0.0,0.0,0.0,0.0,0.0
422037100,GOLSAR,False,1,hormuz_control_jan2026,0,,0,0,0,0,0.0,,False,,unknown,,unknown,False,,,False,,,,,,,,,0.0,1.0,0.0,0.0,0.0,0.0,0.0
422038800,ARTAM,False,1,hormuz_control_jan2026,0,,0,0,0,0,0.0,,False,,unknown,,unknown,False,,,False,,,,,,,,,0.0,1.0,0.0,0.0,0.0,0.0,0.0
422038900,ARZIN,False,1,hormuz_control_jan2026,0,,0,0,0,0,0.0,,False,,unknown,,unknown,False,,,False,,,,,,,,,0.0,1.0,0.0,0.0,0.0,0.0,0.0
422039300,AZARGOUN,False,1,hormuz_control_jan2026,0,,0,0,0,0,0.0,,False,IRN,pipeline_csv,CARGO,pipeline_csv,False,,,False,,,,,,,,,0.0,1.0,0.0,0.0,0.0,0.0,0.0
422039800,,False,1,hormuz_control_jan2026,0,,0,0,0,0,0.0,,False,,unknown,,unknown,False,,,False,,,,,,,,,0.0,1.0,0.0,0.0,0.0,0.0,0.0
422040600,KIAZAND,False,1,hormuz_crisis_mar2026,0,,0,0,0,0,0.0,,False,,unknown,,unknown,False,,,False,,,,,,,,,0.0,1.0,0.0,0.0,0.0,0.0,0.0
422040900,HAMGAM,False,1,hormuz_control_jan2026,0,,0,0,0,0,0.0,,False,,unknown,,unknown,False,,,False,,,,,,,,,0.0,1.0,0.0,0.0,0.0,0.0,0.0
422044800,ATEELA 1,False,1,hormuz_control_jan2026,0,,0,0,0,0,0.0,,False,,unknown,,unknown,False,,,False,,,,,,,,,0.0,1.0,0.0,0.0,0.0,0.0,0.0
422051600,YOUSHAT,False,1,hormuz_control_jan2026,0,,0,0,0,0,0.0,,False,,unknown,,unknown,False,,,False,,,,,,,,,0.0,1.0,0.0,0.0,0.0,0.0,0.0
422057200,,False,1,hormuz_control_jan2026,0,,0,0,0,0,0.0,,False,,unknown,,unknown,False,,,False,,,,,,,,,0.0,1.0,0.0,0.0,0.0,0.0,0.0
422058500,SAMIA,False,1,hormuz_control_jan2026,0,,0,0,0,0,0.0,,False,,unknown,,unknown,False,,,False,,,,,,,,,0.0,1.0,0.0,0.0,0.0,0.0,0.0
422059900,,False,1,hormuz_control_jan2026,0,,0,0,0,0,0.0,,False,,unknown,,unknown,False,,,False,,,,,,,,,0.0,1.0,0.0,0.0,0.0,0.0,0.0
422061500,ROYAYE JONOUB,False,1,hormuz_control_jan2026,0,,0,0,0,0,0.0,,False,,unknown,,unknown,False,,,False,,,,,,,,,0.0,1.0,0.0,0.0,0.0,0.0,0.0
422062800,ALI 9,False,2,hormuz_control_jan2026;hormuz_crisis_mar2026,0,,0,0,0,0,0.0,,False,,unknown,,unknown,False,,,False,,,,,,,,,0.0,1.0,0.0,0.0,0.0,0.0,0.0
422063300,NEZAMI GANJAVI4,False,1,hormuz_control_jan2026,0,,0,0,0,0,0.0,,False,,unknown,,unknown,False,,,False,,,,,,,,,0.0,1.0,0.0,0.0,0.0,0.0,0.0
422064200,SOHEYL 12,False,1,hormuz_control_jan2026,0,,0,0,0,0,0.0,,False,,unknown,,unknown,False,,,False,,,,,,,,,0.0,1.0,0.0,0.0,0.0,0.0,0.0
422066800,PASARGAD14,False,1,hormuz_crisis_mar2026,0,,0,0,0,0,0.0,,False,,unknown,,unknown,False,,,False,,,,,,,,,0.0,1.0,0.0,0.0,0.0,0.0,0.0
422071800,SAHAR PISHRO,False,1,hormuz_control_jan2026,0,,0,0,0,0,0.0,,False,,unknown,,unknown,False,,,False,,,,,,,,,0.0,1.0,0.0,0.0,0.0,0.0,0.0
422073200,,False,1,hormuz_control_jan2026,0,,0,0,0,0,0.0,,False,,unknown,,unknown,False,,,False,,,,,,,,,0.0,1.0,0.0,0.0,0.0,0.0,0.0
422082500,DARYA MAHER,False,2,hormuz_control_jan2026;hormuz_crisis_mar2026,0,,0,0,0,0,0.0,,False,,unknown,,unknown,False,,,False,,,,,,,,,0.0,1.0,0.0,0.0,0.0,0.0,0.0
422084400,ARAM120,False,2,hormuz_control_jan2026;hormuz_crisis_mar2026,0,,0,0,0,0,0.0,,False,,unknown,,unknown,False,,,False,,,,,,,,,0.0,1.0,0.0,0.0,0.0,0.0,0.0
422086300,,False,1,hormuz_control_jan2026,0,,0,0,0,0,0.0,,False,,unknown,,unknown,False,,,False,,,,,,,,,0.0,1.0,0.0,0.0,0.0,0.0,0.0
422086400,KIHAN PISHRO,False,1,hormuz_control_jan2026,0,,0,0,0,0,0.0,,False,,unknown,,unknown,False,,,False,,,,,,,,,0.0,1.0,0.0,0.0,0.0,0.0,0.0
422087500,ATLAS PISHRO,False,1,hormuz_control_jan2026,0,,0,0,0,0,0.0,,False,,unknown,,unknown,False,,,False,,,,,,,,,0.0,1.0,0.0,0.0,0.0,0.0,0.0
422087600,,False,1,hormuz_control_jan2026,0,,0,0,0,0,0.0,,False,,unknown,,unknown,False,,,False,,,,,,,,,0.0,1.0,0.0,0.0,0.0,0.0,0.0
422091600,LUNCH BARI(11610),False,1,hormuz_control_jan2026,0,,0,0,0,0,0.0,,False,,unknown,,unknown,False,,,False,,,,,,,,,0.0,1.0,0.0,0.0,0.0,0.0,0.0
422099900,BARI[17669,False,1,hormuz_control_jan2026,0,,0,0,0,0,0.0,,False,,unknown,,unknown,False,,,False,,,,,,,,,0.0,1.0,0.0,0.0,0.0,0.0,0.0
422100671,SAMAD3_3\10651-87%,False,1,hormuz_control_jan2026,0,,0,0,0,0,0.0,,False,,unknown,,unknown,False,,,False,,,,,,,,,0.0,1.0,0.0,0.0,0.0,0.0,0.0
422100700,KARIMI_11424,False,1,hormuz_control_jan2026,0,,0,0,0,0,0.0,,False,,unknown,,unknown,False,,,False,,,,,,,,,0.0,1.0,0.0,0.0,0.0,0.0,0.0
422100706,SAMAD2_3\10651-36%,False,1,hormuz_control_jan2026,0,,0,0,0,0,0.0,,False,,unknown,,unknown,False,,,False,,,,,,,,,0.0,1.0,0.0,0.0,0.0,0.0,0.0
422100901,SAMAD1_3\10651-85%,False,1,hormuz_control_jan2026,0,,0,0,0,0,0.0,,False,,unknown,,unknown,False,,,False,,,,,,,,,0.0,1.0,0.0,0.0,0.0,0.0,0.0
422101022,MAER 12967,False,1,hormuz_control_jan2026,0,,0,0,0,0,0.0,,False,,unknown,,unknown,False,,,False,,,,,,,,,0.0,1.0,0.0,0.0,0.0,0.0,0.0
422103341,SARFARAZ3/11361_4,False,1,hormuz_control_jan2026,0,,0,0,0,0,0.0,,False,,unknown,,unknown,False,,,False,,,,,,,,,0.0,1.0,0.0,0.0,0.0,0.0,0.0
422103413,MOLAY2_3\11903-78%,False,1,hormuz_control_jan2026,0,,0,0,0,0,0.0,,False,,unknown,,unknown,False,,,False,,,,,,,,,0.0,1.0,0.0,0.0,0.0,0.0,0.0
422104600,ESLAMI2,False,1,hormuz_control_jan2026,0,,0,0,0,0,0.0,,False,,unknown,,unknown,False,,,False,,,,,,,,,0.0,1.0,0.0,0.0,0.0,0.0,0.0
422104900,BARE11463,False,1,hormuz_control_jan2026,0,,0,0,0,0,0.0,,False,,unknown,,unknown,False,,,False,,,,,,,,,0.0,1.0,0.0,0.0,0.0,0.0,0.0
422105600,CARGO LAUNCH 12253,False,1,hormuz_control_jan2026,0,,0,0,0,0,0.0,,False,,unknown,,unknown,False,,,False,,,,,,,,,0.0,1.0,0.0,0.0,0.0,0.0,0.0
422105900,BARI 12076,False,1,hormuz_control_jan2026,0,,0,0,0,0,0.0,,False,,unknown,,unknown,False,,,False,,,,,,,,,0.0,1.0,0.0,0.0,0.0,0.0,0.0
422109300,BARI 25197,False,1,hormuz_control_jan2026,0,,0,0,0,0,0.0,,False,,unknown,,unknown,False,,,False,,,,,,,,,0.0,1.0,0.0,0.0,0.0,0.0,0.0
422110169,MUHAMMAD ADMIN,False,1,hormuz_control_jan2026,0,,0,0,0,0,0.0,,False,,unknown,,unknown,False,,,False,,,,,,,,,0.0,1.0,0.0,0.0,0.0,0.0,0.0
422120700,12521,False,1,hormuz_control_jan2026,0,,0,0,0,0,0.0,,False,,unknown,,unknown,False,,,False,,,,,,,,,0.0,1.0,0.0,0.0,0.0,0.0,0.0
422123450,EBRAHIM HADI,False,1,hormuz_control_jan2026,0,,0,0,0,0,0.0,,False,,unknown,,unknown,False,,,False,,,,,,,,,0.0,1.0,0.0,0.0,0.0,0.0,0.0
422141000,BANEH,False,1,hormuz_control_jan2026,0,,0,0,0,0,0.0,,False,,unknown,,unknown,False,,,False,,,,,,,,,0.0,1.0,0.0,0.0,0.0,0.0,0.0
422142000,SARDASHT,False,1,hormuz_control_jan2026,0,,0,0,0,0,0.0,,False,,unknown,,unknown,False,,,False,,,,,,,,,0.0,1.0,0.0,0.0,0.0,0.0,0.0
422143000,M.T MARIVAN,False,1,hormuz_control_jan2026,0,,0,0,0,0,0.0,,False,,unknown,,unknown,False,,,False,,,,,,,,,0.0,1.0,0.0,0.0,0.0,0.0,0.0
422146100,ASHKAN 3  25278,False,1,hormuz_crisis_mar2026,0,,0,0,0,0,0.0,,False,,unknown,,unknown,False,,,False,,,,,,,,,0.0,1.0,0.0,0.0,0.0,0.0,0.0
422154100,BARZIN,False,1,hormuz_control_jan2026,0,,0,0,0,0,0.0,,False,,unknown,,unknown,False,,,False,,,,,,,,,0.0,1.0,0.0,0.0,0.0,0.0,0.0
422166900,25246,False,1,hormuz_control_jan2026,0,,0,0,0,0,0.0,,False,,unknown,,unknown,False,,,False,,,,,,,,,0.0,1.0,0.0,0.0,0.0,0.0,0.0
422204500,BARI 25133,False,1,hormuz_control_jan2026,0,,0,0,0,0,0.0,,False,,unknown,,unknown,False,,,False,,,,,,,,,0.0,1.0,0.0,0.0,0.0,0.0,0.0
422207400,BARI 25126,False,1,hormuz_control_jan2026,0,,0,0,0,0,0.0,,False,,unknown,,unknown,False,,,False,,,,,,,,,0.0,1.0,0.0,0.0,0.0,0.0,0.0
422216000,IRAN HORMUZ 14,False,1,hormuz_control_jan2026,0,,0,0,0,0,0.0,,False,,unknown,,unknown,False,,,False,,,,,,,,,0.0,1.0,0.0,0.0,0.0,0.0,0.0
422223100,BARI 12083,False,1,hormuz_control_jan2026,0,,0,0,0,0,0.0,,False,,unknown,,unknown,False,,,False,,,,,,,,,0.0,1.0,0.0,0.0,0.0,0.0,0.0
422223350,GADEER 22    3/12473,False,1,hormuz_control_jan2026,0,,0,0,0,0,0.0,,False,,unknown,,unknown,False,,,False,,,,,,,,,0.0,1.0,0.0,0.0,0.0,0.0,0.0
422224200,ISMAILI-25391,False,1,hormuz_control_jan2026,0,,0,0,0,0,0.0,,False,,unknown,,unknown,False,,,False,,,,,,,,,0.0,1.0,0.0,0.0,0.0,0.0,0.0
422231000,PIROOZI-101-71%,False,1,hormuz_control_jan2026,0,,0,0,0,0,0.0,,False,,unknown,,unknown,False,,,False,,,,,,,,,0.0,1.0,0.0,0.0,0.0,0.0,0.0
422231200,DEVREZ,False,1,hormuz_control_jan2026,0,,0,0,0,0,0.0,,False,,unknown,,unknown,False,,,False,,,,,,,,,0.0,1.0,0.0,0.0,0.0,0.0,0.0
422240600,BARI 25080,False,1,hormuz_control_jan2026,0,,0,0,0,0,0.0,,False,,unknown,,unknown,False,,,False,,,,,,,,,0.0,1.0,0.0,0.0,0.0,0.0,0.0
422250800,EDRIS  25298,False,1,hormuz_control_jan2026,0,,0,0,0,0,0.0,,False,,unknown,,unknown,False,,,False,,,,,,,,,0.0,1.0,0.0,0.0,0.0,0.0,0.0
422260000,,False,1,hormuz_control_jan2026,0,,0,0,0,0,0.0,,False,IRN,pipeline_csv,PASSENGER,pipeline_csv,False,,,False,,,,,,,,,0.0,1.0,0.0,0.0,0.0,0.0,0.0
422263800,12289,False,1,hormuz_control_jan2026,0,,0,0,0,0,0.0,,False,,unknown,,unknown,False,,,False,,,,,,,,,0.0,1.0,0.0,0.0,0.0,0.0,0.0
422278300,,False,1,hormuz_control_jan2026,0,,0,0,0,0,0.0,,False,,unknown,,unknown,False,,,False,,,,,,,,,0.0,1.0,0.0,0.0,0.0,0.0,0.0
422303200,AMER 12646,False,1,hormuz_control_jan2026,0,,0,0,0,0,0.0,,False,,unknown,,unknown,False,,,False,,,,,,,,,0.0,1.0,0.0,0.0,0.0,0.0,0.0
422311633,SAMACH,False,1,hormuz_control_jan2026,0,,0,0,0,0,0.0,,False,,unknown,,unknown,False,,,False,,,,,,,,,0.0,1.0,0.0,0.0,0.0,0.0,0.0
422321400,LANJ BARI,False,1,hormuz_control_jan2026,0,,0,0,0,0,0.0,,False,,unknown,,unknown,False,,,False,,,,,,,,,0.0,1.0,0.0,0.0,0.0,0.0,0.0
422325000,MIR MAHNA,False,1,hormuz_control_jan2026,0,,0,0,0,0,0.0,,False,,unknown,,unknown,False,,,False,,,,,,,,,0.0,1.0,0.0,0.0,0.0,0.0,0.0
422335600,HODIB,False,1,hormuz_control_jan2026,0,,0,0,0,0,0.0,,False,,unknown,,unknown,False,,,False,,,,,,,,,0.0,1.0,0.0,0.0,0.0,0.0,0.0
422341529,MOLLAEE,False,1,hormuz_control_jan2026,0,,0,0,0,0,0.0,,False,,unknown,,unknown,False,,,False,,,,,,,,,0.0,1.0,0.0,0.0,0.0,0.0,0.0
422349800,AL TAREQ,False,1,hormuz_crisis_mar2026,0,,0,0,0,0,0.0,,False,,unknown,,unknown,False,,,False,,,,,,,,,0.0,1.0,0.0,0.0,0.0,0.0,0.0
422350000,NEZAMI GANJAVI 1,False,2,hormuz_control_jan2026;hormuz_crisis_mar2026,0,,0,0,0,0,0.0,,False,,unknown,,unknown,False,,,False,,,,,,,,,0.0,1.0,0.0,0.0,0.0,0.0,0.0
422373700,,False,1,hormuz_control_jan2026,0,,0,0,0,0,0.0,,False,,unknown,,unknown,False,,,False,,,,,,,,,0.0,1.0,0.0,0.0,0.0,0.0,0.0
422379700,12086,False,1,hormuz_control_jan2026,0,,0,0,0,0,0.0,,False,,unknown,,unknown,False,,,False,,,,,,,,,0.0,1.0,0.0,0.0,0.0,0.0,0.0
422381700,3-11867,False,1,hormuz_control_jan2026,0,,0,0,0,0,0.0,,False,,unknown,,unknown,False,,,False,,,,,,,,,0.0,1.0,0.0,0.0,0.0,0.0,0.0
422388200,NAHANG DARYA,False,1,hormuz_control_jan2026,0,,0,0,0,0,0.0,,False,,unknown,,unknown,False,,,False,,,,,,,,,0.0,1.0,0.0,0.0,0.0,0.0,0.0
422410012,NOT DEFINED,False,1,hormuz_crisis_mar2026,0,,0,0,0,0,0.0,,False,,unknown,,unknown,False,,,False,,,,,,,,,0.0,1.0,0.0,0.0,0.0,0.0,0.0
422427700,FADAK 2000,False,1,hormuz_control_jan2026,0,,0,0,0,0,0.0,,False,,unknown,,unknown,False,,,False,,,,,,,,,0.0,1.0,0.0,0.0,0.0,0.0,0.0
422430000,SOHEYL 1,False,1,hormuz_control_jan2026,0,,0,0,0,0,0.0,,False,,unknown,,unknown,False,,,False,,,,,,,,,0.0,1.0,0.0,0.0,0.0,0.0,0.0
422436600,SALEHI 16355,False,1,hormuz_control_jan2026,0,,0,0,0,0,0.0,,False,,unknown,,unknown,False,,,False,,,,,,,,,0.0,1.0,0.0,0.0,0.0,0.0,0.0
422442100,4-3021,False,1,hormuz_control_jan2026,0,,0,0,0,0,0.0,,False,,unknown,,unknown,False,,,False,,,,,,,,,0.0,1.0,0.0,0.0,0.0,0.0,0.0
422461300,AL-MOHAMMDI,False,1,hormuz_control_jan2026,0,,0,0,0,0,0.0,,False,,unknown,,unknown,False,,,False,,,,,,,,,0.0,1.0,0.0,0.0,0.0,0.0,0.0
422463000,MIYAD 100140,False,1,hormuz_control_jan2026,0,,0,0,0,0,0.0,,False,,unknown,,unknown,False,,,False,,,,,,,,,0.0,1.0,0.0,0.0,0.0,0.0,0.0
422502100,3-11007SETAP,False,1,hormuz_control_jan2026,0,,0,0,0,0,0.0,,False,,unknown,,unknown,False,,,False,,,,,,,,,0.0,1.0,0.0,0.0,0.0,0.0,0.0
422512000,MADAYEN,False,1,hormuz_control_jan2026,0,,0,0,0,0,0.0,,False,,unknown,,unknown,False,,,False,,,,,,,,,0.0,1.0,0.0,0.0,0.0,0.0,0.0
422541000,LC  SAHEL KHAMIR,False,2,hormuz_control_jan2026;hormuz_crisis_mar2026,0,,0,0,0,0,0.0,,False,,unknown,,unknown,False,,,False,,,,,,,,,0.0,1.0,0.0,0.0,0.0,0.0,0.0
422542000,ATLAS 1,False,1,hormuz_control_jan2026,0,,0,0,0,0,0.0,,False,,unknown,,unknown,False,,,False,,,,,,,,,0.0,1.0,0.0,0.0,0.0,0.0,0.0
422543700,HAYYAN,False,1,hormuz_control_jan2026,0,,0,0,0,0,0.0,,False,,unknown,,unknown,False,,,False,,,,,,,,,0.0,1.0,0.0,0.0,0.0,0.0,0.0
422549000,ANIS10,False,2,hormuz_control_jan2026;hormuz_crisis_mar2026,0,,0,0,0,0,0.0,,False,,unknown,,unknown,False,,,False,,,,,,,,,0.0,1.0,0.0,0.0,0.0,0.0,0.0
422549100,ALBORZ ARVAND,False,1,hormuz_control_jan2026,0,,0,0,0,0,0.0,,False,,unknown,,unknown,False,,,False,,,,,,,,,0.0,1.0,0.0,0.0,0.0,0.0,0.0
422552000,NAGHSH JAHAN 1,False,2,hormuz_control_jan2026;hormuz_crisis_mar2026,0,,0,0,0,0,0.0,,False,,unknown,,unknown,False,,,False,,,,,,,,,0.0,1.0,0.0,0.0,0.0,0.0,0.0
422561600,AMIR MOHAMMAD,False,1,hormuz_crisis_mar2026,0,,0,0,0,0,0.0,,False,,unknown,,unknown,False,,,False,,,,,,,,,0.0,1.0,0.0,0.0,0.0,0.0,0.0
422563100,LYAN DARYA,False,1,hormuz_control_jan2026,0,,0,0,0,0,0.0,,False,IRN,pipeline_csv,OTHER_NON_FISHING,pipeline_csv,False,,,False,,,,,,,,,0.0,1.0,0.0,0.0,0.0,0.0,0.0
422584700,JAHANARA,False,1,qatar_spoofing_oct2025,0,,0,0,0,0,0.0,,False,,unknown,,unknown,False,,,False,,,,,,,,,0.0,1.0,0.0,0.0,0.0,0.0,0.0
422596000,ARIA,False,1,hormuz_control_jan2026,0,,0,0,0,0,0.0,,False,,unknown,,unknown,False,,,False,,,,,,,,,0.0,1.0,0.0,0.0,0.0,0.0,0.0
422600000,HOMA,False,1,hormuz_crisis_mar2026,0,,0,0,0,0,0.0,,False,IRN,pipeline_csv,CARGO,pipeline_csv,False,,,False,,,,,,,,,0.0,1.0,0.0,0.0,0.0,0.0,0.0
422607200,BARI12127,False,1,hormuz_control_jan2026,0,,0,0,0,0,0.0,,False,,unknown,,unknown,False,,,False,,,,,,,,,0.0,1.0,0.0,0.0,0.0,0.0,0.0
422619900,,False,1,hormuz_control_jan2026,0,,0,0,0,0,0.0,,False,,unknown,,unknown,False,,,False,,,,,,,,,0.0,1.0,0.0,0.0,0.0,0.0,0.0
422679000,SHAHAB112,False,2,hormuz_control_jan2026;hormuz_crisis_mar2026,0,,0,0,0,0,0.0,,False,,unknown,,unknown,False,,,False,,,,,,,,,0.0,1.0,0.0,0.0,0.0,0.0,0.0
422700340,KOSAR-VAHID,False,1,hormuz_control_jan2026,0,,0,0,0,0,0.0,,False,,unknown,,unknown,False,,,False,,,,,,,,,0.0,1.0,0.0,0.0,0.0,0.0,0.0
422709300,TAIEB3/12903,False,1,hormuz_control_jan2026,0,,0,0,0,0,0.0,,False,,unknown,,unknown,False,,,False,,,,,,,,,0.0,1.0,0.0,0.0,0.0,0.0,0.0
422739800,3>11195,False,1,hormuz_control_jan2026,0,,0,0,0,0,0.0,,False,,unknown,,unknown,False,,,False,,,,,,,,,0.0,1.0,0.0,0.0,0.0,0.0,0.0
422751600,AFRIN2,False,1,hormuz_control_jan2026,0,,0,0,0,0,0.0,,False,,unknown,,unknown,False,,,False,,,,,,,,,0.0,1.0,0.0,0.0,0.0,0.0,0.0
422755700,OMID POL,False,2,hormuz_control_jan2026;hormuz_crisis_mar2026,0,,0,0,0,0,0.0,,False,,unknown,,unknown,False,,,False,,,,,,,,,0.0,1.0,0.0,0.0,0.0,0.0,0.0
422765000,NEZAMI GANJAVI 3,False,1,hormuz_crisis_mar2026,0,,0,0,0,0,0.0,,False,,unknown,,unknown,False,,,False,,,,,,,,,0.0,1.0,0.0,0.0,0.0,0.0,0.0
422780700,3 11712,False,1,hormuz_control_jan2026,0,,0,0,0,0,0.0,,False,,unknown,,unknown,False,,,False,,,,,,,,,0.0,1.0,0.0,0.0,0.0,0.0,0.0
422797900,SAMAD 10651,False,1,hormuz_control_jan2026,0,,0,0,0,0,0.0,,False,,unknown,,unknown,False,,,False,,,,,,,,,0.0,1.0,0.0,0.0,0.0,0.0,0.0
422799000,JAME JAM 5,False,1,hormuz_control_jan2026,0,,0,0,0,0,0.0,,False,,unknown,,unknown,False,,,False,,,,,,,,,0.0,1.0,0.0,0.0,0.0,0.0,0.0
422814400,MOEEN 2,False,1,hormuz_crisis_mar2026,0,,0,0,0,0,0.0,,False,,unknown,,unknown,False,,,False,,,,,,,,,0.0,1.0,0.0,0.0,0.0,0.0,0.0
422827000,YOUNES6,False,1,hormuz_control_jan2026,0,,0,0,0,0,0.0,,False,,unknown,,unknown,False,,,False,,,,,,,,,0.0,1.0,0.0,0.0,0.0,0.0,0.0
422834000,OMRANI12,False,1,hormuz_control_jan2026,0,,0,0,0,0,0.0,,False,,unknown,,unknown,False,,,False,,,,,,,,,0.0,1.0,0.0,0.0,0.0,0.0,0.0
422834554,,False,1,hormuz_control_jan2026,0,,0,0,0,0,0.0,,False,,unknown,,unknown,False,,,False,,,,,,,,,0.0,1.0,0.0,0.0,0.0,0.0,0.0
422837900,ABUBAKR13525,False,1,hormuz_control_jan2026,0,,0,0,0,0,0.0,,False,,unknown,,unknown,False,,,False,,,,,,,,,0.0,1.0,0.0,0.0,0.0,0.0,0.0
422840400,GACHIN13530,False,1,hormuz_control_jan2026,0,,0,0,0,0,0.0,,False,,unknown,,unknown,False,,,False,,,,,,,,,0.0,1.0,0.0,0.0,0.0,0.0,0.0
422863000,NABAVI 2,False,1,hormuz_control_jan2026,0,,0,0,0,0,0.0,,False,,unknown,,unknown,False,,,False,,,,,,,,,0.0,1.0,0.0,0.0,0.0,0.0,0.0
422866400,TARRQ-314184,False,1,hormuz_control_jan2026,0,,0,0,0,0,0.0,,False,,unknown,,unknown,False,,,False,,,,,,,,,0.0,1.0,0.0,0.0,0.0,0.0,0.0
422877000,MOMTAZ 2@@@@@@@@@@AM,False,1,hormuz_control_jan2026,0,,0,0,0,0,0.0,,False,,unknown,,unknown,False,,,False,,,,,,,,,0.0,1.0,0.0,0.0,0.0,0.0,0.0
422878400,,False,1,hormuz_crisis_mar2026,0,,0,0,0,0,0.0,,False,,unknown,,unknown,False,,,False,,,,,,,,,0.0,1.0,0.0,0.0,0.0,0.0,0.0
422879000,LCT MOEEN 1,False,1,hormuz_crisis_mar2026,0,,0,0,0,0,0.0,,False,,unknown,,unknown,False,,,False,,,,,,,,,0.0,1.0,0.0,0.0,0.0,0.0,0.0
422880500,RAD13587,False,1,hormuz_control_jan2026,0,,0,0,0,0,0.0,,False,,unknown,,unknown,False,,,False,,,,,,,,,0.0,1.0,0.0,0.0,0.0,0.0,0.0
422886800,YASER TUG,False,1,hormuz_control_jan2026,0,,0,0,0,0,0.0,,False,,unknown,,unknown,False,,,False,,,,,,,,,0.0,1.0,0.0,0.0,0.0,0.0,0.0
422910555,MOLAVI2_3/11903-86%,False,1,hormuz_control_jan2026,0,,0,0,0,0,0.0,,False,,unknown,,unknown,False,,,False,,,,,,,,,0.0,1.0,0.0,0.0,0.0,0.0,0.0
422999983,XARON,False,2,hormuz_control_jan2026;hormuz_crisis_mar2026,0,,0,0,0,0,0.0,,False,,unknown,,unknown,False,,,False,,,,,,,,,0.0,1.0,0.0,0.0,0.0,0.0,0.0
432278000,LNG JAMAL,False,1,hormuz_crisis_mar2026,0,,0,0,0,0,0.0,,False,,unknown,,unknown,False,,,False,,,,,,,,,0.0,1.0,0.0,0.0,0.0,0.0,0.0
440270000,YOUNG GLORY,False,1,hormuz_control_jan2026,0,,0,0,0,0,0.0,,False,,unknown,,unknown,False,,,False,,,,,,,,,0.0,1.0,0.0,0.0,0.0,0.0,0.0
440657000,HMM HANUL,False,1,qatar_control_sep2025,0,,0,0,0,0,0.0,,False,KOR,pipeline_csv,CARGO,pipeline_csv,False,,,False,,,,,,,,,0.0,1.0,0.0,0.0,0.0,0.0,0.0
440981000,HMM GARAM,False,1,qatar_spoofing_oct2025,0,,0,0,0,0,0.0,,False,,unknown,,unknown,False,,,False,,,,,,,,,0.0,1.0,0.0,0.0,0.0,0.0,0.0
441612000,OCEAN SUCCESS,False,1,hormuz_control_jan2026,0,,0,0,0,0,0.0,,False,,unknown,,unknown,False,,,False,,,,,,,,,0.0,1.0,0.0,0.0,0.0,0.0,0.0
461182274,HG,False,1,hormuz_crisis_mar2026,0,,0,0,0,0,0.0,,False,,unknown,,unknown,False,,,False,,,,,,,,,0.0,1.0,0.0,0.0,0.0,0.0,0.0
461183157,HG,False,1,hormuz_control_jan2026,0,,0,0,0,0,0.0,,False,,unknown,,unknown,False,,,False,,,,,,,,,0.0,1.0,0.0,0.0,0.0,0.0,0.0
461800086,GHUMAYS 2,False,1,hormuz_control_jan2026,0,,0,0,0,0,0.0,,False,,unknown,,unknown,False,,,False,,,,,,,,,0.0,1.0,0.0,0.0,0.0,0.0,0.0
463120444,ALNAKHIEE,False,1,hormuz_crisis_mar2026,0,,0,0,0,0,0.0,,False,,unknown,,unknown,False,,,False,,,,,,,,,0.0,1.0,0.0,0.0,0.0,0.0,0.0
466004000,SIDRA AL RUMEILA,False,1,qatar_control_sep2025,0,,0,0,0,0,0.0,,False,QAT,pipeline_csv,OTHER_NON_FISHING,pipeline_csv,False,,,False,,,,,,,,,0.0,1.0,0.0,0.0,0.0,0.0,0.0
466006000,SIDRA AL GHARIYA,False,1,qatar_control_sep2025,0,,0,0,0,0,0.0,,False,QAT,pipeline_csv,OTHER_NON_FISHING,pipeline_csv,False,,,False,,,,,,,,,0.0,1.0,0.0,0.0,0.0,0.0,0.0
466008000,SIDRA DOHA,False,1,qatar_control_sep2025,0,,0,0,0,0,0.0,,False,QAT,pipeline_csv,OTHER_NON_FISHING,pipeline_csv,False,,,False,,,,,,,,,0.0,1.0,0.0,0.0,0.0,0.0,0.0
466009000,SIDRA AL KHOR,False,2,qatar_control_sep2025;qatar_spoofing_oct2025,0,,0,0,0,0,0.0,,False,QAT,pipeline_csv,OTHER_NON_FISHING,pipeline_csv,False,,,False,,,,,,,,,0.0,1.0,0.0,0.0,0.0,0.0,0.0
466023000,HALUL 72,False,1,qatar_spoofing_oct2025,0,,0,0,0,0,0.0,,False,,unknown,,unknown,False,,,False,,,,,,,,,0.0,1.0,0.0,0.0,0.0,0.0,0.0
466049000,HALUL 40,False,1,qatar_control_sep2025,0,,0,0,0,0,0.0,,False,QAT,pipeline_csv,OTHER_NON_FISHING,pipeline_csv,False,,,False,,,,,,,,,0.0,1.0,0.0,0.0,0.0,0.0,0.0
466059000,AL MELIHAT,False,1,qatar_spoofing_oct2025,0,,0,0,0,0,0.0,,False,,unknown,,unknown,False,,,False,,,,,,,,,0.0,1.0,0.0,0.0,0.0,0.0,0.0
466073000,MILAHA  1,False,1,qatar_control_sep2025,0,,0,0,0,0,0.0,,False,QAT,pipeline_csv,CARGO,pipeline_csv,False,,,False,,,,,,,,,0.0,1.0,0.0,0.0,0.0,0.0,0.0
466082000,HALUL 63,False,1,qatar_spoofing_oct2025,0,,0,0,0,0,0.0,,False,,unknown,,unknown,False,,,False,,,,,,,,,0.0,1.0,0.0,0.0,0.0,0.0,0.0
466085000,HALUL 42,False,1,qatar_control_sep2025,0,,0,0,0,0,0.0,,False,QAT,pipeline_csv,OTHER_NON_FISHING,pipeline_csv,False,,,False,,,,,,,,,0.0,1.0,0.0,0.0,0.0,0.0,0.0
466087000,FOG 12,False,1,qatar_control_sep2025,0,,0,0,0,0,0.0,,False,QAT,pipeline_csv,OTHER_NON_FISHING,pipeline_csv,False,,,False,,,,,,,,,0.0,1.0,0.0,0.0,0.0,0.0,0.0
466101000,HALUL 974,False,1,qatar_spoofing_oct2025,0,,0,0,0,0,0.0,,False,,unknown,,unknown,False,,,False,,,,,,,,,0.0,1.0,0.0,0.0,0.0,0.0,0.0
466130000,HALUL26,False,1,qatar_control_sep2025,0,,0,0,0,0,0.0,,False,QAT,pipeline_csv,OTHER_NON_FISHING,pipeline_csv,False,,,False,,,,,,,,,0.0,1.0,0.0,0.0,0.0,0.0,0.0
466136000,HALUL 25,False,1,qatar_control_sep2025,0,,0,0,0,0,0.0,,False,QAT,pipeline_csv,OTHER_NON_FISHING,pipeline_csv,False,,,False,,,,,,,,,0.0,1.0,0.0,0.0,0.0,0.0,0.0
466149000,HALUL 62,False,1,qatar_spoofing_oct2025,0,,0,0,0,0,0.0,,False,,unknown,,unknown,False,,,False,,,,,,,,,0.0,1.0,0.0,0.0,0.0,0.0,0.0
466161000,HALUL14,False,1,qatar_spoofing_oct2025,0,,0,0,0,0,0.0,,False,,unknown,,unknown,False,,,False,,,,,,,,,0.0,1.0,0.0,0.0,0.0,0.0,0.0
466230000,HALUL 37,False,1,qatar_spoofing_oct2025,0,,0,0,0,0,0.0,,False,,unknown,,unknown,False,,,False,,,,,,,,,0.0,1.0,0.0,0.0,0.0,0.0,0.0
466250000,HALUL 61,False,2,qatar_control_sep2025;qatar_spoofing_oct2025,0,,0,0,0,0,0.0,,False,QAT,pipeline_csv,OTHER_NON_FISHING,pipeline_csv,False,,,False,,,,,,,,,0.0,1.0,0.0,0.0,0.0,0.0,0.0
466321000,HALUL101,False,1,qatar_control_sep2025,0,,0,0,0,0,0.0,,False,QAT,pipeline_csv,OTHER_NON_FISHING,pipeline_csv,False,,,False,,,,,,,,,0.0,1.0,0.0,0.0,0.0,0.0,0.0
466323000,HALUL 100,False,2,qatar_control_sep2025;qatar_spoofing_oct2025,0,,0,0,0,0,0.0,,False,QAT,pipeline_csv,OTHER_NON_FISHING,pipeline_csv,False,,,False,,,,,,,,,0.0,1.0,0.0,0.0,0.0,0.0,0.0
466325000,HALUL 80,False,1,qatar_control_sep2025,0,,0,0,0,0,0.0,,False,QAT,pipeline_csv,OTHER_NON_FISHING,pipeline_csv,False,,,False,,,,,,,,,0.0,1.0,0.0,0.0,0.0,0.0,0.0
466326000,HALUL 83,False,1,qatar_spoofing_oct2025,0,,0,0,0,0,0.0,,False,,unknown,,unknown,False,,,False,,,,,,,,,0.0,1.0,0.0,0.0,0.0,0.0,0.0
466331000,HALUL 82,False,1,qatar_spoofing_oct2025,0,,0,0,0,0,0.0,,False,,unknown,,unknown,False,,,False,,,,,,,,,0.0,1.0,0.0,0.0,0.0,0.0,0.0
466334000,HALUL 69,False,2,qatar_control_sep2025;qatar_spoofing_oct2025,0,,0,0,0,0,0.0,,False,QAT,pipeline_csv,OTHER_NON_FISHING,pipeline_csv,False,,,False,,,,,,,,,0.0,1.0,0.0,0.0,0.0,0.0,0.0
466403000,HALUL 43,False,1,qatar_spoofing_oct2025,0,,0,0,0,0,0.0,,False,,unknown,,unknown,False,,,False,,,,,,,,,0.0,1.0,0.0,0.0,0.0,0.0,0.0
466404000,HALUL 53,False,1,qatar_spoofing_oct2025,0,,0,0,0,0,0.0,,False,,unknown,,unknown,False,,,False,,,,,,,,,0.0,1.0,0.0,0.0,0.0,0.0,0.0
466428000,HALUL 48,False,1,qatar_control_sep2025,0,,0,0,0,0,0.0,,False,QAT,pipeline_csv,OTHER_NON_FISHING,pipeline_csv,False,,,False,,,,,,,,,0.0,1.0,0.0,0.0,0.0,0.0,0.0
466503940,,False,1,qatar_control_sep2025,0,,0,0,0,0,0.0,,False,QAT,pipeline_csv,FISHING,pipeline_csv,False,,,False,,,,,,,,,0.0,1.0,0.0,0.0,0.0,0.0,0.0
466511280,FARKH ALANABI,False,1,qatar_control_sep2025,0,,0,0,0,0,0.0,,False,QAT,pipeline_csv,FISHING,pipeline_csv,False,,,False,,,,,,,,,0.0,1.0,0.0,0.0,0.0,0.0,0.0
466515000,,False,1,qatar_control_sep2025,0,,0,0,0,0,0.0,,False,QAT,pipeline_csv,GEAR,pipeline_csv,False,,,False,,,,,,,,,0.0,1.0,0.0,0.0,0.0,0.0,0.0
466515650,ALDALOB 92%,False,1,qatar_control_sep2025,0,,0,0,0,0,0.0,,False,QAT,pipeline_csv,FISHING,pipeline_csv,False,,,False,,,,,,,,,0.0,1.0,0.0,0.0,0.0,0.0,0.0
466516700,BO HASEIR 3515,False,1,qatar_control_sep2025,0,,0,0,0,0,0.0,,False,QAT,pipeline_csv,FISHING,pipeline_csv,False,,,False,,,,,,,,,0.0,1.0,0.0,0.0,0.0,0.0,0.0
466536680,NSW AL SHUAIBA,False,1,qatar_spoofing_oct2025,0,,0,0,0,0,0.0,,False,,unknown,,unknown,False,,,False,,,,,,,,,0.0,1.0,0.0,0.0,0.0,0.0,0.0
466539320,MAZION 100%,False,1,qatar_control_sep2025,0,,0,0,0,0,0.0,,False,QAT,pipeline_csv,FISHING,pipeline_csv,False,,,False,,,,,,,,,0.0,1.0,0.0,0.0,0.0,0.0,0.0
466541690,,False,1,qatar_control_sep2025,0,,0,0,0,0,0.0,,False,QAT,pipeline_csv,PASSENGER,pipeline_csv,False,,,False,,,,,,,,,0.0,1.0,0.0,0.0,0.0,0.0,0.0
466546370,AL KHAIR 94%,False,1,qatar_control_sep2025,0,,0,0,0,0,0.0,,False,QAT,pipeline_csv,FISHING,pipeline_csv,False,,,False,,,,,,,,,0.0,1.0,0.0,0.0,0.0,0.0,0.0
466568720,,False,1,qatar_control_sep2025,0,,0,0,0,0,0.0,,False,QAT,pipeline_csv,OTHER_NON_FISHING,pipeline_csv,False,,,False,,,,,,,,,0.0,1.0,0.0,0.0,0.0,0.0,0.0
466572050,WDAH 93%,False,1,qatar_control_sep2025,0,,0,0,0,0,0.0,,False,QAT,pipeline_csv,FISHING,pipeline_csv,False,,,False,,,,,,,,,0.0,1.0,0.0,0.0,0.0,0.0,0.0
466574100,,False,1,qatar_control_sep2025,0,,0,0,0,0,0.0,,False,QAT,pipeline_csv,FISHING,pipeline_csv,False,,,False,,,,,,,,,0.0,1.0,0.0,0.0,0.0,0.0,0.0
466574450,AL OWAINAT,False,2,qatar_control_sep2025;qatar_spoofing_oct2025,0,,0,0,0,0,0.0,,False,QAT,pipeline_csv,OTHER_NON_FISHING,pipeline_csv,False,,,False,,,,,,,,,0.0,1.0,0.0,0.0,0.0,0.0,0.0
466585290,AIN HLETAN 1 97%,False,1,qatar_control_sep2025,0,,0,0,0,0,0.0,,False,QAT,pipeline_csv,OTHER_NON_FISHING,pipeline_csv,False,,,False,,,,,,,,,0.0,1.0,0.0,0.0,0.0,0.0,0.0
466586360,,False,1,qatar_control_sep2025,0,,0,0,0,0,0.0,,False,QAT,pipeline_csv,FISHING,pipeline_csv,False,,,False,,,,,,,,,0.0,1.0,0.0,0.0,0.0,0.0,0.0
466586850,NABIL 1 96%,False,1,qatar_control_sep2025,0,,0,0,0,0,0.0,,False,QAT,pipeline_csv,FISHING,pipeline_csv,False,,,False,,,,,,,,,0.0,1.0,0.0,0.0,0.0,0.0,0.0
466587350,ALHATEF,False,1,qatar_control_sep2025,0,,0,0,0,0,0.0,,False,QAT,pipeline_csv,GEAR,pipeline_csv,False,,,False,,,,,,,,,0.0,1.0,0.0,0.0,0.0,0.0,0.0
466590260,MANSOOR 100%,False,1,qatar_control_sep2025,0,,0,0,0,0,0.0,,False,QAT,pipeline_csv,FISHING,pipeline_csv,False,,,False,,,,,,,,,0.0,1.0,0.0,0.0,0.0,0.0,0.0
466591270,DAHYAN,False,1,qatar_control_sep2025,0,,0,0,0,0,0.0,,False,QAT,pipeline_csv,PASSENGER,pipeline_csv,False,,,False,,,,,,,,,0.0,1.0,0.0,0.0,0.0,0.0,0.0
466591980,BU RASHID,False,1,qatar_control_sep2025,0,,0,0,0,0,0.0,,False,QAT,pipeline_csv,INSUFFICIENT_DATA,pipeline_csv,False,,,False,,,,,,,,,0.0,1.0,0.0,0.0,0.0,0.0,0.0
470007178,FAHAD 4  0007178,False,1,hormuz_crisis_mar2026,0,,0,0,0,0,0.0,,False,,unknown,,unknown,False,,,False,,,,,,,,,0.0,1.0,0.0,0.0,0.0,0.0,0.0
470008904,BROKEN HEART FBUOY1,False,1,hormuz_control_jan2026,0,,0,0,0,0,0.0,,False,,unknown,,unknown,False,,,False,,,,,,,,,0.0,1.0,0.0,0.0,0.0,0.0,0.0
470009044,OBAID 1972,False,1,hormuz_control_jan2026,0,,0,0,0,0,0.0,,False,,unknown,,unknown,False,,,False,,,,,,,,,0.0,1.0,0.0,0.0,0.0,0.0,0.0
470010495,ADNOC SR17,False,1,hormuz_control_jan2026,0,,0,0,0,0,0.0,,False,,unknown,,unknown,False,,,False,,,,,,,,,0.0,1.0,0.0,0.0,0.0,0.0,0.0
470010496,ADNOC SR18,False,2,hormuz_control_jan2026;hormuz_crisis_mar2026,0,,0,0,0,0,0.0,,False,,unknown,,unknown,False,,,False,,,,,,,,,0.0,1.0,0.0,0.0,0.0,0.0,0.0
470015000,CATFISH BAY,False,2,hormuz_control_jan2026;hormuz_crisis_mar2026,0,,0,0,0,0,0.0,,False,,unknown,,unknown,False,,,False,,,,,,,,,0.0,1.0,0.0,0.0,0.0,0.0,0.0
470021402,AHMED DAS 2,False,1,hormuz_control_jan2026,0,,0,0,0,0,0.0,,False,,unknown,,unknown,False,,,False,,,,,,,,,0.0,1.0,0.0,0.0,0.0,0.0,0.0
470025701,SHARJAWI FBUOY 1,False,1,hormuz_control_jan2026,0,,0,0,0,0,0.0,,False,,unknown,,unknown,False,,,False,,,,,,,,,0.0,1.0,0.0,0.0,0.0,0.0,0.0
470025702,SHARJAWI FBUOY 2,False,1,hormuz_control_jan2026,0,,0,0,0,0,0.0,,False,,unknown,,unknown,False,,,False,,,,,,,,,0.0,1.0,0.0,0.0,0.0,0.0,0.0
470040469,,False,1,hormuz_control_jan2026,0,,0,0,0,0,0.0,,False,,unknown,,unknown,False,,,False,,,,,,,,,0.0,1.0,0.0,0.0,0.0,0.0,0.0
470043215,,False,1,hormuz_control_jan2026,0,,0,0,0,0,0.0,,False,,unknown,,unknown,False,,,False,,,,,,,,,0.0,1.0,0.0,0.0,0.0,0.0,0.0
470043233,,False,1,hormuz_control_jan2026,0,,0,0,0,0,0.0,,False,,unknown,,unknown,False,,,False,,,,,,,,,0.0,1.0,0.0,0.0,0.0,0.0,0.0
470045562,SS-FISHING-NET-1,False,1,hormuz_control_jan2026,0,,0,0,0,0,0.0,,False,,unknown,,unknown,False,,,False,,,,,,,,,0.0,1.0,0.0,0.0,0.0,0.0,0.0
470045596,SS-FISHING-NET-2,False,1,hormuz_control_jan2026,0,,0,0,0,0,0.0,,False,,unknown,,unknown,False,,,False,,,,,,,,,0.0,1.0,0.0,0.0,0.0,0.0,0.0
470046566,,False,1,hormuz_control_jan2026,0,,0,0,0,0,0.0,,False,,unknown,,unknown,False,,,False,,,,,,,,,0.0,1.0,0.0,0.0,0.0,0.0,0.0
470058000,MACKEREL ANN,False,1,hormuz_crisis_mar2026,0,,0,0,0,0,0.0,,False,,unknown,,unknown,False,,,False,,,,,,,,,0.0,1.0,0.0,0.0,0.0,0.0,0.0
470071049,,False,1,hormuz_control_jan2026,0,,0,0,0,0,0.0,,False,,unknown,,unknown,False,,,False,,,,,,,,,0.0,1.0,0.0,0.0,0.0,0.0,0.0
470078901,FISHING_NET_BUOY,False,1,hormuz_control_jan2026,0,,0,0,0,0,0.0,,False,,unknown,,unknown,False,,,False,,,,,,,,,0.0,1.0,0.0,0.0,0.0,0.0,0.0
470102500,ALSADIQ 12,False,1,hormuz_crisis_mar2026,0,,0,0,0,0,0.0,,False,,unknown,,unknown,False,,,False,,,,,,,,,0.0,1.0,0.0,0.0,0.0,0.0,0.0
470104903,MODAMMER FBUOY 1,False,1,hormuz_control_jan2026,0,,0,0,0,0,0.0,,False,,unknown,,unknown,False,,,False,,,,,,,,,0.0,1.0,0.0,0.0,0.0,0.0,0.0
470133601,PROFESSOR NET BUOY 1,False,1,hormuz_control_jan2026,0,,0,0,0,0,0.0,,False,,unknown,,unknown,False,,,False,,,,,,,,,0.0,1.0,0.0,0.0,0.0,0.0,0.0
470170000,ADNOC 222,False,2,qatar_control_sep2025;qatar_spoofing_oct2025,0,,0,0,0,0,0.0,,False,ARE,pipeline_csv,OTHER_NON_FISHING,pipeline_csv,False,,,False,,,,,,,,,0.0,1.0,0.0,0.0,0.0,0.0,0.0
470179000,SAFEEN SURVEYOR,False,1,qatar_control_sep2025,0,,0,0,0,0,0.0,,False,ARE,pipeline_csv,OTHER_NON_FISHING,pipeline_csv,False,,,False,,,,,,,,,0.0,1.0,0.0,0.0,0.0,0.0,0.0
470326000,AHTS EXCELSIOR,False,2,qatar_control_sep2025;qatar_spoofing_oct2025,0,,0,0,0,0,0.0,,False,ARE,pipeline_csv,OTHER_NON_FISHING,pipeline_csv,False,,,False,,,,,,,,,0.0,1.0,0.0,0.0,0.0,0.0,0.0
470335000,DIVA,False,1,qatar_control_sep2025,0,,0,0,0,0,0.0,,False,ARE,pipeline_csv,OTHER_NON_FISHING,pipeline_csv,False,,,False,,,,,,,,,0.0,1.0,0.0,0.0,0.0,0.0,0.0
470427000,KITE,False,1,hormuz_control_jan2026,0,,0,0,0,0,0.0,,False,,unknown,,unknown,False,,,False,,,,,,,,,0.0,1.0,0.0,0.0,0.0,0.0,0.0
470444000,NAGWA 1,False,1,hormuz_control_jan2026,0,,0,0,0,0,0.0,,False,,unknown,,unknown,False,,,False,,,,,,,,,0.0,1.0,0.0,0.0,0.0,0.0,0.0
470456400,EMIRATES 5,False,1,hormuz_crisis_mar2026,0,,0,0,0,0,0.0,,False,,unknown,,unknown,False,,,False,,,,,,,,,0.0,1.0,0.0,0.0,0.0,0.0,0.0
470508000,WADI SAHAM,False,1,hormuz_control_jan2026,0,,0,0,0,0,0.0,,False,,unknown,,unknown,False,,,False,,,,,,,,,0.0,1.0,0.0,0.0,0.0,0.0,0.0
470605000,,False,1,hormuz_control_jan2026,0,,0,0,0,0,0.0,,False,,unknown,,unknown,False,,,False,,,,,,,,,0.0,1.0,0.0,0.0,0.0,0.0,0.0
470627000,SHARIEF RELIANCE,False,1,hormuz_control_jan2026,0,,0,0,0,0,0.0,,False,,unknown,,unknown,False,,,False,,,,,,,,,0.0,1.0,0.0,0.0,0.0,0.0,0.0
470646000,INCHCAPE 5,False,1,hormuz_control_jan2026,0,,0,0,0,0,0.0,,False,ARE,pipeline_csv,OTHER_NON_FISHING,pipeline_csv,False,,,False,,,,,,,,,0.0,1.0,0.0,0.0,0.0,0.0,0.0
470677000,AL SADIQ 7,False,1,hormuz_control_jan2026,0,,0,0,0,0,0.0,,False,,unknown,,unknown,False,,,False,,,,,,,,,0.0,1.0,0.0,0.0,0.0,0.0,0.0
470682000,OMEED TAHER,False,1,hormuz_control_jan2026,0,,0,0,0,0,0.0,,False,,unknown,,unknown,False,,,False,,,,,,,,,0.0,1.0,0.0,0.0,0.0,0.0,0.0
470735901,BRIGHT STAR FBUOY 1,False,1,hormuz_control_jan2026,0,,0,0,0,0,0.0,,False,,unknown,,unknown,False,,,False,,,,,,,,,0.0,1.0,0.0,0.0,0.0,0.0,0.0
470735902,BRIGHT STAR FBUOY 2,False,1,hormuz_control_jan2026,0,,0,0,0,0,0.0,,False,,unknown,,unknown,False,,,False,,,,,,,,,0.0,1.0,0.0,0.0,0.0,0.0,0.0
470736002,ALFALAJ FBUOY 2,False,2,hormuz_control_jan2026;hormuz_crisis_mar2026,0,,0,0,0,0,0.0,,False,,unknown,,unknown,False,,,False,,,,,,,,,0.0,1.0,0.0,0.0,0.0,0.0,0.0
470742701,FREEDOM FBUOY 1,False,2,hormuz_control_jan2026;hormuz_crisis_mar2026,0,,0,0,0,0,0.0,,False,,unknown,,unknown,False,,,False,,,,,,,,,0.0,1.0,0.0,0.0,0.0,0.0,0.0
470760000,OSPREY,False,1,hormuz_control_jan2026,0,,0,0,0,0,0.0,,False,,unknown,,unknown,False,,,False,,,,,,,,,0.0,1.0,0.0,0.0,0.0,0.0,0.0
470774000,ABU AL SAYAYEEF,False,1,hormuz_control_jan2026,0,,0,0,0,0,0.0,,False,,unknown,,unknown,False,,,False,,,,,,,,,0.0,1.0,0.0,0.0,0.0,0.0,0.0
470848000,UMM AL LULU-I,False,1,hormuz_crisis_mar2026,0,,0,0,0,0,0.0,,False,,unknown,,unknown,False,,,False,,,,,,,,,0.0,1.0,0.0,0.0,0.0,0.0,0.0
470854000,MULLET ANN,False,1,hormuz_control_jan2026,0,,0,0,0,0,0.0,,False,,unknown,,unknown,False,,,False,,,,,,,,,0.0,1.0,0.0,0.0,0.0,0.0,0.0
470856000,SHUWEHAT,False,1,qatar_control_sep2025,0,,0,0,0,0,0.0,,False,ARE,pipeline_csv,OTHER_NON_FISHING,pipeline_csv,False,,,False,,,,,,,,,0.0,1.0,0.0,0.0,0.0,0.0,0.0
470910239,SH,False,1,hormuz_control_jan2026,0,,0,0,0,0,0.0,,False,,unknown,,unknown,False,,,False,,,,,,,,,0.0,1.0,0.0,0.0,0.0,0.0,0.0
470923000,SWORDFISH BAY,False,2,hormuz_control_jan2026;hormuz_crisis_mar2026,0,,0,0,0,0,0.0,,False,,unknown,,unknown,False,,,False,,,,,,,,,0.0,1.0,0.0,0.0,0.0,0.0,0.0
470956666,DUBAI MOON,False,1,hormuz_control_jan2026,0,,0,0,0,0,0.0,,False,,unknown,,unknown,False,,,False,,,,,,,,,0.0,1.0,0.0,0.0,0.0,0.0,0.0
470982000,TARPON BAY 2,False,2,hormuz_control_jan2026;hormuz_crisis_mar2026,0,,0,0,0,0,0.0,,False,,unknown,,unknown,False,,,False,,,,,,,,,0.0,1.0,0.0,0.0,0.0,0.0,0.0
471031000,HAWK 1,False,1,hormuz_control_jan2026,0,,0,0,0,0,0.0,,False,,unknown,,unknown,False,,,False,,,,,,,,,0.0,1.0,0.0,0.0,0.0,0.0,0.0
471068000,MUBARAK 241,False,2,qatar_control_sep2025;qatar_spoofing_oct2025,0,,0,0,0,0,0.0,,False,,unknown,OTHER_NON_FISHING,pipeline_csv,False,,,False,,,,,,,,,0.0,1.0,0.0,0.0,0.0,0.0,0.0
471143000,HERRING ANN,False,2,hormuz_control_jan2026;hormuz_crisis_mar2026,0,,0,0,0,0,0.0,,False,,unknown,,unknown,False,,,False,,,,,,,,,0.0,1.0,0.0,0.0,0.0,0.0,0.0
471203000,ASMA 1,False,1,hormuz_control_jan2026,0,,0,0,0,0,0.0,,False,,unknown,,unknown,False,,,False,,,,,,,,,0.0,1.0,0.0,0.0,0.0,0.0,0.0
471210000,MUBARAK 242,False,1,hormuz_crisis_mar2026,0,,0,0,0,0,0.0,,False,,unknown,,unknown,False,,,False,,,,,,,,,0.0,1.0,0.0,0.0,0.0,0.0,0.0
471389000,P&O ASIA,False,1,hormuz_crisis_mar2026,0,,0,0,0,0,0.0,,False,,unknown,,unknown,False,,,False,,,,,,,,,0.0,1.0,0.0,0.0,0.0,0.0,0.0
471420000,P&O GAYNDE,False,1,hormuz_crisis_mar2026,0,,0,0,0,0,0.0,,False,,unknown,,unknown,False,,,False,,,,,,,,,0.0,1.0,0.0,0.0,0.0,0.0,0.0
471466000,PLC 021,False,1,hormuz_control_jan2026,0,,0,0,0,0,0.0,,False,,unknown,,unknown,False,,,False,,,,,,,,,0.0,1.0,0.0,0.0,0.0,0.0,0.0
477123100,EGRET,False,1,hormuz_crisis_mar2026,0,,0,0,0,0,0.0,,False,,unknown,,unknown,False,,,False,,,,,,,,,0.0,1.0,0.0,0.0,0.0,0.0,0.0
477162900,OCEAN TIANCHEN,False,1,hormuz_control_jan2026,0,,0,0,0,0,0.0,,False,,unknown,,unknown,False,,,False,,,,,,,,,0.0,1.0,0.0,0.0,0.0,0.0,0.0
477191700,OCEAN GEMSTONE,False,1,hormuz_control_jan2026,0,,0,0,0,0,0.0,,False,,unknown,,unknown,False,,,False,,,,,,,,,0.0,1.0,0.0,0.0,0.0,0.0,0.0
477204900,TRIMMU 3,False,1,hormuz_crisis_mar2026,0,,0,0,0,0,0.0,,False,,unknown,,unknown,False,,,False,,,,,,,,,0.0,1.0,0.0,0.0,0.0,0.0,0.0
477333800,GAS LIBRA,False,1,qatar_spoofing_oct2025,0,,0,0,0,0,0.0,,False,,unknown,,unknown,False,,,False,,,,,,,,,0.0,1.0,0.0,0.0,0.0,0.0,0.0
477439800,SC DRACO,False,1,hormuz_control_jan2026,0,,0,0,0,0,0.0,,False,,unknown,,unknown,False,,,False,,,,,,,,,0.0,1.0,0.0,0.0,0.0,0.0,0.0
477466800,KSL DANYANG,False,1,hormuz_crisis_mar2026,0,,0,0,0,0,0.0,,False,HKG,pipeline_csv,CARGO,pipeline_csv,False,,,False,,,,,,,,,0.0,1.0,0.0,0.0,0.0,0.0,0.0
477632100,OLIVIA,False,1,hormuz_control_jan2026,0,,0,0,0,0,0.0,,False,,unknown,,unknown,False,,,False,,,,,,,,,0.0,1.0,0.0,0.0,0.0,0.0,0.0
477638800,DA CAI YUN,False,1,hormuz_control_jan2026,0,,0,0,0,0,0.0,,False,,unknown,,unknown,False,,,False,,,,,,,,,0.0,1.0,0.0,0.0,0.0,0.0,0.0
477642800,SINO STAR,False,1,hormuz_control_jan2026,0,,0,0,0,0,0.0,,False,,unknown,,unknown,False,,,False,,,,,,,,,0.0,1.0,0.0,0.0,0.0,0.0,0.0
477965400,PURDUE STELLAR,False,1,hormuz_crisis_mar2026,0,,0,0,0,0,0.0,,False,,unknown,,unknown,False,,,False,,,,,,,,,0.0,1.0,0.0,0.0,0.0,0.0,0.0
511100397,AL DIAB II,False,1,hormuz_control_jan2026,0,,0,0,0,0,0.0,,False,,unknown,,unknown,False,,,False,,,,,,,,,0.0,1.0,0.0,0.0,0.0,0.0,0.0
511100843,ELEGANCE,False,1,hormuz_control_jan2026,0,,0,0,0,0,0.0,,False,,unknown,,unknown,False,,,False,,,,,,,,,0.0,1.0,0.0,0.0,0.0,0.0,0.0
511100857,DURGA,False,1,hormuz_control_jan2026,0,,0,0,0,0,0.0,,False,,unknown,,unknown,False,,,False,,,,,,,,,0.0,1.0,0.0,0.0,0.0,0.0,0.0
511101535,GLOBAL RANI,False,2,hormuz_control_jan2026;hormuz_crisis_mar2026,0,,0,0,0,0,0.0,,False,,unknown,,unknown,False,,,False,,,,,,,,,0.0,1.0,0.0,0.0,0.0,0.0,0.0
511101749,NEBULA DRIFT,False,1,hormuz_control_jan2026,0,,0,0,0,0,0.0,,False,,unknown,,unknown,False,,,False,,,,,,,,,0.0,1.0,0.0,0.0,0.0,0.0,0.0
511101781,LONGEVITY 7,False,2,hormuz_control_jan2026;hormuz_crisis_mar2026,0,,0,0,0,0,0.0,,False,,unknown,,unknown,False,,,False,,,,,,,,,0.0,1.0,0.0,0.0,0.0,0.0,0.0
511101895,GAS RGA,False,1,hormuz_control_jan2026,0,,0,0,0,0,0.0,,False,,unknown,,unknown,False,,,False,,,,,,,,,0.0,1.0,0.0,0.0,0.0,0.0,0.0
511101927,NORTHERN STAR,False,1,hormuz_control_jan2026,0,,0,0,0,0,0.0,,False,,unknown,,unknown,False,,,False,,,,,,,,,0.0,1.0,0.0,0.0,0.0,0.0,0.0
518998467,PADMANABH,False,1,hormuz_crisis_mar2026,0,,0,0,0,0,0.0,,False,,unknown,,unknown,False,,,False,,,,,,,,,0.0,1.0,0.0,0.0,0.0,0.0,0.0
518999173,FALCON EYE,False,2,hormuz_control_jan2026;hormuz_crisis_mar2026,0,,0,0,0,0,0.0,,False,,unknown,,unknown,False,,,False,,,,,,,,,0.0,1.0,0.0,0.0,0.0,0.0,0.0
525119032,VOYAGER EXPLORER,False,2,qatar_control_sep2025;qatar_spoofing_oct2025,0,,0,0,0,0,0.0,,False,IDN,pipeline_csv,SEISMIC_VESSEL,pipeline_csv,False,,,False,,,,,,,,,0.0,1.0,0.0,0.0,0.0,0.0,0.0
533130269,DERRICK BARGE 30,False,1,qatar_control_sep2025,0,,0,0,0,0,0.0,,False,MYS,pipeline_csv,OTHER_NON_FISHING,pipeline_csv,False,,,False,,,,,,,,,0.0,1.0,0.0,0.0,0.0,0.0,0.0
533170658,MALAYSIA PASSION,False,1,qatar_control_sep2025,0,,0,0,0,0,0.0,,False,MYS,pipeline_csv,CARGO,pipeline_csv,False,,,False,,,,,,,,,0.0,1.0,0.0,0.0,0.0,0.0,0.0
538003275,AEOLOS,False,1,hormuz_control_jan2026,0,,0,0,0,0,0.0,,False,,unknown,,unknown,False,,,False,,,,,,,,,0.0,1.0,0.0,0.0,0.0,0.0,0.0
538003358,AL KARAANA,False,1,qatar_spoofing_oct2025,0,,0,0,0,0,0.0,,False,,unknown,,unknown,False,,,False,,,,,,,,,0.0,1.0,0.0,0.0,0.0,0.0,0.0
538003467,KSL MINGYANG,False,1,hormuz_crisis_mar2026,0,,0,0,0,0,0.0,,False,,unknown,,unknown,False,,,False,,,,,,,,,0.0,1.0,0.0,0.0,0.0,0.0,0.0
538006077,STI SOLACE,False,1,hormuz_control_jan2026,0,,0,0,0,0,0.0,,False,,unknown,,unknown,False,,,False,,,,,,,,,0.0,1.0,0.0,0.0,0.0,0.0,0.0
538006172,CHEM MELBOURNE,False,1,hormuz_control_jan2026,0,,0,0,0,0,0.0,,False,,unknown,,unknown,False,,,False,,,,,,,,,0.0,1.0,0.0,0.0,0.0,0.0,0.0
538006182,AMBER II,False,1,hormuz_crisis_mar2026,0,,0,0,0,0,0.0,,False,,unknown,,unknown,False,,,False,,,,,,,,,0.0,1.0,0.0,0.0,0.0,0.0,0.0
538006207,HOPE ISLAND,False,1,qatar_spoofing_oct2025,0,,0,0,0,0,0.0,,False,,unknown,,unknown,False,,,False,,,,,,,,,0.0,1.0,0.0,0.0,0.0,0.0,0.0
538006247,ANTHOS,False,1,hormuz_crisis_mar2026,0,,0,0,0,0,0.0,,False,,unknown,,unknown,False,,,False,,,,,,,,,0.0,1.0,0.0,0.0,0.0,0.0,0.0
538006454,CY ATLANTIC,False,1,hormuz_control_jan2026,0,,0,0,0,0,0.0,,False,,unknown,,unknown,False,,,False,,,,,,,,,0.0,1.0,0.0,0.0,0.0,0.0,0.0
538006928,M.T SANMAR ROYAL,False,1,qatar_spoofing_oct2025,0,,0,0,0,0,0.0,,False,,unknown,,unknown,False,,,False,,,,,,,,,0.0,1.0,0.0,0.0,0.0,0.0,0.0
538007154,ELANDRA FALCON,False,1,hormuz_control_jan2026,0,,0,0,0,0,0.0,,False,,unknown,,unknown,False,,,False,,,,,,,,,0.0,1.0,0.0,0.0,0.0,0.0,0.0
538007320,TOPAZ LENA,False,1,hormuz_control_jan2026,0,,0,0,0,0,0.0,,False,,unknown,,unknown,False,,,False,,,,,,,,,0.0,1.0,0.0,0.0,0.0,0.0,0.0
538007322,TOPAZ SVIR,False,1,hormuz_crisis_mar2026,0,,0,0,0,0,0.0,,False,,unknown,,unknown,False,,,False,,,,,,,,,0.0,1.0,0.0,0.0,0.0,0.0,0.0
538007490,COMMON GALAXY,False,1,hormuz_control_jan2026,0,,0,0,0,0,0.0,,False,,unknown,,unknown,False,,,False,,,,,,,,,0.0,1.0,0.0,0.0,0.0,0.0,0.0
538007554,JAVASTAR3,False,1,qatar_spoofing_oct2025,0,,0,0,0,0,0.0,,False,,unknown,,unknown,False,,,False,,,,,,,,,0.0,1.0,0.0,0.0,0.0,0.0,0.0
538008473,LIAM J MCCALL,False,1,qatar_spoofing_oct2025,0,,0,0,0,0,0.0,,False,,unknown,,unknown,False,,,False,,,,,,,,,0.0,1.0,0.0,0.0,0.0,0.0,0.0
538009643,JULIUS CAESAR,False,1,qatar_spoofing_oct2025,0,,0,0,0,0,0.0,,False,,unknown,,unknown,False,,,False,,,,,,,,,0.0,1.0,0.0,0.0,0.0,0.0,0.0
538010329,ROYAL JASMINE,False,1,qatar_spoofing_oct2025,0,,0,0,0,0,0.0,,False,,unknown,,unknown,False,,,False,,,,,,,,,0.0,1.0,0.0,0.0,0.0,0.0,0.0
538010826,PINNACLE,False,1,qatar_spoofing_oct2025,0,,0,0,0,0,0.0,,False,,unknown,,unknown,False,,,False,,,,,,,,,0.0,1.0,0.0,0.0,0.0,0.0,0.0
538010900,SSI DOMINION,False,1,qatar_spoofing_oct2025,0,,0,0,0,0,0.0,,False,,unknown,,unknown,False,,,False,,,,,,,,,0.0,1.0,0.0,0.0,0.0,0.0,0.0
538011224,SUPER FAST BALEARES,False,1,hormuz_control_jan2026,0,,0,0,0,0,0.0,,False,,unknown,,unknown,False,,,False,,,,,,,,,0.0,1.0,0.0,0.0,0.0,0.0,0.0
538011936,EUNICE,False,1,hormuz_control_jan2026,0,,0,0,0,0,0.0,,False,,unknown,,unknown,False,,,False,,,,,,,,,0.0,1.0,0.0,0.0,0.0,0.0,0.0
538011959,HAANA,False,1,hormuz_control_jan2026,0,,0,0,0,0,0.0,,False,,unknown,,unknown,False,,,False,,,,,,,,,0.0,1.0,0.0,0.0,0.0,0.0,0.0
548789000,LYNG TRADER,False,1,hormuz_crisis_mar2026,0,,0,0,0,0,0.0,,False,PHL,pipeline_csv,CARGO,pipeline_csv,False,,,False,,,,,,,,,0.0,1.0,0.0,0.0,0.0,0.0,0.0
563011600,POSH SKIMMER,False,1,qatar_spoofing_oct2025,0,,0,0,0,0,0.0,,False,,unknown,,unknown,False,,,False,,,,,,,,,0.0,1.0,0.0,0.0,0.0,0.0,0.0
563117300,ASTRO AQUILA,False,1,qatar_control_sep2025,0,,0,0,0,0,0.0,,False,SGP,pipeline_csv,OTHER_NON_FISHING,pipeline_csv,False,,,False,,,,,,,,,0.0,1.0,0.0,0.0,0.0,0.0,0.0
563157800,SINAR MALAHAYATI,False,1,qatar_control_sep2025,0,,0,0,0,0,0.0,,False,SGP,pipeline_csv,OTHER_NON_FISHING,pipeline_csv,False,,,False,,,,,,,,,0.0,1.0,0.0,0.0,0.0,0.0,0.0
563180700,MARINE CHARGE,False,1,hormuz_control_jan2026,0,,0,0,0,0,0.0,,False,,unknown,,unknown,False,,,False,,,,,,,,,0.0,1.0,0.0,0.0,0.0,0.0,0.0
563203900,CHOLA DESTINY,False,1,hormuz_control_jan2026,0,,0,0,0,0,0.0,,False,,unknown,,unknown,False,,,False,,,,,,,,,0.0,1.0,0.0,0.0,0.0,0.0,0.0
563214800,ASTRO ATHENA,False,2,qatar_control_sep2025;qatar_spoofing_oct2025,0,,0,0,0,0,0.0,,False,SGP,pipeline_csv,OTHER_NON_FISHING,pipeline_csv,False,,,False,,,,,,,,,0.0,1.0,0.0,0.0,0.0,0.0,0.0
563225200,INCE ISTANBUL,False,1,hormuz_control_jan2026,0,,0,0,0,0,0.0,,False,,unknown,,unknown,False,,,False,,,,,,,,,0.0,1.0,0.0,0.0,0.0,0.0,0.0
563249500,V MONOCEROS,False,1,hormuz_crisis_mar2026,0,,0,0,0,0,0.0,,False,SGP,pipeline_csv,CARGO,pipeline_csv,False,,,False,,,,,,,,,0.0,1.0,0.0,0.0,0.0,0.0,0.0
563260000,LANPAN 29,False,2,qatar_control_sep2025;qatar_spoofing_oct2025,0,,0,0,0,0,0.0,,False,SGP,pipeline_csv,OTHER_NON_FISHING,pipeline_csv,False,,,False,,,,,,,,,0.0,1.0,0.0,0.0,0.0,0.0,0.0
563298600,LEONARD SCHULTE,False,1,qatar_control_sep2025,0,,0,0,0,0,0.0,,False,SGP,pipeline_csv,CARGO,pipeline_csv,False,,,False,,,,,,,,,0.0,1.0,0.0,0.0,0.0,0.0,0.0
564162000,BRITOIL 61,False,1,qatar_control_sep2025,0,,0,0,0,0,0.0,,False,SGP,pipeline_csv,OTHER_NON_FISHING,pipeline_csv,False,,,False,,,,,,,,,0.0,1.0,0.0,0.0,0.0,0.0,0.0
564292000,LANPAN 35,False,2,qatar_control_sep2025;qatar_spoofing_oct2025,0,,0,0,0,0,0.0,,False,SGP,pipeline_csv,OTHER_NON_FISHING,pipeline_csv,False,,,False,,,,,,,,,0.0,1.0,0.0,0.0,0.0,0.0,0.0
564542000,LAN PAN 20,False,1,qatar_control_sep2025,0,,0,0,0,0,0.0,,False,SGP,pipeline_csv,OTHER_NON_FISHING,pipeline_csv,False,,,False,,,,,,,,,0.0,1.0,0.0,0.0,0.0,0.0,0.0
564829000,QUINN,False,1,hormuz_control_jan2026,0,,0,0,0,0,0.0,,False,,unknown,,unknown,False,,,False,,,,,,,,,0.0,1.0,0.0,0.0,0.0,0.0,0.0
564959000,BRITOIL 41,False,2,qatar_control_sep2025;qatar_spoofing_oct2025,0,,0,0,0,0,0.0,,False,SGP,pipeline_csv,OTHER_NON_FISHING,pipeline_csv,False,,,False,,,,,,,,,0.0,1.0,0.0,0.0,0.0,0.0,0.0
565104000,BRITOIL 74,False,2,qatar_control_sep2025;qatar_spoofing_oct2025,0,,0,0,0,0,0.0,,False,SGP,pipeline_csv,OTHER_NON_FISHING,pipeline_csv,False,,,False,,,,,,,,,0.0,1.0,0.0,0.0,0.0,0.0,0.0
565339000,LANPAN 6,False,2,qatar_control_sep2025;qatar_spoofing_oct2025,0,,0,0,0,0,0.0,,False,SGP,pipeline_csv,OTHER_NON_FISHING,pipeline_csv,False,,,False,,,,,,,,,0.0,1.0,0.0,0.0,0.0,0.0,0.0
565428000,BRITOIL 70,False,1,qatar_control_sep2025,0,,0,0,0,0,0.0,,False,SGP,pipeline_csv,OTHER_NON_FISHING,pipeline_csv,False,,,False,,,,,,,,,0.0,1.0,0.0,0.0,0.0,0.0,0.0
565460000,SHAHRASTANI,False,1,qatar_control_sep2025,0,,0,0,0,0,0.0,,False,SGP,pipeline_csv,OTHER_NON_FISHING,pipeline_csv,False,,,False,,,,,,,,,0.0,1.0,0.0,0.0,0.0,0.0,0.0
565597000,LANPAN 23,False,1,qatar_control_sep2025,0,,0,0,0,0,0.0,,False,SGP,pipeline_csv,OTHER_NON_FISHING,pipeline_csv,False,,,False,,,,,,,,,0.0,1.0,0.0,0.0,0.0,0.0,0.0
565776000,LANPAN 12,False,1,qatar_spoofing_oct2025,0,,0,0,0,0,0.0,,False,,unknown,,unknown,False,,,False,,,,,,,,,0.0,1.0,0.0,0.0,0.0,0.0,0.0
566334000,BRITOIL 72,False,2,qatar_control_sep2025;qatar_spoofing_oct2025,0,,0,0,0,0,0.0,,False,SGP,pipeline_csv,OTHER_NON_FISHING,pipeline_csv,False,,,False,,,,,,,,,0.0,1.0,0.0,0.0,0.0,0.0,0.0
566670000,LANPAN 32,False,2,qatar_control_sep2025;qatar_spoofing_oct2025,0,,0,0,0,0,0.0,,False,SGP,pipeline_csv,CARGO,pipeline_csv,False,,,False,,,,,,,,,0.0,1.0,0.0,0.0,0.0,0.0,0.0
566770000,LANPAN 27,False,1,qatar_control_sep2025,0,,0,0,0,0,0.0,,False,SGP,pipeline_csv,OTHER_NON_FISHING,pipeline_csv,False,,,False,,,,,,,,,0.0,1.0,0.0,0.0,0.0,0.0,0.0
566921000,BOURBON NILGAN,False,1,hormuz_control_jan2026,0,,0,0,0,0,0.0,,False,,unknown,,unknown,False,,,False,,,,,,,,,0.0,1.0,0.0,0.0,0.0,0.0,0.0
572206220,BRITOIL DIAMOND,False,2,qatar_control_sep2025;qatar_spoofing_oct2025,0,,0,0,0,0,0.0,,False,TUV,pipeline_csv,OTHER_NON_FISHING,pipeline_csv,False,,,False,,,,,,,,,0.0,1.0,0.0,0.0,0.0,0.0,0.0
572514220,RAWABI 54,False,1,hormuz_crisis_mar2026,0,,0,0,0,0,0.0,,False,,unknown,,unknown,False,,,False,,,,,,,,,0.0,1.0,0.0,0.0,0.0,0.0,0.0
572638220,SS NAVIGATOR,False,1,hormuz_control_jan2026,0,,0,0,0,0,0.0,,False,TUV,pipeline_csv,OTHER_NON_FISHING,pipeline_csv,False,,,False,,,,,,,,,0.0,1.0,0.0,0.0,0.0,0.0,0.0
577351000,FLOWERS TIDE,False,1,qatar_spoofing_oct2025,0,,0,0,0,0,0.0,,False,,unknown,,unknown,False,,,False,,,,,,,,,0.0,1.0,0.0,0.0,0.0,0.0,0.0
577683000,HERO SD,False,1,hormuz_crisis_mar2026,0,,0,0,0,0,0.0,,False,,unknown,,unknown,False,,,False,,,,,,,,,0.0,1.0,0.0,0.0,0.0,0.0,0.0
600949542,1,False,1,hormuz_control_jan2026,0,,0,0,0,0,0.0,,False,,unknown,,unknown,False,,,False,,,,,,,,,0.0,1.0,0.0,0.0,0.0,0.0,0.0
610000043,PISSARO,False,1,hormuz_control_jan2026,0,,0,0,0,0,0.0,,False,,unknown,,unknown,False,,,False,,,,,,,,,0.0,1.0,0.0,0.0,0.0,0.0,0.0
610107307,SEA REGENT,False,1,hormuz_control_jan2026,0,,0,0,0,0,0.0,,False,,unknown,,unknown,False,,,False,,,,,,,,,0.0,1.0,0.0,0.0,0.0,0.0,0.0
610107328,PACIFIC 50,False,1,hormuz_control_jan2026,0,,0,0,0,0,0.0,,False,,unknown,,unknown,False,,,False,,,,,,,,,0.0,1.0,0.0,0.0,0.0,0.0,0.0
611000112,MEDA,False,1,hormuz_crisis_mar2026,0,,0,0,0,0,0.0,,False,,unknown,,unknown,False,,,False,,,,,,,,,0.0,1.0,0.0,0.0,0.0,0.0,0.0
611000201,TIFANI,False,1,hormuz_crisis_mar2026,0,,0,0,0,0,0.0,,False,,unknown,,unknown,False,,,False,,,,,,,,,0.0,1.0,0.0,0.0,0.0,0.0,0.0
611000248,VORAS,False,2,hormuz_control_jan2026;hormuz_crisis_mar2026,0,,0,0,0,0,0.0,,False,BWA,pipeline_csv,OTHER_NON_FISHING,pipeline_csv,False,,,False,,,,,,,,,0.0,1.0,0.0,0.0,0.0,0.0,0.0
611000278,CLOUT CHASER,False,1,hormuz_crisis_mar2026,0,,0,0,0,0,0.0,,False,,unknown,,unknown,False,,,False,,,,,,,,,0.0,1.0,0.0,0.0,0.0,0.0,0.0
613271803,CR TETHYS,False,1,hormuz_crisis_mar2026,0,,0,0,0,0,0.0,,False,,unknown,,unknown,False,,,False,,,,,,,,,0.0,1.0,0.0,0.0,0.0,0.0,0.0
613277613,NERO,False,1,hormuz_crisis_mar2026,0,,0,0,0,0,0.0,,False,,unknown,,unknown,False,,,False,,,,,,,,,0.0,1.0,0.0,0.0,0.0,0.0,0.0
613299700,SAM,False,1,hormuz_control_jan2026,0,,0,0,0,0,0.0,,False,,unknown,,unknown,False,,,False,,,,,,,,,0.0,1.0,0.0,0.0,0.0,0.0,0.0
616001765,AL  MENSEB 1302159,False,1,hormuz_control_jan2026,0,,0,0,0,0,0.0,,False,,unknown,,unknown,False,,,False,,,,,,,,,0.0,1.0,0.0,0.0,0.0,0.0,0.0
616116302,YEKTA 11,False,2,hormuz_control_jan2026;hormuz_crisis_mar2026,0,,0,0,0,0,0.0,,False,,unknown,,unknown,False,,,False,,,,,,,,,0.0,1.0,0.0,0.0,0.0,0.0,0.0
616301469,AL SHAHIN,False,1,hormuz_crisis_mar2026,0,,0,0,0,0,0.0,,False,,unknown,,unknown,False,,,False,,,,,,,,,0.0,1.0,0.0,0.0,0.0,0.0,0.0
620092000,STORK II,False,2,hormuz_control_jan2026;hormuz_crisis_mar2026,0,,0,0,0,0,0.0,,False,,unknown,,unknown,False,,,False,,,,,,,,,0.0,1.0,0.0,0.0,0.0,0.0,0.0
620800007,ATOMIS,False,1,hormuz_crisis_mar2026,0,,0,0,0,0,0.0,,False,,unknown,,unknown,False,,,False,,,,,,,,,0.0,1.0,0.0,0.0,0.0,0.0,0.0
620800028,NOXEN,False,1,hormuz_crisis_mar2026,0,,0,0,0,0,0.0,,False,,unknown,,unknown,False,,,False,,,,,,,,,0.0,1.0,0.0,0.0,0.0,0.0,0.0
620800034,KAVIZ,False,1,hormuz_crisis_mar2026,0,,0,0,0,0,0.0,,False,,unknown,,unknown,False,,,False,,,,,,,,,0.0,1.0,0.0,0.0,0.0,0.0,0.0
620800036,KUSH,False,1,hormuz_crisis_mar2026,0,,0,0,0,0,0.0,,False,,unknown,,unknown,False,,,False,,,,,,,,,0.0,1.0,0.0,0.0,0.0,0.0,0.0
620800063,CHARMINAR,False,2,hormuz_control_jan2026;hormuz_crisis_mar2026,0,,0,0,0,0,0.0,,False,,unknown,,unknown,False,,,False,,,,,,,,,0.0,1.0,0.0,0.0,0.0,0.0,0.0
620800064,VELIX,False,2,hormuz_control_jan2026;hormuz_crisis_mar2026,0,,0,0,0,0,0.0,,False,,unknown,,unknown,False,,,False,,,,,,,,,0.0,1.0,0.0,0.0,0.0,0.0,0.0
620800066,AL SHEEBA,False,1,hormuz_control_jan2026,0,,0,0,0,0,0.0,,False,,unknown,,unknown,False,,,False,,,,,,,,,0.0,1.0,0.0,0.0,0.0,0.0,0.0
620800101,BREEZ,False,2,hormuz_control_jan2026;hormuz_crisis_mar2026,0,,0,0,0,0,0.0,,False,,unknown,,unknown,False,,,False,,,,,,,,,0.0,1.0,0.0,0.0,0.0,0.0,0.0
620800164,DIAMOND SKIES,False,2,hormuz_control_jan2026;hormuz_crisis_mar2026,0,,0,0,0,0,0.0,,False,,unknown,,unknown,False,,,False,,,,,,,,,0.0,1.0,0.0,0.0,0.0,0.0,0.0
620800201,YEKTA 12,False,1,hormuz_control_jan2026,0,,0,0,0,0,0.0,,False,,unknown,,unknown,False,,,False,,,,,,,,,0.0,1.0,0.0,0.0,0.0,0.0,0.0
620800253,ALISA 1,False,1,hormuz_crisis_mar2026,0,,0,0,0,0,0.0,,False,,unknown,,unknown,False,,,False,,,,,,,,,0.0,1.0,0.0,0.0,0.0,0.0,0.0
620800289,MOLLI,False,1,hormuz_control_jan2026,0,,0,0,0,0,0.0,,False,,unknown,,unknown,False,,,False,,,,,,,,,0.0,1.0,0.0,0.0,0.0,0.0,0.0
620800297,,False,1,hormuz_control_jan2026,0,,0,0,0,0,0.0,,False,,unknown,,unknown,False,,,False,,,,,,,,,0.0,1.0,0.0,0.0,0.0,0.0,0.0
620827000,REVIN,False,1,hormuz_control_jan2026,0,,0,0,0,0,0.0,,False,,unknown,,unknown,False,,,False,,,,,,,,,0.0,1.0,0.0,0.0,0.0,0.0,0.0
620999168,PRINCE KHALED,False,1,hormuz_control_jan2026,0,,0,0,0,0,0.0,,False,,unknown,,unknown,False,,,False,,,,,,,,,0.0,1.0,0.0,0.0,0.0,0.0,0.0
620999294,FARAHI 1,False,2,hormuz_control_jan2026;hormuz_crisis_mar2026,0,,0,0,0,0,0.0,,False,,unknown,,unknown,False,,,False,,,,,,,,,0.0,1.0,0.0,0.0,0.0,0.0,0.0
620999296,FARAHI 2,False,1,hormuz_control_jan2026,0,,0,0,0,0,0.0,,False,,unknown,,unknown,False,,,False,,,,,,,,,0.0,1.0,0.0,0.0,0.0,0.0,0.0
620999325,BLUE STAR 3,False,1,hormuz_control_jan2026,0,,0,0,0,0,0.0,,False,,unknown,,unknown,False,,,False,,,,,,,,,0.0,1.0,0.0,0.0,0.0,0.0,0.0
620999331,ALPINE1,False,1,hormuz_control_jan2026,0,,0,0,0,0,0.0,,False,,unknown,,unknown,False,,,False,,,,,,,,,0.0,1.0,0.0,0.0,0.0,0.0,0.0
620999341,JASMIN,False,1,hormuz_crisis_mar2026,0,,0,0,0,0,0.0,,False,,unknown,,unknown,False,,,False,,,,,,,,,0.0,1.0,0.0,0.0,0.0,0.0,0.0
620999352,ELITE1,False,1,hormuz_control_jan2026,0,,0,0,0,0,0.0,,False,,unknown,,unknown,False,,,False,,,,,,,,,0.0,1.0,0.0,0.0,0.0,0.0,0.0
620999367,SAHELPOL1,False,1,hormuz_crisis_mar2026,0,,0,0,0,0,0.0,,False,,unknown,,unknown,False,,,False,,,,,,,,,0.0,1.0,0.0,0.0,0.0,0.0,0.0
620999374,YEKTA 5,False,1,hormuz_control_jan2026,0,,0,0,0,0,0.0,,False,,unknown,,unknown,False,,,False,,,,,,,,,0.0,1.0,0.0,0.0,0.0,0.0,0.0
620999391,SHAIMA2,False,1,hormuz_crisis_mar2026,0,,0,0,0,0,0.0,,False,,unknown,,unknown,False,,,False,,,,,,,,,0.0,1.0,0.0,0.0,0.0,0.0,0.0
620999477,ARAD 10,False,1,hormuz_control_jan2026,0,,0,0,0,0,0.0,,False,,unknown,,unknown,False,,,False,,,,,,,,,0.0,1.0,0.0,0.0,0.0,0.0,0.0
620999490,ARMAN 10,False,1,qatar_spoofing_oct2025,0,,0,0,0,0,0.0,,False,,unknown,,unknown,False,,,False,,,,,,,,,0.0,1.0,0.0,0.0,0.0,0.0,0.0
620999502,HOUT,False,1,hormuz_control_jan2026,0,,0,0,0,0,0.0,,False,,unknown,,unknown,False,,,False,,,,,,,,,0.0,1.0,0.0,0.0,0.0,0.0,0.0
620999548,VENIZ 1,False,1,hormuz_control_jan2026,0,,0,0,0,0,0.0,,False,,unknown,,unknown,False,,,False,,,,,,,,,0.0,1.0,0.0,0.0,0.0,0.0,0.0
620999550,SELIN,False,1,hormuz_control_jan2026,0,,0,0,0,0,0.0,,False,,unknown,,unknown,False,,,False,,,,,,,,,0.0,1.0,0.0,0.0,0.0,0.0,0.0
620999560,MILAN,False,1,qatar_spoofing_oct2025,0,,0,0,0,0,0.0,,False,,unknown,,unknown,False,,,False,,,,,,,,,0.0,1.0,0.0,0.0,0.0,0.0,0.0
620999563,SHAHIN,False,1,hormuz_control_jan2026,0,,0,0,0,0,0.0,,False,,unknown,,unknown,False,,,False,,,,,,,,,0.0,1.0,0.0,0.0,0.0,0.0,0.0
620999584,JASMIN2,False,1,hormuz_control_jan2026,0,,0,0,0,0,0.0,,False,,unknown,,unknown,False,,,False,,,,,,,,,0.0,1.0,0.0,0.0,0.0,0.0,0.0
620999592,SHAHIN POHL,False,1,hormuz_crisis_mar2026,0,,0,0,0,0,0.0,,False,,unknown,,unknown,False,,,False,,,,,,,,,0.0,1.0,0.0,0.0,0.0,0.0,0.0
620999601,YEKTA 10,False,1,hormuz_control_jan2026,0,,0,0,0,0,0.0,,False,,unknown,,unknown,False,,,False,,,,,,,,,0.0,1.0,0.0,0.0,0.0,0.0,0.0
620999602,MADAD 1,False,1,hormuz_control_jan2026,0,,0,0,0,0,0.0,,False,,unknown,,unknown,False,,,False,,,,,,,,,0.0,1.0,0.0,0.0,0.0,0.0,0.0
620999637,MAKI,False,1,hormuz_control_jan2026,0,,0,0,0,0,0.0,,False,,unknown,,unknown,False,,,False,,,,,,,,,0.0,1.0,0.0,0.0,0.0,0.0,0.0
620999685,FARAHI3,False,1,hormuz_control_jan2026,0,,0,0,0,0,0.0,,False,,unknown,,unknown,False,,,False,,,,,,,,,0.0,1.0,0.0,0.0,0.0,0.0,0.0
620999724,VLC 1,False,1,hormuz_control_jan2026,0,,0,0,0,0,0.0,,False,,unknown,,unknown,False,,,False,,,,,,,,,0.0,1.0,0.0,0.0,0.0,0.0,0.0
620999774,DIAKO1,False,1,hormuz_crisis_mar2026,0,,0,0,0,0,0.0,,False,,unknown,,unknown,False,,,False,,,,,,,,,0.0,1.0,0.0,0.0,0.0,0.0,0.0
620999876,ELPIS,False,1,hormuz_crisis_mar2026,0,,0,0,0,0,0.0,,False,,unknown,,unknown,False,,,False,,,,,,,,,0.0,1.0,0.0,0.0,0.0,0.0,0.0
620999909,AVA 10,False,1,hormuz_control_jan2026,0,,0,0,0,0,0.0,,False,,unknown,,unknown,False,,,False,,,,,,,,,0.0,1.0,0.0,0.0,0.0,0.0,0.0
620999917,PIONEER GAS,False,1,hormuz_control_jan2026,0,,0,0,0,0,0.0,,False,,unknown,,unknown,False,,,False,,,,,,,,,0.0,1.0,0.0,0.0,0.0,0.0,0.0
629009370,FELIX,False,2,hormuz_control_jan2026;hormuz_crisis_mar2026,0,,0,0,0,0,0.0,,False,,unknown,,unknown,False,,,False,,,,,,,,,0.0,1.0,0.0,0.0,0.0,0.0,0.0
629009428,SHAHIN4,False,1,hormuz_control_jan2026,0,,0,0,0,0,0.0,,False,,unknown,,unknown,False,,,False,,,,,,,,,0.0,1.0,0.0,0.0,0.0,0.0,0.0
629009436,MT VIRGO,False,1,hormuz_crisis_mar2026,0,,0,0,0,0,0.0,,False,,unknown,,unknown,False,,,False,,,,,,,,,0.0,1.0,0.0,0.0,0.0,0.0,0.0
629009470,GLOBAL PEAK,False,1,hormuz_control_jan2026,0,,0,0,0,0,0.0,,False,,unknown,,unknown,False,,,False,,,,,,,,,0.0,1.0,0.0,0.0,0.0,0.0,0.0
629009478,ANNA,False,1,hormuz_control_jan2026,0,,0,0,0,0,0.0,,False,,unknown,,unknown,False,,,False,,,,,,,,,0.0,1.0,0.0,0.0,0.0,0.0,0.0
629009484,BILI,False,2,hormuz_control_jan2026;hormuz_crisis_mar2026,0,,0,0,0,0,0.0,,False,,unknown,,unknown,False,,,False,,,,,,,,,0.0,1.0,0.0,0.0,0.0,0.0,0.0
629009498,ALJOUDY 1,False,1,hormuz_control_jan2026,0,,0,0,0,0,0.0,,False,,unknown,,unknown,False,,,False,,,,,,,,,0.0,1.0,0.0,0.0,0.0,0.0,0.0
629009504,,False,1,hormuz_control_jan2026,0,,0,0,0,0,0.0,,False,,unknown,,unknown,False,,,False,,,,,,,,,0.0,1.0,0.0,0.0,0.0,0.0,0.0
629009596,NOVA,False,1,hormuz_control_jan2026,0,,0,0,0,0,0.0,,False,,unknown,,unknown,False,,,False,,,,,,,,,0.0,1.0,0.0,0.0,0.0,0.0,0.0
629009802,MT AROLIA,False,1,hormuz_crisis_mar2026,0,,0,0,0,0,0.0,,False,,unknown,,unknown,False,,,False,,,,,,,,,0.0,1.0,0.0,0.0,0.0,0.0,0.0
630001203,BARYON,False,1,hormuz_control_jan2026,0,,0,0,0,0,0.0,,False,,unknown,,unknown,False,,,False,,,,,,,,,0.0,1.0,0.0,0.0,0.0,0.0,0.0
632001131,VERNON,False,1,hormuz_control_jan2026,0,,0,0,0,0,0.0,,False,,unknown,,unknown,False,,,False,,,,,,,,,0.0,1.0,0.0,0.0,0.0,0.0,0.0
632912107,VIOLET 3,False,1,hormuz_control_jan2026,0,,0,0,0,0,0.0,,False,,unknown,,unknown,False,,,False,,,,,,,,,0.0,1.0,0.0,0.0,0.0,0.0,0.0
636014465,ORIENTAL ARK,False,1,hormuz_control_jan2026,0,,0,0,0,0,0.0,,False,,unknown,,unknown,False,,,False,,,,,,,,,0.0,1.0,0.0,0.0,0.0,0.0,0.0
636015722,T RIGEL,False,1,qatar_spoofing_oct2025,0,,0,0,0,0,0.0,,False,,unknown,,unknown,False,,,False,,,,,,,,,0.0,1.0,0.0,0.0,0.0,0.0,0.0
636015780,KEN STAR,True,1,hormuz_crisis_mar2026,0,,0,0,0,0,0.0,,False,LBR,pipeline_csv,CARGO,pipeline_csv,False,,,False,ITF_FOC,,,,,,,,0.0,1.0,0.0,0.0,0.0,0.0,0.0
636016500,PANGEO,False,1,qatar_spoofing_oct2025,0,,0,0,0,0,0.0,,False,,unknown,,unknown,False,,,False,,,,,,,,,0.0,1.0,0.0,0.0,0.0,0.0,0.0
636017256,PLATAMON,False,1,qatar_spoofing_oct2025,0,,0,0,0,0,0.0,,False,,unknown,,unknown,False,,,False,,,,,,,,,0.0,1.0,0.0,0.0,0.0,0.0,0.0
636017984,GIACOMETTI,False,1,hormuz_crisis_mar2026,0,,0,0,0,0,0.0,,False,,unknown,,unknown,False,,,False,,,,,,,,,0.0,1.0,0.0,0.0,0.0,0.0,0.0
636019769,IVESTOS 3,False,1,hormuz_crisis_mar2026,0,,0,0,0,0,0.0,,False,,unknown,,unknown,False,,,False,,,,,,,,,0.0,1.0,0.0,0.0,0.0,0.0,0.0
636020293,KALOLIMNOS,False,1,hormuz_control_jan2026,0,,0,0,0,0,0.0,,False,,unknown,,unknown,False,,,False,,,,,,,,,0.0,1.0,0.0,0.0,0.0,0.0,0.0
636021005,GSL MAMITSA,False,1,hormuz_control_jan2026,0,,0,0,0,0,0.0,,False,,unknown,,unknown,False,,,False,,,,,,,,,0.0,1.0,0.0,0.0,0.0,0.0,0.0
636021213,VLCC STEPHANIE,False,1,hormuz_control_jan2026,0,,0,0,0,0,0.0,,False,,unknown,,unknown,False,,,False,,,,,,,,,0.0,1.0,0.0,0.0,0.0,0.0,0.0
636021927,SIENNA,False,1,hormuz_control_jan2026,0,,0,0,0,0,0.0,,False,,unknown,,unknown,False,,,False,,,,,,,,,0.0,1.0,0.0,0.0,0.0,0.0,0.0
636022263,GEO MARITIMER,False,1,qatar_spoofing_oct2025,0,,0,0,0,0,0.0,,False,,unknown,,unknown,False,,,False,,,,,,,,,0.0,1.0,0.0,0.0,0.0,0.0,0.0
636022731,GMS CONTINUITY,False,1,qatar_spoofing_oct2025,0,,0,0,0,0,0.0,,False,,unknown,,unknown,False,,,False,,,,,,,,,0.0,1.0,0.0,0.0,0.0,0.0,0.0
636023269,MSC CARMELITA,False,1,hormuz_control_jan2026,0,,0,0,0,0,0.0,,False,,unknown,,unknown,False,,,False,,,,,,,,,0.0,1.0,0.0,0.0,0.0,0.0,0.0
636024530,VALENCIA,False,1,hormuz_control_jan2026,0,,0,0,0,0,0.0,,False,,unknown,,unknown,False,,,False,,,,,,,,,0.0,1.0,0.0,0.0,0.0,0.0,0.0
636024732,IGM AMETHYST,False,1,hormuz_control_jan2026,0,,0,0,0,0,0.0,,False,,unknown,,unknown,False,,,False,,,,,,,,,0.0,1.0,0.0,0.0,0.0,0.0,0.0
636024801,MAG HAULER,False,1,hormuz_control_jan2026,0,,0,0,0,0,0.0,,False,,unknown,,unknown,False,,,False,,,,,,,,,0.0,1.0,0.0,0.0,0.0,0.0,0.0
636024811,MAG JUPITER,False,1,qatar_spoofing_oct2025,0,,0,0,0,0,0.0,,False,,unknown,,unknown,False,,,False,,,,,,,,,0.0,1.0,0.0,0.0,0.0,0.0,0.0
636024852,AL QASSAR,False,1,qatar_spoofing_oct2025,0,,0,0,0,0,0.0,,False,,unknown,,unknown,False,,,False,,,,,,,,,0.0,1.0,0.0,0.0,0.0,0.0,0.0
636025155,OCEAN PEARL I,False,1,hormuz_control_jan2026,0,,0,0,0,0,0.0,,False,,unknown,,unknown,False,,,False,,,,,,,,,0.0,1.0,0.0,0.0,0.0,0.0,0.0
636025211,DISCOVERY,False,1,hormuz_control_jan2026,0,,0,0,0,0,0.0,,False,,unknown,,unknown,False,,,False,,,,,,,,,0.0,1.0,0.0,0.0,0.0,0.0,0.0
636025338,PAFSANIAS,False,1,hormuz_control_jan2026,0,,0,0,0,0,0.0,,False,,unknown,,unknown,False,,,False,,,,,,,,,0.0,1.0,0.0,0.0,0.0,0.0,0.0
636025442,MEDI LUNA,False,1,hormuz_control_jan2026,0,,0,0,0,0,0.0,,False,,unknown,,unknown,False,,,False,,,,,,,,,0.0,1.0,0.0,0.0,0.0,0.0,0.0
647553032,AMIE,False,1,hormuz_control_jan2026,0,,0,0,0,0,0.0,,False,,unknown,,unknown,False,,,False,,,,,,,,,0.0,1.0,0.0,0.0,0.0,0.0,0.0
649113000,SILVER,False,1,hormuz_control_jan2026,0,,0,0,0,0,0.0,,False,,unknown,,unknown,False,,,False,,,,,,,,,0.0,1.0,0.0,0.0,0.0,0.0,0.0
649115000,TRIUM,False,1,hormuz_crisis_mar2026,0,,0,0,0,0,0.0,,False,,unknown,,unknown,False,,,False,,,,,,,,,0.0,1.0,0.0,0.0,0.0,0.0,0.0
649235000,STAR ADVANCE,False,1,hormuz_crisis_mar2026,0,,0,0,0,0,0.0,,False,,unknown,,unknown,False,,,False,,,,,,,,,0.0,1.0,0.0,0.0,0.0,0.0,0.0
650000171,NATURE HEART,False,1,hormuz_crisis_mar2026,0,,0,0,0,0,0.0,,False,,unknown,,unknown,False,,,False,,,,,,,,,0.0,1.0,0.0,0.0,0.0,0.0,0.0
650000181,AURA,False,1,hormuz_crisis_mar2026,0,,0,0,0,0,0.0,,False,,unknown,,unknown,False,,,False,,,,,,,,,0.0,1.0,0.0,0.0,0.0,0.0,0.0
655150434,RICH STARRY,False,1,hormuz_crisis_mar2026,0,,0,0,0,0,0.0,,False,MWI,pipeline_csv,OTHER_NON_FISHING,pipeline_csv,False,,,False,,,,,,,,,0.0,1.0,0.0,0.0,0.0,0.0,0.0
669613000,PING SHUN,False,1,hormuz_crisis_mar2026,0,,0,0,0,0,0.0,,False,,unknown,,unknown,False,,,False,,,,,,,,,0.0,1.0,0.0,0.0,0.0,0.0,0.0
671385100,QUEEN SARA,False,1,hormuz_control_jan2026,0,,0,0,0,0,0.0,,False,,unknown,,unknown,False,,,False,,,,,,,,,0.0,1.0,0.0,0.0,0.0,0.0,0.0
671399100,TINA II,False,2,hormuz_control_jan2026;hormuz_crisis_mar2026,0,,0,0,0,0,0.0,,False,,unknown,,unknown,False,,,False,,,,,,,,,0.0,1.0,0.0,0.0,0.0,0.0,0.0
671404100,NEPTUNE,False,1,hormuz_control_jan2026,0,,0,0,0,0,0.0,,False,,unknown,,unknown,False,,,False,,,,,,,,,0.0,1.0,0.0,0.0,0.0,0.0,0.0
671502100,PLUTO,False,1,hormuz_control_jan2026,0,,0,0,0,0,0.0,,False,,unknown,,unknown,False,,,False,,,,,,,,,0.0,1.0,0.0,0.0,0.0,0.0,0.0
671525100,R OCEAN,False,1,hormuz_control_jan2026,0,,0,0,0,0,0.0,,False,,unknown,,unknown,False,,,False,,,,,,,,,0.0,1.0,0.0,0.0,0.0,0.0,0.0
671536100,MARIA,False,2,hormuz_control_jan2026;hormuz_crisis_mar2026,0,,0,0,0,0,0.0,,False,,unknown,,unknown,False,,,False,,,,,,,,,0.0,1.0,0.0,0.0,0.0,0.0,0.0
671543100,KASHANI MARINE,False,2,hormuz_control_jan2026;hormuz_crisis_mar2026,0,,0,0,0,0,0.0,,False,,unknown,,unknown,False,,,False,,,,,,,,,0.0,1.0,0.0,0.0,0.0,0.0,0.0
677030600,SANA,False,1,hormuz_control_jan2026,0,,0,0,0,0,0.0,,False,,unknown,,unknown,False,,,False,,,,,,,,,0.0,1.0,0.0,0.0,0.0,0.0,0.0
677031400,ALEXANDER III,False,1,hormuz_control_jan2026,0,,0,0,0,0,0.0,,False,,unknown,,unknown,False,,,False,,,,,,,,,0.0,1.0,0.0,0.0,0.0,0.0,0.0
720019000,SAHEL POL 2,False,1,hormuz_crisis_mar2026,0,,0,0,0,0,0.0,,False,,unknown,,unknown,False,,,False,,,,,,,,,0.0,1.0,0.0,0.0,0.0,0.0,0.0
720219000,MV.CAPILANO,False,1,hormuz_control_jan2026,0,,0,0,0,0,0.0,,False,,unknown,,unknown,False,,,False,,,,,,,,,0.0,1.0,0.0,0.0,0.0,0.0,0.0
721605000,TVG MEHDI 2,False,1,hormuz_control_jan2026,0,,0,0,0,0,0.0,,False,,unknown,,unknown,False,,,False,,,,,,,,,0.0,1.0,0.0,0.0,0.0,0.0,0.0
744774515,PROFESSOR NET BOUYA2,False,1,hormuz_control_jan2026,0,,0,0,0,0,0.0,,False,,unknown,,unknown,False,,,False,,,,,,,,,0.0,1.0,0.0,0.0,0.0,0.0,0.0
941210042,FISHNET_BOUY1- 12.2V,False,1,hormuz_control_jan2026,0,,0,0,0,0,0.0,,False,,unknown,,unknown,False,,,False,,,,,,,,,0.0,1.0,0.0,0.0,0.0,0.0,0.0
941215445,MAKKI FISHINGNET BUO,False,1,hormuz_control_jan2026,0,,0,0,0,0,0.0,,False,,unknown,,unknown,False,,,False,,,,,,,,,0.0,1.0,0.0,0.0,0.0,0.0,0.0
